Source Folder,Ticker,close,date,high,low,month,open,volume
C:\Users\v-dhramaraj\Desktop\Python\Projects\Assignment2_StockAnalysis\Data-20250430T011355Z-1-001\Data\data\2023-10,ADANIPORTS,831.4,2023-10-03 05:30:00,836.75,824.25,2023-10,826.0,2453090
C:\Users\v-dhramaraj\Desktop\Python\Projects\Assignment2_StockAnalysis\Data-20250430T011355Z-1-001\Data\data\2023-10,ADANIPORTS,824.6,2023-10-04 05:30:00,845.45,819.35,2023-10,830.95,4096647
C:\Users\v-dhramaraj\Desktop\Python\Projects\Assignment2_StockAnalysis\Data-20250430T011355Z-1-001\Data\data\2023-10,ADANIPORTS,825.2,2023-10-05 05:30:00,832.0,820.25,2023-10,830.85,2083505
C:\Users\v-dhramaraj\Desktop\Python\Projects\Assignment2_StockAnalysis\Data-20250430T011355Z-1-001\Data\data\2023-10,ADANIPORTS,830.75,2023-10-06 05:30:00,836.5,826.4,2023-10,830.0,1877058
C:\Users\v-dhramaraj\Desktop\Python\Projects\Assignment2_StockAnalysis\Data-20250430T011355Z-1-001\Data\data\2023-10,ADANIPORTS,790.05,2023-10-09 05:30:00,818.8,785.0,2023-10,815.0,5994282
C:\Users\v-dhramaraj\Desktop\Python\Projects\Assignment2_StockAnalysis\Data-20250430T011355Z-1-001\Data\data\2023-10,ADANIPORTS,819.5,2023-10-10 05:30:00,823.7,800.55,2023-10,800.55,7591327
C:\Users\v-dhramaraj\Desktop\Python\Projects\Assignment2_StockAnalysis\Data-20250430T011355Z-1-001\Data\data\2023-10,ADANIPORTS,814.85,2023-10-11 05:30:00,827.4,812.35,2023-10,827.4,3281387
C:\Users\v-dhramaraj\Desktop\Python\Projects\Assignment2_StockAnalysis\Data-20250430T011355Z-1-001\Data\data\2023-10,ADANIPORTS,814.95,2023-10-12 05:30:00,823.25,812.55,2023-10,818.55,2563606
C:\Users\v-dhramaraj\Desktop\Python\Projects\Assignment2_StockAnalysis\Data-20250430T011355Z-1-001\Data\data\2023-10,ADANIPORTS,813.75,2023-10-13 05:30:00,824.8,805.85,2023-10,812.0,3801000
C:\Users\v-dhramaraj\Desktop\Python\Projects\Assignment2_StockAnalysis\Data-20250430T011355Z-1-001\Data\data\2023-10,ADANIPORTS,805.65,2023-10-16 05:30:00,818.5,803.25,2023-10,818.5,2664794
C:\Users\v-dhramaraj\Desktop\Python\Projects\Assignment2_StockAnalysis\Data-20250430T011355Z-1-001\Data\data\2023-10,ADANIPORTS,805.1,2023-10-17 05:30:00,814.4,804.0,2023-10,812.0,2162192
C:\Users\v-dhramaraj\Desktop\Python\Projects\Assignment2_StockAnalysis\Data-20250430T011355Z-1-001\Data\data\2023-10,ADANIPORTS,798.6,2023-10-18 05:30:00,809.05,795.4,2023-10,808.95,2271927
C:\Users\v-dhramaraj\Desktop\Python\Projects\Assignment2_StockAnalysis\Data-20250430T011355Z-1-001\Data\data\2023-10,ADANIPORTS,792.85,2023-10-19 05:30:00,797.3,787.45,2023-10,796.75,2862500
C:\Users\v-dhramaraj\Desktop\Python\Projects\Assignment2_StockAnalysis\Data-20250430T011355Z-1-001\Data\data\2023-10,ADANIPORTS,793.65,2023-10-20 05:30:00,803.0,788.65,2023-10,791.8,2434862
C:\Users\v-dhramaraj\Desktop\Python\Projects\Assignment2_StockAnalysis\Data-20250430T011355Z-1-001\Data\data\2023-10,ADANIPORTS,771.45,2023-10-23 05:30:00,795.8,769.9,2023-10,793.65,2002377
C:\Users\v-dhramaraj\Desktop\Python\Projects\Assignment2_StockAnalysis\Data-20250430T011355Z-1-001\Data\data\2023-10,ADANIPORTS,769.1,2023-10-25 05:30:00,783.35,761.05,2023-10,772.5,2581498
C:\Users\v-dhramaraj\Desktop\Python\Projects\Assignment2_StockAnalysis\Data-20250430T011355Z-1-001\Data\data\2023-10,ADANIPORTS,770.35,2023-10-26 05:30:00,771.8,754.5,2023-10,764.0,3855358
C:\Users\v-dhramaraj\Desktop\Python\Projects\Assignment2_StockAnalysis\Data-20250430T011355Z-1-001\Data\data\2023-10,ADANIPORTS,782.4,2023-10-27 05:30:00,786.4,773.05,2023-10,774.9,2995404
C:\Users\v-dhramaraj\Desktop\Python\Projects\Assignment2_StockAnalysis\Data-20250430T011355Z-1-001\Data\data\2023-10,ADANIPORTS,785.0,2023-10-30 05:30:00,794.4,779.8,2023-10,785.9,3522068
C:\Users\v-dhramaraj\Desktop\Python\Projects\Assignment2_StockAnalysis\Data-20250430T011355Z-1-001\Data\data\2023-10,ADANIPORTS,784.75,2023-10-31 05:30:00,791.1,782.5,2023-10,789.8,2825760
C:\Users\v-dhramaraj\Desktop\Python\Projects\Assignment2_StockAnalysis\Data-20250430T011355Z-1-001\Data\data\2023-11,ADANIPORTS,769.1,2023-11-01 05:30:00,790.5,767.2,2023-11,784.75,2693768
C:\Users\v-dhramaraj\Desktop\Python\Projects\Assignment2_StockAnalysis\Data-20250430T011355Z-1-001\Data\data\2023-11,ADANIPORTS,774.3,2023-11-02 05:30:00,783.5,772.05,2023-11,776.9,1741799
C:\Users\v-dhramaraj\Desktop\Python\Projects\Assignment2_StockAnalysis\Data-20250430T011355Z-1-001\Data\data\2023-11,ADANIPORTS,795.4,2023-11-03 05:30:00,798.8,777.3,2023-11,780.0,4310765
C:\Users\v-dhramaraj\Desktop\Python\Projects\Assignment2_StockAnalysis\Data-20250430T011355Z-1-001\Data\data\2023-11,ADANIPORTS,802.5,2023-11-06 05:30:00,806.25,799.3,2023-11,801.5,2270316
C:\Users\v-dhramaraj\Desktop\Python\Projects\Assignment2_StockAnalysis\Data-20250430T011355Z-1-001\Data\data\2023-11,ADANIPORTS,797.55,2023-11-07 05:30:00,808.4,796.0,2023-11,803.0,2394891
C:\Users\v-dhramaraj\Desktop\Python\Projects\Assignment2_StockAnalysis\Data-20250430T011355Z-1-001\Data\data\2023-11,ADANIPORTS,818.7,2023-11-08 05:30:00,823.8,800.05,2023-11,802.0,5123208
C:\Users\v-dhramaraj\Desktop\Python\Projects\Assignment2_StockAnalysis\Data-20250430T011355Z-1-001\Data\data\2023-11,ADANIPORTS,806.2,2023-11-09 05:30:00,827.7,798.1,2023-11,825.0,4982049
C:\Users\v-dhramaraj\Desktop\Python\Projects\Assignment2_StockAnalysis\Data-20250430T011355Z-1-001\Data\data\2023-11,ADANIPORTS,808.6,2023-11-10 05:30:00,818.8,806.2,2023-11,808.0,3903183
C:\Users\v-dhramaraj\Desktop\Python\Projects\Assignment2_StockAnalysis\Data-20250430T011355Z-1-001\Data\data\2023-11,ADANIPORTS,812.25,2023-11-12 05:30:00,816.7,811.0,2023-11,816.7,265239
C:\Users\v-dhramaraj\Desktop\Python\Projects\Assignment2_StockAnalysis\Data-20250430T011355Z-1-001\Data\data\2023-11,ADANIPORTS,809.85,2023-11-13 05:30:00,828.0,807.5,2023-11,810.0,1050882
C:\Users\v-dhramaraj\Desktop\Python\Projects\Assignment2_StockAnalysis\Data-20250430T011355Z-1-001\Data\data\2023-11,ADANIPORTS,810.75,2023-11-15 05:30:00,818.0,809.05,2023-11,818.0,1694698
C:\Users\v-dhramaraj\Desktop\Python\Projects\Assignment2_StockAnalysis\Data-20250430T011355Z-1-001\Data\data\2023-11,ADANIPORTS,813.6,2023-11-16 05:30:00,818.4,808.1,2023-11,814.4,1689762
C:\Users\v-dhramaraj\Desktop\Python\Projects\Assignment2_StockAnalysis\Data-20250430T011355Z-1-001\Data\data\2023-11,ADANIPORTS,810.05,2023-11-17 05:30:00,821.95,809.05,2023-11,811.7,3218979
C:\Users\v-dhramaraj\Desktop\Python\Projects\Assignment2_StockAnalysis\Data-20250430T011355Z-1-001\Data\data\2023-11,ADANIPORTS,803.6,2023-11-20 05:30:00,816.0,801.1,2023-11,810.05,3227659
C:\Users\v-dhramaraj\Desktop\Python\Projects\Assignment2_StockAnalysis\Data-20250430T011355Z-1-001\Data\data\2023-11,ADANIPORTS,801.35,2023-11-21 05:30:00,814.9,799.3,2023-11,805.0,3643664
C:\Users\v-dhramaraj\Desktop\Python\Projects\Assignment2_StockAnalysis\Data-20250430T011355Z-1-001\Data\data\2023-11,ADANIPORTS,791.9,2023-11-22 05:30:00,804.95,788.55,2023-11,804.0,3212329
C:\Users\v-dhramaraj\Desktop\Python\Projects\Assignment2_StockAnalysis\Data-20250430T011355Z-1-001\Data\data\2023-11,ADANIPORTS,793.1,2023-11-23 05:30:00,804.7,791.45,2023-11,795.0,3776615
C:\Users\v-dhramaraj\Desktop\Python\Projects\Assignment2_StockAnalysis\Data-20250430T011355Z-1-001\Data\data\2023-11,ADANIPORTS,795.55,2023-11-24 05:30:00,802.95,785.0,2023-11,795.9,4421350
C:\Users\v-dhramaraj\Desktop\Python\Projects\Assignment2_StockAnalysis\Data-20250430T011355Z-1-001\Data\data\2023-11,ADANIPORTS,837.7,2023-11-28 05:30:00,854.4,806.0,2023-11,806.0,15929818
C:\Users\v-dhramaraj\Desktop\Python\Projects\Assignment2_StockAnalysis\Data-20250430T011355Z-1-001\Data\data\2023-11,ADANIPORTS,835.55,2023-11-29 05:30:00,850.0,833.3,2023-11,850.0,8057644
C:\Users\v-dhramaraj\Desktop\Python\Projects\Assignment2_StockAnalysis\Data-20250430T011355Z-1-001\Data\data\2023-11,ADANIPORTS,825.5,2023-11-30 05:30:00,839.0,823.0,2023-11,839.0,5998210
C:\Users\v-dhramaraj\Desktop\Python\Projects\Assignment2_StockAnalysis\Data-20250430T011355Z-1-001\Data\data\2023-12,ADANIPORTS,827.8,2023-12-01 05:30:00,839.2,825.5,2023-12,839.2,2932775
C:\Users\v-dhramaraj\Desktop\Python\Projects\Assignment2_StockAnalysis\Data-20250430T011355Z-1-001\Data\data\2023-12,ADANIPORTS,878.65,2023-12-04 05:30:00,883.35,858.5,2023-12,865.0,11064795
C:\Users\v-dhramaraj\Desktop\Python\Projects\Assignment2_StockAnalysis\Data-20250430T011355Z-1-001\Data\data\2023-12,ADANIPORTS,1013.1,2023-12-05 05:30:00,1024.3,880.0,2023-12,884.0,46564412
C:\Users\v-dhramaraj\Desktop\Python\Projects\Assignment2_StockAnalysis\Data-20250430T011355Z-1-001\Data\data\2023-12,ADANIPORTS,1017.95,2023-12-06 05:30:00,1082.5,1008.1,2023-12,1045.0,41008947
C:\Users\v-dhramaraj\Desktop\Python\Projects\Assignment2_StockAnalysis\Data-20250430T011355Z-1-001\Data\data\2023-12,ADANIPORTS,1039.65,2023-12-07 05:30:00,1058.75,1021.65,2023-12,1029.0,14840081
C:\Users\v-dhramaraj\Desktop\Python\Projects\Assignment2_StockAnalysis\Data-20250430T011355Z-1-001\Data\data\2023-12,ADANIPORTS,1022.95,2023-12-08 05:30:00,1055.0,992.3,2023-12,1048.0,12202462
C:\Users\v-dhramaraj\Desktop\Python\Projects\Assignment2_StockAnalysis\Data-20250430T011355Z-1-001\Data\data\2023-12,ADANIPORTS,1031.9,2023-12-11 05:30:00,1048.0,1015.65,2023-12,1026.8,7889666
C:\Users\v-dhramaraj\Desktop\Python\Projects\Assignment2_StockAnalysis\Data-20250430T011355Z-1-001\Data\data\2023-12,ADANIPORTS,1041.95,2023-12-12 05:30:00,1048.45,1023.25,2023-12,1037.05,4902289
C:\Users\v-dhramaraj\Desktop\Python\Projects\Assignment2_StockAnalysis\Data-20250430T011355Z-1-001\Data\data\2023-12,ADANIPORTS,1063.5,2023-12-13 05:30:00,1075.0,1028.8,2023-12,1045.0,8151639
C:\Users\v-dhramaraj\Desktop\Python\Projects\Assignment2_StockAnalysis\Data-20250430T011355Z-1-001\Data\data\2023-12,ADANIPORTS,1074.7,2023-12-14 05:30:00,1089.9,1063.0,2023-12,1080.0,8004131
C:\Users\v-dhramaraj\Desktop\Python\Projects\Assignment2_StockAnalysis\Data-20250430T011355Z-1-001\Data\data\2023-12,ADANIPORTS,1078.55,2023-12-15 05:30:00,1086.5,1067.05,2023-12,1079.0,11672787
C:\Users\v-dhramaraj\Desktop\Python\Projects\Assignment2_StockAnalysis\Data-20250430T011355Z-1-001\Data\data\2023-12,ADANIPORTS,1094.3,2023-12-18 05:30:00,1102.4,1072.75,2023-12,1079.0,5448342
C:\Users\v-dhramaraj\Desktop\Python\Projects\Assignment2_StockAnalysis\Data-20250430T011355Z-1-001\Data\data\2023-12,ADANIPORTS,1074.0,2023-12-19 05:30:00,1099.0,1068.6,2023-12,1095.0,5993252
C:\Users\v-dhramaraj\Desktop\Python\Projects\Assignment2_StockAnalysis\Data-20250430T011355Z-1-001\Data\data\2023-12,ADANIPORTS,1012.15,2023-12-20 05:30:00,1083.85,1005.0,2023-12,1078.0,8467564
C:\Users\v-dhramaraj\Desktop\Python\Projects\Assignment2_StockAnalysis\Data-20250430T011355Z-1-001\Data\data\2023-12,ADANIPORTS,1018.95,2023-12-21 05:30:00,1028.0,989.25,2023-12,996.15,5352057
C:\Users\v-dhramaraj\Desktop\Python\Projects\Assignment2_StockAnalysis\Data-20250430T011355Z-1-001\Data\data\2023-12,ADANIPORTS,1027.5,2023-12-22 05:30:00,1050.95,1019.0,2023-12,1034.0,5252106
C:\Users\v-dhramaraj\Desktop\Python\Projects\Assignment2_StockAnalysis\Data-20250430T011355Z-1-001\Data\data\2023-12,ADANIPORTS,1028.75,2023-12-26 05:30:00,1041.0,1026.1,2023-12,1034.1,2176775
C:\Users\v-dhramaraj\Desktop\Python\Projects\Assignment2_StockAnalysis\Data-20250430T011355Z-1-001\Data\data\2023-12,ADANIPORTS,1024.4,2023-12-27 05:30:00,1037.05,1018.0,2023-12,1037.0,2803997
C:\Users\v-dhramaraj\Desktop\Python\Projects\Assignment2_StockAnalysis\Data-20250430T011355Z-1-001\Data\data\2023-12,ADANIPORTS,1016.95,2023-12-28 05:30:00,1031.2,1014.65,2023-12,1029.55,4865603
C:\Users\v-dhramaraj\Desktop\Python\Projects\Assignment2_StockAnalysis\Data-20250430T011355Z-1-001\Data\data\2023-12,ADANIPORTS,1024.35,2023-12-29 05:30:00,1034.9,1017.6,2023-12,1021.8,2429250
C:\Users\v-dhramaraj\Desktop\Python\Projects\Assignment2_StockAnalysis\Data-20250430T011355Z-1-001\Data\data\2024-01,ADANIPORTS,1047.85,2024-01-01 05:30:00,1057.95,1023.0,2024-01,1026.55,3989711
C:\Users\v-dhramaraj\Desktop\Python\Projects\Assignment2_StockAnalysis\Data-20250430T011355Z-1-001\Data\data\2024-01,ADANIPORTS,1078.4,2024-01-02 05:30:00,1082.9,1031.1,2024-01,1047.85,6344621
C:\Users\v-dhramaraj\Desktop\Python\Projects\Assignment2_StockAnalysis\Data-20250430T011355Z-1-001\Data\data\2024-01,ADANIPORTS,1094.25,2024-01-03 05:30:00,1144.0,1062.75,2024-01,1105.0,33060778
C:\Users\v-dhramaraj\Desktop\Python\Projects\Assignment2_StockAnalysis\Data-20250430T011355Z-1-001\Data\data\2024-01,ADANIPORTS,1123.2,2024-01-04 05:30:00,1131.0,1103.55,2024-01,1117.0,9771995
C:\Users\v-dhramaraj\Desktop\Python\Projects\Assignment2_StockAnalysis\Data-20250430T011355Z-1-001\Data\data\2024-01,ADANIPORTS,1154.25,2024-01-05 05:30:00,1160.0,1125.4,2024-01,1129.1,10622789
C:\Users\v-dhramaraj\Desktop\Python\Projects\Assignment2_StockAnalysis\Data-20250430T011355Z-1-001\Data\data\2024-01,ADANIPORTS,1168.85,2024-01-08 05:30:00,1182.0,1152.0,2024-01,1160.0,8760094
C:\Users\v-dhramaraj\Desktop\Python\Projects\Assignment2_StockAnalysis\Data-20250430T011355Z-1-001\Data\data\2024-01,ADANIPORTS,1197.1,2024-01-09 05:30:00,1229.9,1178.5,2024-01,1182.0,14701104
C:\Users\v-dhramaraj\Desktop\Python\Projects\Assignment2_StockAnalysis\Data-20250430T011355Z-1-001\Data\data\2024-01,ADANIPORTS,1214.35,2024-01-10 05:30:00,1220.0,1197.0,2024-01,1220.0,7036728
C:\Users\v-dhramaraj\Desktop\Python\Projects\Assignment2_StockAnalysis\Data-20250430T011355Z-1-001\Data\data\2024-01,ADANIPORTS,1202.95,2024-01-11 05:30:00,1223.6,1200.0,2024-01,1221.0,3721202
C:\Users\v-dhramaraj\Desktop\Python\Projects\Assignment2_StockAnalysis\Data-20250430T011355Z-1-001\Data\data\2024-01,ADANIPORTS,1207.1,2024-01-12 05:30:00,1218.75,1201.05,2024-01,1210.4,3912779
C:\Users\v-dhramaraj\Desktop\Python\Projects\Assignment2_StockAnalysis\Data-20250430T011355Z-1-001\Data\data\2024-01,ADANIPORTS,1203.1,2024-01-15 05:30:00,1215.35,1189.1,2024-01,1214.0,2825654
C:\Users\v-dhramaraj\Desktop\Python\Projects\Assignment2_StockAnalysis\Data-20250430T011355Z-1-001\Data\data\2024-01,ADANIPORTS,1193.35,2024-01-16 05:30:00,1212.0,1186.8,2024-01,1203.6,3173587
C:\Users\v-dhramaraj\Desktop\Python\Projects\Assignment2_StockAnalysis\Data-20250430T011355Z-1-001\Data\data\2024-01,ADANIPORTS,1166.85,2024-01-17 05:30:00,1204.7,1159.45,2024-01,1180.0,5268593
C:\Users\v-dhramaraj\Desktop\Python\Projects\Assignment2_StockAnalysis\Data-20250430T011355Z-1-001\Data\data\2024-01,ADANIPORTS,1154.05,2024-01-18 05:30:00,1184.3,1143.45,2024-01,1171.05,5918594
C:\Users\v-dhramaraj\Desktop\Python\Projects\Assignment2_StockAnalysis\Data-20250430T011355Z-1-001\Data\data\2024-01,ADANIPORTS,1152.45,2024-01-19 05:30:00,1166.8,1150.0,2024-01,1162.25,2732559
C:\Users\v-dhramaraj\Desktop\Python\Projects\Assignment2_StockAnalysis\Data-20250430T011355Z-1-001\Data\data\2024-01,ADANIPORTS,1193.0,2024-01-20 05:30:00,1198.75,1150.0,2024-01,1158.9,2521107
C:\Users\v-dhramaraj\Desktop\Python\Projects\Assignment2_StockAnalysis\Data-20250430T011355Z-1-001\Data\data\2024-01,ADANIPORTS,1137.1,2024-01-23 05:30:00,1207.2,1130.25,2024-01,1199.15,7201014
C:\Users\v-dhramaraj\Desktop\Python\Projects\Assignment2_StockAnalysis\Data-20250430T011355Z-1-001\Data\data\2024-01,ADANIPORTS,1120.6,2024-01-24 05:30:00,1146.75,1118.35,2024-01,1138.0,18373913
C:\Users\v-dhramaraj\Desktop\Python\Projects\Assignment2_StockAnalysis\Data-20250430T011355Z-1-001\Data\data\2024-01,ADANIPORTS,1146.3,2024-01-25 05:30:00,1155.75,1111.6,2024-01,1122.15,4305042
C:\Users\v-dhramaraj\Desktop\Python\Projects\Assignment2_StockAnalysis\Data-20250430T011355Z-1-001\Data\data\2024-01,ADANIPORTS,1196.65,2024-01-29 05:30:00,1204.9,1151.0,2024-01,1155.0,6768033
C:\Users\v-dhramaraj\Desktop\Python\Projects\Assignment2_StockAnalysis\Data-20250430T011355Z-1-001\Data\data\2024-01,ADANIPORTS,1187.35,2024-01-30 05:30:00,1217.2,1181.0,2024-01,1200.0,4683729
C:\Users\v-dhramaraj\Desktop\Python\Projects\Assignment2_StockAnalysis\Data-20250430T011355Z-1-001\Data\data\2024-01,ADANIPORTS,1207.65,2024-01-31 05:30:00,1214.25,1191.65,2024-01,1195.8,5510242
C:\Users\v-dhramaraj\Desktop\Python\Projects\Assignment2_StockAnalysis\Data-20250430T011355Z-1-001\Data\data\2024-02,ADANIPORTS,1218.85,2024-02-01 05:30:00,1239.5,1200.3,2024-02,1213.6,7433628
C:\Users\v-dhramaraj\Desktop\Python\Projects\Assignment2_StockAnalysis\Data-20250430T011355Z-1-001\Data\data\2024-02,ADANIPORTS,1261.45,2024-02-02 05:30:00,1287.5,1231.7,2024-02,1233.05,10450227
C:\Users\v-dhramaraj\Desktop\Python\Projects\Assignment2_StockAnalysis\Data-20250430T011355Z-1-001\Data\data\2024-02,ADANIPORTS,1258.55,2024-02-05 05:30:00,1291.25,1248.85,2024-02,1269.5,5611298
C:\Users\v-dhramaraj\Desktop\Python\Projects\Assignment2_StockAnalysis\Data-20250430T011355Z-1-001\Data\data\2024-02,ADANIPORTS,1273.1,2024-02-06 05:30:00,1284.6,1248.85,2024-02,1266.0,4408002
C:\Users\v-dhramaraj\Desktop\Python\Projects\Assignment2_StockAnalysis\Data-20250430T011355Z-1-001\Data\data\2024-02,ADANIPORTS,1255.65,2024-02-07 05:30:00,1286.35,1252.15,2024-02,1280.0,3359763
C:\Users\v-dhramaraj\Desktop\Python\Projects\Assignment2_StockAnalysis\Data-20250430T011355Z-1-001\Data\data\2024-02,ADANIPORTS,1245.2,2024-02-08 05:30:00,1264.5,1236.75,2024-02,1264.05,3354609
C:\Users\v-dhramaraj\Desktop\Python\Projects\Assignment2_StockAnalysis\Data-20250430T011355Z-1-001\Data\data\2024-02,ADANIPORTS,1271.5,2024-02-09 05:30:00,1275.5,1232.1,2024-02,1252.6,3538164
C:\Users\v-dhramaraj\Desktop\Python\Projects\Assignment2_StockAnalysis\Data-20250430T011355Z-1-001\Data\data\2024-02,ADANIPORTS,1249.35,2024-02-12 05:30:00,1279.75,1243.9,2024-02,1278.0,2204823
C:\Users\v-dhramaraj\Desktop\Python\Projects\Assignment2_StockAnalysis\Data-20250430T011355Z-1-001\Data\data\2024-02,ADANIPORTS,1264.8,2024-02-13 05:30:00,1271.0,1226.65,2024-02,1249.95,2245009
C:\Users\v-dhramaraj\Desktop\Python\Projects\Assignment2_StockAnalysis\Data-20250430T011355Z-1-001\Data\data\2024-02,ADANIPORTS,1267.85,2024-02-14 05:30:00,1281.55,1248.65,2024-02,1261.95,3382943
C:\Users\v-dhramaraj\Desktop\Python\Projects\Assignment2_StockAnalysis\Data-20250430T011355Z-1-001\Data\data\2024-02,ADANIPORTS,1267.05,2024-02-15 05:30:00,1277.55,1262.1,2024-02,1275.0,3382824
C:\Users\v-dhramaraj\Desktop\Python\Projects\Assignment2_StockAnalysis\Data-20250430T011355Z-1-001\Data\data\2024-02,ADANIPORTS,1306.85,2024-02-16 05:30:00,1311.0,1265.55,2024-02,1269.8,5476230
C:\Users\v-dhramaraj\Desktop\Python\Projects\Assignment2_StockAnalysis\Data-20250430T011355Z-1-001\Data\data\2024-02,ADANIPORTS,1307.0,2024-02-19 05:30:00,1327.0,1302.15,2024-02,1313.4,2700240
C:\Users\v-dhramaraj\Desktop\Python\Projects\Assignment2_StockAnalysis\Data-20250430T011355Z-1-001\Data\data\2024-02,ADANIPORTS,1300.5,2024-02-20 05:30:00,1312.9,1293.7,2024-02,1311.0,1856718
C:\Users\v-dhramaraj\Desktop\Python\Projects\Assignment2_StockAnalysis\Data-20250430T011355Z-1-001\Data\data\2024-02,ADANIPORTS,1291.0,2024-02-21 05:30:00,1315.0,1281.45,2024-02,1304.8,2770510
C:\Users\v-dhramaraj\Desktop\Python\Projects\Assignment2_StockAnalysis\Data-20250430T011355Z-1-001\Data\data\2024-02,ADANIPORTS,1310.95,2024-02-22 05:30:00,1317.0,1281.0,2024-02,1296.0,2556009
C:\Users\v-dhramaraj\Desktop\Python\Projects\Assignment2_StockAnalysis\Data-20250430T011355Z-1-001\Data\data\2024-02,ADANIPORTS,1320.7,2024-02-23 05:30:00,1332.0,1298.0,2024-02,1312.05,2924829
C:\Users\v-dhramaraj\Desktop\Python\Projects\Assignment2_StockAnalysis\Data-20250430T011355Z-1-001\Data\data\2024-02,ADANIPORTS,1338.15,2024-02-26 05:30:00,1343.0,1316.75,2024-02,1320.0,2802425
C:\Users\v-dhramaraj\Desktop\Python\Projects\Assignment2_StockAnalysis\Data-20250430T011355Z-1-001\Data\data\2024-02,ADANIPORTS,1329.45,2024-02-27 05:30:00,1339.2,1314.25,2024-02,1336.85,2197456
C:\Users\v-dhramaraj\Desktop\Python\Projects\Assignment2_StockAnalysis\Data-20250430T011355Z-1-001\Data\data\2024-02,ADANIPORTS,1299.5,2024-02-28 05:30:00,1334.9,1295.15,2024-02,1334.5,2121625
C:\Users\v-dhramaraj\Desktop\Python\Projects\Assignment2_StockAnalysis\Data-20250430T011355Z-1-001\Data\data\2024-02,ADANIPORTS,1320.5,2024-02-29 05:30:00,1329.9,1293.05,2024-02,1300.0,2672239
C:\Users\v-dhramaraj\Desktop\Python\Projects\Assignment2_StockAnalysis\Data-20250430T011355Z-1-001\Data\data\2024-03,ADANIPORTS,1322.1,2024-03-01 05:30:00,1349.0,1312.4,2024-03,1335.0,3301090
C:\Users\v-dhramaraj\Desktop\Python\Projects\Assignment2_StockAnalysis\Data-20250430T011355Z-1-001\Data\data\2024-03,ADANIPORTS,1338.3,2024-03-02 05:30:00,1346.9,1325.0,2024-03,1326.9,386697
C:\Users\v-dhramaraj\Desktop\Python\Projects\Assignment2_StockAnalysis\Data-20250430T011355Z-1-001\Data\data\2024-03,ADANIPORTS,1342.6,2024-03-04 05:30:00,1356.55,1336.4,2024-03,1345.25,2170214
C:\Users\v-dhramaraj\Desktop\Python\Projects\Assignment2_StockAnalysis\Data-20250430T011355Z-1-001\Data\data\2024-03,ADANIPORTS,1338.3,2024-03-05 05:30:00,1354.95,1334.0,2024-03,1344.05,1815438
C:\Users\v-dhramaraj\Desktop\Python\Projects\Assignment2_StockAnalysis\Data-20250430T011355Z-1-001\Data\data\2024-03,ADANIPORTS,1324.8,2024-03-06 05:30:00,1344.6,1304.0,2024-03,1342.7,2758443
C:\Users\v-dhramaraj\Desktop\Python\Projects\Assignment2_StockAnalysis\Data-20250430T011355Z-1-001\Data\data\2024-03,ADANIPORTS,1325.45,2024-03-07 05:30:00,1335.35,1315.0,2024-03,1329.8,1640786
C:\Users\v-dhramaraj\Desktop\Python\Projects\Assignment2_StockAnalysis\Data-20250430T011355Z-1-001\Data\data\2024-03,ADANIPORTS,1326.95,2024-03-11 05:30:00,1342.35,1322.05,2024-03,1331.0,2217673
C:\Users\v-dhramaraj\Desktop\Python\Projects\Assignment2_StockAnalysis\Data-20250430T011355Z-1-001\Data\data\2024-03,ADANIPORTS,1301.3,2024-03-12 05:30:00,1346.95,1293.45,2024-03,1335.0,3139768
C:\Users\v-dhramaraj\Desktop\Python\Projects\Assignment2_StockAnalysis\Data-20250430T011355Z-1-001\Data\data\2024-03,ADANIPORTS,1209.55,2024-03-13 05:30:00,1308.0,1188.1,2024-03,1307.0,8670336
C:\Users\v-dhramaraj\Desktop\Python\Projects\Assignment2_StockAnalysis\Data-20250430T011355Z-1-001\Data\data\2024-03,ADANIPORTS,1267.85,2024-03-14 05:30:00,1276.0,1195.7,2024-03,1210.0,7195603
C:\Users\v-dhramaraj\Desktop\Python\Projects\Assignment2_StockAnalysis\Data-20250430T011355Z-1-001\Data\data\2024-03,ADANIPORTS,1283.0,2024-03-15 05:30:00,1288.85,1256.65,2024-03,1273.8,4024586
C:\Users\v-dhramaraj\Desktop\Python\Projects\Assignment2_StockAnalysis\Data-20250430T011355Z-1-001\Data\data\2024-03,ADANIPORTS,1266.6,2024-03-18 05:30:00,1270.05,1227.25,2024-03,1250.0,4858444
C:\Users\v-dhramaraj\Desktop\Python\Projects\Assignment2_StockAnalysis\Data-20250430T011355Z-1-001\Data\data\2024-03,ADANIPORTS,1241.2,2024-03-19 05:30:00,1272.85,1237.25,2024-03,1271.05,2311324
C:\Users\v-dhramaraj\Desktop\Python\Projects\Assignment2_StockAnalysis\Data-20250430T011355Z-1-001\Data\data\2024-03,ADANIPORTS,1245.4,2024-03-20 05:30:00,1252.95,1230.2,2024-03,1248.0,2772098
C:\Users\v-dhramaraj\Desktop\Python\Projects\Assignment2_StockAnalysis\Data-20250430T011355Z-1-001\Data\data\2024-03,ADANIPORTS,1262.45,2024-03-21 05:30:00,1268.7,1251.3,2024-03,1260.0,3155563
C:\Users\v-dhramaraj\Desktop\Python\Projects\Assignment2_StockAnalysis\Data-20250430T011355Z-1-001\Data\data\2024-03,ADANIPORTS,1281.6,2024-03-22 05:30:00,1289.1,1255.05,2024-03,1262.45,3076926
C:\Users\v-dhramaraj\Desktop\Python\Projects\Assignment2_StockAnalysis\Data-20250430T011355Z-1-001\Data\data\2024-03,ADANIPORTS,1304.2,2024-03-26 05:30:00,1314.0,1281.0,2024-03,1281.6,3610644
C:\Users\v-dhramaraj\Desktop\Python\Projects\Assignment2_StockAnalysis\Data-20250430T011355Z-1-001\Data\data\2024-03,ADANIPORTS,1322.8,2024-03-27 05:30:00,1343.0,1312.1,2024-03,1315.0,4938400
C:\Users\v-dhramaraj\Desktop\Python\Projects\Assignment2_StockAnalysis\Data-20250430T011355Z-1-001\Data\data\2024-03,ADANIPORTS,1341.85,2024-03-28 05:30:00,1358.7,1314.0,2024-03,1334.0,4188741
C:\Users\v-dhramaraj\Desktop\Python\Projects\Assignment2_StockAnalysis\Data-20250430T011355Z-1-001\Data\data\2024-04,ADANIPORTS,1375.9,2024-04-01 05:30:00,1381.75,1350.25,2024-04,1356.8,3251462
C:\Users\v-dhramaraj\Desktop\Python\Projects\Assignment2_StockAnalysis\Data-20250430T011355Z-1-001\Data\data\2024-04,ADANIPORTS,1404.15,2024-04-02 05:30:00,1424.95,1388.2,2024-04,1397.8,5769001
C:\Users\v-dhramaraj\Desktop\Python\Projects\Assignment2_StockAnalysis\Data-20250430T011355Z-1-001\Data\data\2024-04,ADANIPORTS,1397.2,2024-04-03 05:30:00,1402.0,1389.2,2024-04,1399.85,2727582
C:\Users\v-dhramaraj\Desktop\Python\Projects\Assignment2_StockAnalysis\Data-20250430T011355Z-1-001\Data\data\2024-04,ADANIPORTS,1366.85,2024-04-04 05:30:00,1408.6,1362.25,2024-04,1408.6,4197697
C:\Users\v-dhramaraj\Desktop\Python\Projects\Assignment2_StockAnalysis\Data-20250430T011355Z-1-001\Data\data\2024-04,ADANIPORTS,1375.55,2024-04-05 05:30:00,1381.9,1357.35,2024-04,1367.0,1853120
C:\Users\v-dhramaraj\Desktop\Python\Projects\Assignment2_StockAnalysis\Data-20250430T011355Z-1-001\Data\data\2024-04,ADANIPORTS,1348.65,2024-04-08 05:30:00,1381.95,1337.0,2024-04,1381.95,14038860
C:\Users\v-dhramaraj\Desktop\Python\Projects\Assignment2_StockAnalysis\Data-20250430T011355Z-1-001\Data\data\2024-04,ADANIPORTS,1356.5,2024-04-09 05:30:00,1364.9,1346.1,2024-04,1356.15,1935801
C:\Users\v-dhramaraj\Desktop\Python\Projects\Assignment2_StockAnalysis\Data-20250430T011355Z-1-001\Data\data\2024-04,ADANIPORTS,1352.3,2024-04-10 05:30:00,1359.9,1348.2,2024-04,1359.0,3984001
C:\Users\v-dhramaraj\Desktop\Python\Projects\Assignment2_StockAnalysis\Data-20250430T011355Z-1-001\Data\data\2024-04,ADANIPORTS,1344.2,2024-04-12 05:30:00,1358.4,1341.0,2024-04,1350.0,2183230
C:\Users\v-dhramaraj\Desktop\Python\Projects\Assignment2_StockAnalysis\Data-20250430T011355Z-1-001\Data\data\2024-04,ADANIPORTS,1315.55,2024-04-15 05:30:00,1335.0,1308.6,2024-04,1320.0,3372368
C:\Users\v-dhramaraj\Desktop\Python\Projects\Assignment2_StockAnalysis\Data-20250430T011355Z-1-001\Data\data\2024-04,ADANIPORTS,1304.35,2024-04-16 05:30:00,1322.0,1294.4,2024-04,1302.0,2696593
C:\Users\v-dhramaraj\Desktop\Python\Projects\Assignment2_StockAnalysis\Data-20250430T011355Z-1-001\Data\data\2024-04,ADANIPORTS,1295.55,2024-04-18 05:30:00,1336.5,1291.0,2024-04,1315.95,6219274
C:\Users\v-dhramaraj\Desktop\Python\Projects\Assignment2_StockAnalysis\Data-20250430T011355Z-1-001\Data\data\2024-04,ADANIPORTS,1310.0,2024-04-19 05:30:00,1316.0,1270.0,2024-04,1280.0,3899281
C:\Users\v-dhramaraj\Desktop\Python\Projects\Assignment2_StockAnalysis\Data-20250430T011355Z-1-001\Data\data\2024-04,ADANIPORTS,1321.1,2024-04-22 05:30:00,1331.0,1315.0,2024-04,1321.1,8903130
C:\Users\v-dhramaraj\Desktop\Python\Projects\Assignment2_StockAnalysis\Data-20250430T011355Z-1-001\Data\data\2024-04,ADANIPORTS,1322.1,2024-04-23 05:30:00,1338.55,1318.9,2024-04,1321.1,3847872
C:\Users\v-dhramaraj\Desktop\Python\Projects\Assignment2_StockAnalysis\Data-20250430T011355Z-1-001\Data\data\2024-04,ADANIPORTS,1320.5,2024-04-24 05:30:00,1332.9,1318.05,2024-04,1331.0,2553035
C:\Users\v-dhramaraj\Desktop\Python\Projects\Assignment2_StockAnalysis\Data-20250430T011355Z-1-001\Data\data\2024-04,ADANIPORTS,1330.55,2024-04-25 05:30:00,1336.95,1316.8,2024-04,1320.5,6097087
C:\Users\v-dhramaraj\Desktop\Python\Projects\Assignment2_StockAnalysis\Data-20250430T011355Z-1-001\Data\data\2024-04,ADANIPORTS,1324.6,2024-04-26 05:30:00,1341.6,1321.1,2024-04,1340.0,2565490
C:\Users\v-dhramaraj\Desktop\Python\Projects\Assignment2_StockAnalysis\Data-20250430T011355Z-1-001\Data\data\2024-04,ADANIPORTS,1317.25,2024-04-29 05:30:00,1335.75,1307.0,2024-04,1334.3,2191564
C:\Users\v-dhramaraj\Desktop\Python\Projects\Assignment2_StockAnalysis\Data-20250430T011355Z-1-001\Data\data\2024-04,ADANIPORTS,1324.9,2024-04-30 05:30:00,1334.65,1316.25,2024-04,1323.55,2321071
C:\Users\v-dhramaraj\Desktop\Python\Projects\Assignment2_StockAnalysis\Data-20250430T011355Z-1-001\Data\data\2024-05,ADANIPORTS,1338.8,2024-05-02 05:30:00,1348.7,1306.55,2024-05,1333.95,7991511
C:\Users\v-dhramaraj\Desktop\Python\Projects\Assignment2_StockAnalysis\Data-20250430T011355Z-1-001\Data\data\2024-05,ADANIPORTS,1320.3,2024-05-03 05:30:00,1354.0,1310.45,2024-05,1353.0,3528822
C:\Users\v-dhramaraj\Desktop\Python\Projects\Assignment2_StockAnalysis\Data-20250430T011355Z-1-001\Data\data\2024-05,ADANIPORTS,1289.95,2024-05-06 05:30:00,1322.5,1257.0,2024-05,1322.5,4000668
C:\Users\v-dhramaraj\Desktop\Python\Projects\Assignment2_StockAnalysis\Data-20250430T011355Z-1-001\Data\data\2024-05,ADANIPORTS,1287.65,2024-05-07 05:30:00,1301.15,1265.0,2024-05,1291.1,3474340
C:\Users\v-dhramaraj\Desktop\Python\Projects\Assignment2_StockAnalysis\Data-20250430T011355Z-1-001\Data\data\2024-05,ADANIPORTS,1277.25,2024-05-08 05:30:00,1293.7,1269.05,2024-05,1293.35,1627418
C:\Users\v-dhramaraj\Desktop\Python\Projects\Assignment2_StockAnalysis\Data-20250430T011355Z-1-001\Data\data\2024-05,ADANIPORTS,1244.55,2024-05-09 05:30:00,1285.8,1240.0,2024-05,1279.0,2591646
C:\Users\v-dhramaraj\Desktop\Python\Projects\Assignment2_StockAnalysis\Data-20250430T011355Z-1-001\Data\data\2024-05,ADANIPORTS,1266.75,2024-05-10 05:30:00,1278.7,1245.75,2024-05,1250.0,2022402
C:\Users\v-dhramaraj\Desktop\Python\Projects\Assignment2_StockAnalysis\Data-20250430T011355Z-1-001\Data\data\2024-05,ADANIPORTS,1306.4,2024-05-13 05:30:00,1313.0,1261.65,2024-05,1267.0,2495810
C:\Users\v-dhramaraj\Desktop\Python\Projects\Assignment2_StockAnalysis\Data-20250430T011355Z-1-001\Data\data\2024-05,ADANIPORTS,1331.25,2024-05-14 05:30:00,1339.9,1285.25,2024-05,1306.4,2989543
C:\Users\v-dhramaraj\Desktop\Python\Projects\Assignment2_StockAnalysis\Data-20250430T011355Z-1-001\Data\data\2024-05,ADANIPORTS,1337.85,2024-05-15 05:30:00,1353.95,1333.0,2024-05,1337.85,2189768
C:\Users\v-dhramaraj\Desktop\Python\Projects\Assignment2_StockAnalysis\Data-20250430T011355Z-1-001\Data\data\2024-05,ADANIPORTS,1345.05,2024-05-16 05:30:00,1366.75,1310.5,2024-05,1352.2,4822618
C:\Users\v-dhramaraj\Desktop\Python\Projects\Assignment2_StockAnalysis\Data-20250430T011355Z-1-001\Data\data\2024-05,ADANIPORTS,1335.7,2024-05-17 05:30:00,1343.3,1321.15,2024-05,1330.0,1945123
C:\Users\v-dhramaraj\Desktop\Python\Projects\Assignment2_StockAnalysis\Data-20250430T011355Z-1-001\Data\data\2024-05,ADANIPORTS,1340.2,2024-05-18 05:30:00,1345.2,1335.1,2024-05,1342.0,192526
C:\Users\v-dhramaraj\Desktop\Python\Projects\Assignment2_StockAnalysis\Data-20250430T011355Z-1-001\Data\data\2024-05,ADANIPORTS,1385.5,2024-05-21 05:30:00,1398.8,1333.0,2024-05,1344.0,4200578
C:\Users\v-dhramaraj\Desktop\Python\Projects\Assignment2_StockAnalysis\Data-20250430T011355Z-1-001\Data\data\2024-05,ADANIPORTS,1378.2,2024-05-22 05:30:00,1394.35,1364.2,2024-05,1394.35,1878562
C:\Users\v-dhramaraj\Desktop\Python\Projects\Assignment2_StockAnalysis\Data-20250430T011355Z-1-001\Data\data\2024-05,ADANIPORTS,1443.35,2024-05-23 05:30:00,1448.8,1369.9,2024-05,1384.0,7821034
C:\Users\v-dhramaraj\Desktop\Python\Projects\Assignment2_StockAnalysis\Data-20250430T011355Z-1-001\Data\data\2024-05,ADANIPORTS,1416.1,2024-05-24 05:30:00,1444.95,1382.15,2024-05,1435.0,19100263
C:\Users\v-dhramaraj\Desktop\Python\Projects\Assignment2_StockAnalysis\Data-20250430T011355Z-1-001\Data\data\2024-05,ADANIPORTS,1431.65,2024-05-27 05:30:00,1457.05,1423.6,2024-05,1445.0,5517078
C:\Users\v-dhramaraj\Desktop\Python\Projects\Assignment2_StockAnalysis\Data-20250430T011355Z-1-001\Data\data\2024-05,ADANIPORTS,1400.5,2024-05-28 05:30:00,1438.0,1398.0,2024-05,1438.0,4070886
C:\Users\v-dhramaraj\Desktop\Python\Projects\Assignment2_StockAnalysis\Data-20250430T011355Z-1-001\Data\data\2024-05,ADANIPORTS,1410.0,2024-05-29 05:30:00,1427.85,1382.9,2024-05,1406.0,3214475
C:\Users\v-dhramaraj\Desktop\Python\Projects\Assignment2_StockAnalysis\Data-20250430T011355Z-1-001\Data\data\2024-05,ADANIPORTS,1383.5,2024-05-30 05:30:00,1413.65,1373.65,2024-05,1410.0,3477661
C:\Users\v-dhramaraj\Desktop\Python\Projects\Assignment2_StockAnalysis\Data-20250430T011355Z-1-001\Data\data\2024-05,ADANIPORTS,1437.4,2024-05-31 05:30:00,1451.0,1391.0,2024-05,1391.0,8238969
C:\Users\v-dhramaraj\Desktop\Python\Projects\Assignment2_StockAnalysis\Data-20250430T011355Z-1-001\Data\data\2024-06,ADANIPORTS,1583.95,2024-06-03 05:30:00,1621.4,1535.0,2024-06,1549.0,23398347
C:\Users\v-dhramaraj\Desktop\Python\Projects\Assignment2_StockAnalysis\Data-20250430T011355Z-1-001\Data\data\2024-06,ADANIPORTS,1248.95,2024-06-04 05:30:00,1558.0,1188.0,2024-06,1558.0,52109624
C:\Users\v-dhramaraj\Desktop\Python\Projects\Assignment2_StockAnalysis\Data-20250430T011355Z-1-001\Data\data\2024-06,ADANIPORTS,1354.6,2024-06-05 05:30:00,1368.0,1160.6,2024-06,1281.0,20879925
C:\Users\v-dhramaraj\Desktop\Python\Projects\Assignment2_StockAnalysis\Data-20250430T011355Z-1-001\Data\data\2024-06,ADANIPORTS,1352.95,2024-06-06 05:30:00,1404.0,1344.8,2024-06,1384.0,12153840
C:\Users\v-dhramaraj\Desktop\Python\Projects\Assignment2_StockAnalysis\Data-20250430T011355Z-1-001\Data\data\2024-06,ADANIPORTS,1378.85,2024-06-07 05:30:00,1385.0,1355.05,2024-06,1357.7,5884018
C:\Users\v-dhramaraj\Desktop\Python\Projects\Assignment2_StockAnalysis\Data-20250430T011355Z-1-001\Data\data\2024-06,ADANIPORTS,1384.05,2024-06-10 05:30:00,1415.35,1381.25,2024-06,1404.0,4843234
C:\Users\v-dhramaraj\Desktop\Python\Projects\Assignment2_StockAnalysis\Data-20250430T011355Z-1-001\Data\data\2024-06,ADANIPORTS,1403.45,2024-06-11 05:30:00,1418.8,1384.05,2024-06,1391.0,4122878
C:\Users\v-dhramaraj\Desktop\Python\Projects\Assignment2_StockAnalysis\Data-20250430T011355Z-1-001\Data\data\2024-06,ADANIPORTS,1393.95,2024-06-12 05:30:00,1414.45,1390.6,2024-06,1411.75,3258265
C:\Users\v-dhramaraj\Desktop\Python\Projects\Assignment2_StockAnalysis\Data-20250430T011355Z-1-001\Data\data\2024-06,ADANIPORTS,1404.45,2024-06-13 05:30:00,1411.0,1388.05,2024-06,1403.6,2839159
C:\Users\v-dhramaraj\Desktop\Python\Projects\Assignment2_StockAnalysis\Data-20250430T011355Z-1-001\Data\data\2024-06,ADANIPORTS,1430.7,2024-06-14 05:30:00,1442.0,1395.45,2024-06,1409.0,5651491
C:\Users\v-dhramaraj\Desktop\Python\Projects\Assignment2_StockAnalysis\Data-20250430T011355Z-1-001\Data\data\2024-06,ADANIPORTS,1445.0,2024-06-18 05:30:00,1458.6,1434.05,2024-06,1447.0,5651898
C:\Users\v-dhramaraj\Desktop\Python\Projects\Assignment2_StockAnalysis\Data-20250430T011355Z-1-001\Data\data\2024-06,ADANIPORTS,1448.4,2024-06-19 05:30:00,1452.0,1420.45,2024-06,1446.0,4484742
C:\Users\v-dhramaraj\Desktop\Python\Projects\Assignment2_StockAnalysis\Data-20250430T011355Z-1-001\Data\data\2024-06,ADANIPORTS,1469.4,2024-06-20 05:30:00,1476.8,1444.1,2024-06,1459.3,4905603
C:\Users\v-dhramaraj\Desktop\Python\Projects\Assignment2_StockAnalysis\Data-20250430T011355Z-1-001\Data\data\2024-06,ADANIPORTS,1485.5,2024-06-21 05:30:00,1498.9,1470.0,2024-06,1479.95,25891893
C:\Users\v-dhramaraj\Desktop\Python\Projects\Assignment2_StockAnalysis\Data-20250430T011355Z-1-001\Data\data\2024-06,ADANIPORTS,1460.25,2024-06-24 05:30:00,1479.65,1450.2,2024-06,1474.85,3009931
C:\Users\v-dhramaraj\Desktop\Python\Projects\Assignment2_StockAnalysis\Data-20250430T011355Z-1-001\Data\data\2024-06,ADANIPORTS,1456.15,2024-06-25 05:30:00,1468.9,1437.0,2024-06,1466.15,3343186
C:\Users\v-dhramaraj\Desktop\Python\Projects\Assignment2_StockAnalysis\Data-20250430T011355Z-1-001\Data\data\2024-06,ADANIPORTS,1467.8,2024-06-26 05:30:00,1474.5,1451.05,2024-06,1458.9,3217949
C:\Users\v-dhramaraj\Desktop\Python\Projects\Assignment2_StockAnalysis\Data-20250430T011355Z-1-001\Data\data\2024-06,ADANIPORTS,1485.5,2024-06-27 05:30:00,1494.0,1459.0,2024-06,1475.6,7803408
C:\Users\v-dhramaraj\Desktop\Python\Projects\Assignment2_StockAnalysis\Data-20250430T011355Z-1-001\Data\data\2024-06,ADANIPORTS,1478.1,2024-06-28 05:30:00,1494.0,1445.0,2024-06,1480.0,11534763
C:\Users\v-dhramaraj\Desktop\Python\Projects\Assignment2_StockAnalysis\Data-20250430T011355Z-1-001\Data\data\2024-07,ADANIPORTS,1474.5,2024-07-01 05:30:00,1491.4,1471.6,2024-07,1483.0,3372730
C:\Users\v-dhramaraj\Desktop\Python\Projects\Assignment2_StockAnalysis\Data-20250430T011355Z-1-001\Data\data\2024-07,ADANIPORTS,1474.85,2024-07-02 05:30:00,1489.6,1455.05,2024-07,1479.5,5368562
C:\Users\v-dhramaraj\Desktop\Python\Projects\Assignment2_StockAnalysis\Data-20250430T011355Z-1-001\Data\data\2024-07,ADANIPORTS,1510.65,2024-07-03 05:30:00,1514.0,1470.8,2024-07,1479.8,4435563
C:\Users\v-dhramaraj\Desktop\Python\Projects\Assignment2_StockAnalysis\Data-20250430T011355Z-1-001\Data\data\2024-07,ADANIPORTS,1503.65,2024-07-04 05:30:00,1520.0,1494.35,2024-07,1514.65,2980840
C:\Users\v-dhramaraj\Desktop\Python\Projects\Assignment2_StockAnalysis\Data-20250430T011355Z-1-001\Data\data\2024-07,ADANIPORTS,1500.45,2024-07-05 05:30:00,1509.5,1493.9,2024-07,1508.0,2111633
C:\Users\v-dhramaraj\Desktop\Python\Projects\Assignment2_StockAnalysis\Data-20250430T011355Z-1-001\Data\data\2024-07,ADANIPORTS,1475.3,2024-07-08 05:30:00,1501.05,1469.0,2024-07,1496.0,2177821
C:\Users\v-dhramaraj\Desktop\Python\Projects\Assignment2_StockAnalysis\Data-20250430T011355Z-1-001\Data\data\2024-07,ADANIPORTS,1478.0,2024-07-09 05:30:00,1503.95,1475.0,2024-07,1480.0,2256634
C:\Users\v-dhramaraj\Desktop\Python\Projects\Assignment2_StockAnalysis\Data-20250430T011355Z-1-001\Data\data\2024-07,ADANIPORTS,1487.8,2024-07-10 05:30:00,1494.45,1460.0,2024-07,1492.0,2082079
C:\Users\v-dhramaraj\Desktop\Python\Projects\Assignment2_StockAnalysis\Data-20250430T011355Z-1-001\Data\data\2024-07,ADANIPORTS,1483.85,2024-07-11 05:30:00,1498.5,1477.9,2024-07,1495.0,1765496
C:\Users\v-dhramaraj\Desktop\Python\Projects\Assignment2_StockAnalysis\Data-20250430T011355Z-1-001\Data\data\2024-07,ADANIPORTS,1486.7,2024-07-12 05:30:00,1497.0,1481.15,2024-07,1490.0,2018935
C:\Users\v-dhramaraj\Desktop\Python\Projects\Assignment2_StockAnalysis\Data-20250430T011355Z-1-001\Data\data\2024-07,ADANIPORTS,1495.05,2024-07-15 05:30:00,1505.0,1485.3,2024-07,1494.0,1913095
C:\Users\v-dhramaraj\Desktop\Python\Projects\Assignment2_StockAnalysis\Data-20250430T011355Z-1-001\Data\data\2024-07,ADANIPORTS,1499.05,2024-07-16 05:30:00,1510.6,1493.25,2024-07,1496.0,2170314
C:\Users\v-dhramaraj\Desktop\Python\Projects\Assignment2_StockAnalysis\Data-20250430T011355Z-1-001\Data\data\2024-07,ADANIPORTS,1493.9,2024-07-18 05:30:00,1504.25,1472.2,2024-07,1490.0,3263419
C:\Users\v-dhramaraj\Desktop\Python\Projects\Assignment2_StockAnalysis\Data-20250430T011355Z-1-001\Data\data\2024-07,ADANIPORTS,1469.3,2024-07-19 05:30:00,1502.2,1465.5,2024-07,1492.55,2568243
C:\Users\v-dhramaraj\Desktop\Python\Projects\Assignment2_StockAnalysis\Data-20250430T011355Z-1-001\Data\data\2024-07,ADANIPORTS,1467.35,2024-07-22 05:30:00,1475.0,1442.55,2024-07,1470.0,1721261
C:\Users\v-dhramaraj\Desktop\Python\Projects\Assignment2_StockAnalysis\Data-20250430T011355Z-1-001\Data\data\2024-07,ADANIPORTS,1507.35,2024-07-23 05:30:00,1517.0,1419.0,2024-07,1468.0,5987213
C:\Users\v-dhramaraj\Desktop\Python\Projects\Assignment2_StockAnalysis\Data-20250430T011355Z-1-001\Data\data\2024-07,ADANIPORTS,1484.8,2024-07-24 05:30:00,1513.55,1480.0,2024-07,1508.0,2201442
C:\Users\v-dhramaraj\Desktop\Python\Projects\Assignment2_StockAnalysis\Data-20250430T011355Z-1-001\Data\data\2024-07,ADANIPORTS,1487.0,2024-07-25 05:30:00,1499.45,1466.85,2024-07,1471.0,2211808
C:\Users\v-dhramaraj\Desktop\Python\Projects\Assignment2_StockAnalysis\Data-20250430T011355Z-1-001\Data\data\2024-07,ADANIPORTS,1542.75,2024-07-26 05:30:00,1547.9,1490.0,2024-07,1495.9,4500728
C:\Users\v-dhramaraj\Desktop\Python\Projects\Assignment2_StockAnalysis\Data-20250430T011355Z-1-001\Data\data\2024-07,ADANIPORTS,1548.7,2024-07-29 05:30:00,1559.0,1540.0,2024-07,1547.9,1928637
C:\Users\v-dhramaraj\Desktop\Python\Projects\Assignment2_StockAnalysis\Data-20250430T011355Z-1-001\Data\data\2024-07,ADANIPORTS,1546.25,2024-07-30 05:30:00,1556.9,1536.0,2024-07,1554.6,2800881
C:\Users\v-dhramaraj\Desktop\Python\Projects\Assignment2_StockAnalysis\Data-20250430T011355Z-1-001\Data\data\2024-07,ADANIPORTS,1569.9,2024-07-31 05:30:00,1577.9,1547.0,2024-07,1557.0,2622023
C:\Users\v-dhramaraj\Desktop\Python\Projects\Assignment2_StockAnalysis\Data-20250430T011355Z-1-001\Data\data\2024-08,ADANIPORTS,1590.15,2024-08-01 05:30:00,1604.95,1568.5,2024-08,1580.95,7160588
C:\Users\v-dhramaraj\Desktop\Python\Projects\Assignment2_StockAnalysis\Data-20250430T011355Z-1-001\Data\data\2024-08,ADANIPORTS,1588.0,2024-08-02 05:30:00,1599.7,1550.2,2024-08,1579.95,4313297
C:\Users\v-dhramaraj\Desktop\Python\Projects\Assignment2_StockAnalysis\Data-20250430T011355Z-1-001\Data\data\2024-08,ADANIPORTS,1493.85,2024-08-05 05:30:00,1563.45,1471.55,2024-08,1540.0,7147230
C:\Users\v-dhramaraj\Desktop\Python\Projects\Assignment2_StockAnalysis\Data-20250430T011355Z-1-001\Data\data\2024-08,ADANIPORTS,1494.1,2024-08-06 05:30:00,1539.75,1488.1,2024-08,1524.9,3159971
C:\Users\v-dhramaraj\Desktop\Python\Projects\Assignment2_StockAnalysis\Data-20250430T011355Z-1-001\Data\data\2024-08,ADANIPORTS,1543.8,2024-08-07 05:30:00,1547.85,1514.2,2024-08,1520.0,2258441
C:\Users\v-dhramaraj\Desktop\Python\Projects\Assignment2_StockAnalysis\Data-20250430T011355Z-1-001\Data\data\2024-08,ADANIPORTS,1519.0,2024-08-08 05:30:00,1556.0,1513.8,2024-08,1538.0,2468123
C:\Users\v-dhramaraj\Desktop\Python\Projects\Assignment2_StockAnalysis\Data-20250430T011355Z-1-001\Data\data\2024-08,ADANIPORTS,1533.8,2024-08-09 05:30:00,1543.5,1519.0,2024-08,1541.5,1503033
C:\Users\v-dhramaraj\Desktop\Python\Projects\Assignment2_StockAnalysis\Data-20250430T011355Z-1-001\Data\data\2024-08,ADANIPORTS,1501.4,2024-08-12 05:30:00,1524.25,1457.35,2024-08,1500.0,9230512
C:\Users\v-dhramaraj\Desktop\Python\Projects\Assignment2_StockAnalysis\Data-20250430T011355Z-1-001\Data\data\2024-08,ADANIPORTS,1483.45,2024-08-13 05:30:00,1517.45,1479.5,2024-08,1505.85,2485446
C:\Users\v-dhramaraj\Desktop\Python\Projects\Assignment2_StockAnalysis\Data-20250430T011355Z-1-001\Data\data\2024-08,ADANIPORTS,1461.95,2024-08-14 05:30:00,1488.0,1452.0,2024-08,1488.0,2648057
C:\Users\v-dhramaraj\Desktop\Python\Projects\Assignment2_StockAnalysis\Data-20250430T011355Z-1-001\Data\data\2024-08,ADANIPORTS,1493.45,2024-08-16 05:30:00,1497.2,1457.05,2024-08,1471.2,1985315
C:\Users\v-dhramaraj\Desktop\Python\Projects\Assignment2_StockAnalysis\Data-20250430T011355Z-1-001\Data\data\2024-08,ADANIPORTS,1496.45,2024-08-19 05:30:00,1507.0,1490.0,2024-08,1500.95,1343387
C:\Users\v-dhramaraj\Desktop\Python\Projects\Assignment2_StockAnalysis\Data-20250430T011355Z-1-001\Data\data\2024-08,ADANIPORTS,1492.55,2024-08-20 05:30:00,1510.0,1486.3,2024-08,1504.95,990643
C:\Users\v-dhramaraj\Desktop\Python\Projects\Assignment2_StockAnalysis\Data-20250430T011355Z-1-001\Data\data\2024-08,ADANIPORTS,1503.5,2024-08-21 05:30:00,1517.0,1492.55,2024-08,1499.1,1551436
C:\Users\v-dhramaraj\Desktop\Python\Projects\Assignment2_StockAnalysis\Data-20250430T011355Z-1-001\Data\data\2024-08,ADANIPORTS,1492.3,2024-08-22 05:30:00,1509.5,1490.4,2024-08,1507.0,1442064
C:\Users\v-dhramaraj\Desktop\Python\Projects\Assignment2_StockAnalysis\Data-20250430T011355Z-1-001\Data\data\2024-08,ADANIPORTS,1491.3,2024-08-23 05:30:00,1503.0,1486.1,2024-08,1493.0,1181075
C:\Users\v-dhramaraj\Desktop\Python\Projects\Assignment2_StockAnalysis\Data-20250430T011355Z-1-001\Data\data\2024-08,ADANIPORTS,1482.55,2024-08-26 05:30:00,1497.0,1480.0,2024-08,1495.5,1087057
C:\Users\v-dhramaraj\Desktop\Python\Projects\Assignment2_StockAnalysis\Data-20250430T011355Z-1-001\Data\data\2024-08,ADANIPORTS,1478.35,2024-08-27 05:30:00,1496.9,1475.6,2024-08,1484.9,910064
C:\Users\v-dhramaraj\Desktop\Python\Projects\Assignment2_StockAnalysis\Data-20250430T011355Z-1-001\Data\data\2024-08,ADANIPORTS,1469.8,2024-08-28 05:30:00,1486.4,1467.0,2024-08,1479.4,1225101
C:\Users\v-dhramaraj\Desktop\Python\Projects\Assignment2_StockAnalysis\Data-20250430T011355Z-1-001\Data\data\2024-08,ADANIPORTS,1476.05,2024-08-29 05:30:00,1483.0,1452.6,2024-08,1472.05,3359850
C:\Users\v-dhramaraj\Desktop\Python\Projects\Assignment2_StockAnalysis\Data-20250430T011355Z-1-001\Data\data\2024-08,ADANIPORTS,1481.9,2024-08-30 05:30:00,1487.0,1466.0,2024-08,1480.95,1996592
C:\Users\v-dhramaraj\Desktop\Python\Projects\Assignment2_StockAnalysis\Data-20250430T011355Z-1-001\Data\data\2024-09,ADANIPORTS,1494.5,2024-09-02 05:30:00,1499.5,1478.8,2024-09,1490.0,2054244
C:\Users\v-dhramaraj\Desktop\Python\Projects\Assignment2_StockAnalysis\Data-20250430T011355Z-1-001\Data\data\2024-09,ADANIPORTS,1479.55,2024-09-03 05:30:00,1498.1,1476.6,2024-09,1494.5,882478
C:\Users\v-dhramaraj\Desktop\Python\Projects\Assignment2_StockAnalysis\Data-20250430T011355Z-1-001\Data\data\2024-09,ADANIPORTS,1472.1,2024-09-04 05:30:00,1475.15,1461.05,2024-09,1472.0,1122071
C:\Users\v-dhramaraj\Desktop\Python\Projects\Assignment2_StockAnalysis\Data-20250430T011355Z-1-001\Data\data\2024-09,ADANIPORTS,1465.55,2024-09-05 05:30:00,1476.8,1463.0,2024-09,1476.75,959956
C:\Users\v-dhramaraj\Desktop\Python\Projects\Assignment2_StockAnalysis\Data-20250430T011355Z-1-001\Data\data\2024-09,ADANIPORTS,1442.4,2024-09-06 05:30:00,1468.75,1427.55,2024-09,1465.6,3340767
C:\Users\v-dhramaraj\Desktop\Python\Projects\Assignment2_StockAnalysis\Data-20250430T011355Z-1-001\Data\data\2024-09,ADANIPORTS,1435.9,2024-09-09 05:30:00,1441.6,1411.0,2024-09,1431.0,1621371
C:\Users\v-dhramaraj\Desktop\Python\Projects\Assignment2_StockAnalysis\Data-20250430T011355Z-1-001\Data\data\2024-09,ADANIPORTS,1453.4,2024-09-10 05:30:00,1464.0,1435.0,2024-09,1439.0,1542798
C:\Users\v-dhramaraj\Desktop\Python\Projects\Assignment2_StockAnalysis\Data-20250430T011355Z-1-001\Data\data\2024-09,ADANIPORTS,1430.6,2024-09-11 05:30:00,1457.85,1425.1,2024-09,1454.95,1637596
C:\Users\v-dhramaraj\Desktop\Python\Projects\Assignment2_StockAnalysis\Data-20250430T011355Z-1-001\Data\data\2024-09,ADANIPORTS,1472.6,2024-09-12 05:30:00,1475.0,1440.2,2024-09,1444.0,4003674
C:\Users\v-dhramaraj\Desktop\Python\Projects\Assignment2_StockAnalysis\Data-20250430T011355Z-1-001\Data\data\2024-09,ADANIPORTS,1452.1,2024-09-13 05:30:00,1475.65,1450.0,2024-09,1472.95,1683544
C:\Users\v-dhramaraj\Desktop\Python\Projects\Assignment2_StockAnalysis\Data-20250430T011355Z-1-001\Data\data\2024-09,ADANIPORTS,1440.7,2024-09-16 05:30:00,1461.15,1438.8,2024-09,1455.1,1673805
C:\Users\v-dhramaraj\Desktop\Python\Projects\Assignment2_StockAnalysis\Data-20250430T011355Z-1-001\Data\data\2024-09,ADANIPORTS,1426.6,2024-09-17 05:30:00,1445.0,1420.1,2024-09,1442.8,1321316
C:\Users\v-dhramaraj\Desktop\Python\Projects\Assignment2_StockAnalysis\Data-20250430T011355Z-1-001\Data\data\2024-09,ADANIPORTS,1428.8,2024-09-18 05:30:00,1439.25,1415.05,2024-09,1430.0,1421406
C:\Users\v-dhramaraj\Desktop\Python\Projects\Assignment2_StockAnalysis\Data-20250430T011355Z-1-001\Data\data\2024-09,ADANIPORTS,1408.2,2024-09-19 05:30:00,1438.0,1394.45,2024-09,1433.0,2072872
C:\Users\v-dhramaraj\Desktop\Python\Projects\Assignment2_StockAnalysis\Data-20250430T011355Z-1-001\Data\data\2024-09,ADANIPORTS,1438.7,2024-09-20 05:30:00,1453.05,1409.2,2024-09,1418.95,4407151
C:\Users\v-dhramaraj\Desktop\Python\Projects\Assignment2_StockAnalysis\Data-20250430T011355Z-1-001\Data\data\2024-09,ADANIPORTS,1456.15,2024-09-23 05:30:00,1458.95,1443.85,2024-09,1448.0,1139915
C:\Users\v-dhramaraj\Desktop\Python\Projects\Assignment2_StockAnalysis\Data-20250430T011355Z-1-001\Data\data\2024-09,ADANIPORTS,1456.65,2024-09-24 05:30:00,1465.85,1447.0,2024-09,1456.15,1537307
C:\Users\v-dhramaraj\Desktop\Python\Projects\Assignment2_StockAnalysis\Data-20250430T011355Z-1-001\Data\data\2024-09,ADANIPORTS,1452.55,2024-09-25 05:30:00,1464.0,1438.2,2024-09,1459.0,1227806
C:\Users\v-dhramaraj\Desktop\Python\Projects\Assignment2_StockAnalysis\Data-20250430T011355Z-1-001\Data\data\2024-09,ADANIPORTS,1472.6,2024-09-26 05:30:00,1475.75,1448.0,2024-09,1456.85,2066994
C:\Users\v-dhramaraj\Desktop\Python\Projects\Assignment2_StockAnalysis\Data-20250430T011355Z-1-001\Data\data\2024-09,ADANIPORTS,1456.7,2024-09-27 05:30:00,1485.0,1452.45,2024-09,1485.0,2694100
C:\Users\v-dhramaraj\Desktop\Python\Projects\Assignment2_StockAnalysis\Data-20250430T011355Z-1-001\Data\data\2024-09,ADANIPORTS,1448.2,2024-09-30 05:30:00,1468.75,1444.0,2024-09,1456.7,2042408
C:\Users\v-dhramaraj\Desktop\Python\Projects\Assignment2_StockAnalysis\Data-20250430T011355Z-1-001\Data\data\2024-10,ADANIPORTS,1467.5,2024-10-01 05:30:00,1472.85,1448.0,2024-10,1448.2,1687795
C:\Users\v-dhramaraj\Desktop\Python\Projects\Assignment2_StockAnalysis\Data-20250430T011355Z-1-001\Data\data\2024-10,ADANIPORTS,1425.2,2024-10-03 05:30:00,1469.0,1414.2,2024-10,1452.75,3967953
C:\Users\v-dhramaraj\Desktop\Python\Projects\Assignment2_StockAnalysis\Data-20250430T011355Z-1-001\Data\data\2024-10,ADANIPORTS,1413.7,2024-10-04 05:30:00,1446.4,1404.2,2024-10,1424.8,2611371
C:\Users\v-dhramaraj\Desktop\Python\Projects\Assignment2_StockAnalysis\Data-20250430T011355Z-1-001\Data\data\2024-10,ADANIPORTS,1355.2,2024-10-07 05:30:00,1423.9,1337.0,2024-10,1410.0,4531821
C:\Users\v-dhramaraj\Desktop\Python\Projects\Assignment2_StockAnalysis\Data-20250430T011355Z-1-001\Data\data\2024-10,ADANIPORTS,1418.55,2024-10-08 05:30:00,1424.35,1342.0,2024-10,1342.0,3031170
C:\Users\v-dhramaraj\Desktop\Python\Projects\Assignment2_StockAnalysis\Data-20250430T011355Z-1-001\Data\data\2024-10,ADANIPORTS,1408.15,2024-10-09 05:30:00,1432.95,1404.35,2024-10,1424.75,1507508
C:\Users\v-dhramaraj\Desktop\Python\Projects\Assignment2_StockAnalysis\Data-20250430T011355Z-1-001\Data\data\2024-10,ADANIPORTS,1417.2,2024-10-10 05:30:00,1430.05,1406.85,2024-10,1417.0,1628495
C:\Users\v-dhramaraj\Desktop\Python\Projects\Assignment2_StockAnalysis\Data-20250430T011355Z-1-001\Data\data\2024-10,ADANIPORTS,1408.25,2024-10-11 05:30:00,1426.85,1405.2,2024-10,1415.2,1158809
C:\Users\v-dhramaraj\Desktop\Python\Projects\Assignment2_StockAnalysis\Data-20250430T011355Z-1-001\Data\data\2024-10,ADANIPORTS,1410.3,2024-10-14 05:30:00,1426.0,1407.15,2024-10,1418.0,762384
C:\Users\v-dhramaraj\Desktop\Python\Projects\Assignment2_StockAnalysis\Data-20250430T011355Z-1-001\Data\data\2024-10,ADANIPORTS,1420.3,2024-10-15 05:30:00,1424.7,1407.0,2024-10,1415.95,1018477
C:\Users\v-dhramaraj\Desktop\Python\Projects\Assignment2_StockAnalysis\Data-20250430T011355Z-1-001\Data\data\2024-10,ADANIPORTS,1403.8,2024-10-16 05:30:00,1418.4,1392.0,2024-10,1418.0,1450465
C:\Users\v-dhramaraj\Desktop\Python\Projects\Assignment2_StockAnalysis\Data-20250430T011355Z-1-001\Data\data\2024-10,ADANIPORTS,1394.7,2024-10-17 05:30:00,1408.0,1387.55,2024-10,1403.8,1418861
C:\Users\v-dhramaraj\Desktop\Python\Projects\Assignment2_StockAnalysis\Data-20250430T011355Z-1-001\Data\data\2024-10,ADANIPORTS,1405.6,2024-10-18 05:30:00,1410.55,1376.0,2024-10,1389.0,1290065
C:\Users\v-dhramaraj\Desktop\Python\Projects\Assignment2_StockAnalysis\Data-20250430T011355Z-1-001\Data\data\2024-10,ADANIPORTS,1375.5,2024-10-21 05:30:00,1412.9,1371.3,2024-10,1409.9,1644382
C:\Users\v-dhramaraj\Desktop\Python\Projects\Assignment2_StockAnalysis\Data-20250430T011355Z-1-001\Data\data\2024-10,ADANIPORTS,1362.85,2024-10-22 05:30:00,1387.1,1353.9,2024-10,1374.7,2467299
C:\Users\v-dhramaraj\Desktop\Python\Projects\Assignment2_StockAnalysis\Data-20250430T011355Z-1-001\Data\data\2024-10,ADANIPORTS,1340.45,2024-10-23 05:30:00,1370.8,1335.2,2024-10,1362.8,1916219
C:\Users\v-dhramaraj\Desktop\Python\Projects\Assignment2_StockAnalysis\Data-20250430T011355Z-1-001\Data\data\2024-10,ADANIPORTS,1354.4,2024-10-24 05:30:00,1359.0,1336.2,2024-10,1345.0,1115993
C:\Users\v-dhramaraj\Desktop\Python\Projects\Assignment2_StockAnalysis\Data-20250430T011355Z-1-001\Data\data\2024-10,ADANIPORTS,1318.7,2024-10-25 05:30:00,1368.0,1304.15,2024-10,1360.0,2078274
C:\Users\v-dhramaraj\Desktop\Python\Projects\Assignment2_StockAnalysis\Data-20250430T011355Z-1-001\Data\data\2024-10,ADANIPORTS,1352.2,2024-10-28 05:30:00,1364.1,1303.15,2024-10,1326.85,2126411
C:\Users\v-dhramaraj\Desktop\Python\Projects\Assignment2_StockAnalysis\Data-20250430T011355Z-1-001\Data\data\2024-10,ADANIPORTS,1372.7,2024-10-29 05:30:00,1377.45,1322.0,2024-10,1364.7,3790528
C:\Users\v-dhramaraj\Desktop\Python\Projects\Assignment2_StockAnalysis\Data-20250430T011355Z-1-001\Data\data\2024-10,ADANIPORTS,1396.2,2024-10-30 05:30:00,1414.9,1358.05,2024-10,1379.95,2526884
C:\Users\v-dhramaraj\Desktop\Python\Projects\Assignment2_StockAnalysis\Data-20250430T011355Z-1-001\Data\data\2024-10,ADANIPORTS,1375.95,2024-10-31 05:30:00,1408.0,1372.1,2024-10,1407.95,1891761
C:\Users\v-dhramaraj\Desktop\Python\Projects\Assignment2_StockAnalysis\Data-20250430T011355Z-1-001\Data\data\2024-11,ADANIPORTS,1394.4,2024-11-01 05:30:00,1397.95,1378.4,2024-11,1386.5,243881
C:\Users\v-dhramaraj\Desktop\Python\Projects\Assignment2_StockAnalysis\Data-20250430T011355Z-1-001\Data\data\2024-11,ADANIPORTS,1349.25,2024-11-04 05:30:00,1395.0,1336.0,2024-11,1394.2,1700308
C:\Users\v-dhramaraj\Desktop\Python\Projects\Assignment2_StockAnalysis\Data-20250430T011355Z-1-001\Data\data\2024-11,ADANIPORTS,1329.35,2024-11-05 05:30:00,1353.05,1295.9,2024-11,1350.0,4852958
C:\Users\v-dhramaraj\Desktop\Python\Projects\Assignment2_StockAnalysis\Data-20250430T011355Z-1-001\Data\data\2024-11,ADANIPORTS,1370.0,2024-11-06 05:30:00,1382.0,1315.2,2024-11,1330.0,3645515
C:\Users\v-dhramaraj\Desktop\Python\Projects\Assignment2_StockAnalysis\Data-20250430T011355Z-1-001\Data\data\2024-11,ADANIPORTS,1353.1,2024-11-07 05:30:00,1372.95,1350.0,2024-11,1372.95,1292794
C:\Users\v-dhramaraj\Desktop\Python\Projects\Assignment2_StockAnalysis\Data-20250430T011355Z-1-001\Data\data\2024-11,ADANIPORTS,1362.1,2024-11-08 05:30:00,1367.3,1338.6,2024-11,1353.1,1400491
C:\Users\v-dhramaraj\Desktop\Python\Projects\Assignment2_StockAnalysis\Data-20250430T011355Z-1-001\Data\data\2024-11,ADANIPORTS,1347.9,2024-11-11 05:30:00,1357.95,1339.05,2024-11,1355.1,1269498
C:\Users\v-dhramaraj\Desktop\Python\Projects\Assignment2_StockAnalysis\Data-20250430T011355Z-1-001\Data\data\2024-11,ADANIPORTS,1326.0,2024-11-12 05:30:00,1354.8,1320.0,2024-11,1348.05,1038042
C:\Users\v-dhramaraj\Desktop\Python\Projects\Assignment2_StockAnalysis\Data-20250430T011355Z-1-001\Data\data\2024-11,ADANIPORTS,1287.9,2024-11-13 05:30:00,1329.25,1284.85,2024-11,1322.0,1437072
C:\Users\v-dhramaraj\Desktop\Python\Projects\Assignment2_StockAnalysis\Data-20250430T011355Z-1-001\Data\data\2024-11,ADANIPORTS,1264.55,2024-11-14 05:30:00,1296.65,1260.65,2024-11,1289.95,2963013
C:\Users\v-dhramaraj\Desktop\Python\Projects\Assignment2_StockAnalysis\Data-20250430T011355Z-1-001\Data\data\2024-11,ADANIPORTS,1279.3,2024-11-18 05:30:00,1288.9,1261.3,2024-11,1264.0,1445637
C:\Users\v-dhramaraj\Desktop\Python\Projects\Assignment2_StockAnalysis\Data-20250430T011355Z-1-001\Data\data\2024-11,ADANIPORTS,1289.65,2024-11-19 05:30:00,1321.45,1282.0,2024-11,1285.0,2631778
C:\Users\v-dhramaraj\Desktop\Python\Projects\Assignment2_StockAnalysis\Data-20250430T011355Z-1-001\Data\data\2024-11,ADANIPORTS,1114.65,2024-11-21 05:30:00,1160.7,995.65,2024-11,1160.7,46926687
C:\Users\v-dhramaraj\Desktop\Python\Projects\Assignment2_StockAnalysis\Data-20250430T011355Z-1-001\Data\data\2024-11,ADANIPORTS,1136.75,2024-11-22 05:30:00,1155.9,1054.0,2024-11,1072.6,27086168
