Source Folder,Ticker,close,date,high,low,month,open,volume
C:\Users\v-dhramaraj\Desktop\Python\Projects\Assignment2_StockAnalysis\Data-20250430T011355Z-1-001\Data\data\2023-10,AXISBANK,1041.05,2023-10-03 05:30:00,1044.7,1032.6,2023-10,1035.0,11589322
C:\Users\v-dhramaraj\Desktop\Python\Projects\Assignment2_StockAnalysis\Data-20250430T011355Z-1-001\Data\data\2023-10,AXISBANK,995.55,2023-10-04 05:30:00,1037.0,988.85,2023-10,1035.35,22584212
C:\Users\v-dhramaraj\Desktop\Python\Projects\Assignment2_StockAnalysis\Data-20250430T011355Z-1-001\Data\data\2023-10,AXISBANK,1003.25,2023-10-05 05:30:00,1009.2,988.9,2023-10,1000.0,7950412
C:\Users\v-dhramaraj\Desktop\Python\Projects\Assignment2_StockAnalysis\Data-20250430T011355Z-1-001\Data\data\2023-10,AXISBANK,1000.95,2023-10-06 05:30:00,1008.0,999.4,2023-10,1005.0,5289753
C:\Users\v-dhramaraj\Desktop\Python\Projects\Assignment2_StockAnalysis\Data-20250430T011355Z-1-001\Data\data\2023-10,AXISBANK,996.25,2023-10-09 05:30:00,999.7,988.25,2023-10,994.8,6823214
C:\Users\v-dhramaraj\Desktop\Python\Projects\Assignment2_StockAnalysis\Data-20250430T011355Z-1-001\Data\data\2023-10,AXISBANK,1012.25,2023-10-10 05:30:00,1014.95,996.5,2023-10,999.9,5728499
C:\Users\v-dhramaraj\Desktop\Python\Projects\Assignment2_StockAnalysis\Data-20250430T011355Z-1-001\Data\data\2023-10,AXISBANK,1019.1,2023-10-11 05:30:00,1025.65,1012.0,2023-10,1019.0,7396783
C:\Users\v-dhramaraj\Desktop\Python\Projects\Assignment2_StockAnalysis\Data-20250430T011355Z-1-001\Data\data\2023-10,AXISBANK,1018.45,2023-10-12 05:30:00,1031.0,1014.95,2023-10,1022.0,4920222
C:\Users\v-dhramaraj\Desktop\Python\Projects\Assignment2_StockAnalysis\Data-20250430T011355Z-1-001\Data\data\2023-10,AXISBANK,994.05,2023-10-13 05:30:00,1011.45,992.25,2023-10,1009.0,12173162
C:\Users\v-dhramaraj\Desktop\Python\Projects\Assignment2_StockAnalysis\Data-20250430T011355Z-1-001\Data\data\2023-10,AXISBANK,1004.8,2023-10-16 05:30:00,1009.45,990.0,2023-10,990.0,4646960
C:\Users\v-dhramaraj\Desktop\Python\Projects\Assignment2_StockAnalysis\Data-20250430T011355Z-1-001\Data\data\2023-10,AXISBANK,1008.05,2023-10-17 05:30:00,1014.7,1003.1,2023-10,1008.85,6105067
C:\Users\v-dhramaraj\Desktop\Python\Projects\Assignment2_StockAnalysis\Data-20250430T011355Z-1-001\Data\data\2023-10,AXISBANK,992.85,2023-10-18 05:30:00,1014.1,989.35,2023-10,1010.0,7818946
C:\Users\v-dhramaraj\Desktop\Python\Projects\Assignment2_StockAnalysis\Data-20250430T011355Z-1-001\Data\data\2023-10,AXISBANK,991.4,2023-10-19 05:30:00,999.0,979.7,2023-10,979.7,4836625
C:\Users\v-dhramaraj\Desktop\Python\Projects\Assignment2_StockAnalysis\Data-20250430T011355Z-1-001\Data\data\2023-10,AXISBANK,980.35,2023-10-20 05:30:00,992.9,977.75,2023-10,989.0,5664400
C:\Users\v-dhramaraj\Desktop\Python\Projects\Assignment2_StockAnalysis\Data-20250430T011355Z-1-001\Data\data\2023-10,AXISBANK,964.3,2023-10-23 05:30:00,984.9,961.1,2023-10,980.0,5896695
C:\Users\v-dhramaraj\Desktop\Python\Projects\Assignment2_StockAnalysis\Data-20250430T011355Z-1-001\Data\data\2023-10,AXISBANK,955.45,2023-10-25 05:30:00,974.0,951.4,2023-10,960.0,6957048
C:\Users\v-dhramaraj\Desktop\Python\Projects\Assignment2_StockAnalysis\Data-20250430T011355Z-1-001\Data\data\2023-10,AXISBANK,972.05,2023-10-26 05:30:00,975.0,952.75,2023-10,956.0,17540495
C:\Users\v-dhramaraj\Desktop\Python\Projects\Assignment2_StockAnalysis\Data-20250430T011355Z-1-001\Data\data\2023-10,AXISBANK,1002.75,2023-10-27 05:30:00,1004.75,973.3,2023-10,980.0,13443016
C:\Users\v-dhramaraj\Desktop\Python\Projects\Assignment2_StockAnalysis\Data-20250430T011355Z-1-001\Data\data\2023-10,AXISBANK,989.2,2023-10-30 05:30:00,1002.75,979.2,2023-10,1002.75,5270567
C:\Users\v-dhramaraj\Desktop\Python\Projects\Assignment2_StockAnalysis\Data-20250430T011355Z-1-001\Data\data\2023-10,AXISBANK,981.85,2023-10-31 05:30:00,998.0,978.0,2023-10,998.0,7816805
C:\Users\v-dhramaraj\Desktop\Python\Projects\Assignment2_StockAnalysis\Data-20250430T011355Z-1-001\Data\data\2023-11,AXISBANK,971.8,2023-11-01 05:30:00,979.3,968.0,2023-11,977.85,5703984
C:\Users\v-dhramaraj\Desktop\Python\Projects\Assignment2_StockAnalysis\Data-20250430T011355Z-1-001\Data\data\2023-11,AXISBANK,982.95,2023-11-02 05:30:00,988.35,974.0,2023-11,978.0,5193982
C:\Users\v-dhramaraj\Desktop\Python\Projects\Assignment2_StockAnalysis\Data-20250430T011355Z-1-001\Data\data\2023-11,AXISBANK,988.85,2023-11-03 05:30:00,991.4,981.5,2023-11,986.0,4268048
C:\Users\v-dhramaraj\Desktop\Python\Projects\Assignment2_StockAnalysis\Data-20250430T011355Z-1-001\Data\data\2023-11,AXISBANK,1009.4,2023-11-06 05:30:00,1016.2,993.1,2023-11,995.0,6552178
C:\Users\v-dhramaraj\Desktop\Python\Projects\Assignment2_StockAnalysis\Data-20250430T011355Z-1-001\Data\data\2023-11,AXISBANK,1020.9,2023-11-07 05:30:00,1022.2,1005.25,2023-11,1008.0,6559859
C:\Users\v-dhramaraj\Desktop\Python\Projects\Assignment2_StockAnalysis\Data-20250430T011355Z-1-001\Data\data\2023-11,AXISBANK,1021.7,2023-11-08 05:30:00,1026.95,1015.6,2023-11,1024.0,7643314
C:\Users\v-dhramaraj\Desktop\Python\Projects\Assignment2_StockAnalysis\Data-20250430T011355Z-1-001\Data\data\2023-11,AXISBANK,1021.9,2023-11-09 05:30:00,1028.85,1016.65,2023-11,1024.75,4407935
C:\Users\v-dhramaraj\Desktop\Python\Projects\Assignment2_StockAnalysis\Data-20250430T011355Z-1-001\Data\data\2023-11,AXISBANK,1029.2,2023-11-10 05:30:00,1031.0,1016.65,2023-11,1017.9,3294063
C:\Users\v-dhramaraj\Desktop\Python\Projects\Assignment2_StockAnalysis\Data-20250430T011355Z-1-001\Data\data\2023-11,AXISBANK,1029.95,2023-11-12 05:30:00,1033.9,1026.25,2023-11,1033.9,461834
C:\Users\v-dhramaraj\Desktop\Python\Projects\Assignment2_StockAnalysis\Data-20250430T011355Z-1-001\Data\data\2023-11,AXISBANK,1025.35,2023-11-13 05:30:00,1031.85,1023.5,2023-11,1030.05,5985481
C:\Users\v-dhramaraj\Desktop\Python\Projects\Assignment2_StockAnalysis\Data-20250430T011355Z-1-001\Data\data\2023-11,AXISBANK,1041.35,2023-11-15 05:30:00,1045.0,1031.55,2023-11,1045.0,7240388
C:\Users\v-dhramaraj\Desktop\Python\Projects\Assignment2_StockAnalysis\Data-20250430T011355Z-1-001\Data\data\2023-11,AXISBANK,1026.35,2023-11-16 05:30:00,1044.0,1022.15,2023-11,1042.8,6908825
C:\Users\v-dhramaraj\Desktop\Python\Projects\Assignment2_StockAnalysis\Data-20250430T011355Z-1-001\Data\data\2023-11,AXISBANK,994.35,2023-11-17 05:30:00,1020.0,991.85,2023-11,1014.9,13268353
C:\Users\v-dhramaraj\Desktop\Python\Projects\Assignment2_StockAnalysis\Data-20250430T011355Z-1-001\Data\data\2023-11,AXISBANK,988.7,2023-11-20 05:30:00,994.75,980.35,2023-11,981.0,8215656
C:\Users\v-dhramaraj\Desktop\Python\Projects\Assignment2_StockAnalysis\Data-20250430T011355Z-1-001\Data\data\2023-11,AXISBANK,991.8,2023-11-21 05:30:00,997.5,986.65,2023-11,989.95,7061614
C:\Users\v-dhramaraj\Desktop\Python\Projects\Assignment2_StockAnalysis\Data-20250430T011355Z-1-001\Data\data\2023-11,AXISBANK,998.1,2023-11-22 05:30:00,999.9,988.0,2023-11,991.0,6103988
C:\Users\v-dhramaraj\Desktop\Python\Projects\Assignment2_StockAnalysis\Data-20250430T011355Z-1-001\Data\data\2023-11,AXISBANK,999.05,2023-11-23 05:30:00,1003.4,995.4,2023-11,999.0,3112891
C:\Users\v-dhramaraj\Desktop\Python\Projects\Assignment2_StockAnalysis\Data-20250430T011355Z-1-001\Data\data\2023-11,AXISBANK,1008.5,2023-11-24 05:30:00,1010.75,999.7,2023-11,1002.0,6956281
C:\Users\v-dhramaraj\Desktop\Python\Projects\Assignment2_StockAnalysis\Data-20250430T011355Z-1-001\Data\data\2023-11,AXISBANK,1021.15,2023-11-28 05:30:00,1021.95,1009.25,2023-11,1013.05,6173384
C:\Users\v-dhramaraj\Desktop\Python\Projects\Assignment2_StockAnalysis\Data-20250430T011355Z-1-001\Data\data\2023-11,AXISBANK,1060.15,2023-11-29 05:30:00,1063.5,1021.15,2023-11,1027.15,9422396
C:\Users\v-dhramaraj\Desktop\Python\Projects\Assignment2_StockAnalysis\Data-20250430T011355Z-1-001\Data\data\2023-11,AXISBANK,1074.25,2023-11-30 05:30:00,1080.9,1055.45,2023-11,1062.7,24755589
C:\Users\v-dhramaraj\Desktop\Python\Projects\Assignment2_StockAnalysis\Data-20250430T011355Z-1-001\Data\data\2023-12,AXISBANK,1104.65,2023-12-01 05:30:00,1109.0,1070.2,2023-12,1075.4,14428758
C:\Users\v-dhramaraj\Desktop\Python\Projects\Assignment2_StockAnalysis\Data-20250430T011355Z-1-001\Data\data\2023-12,AXISBANK,1125.6,2023-12-04 05:30:00,1129.0,1099.1,2023-12,1120.5,14043213
C:\Users\v-dhramaraj\Desktop\Python\Projects\Assignment2_StockAnalysis\Data-20250430T011355Z-1-001\Data\data\2023-12,AXISBANK,1132.45,2023-12-05 05:30:00,1151.85,1127.15,2023-12,1136.8,15804808
C:\Users\v-dhramaraj\Desktop\Python\Projects\Assignment2_StockAnalysis\Data-20250430T011355Z-1-001\Data\data\2023-12,AXISBANK,1120.5,2023-12-06 05:30:00,1145.7,1117.95,2023-12,1135.1,7342767
C:\Users\v-dhramaraj\Desktop\Python\Projects\Assignment2_StockAnalysis\Data-20250430T011355Z-1-001\Data\data\2023-12,AXISBANK,1117.85,2023-12-07 05:30:00,1129.6,1108.5,2023-12,1119.25,6439419
C:\Users\v-dhramaraj\Desktop\Python\Projects\Assignment2_StockAnalysis\Data-20250430T011355Z-1-001\Data\data\2023-12,AXISBANK,1131.2,2023-12-08 05:30:00,1134.35,1111.5,2023-12,1115.85,7300989
C:\Users\v-dhramaraj\Desktop\Python\Projects\Assignment2_StockAnalysis\Data-20250430T011355Z-1-001\Data\data\2023-12,AXISBANK,1116.5,2023-12-11 05:30:00,1139.4,1113.85,2023-12,1129.0,6924589
C:\Users\v-dhramaraj\Desktop\Python\Projects\Assignment2_StockAnalysis\Data-20250430T011355Z-1-001\Data\data\2023-12,AXISBANK,1131.0,2023-12-12 05:30:00,1133.9,1109.0,2023-12,1120.0,9044111
C:\Users\v-dhramaraj\Desktop\Python\Projects\Assignment2_StockAnalysis\Data-20250430T011355Z-1-001\Data\data\2023-12,AXISBANK,1114.85,2023-12-13 05:30:00,1151.0,1111.45,2023-12,1150.0,8184523
C:\Users\v-dhramaraj\Desktop\Python\Projects\Assignment2_StockAnalysis\Data-20250430T011355Z-1-001\Data\data\2023-12,AXISBANK,1120.45,2023-12-14 05:30:00,1138.6,1117.9,2023-12,1132.4,9421193
C:\Users\v-dhramaraj\Desktop\Python\Projects\Assignment2_StockAnalysis\Data-20250430T011355Z-1-001\Data\data\2023-12,AXISBANK,1120.35,2023-12-15 05:30:00,1127.85,1108.6,2023-12,1119.2,12048410
C:\Users\v-dhramaraj\Desktop\Python\Projects\Assignment2_StockAnalysis\Data-20250430T011355Z-1-001\Data\data\2023-12,AXISBANK,1111.35,2023-12-18 05:30:00,1120.0,1107.2,2023-12,1119.7,7922468
C:\Users\v-dhramaraj\Desktop\Python\Projects\Assignment2_StockAnalysis\Data-20250430T011355Z-1-001\Data\data\2023-12,AXISBANK,1120.25,2023-12-19 05:30:00,1126.85,1114.2,2023-12,1123.8,6824641
C:\Users\v-dhramaraj\Desktop\Python\Projects\Assignment2_StockAnalysis\Data-20250430T011355Z-1-001\Data\data\2023-12,AXISBANK,1110.25,2023-12-20 05:30:00,1123.85,1102.7,2023-12,1122.0,9848057
C:\Users\v-dhramaraj\Desktop\Python\Projects\Assignment2_StockAnalysis\Data-20250430T011355Z-1-001\Data\data\2023-12,AXISBANK,1095.4,2023-12-21 05:30:00,1103.9,1077.2,2023-12,1103.9,10914682
C:\Users\v-dhramaraj\Desktop\Python\Projects\Assignment2_StockAnalysis\Data-20250430T011355Z-1-001\Data\data\2023-12,AXISBANK,1088.3,2023-12-22 05:30:00,1106.3,1085.8,2023-12,1095.4,10600025
C:\Users\v-dhramaraj\Desktop\Python\Projects\Assignment2_StockAnalysis\Data-20250430T011355Z-1-001\Data\data\2023-12,AXISBANK,1094.25,2023-12-26 05:30:00,1100.65,1086.7,2023-12,1091.2,5687517
C:\Users\v-dhramaraj\Desktop\Python\Projects\Assignment2_StockAnalysis\Data-20250430T011355Z-1-001\Data\data\2023-12,AXISBANK,1106.35,2023-12-27 05:30:00,1110.55,1089.65,2023-12,1096.05,6132936
C:\Users\v-dhramaraj\Desktop\Python\Projects\Assignment2_StockAnalysis\Data-20250430T011355Z-1-001\Data\data\2023-12,AXISBANK,1107.85,2023-12-28 05:30:00,1113.0,1098.0,2023-12,1107.25,14097667
C:\Users\v-dhramaraj\Desktop\Python\Projects\Assignment2_StockAnalysis\Data-20250430T011355Z-1-001\Data\data\2023-12,AXISBANK,1102.3,2023-12-29 05:30:00,1106.85,1093.95,2023-12,1101.45,8786731
C:\Users\v-dhramaraj\Desktop\Python\Projects\Assignment2_StockAnalysis\Data-20250430T011355Z-1-001\Data\data\2024-01,AXISBANK,1097.7,2024-01-01 05:30:00,1104.0,1093.0,2024-01,1095.0,4083732
C:\Users\v-dhramaraj\Desktop\Python\Projects\Assignment2_StockAnalysis\Data-20250430T011355Z-1-001\Data\data\2024-01,AXISBANK,1093.25,2024-01-02 05:30:00,1099.35,1082.3,2024-01,1095.1,7895577
C:\Users\v-dhramaraj\Desktop\Python\Projects\Assignment2_StockAnalysis\Data-20250430T011355Z-1-001\Data\data\2024-01,AXISBANK,1098.6,2024-01-03 05:30:00,1102.6,1081.3,2024-01,1091.0,10225290
C:\Users\v-dhramaraj\Desktop\Python\Projects\Assignment2_StockAnalysis\Data-20250430T011355Z-1-001\Data\data\2024-01,AXISBANK,1123.4,2024-01-04 05:30:00,1130.0,1100.05,2024-01,1103.0,11411683
C:\Users\v-dhramaraj\Desktop\Python\Projects\Assignment2_StockAnalysis\Data-20250430T011355Z-1-001\Data\data\2024-01,AXISBANK,1136.95,2024-01-05 05:30:00,1139.9,1119.0,2024-01,1124.0,8025466
C:\Users\v-dhramaraj\Desktop\Python\Projects\Assignment2_StockAnalysis\Data-20250430T011355Z-1-001\Data\data\2024-01,AXISBANK,1122.0,2024-01-08 05:30:00,1146.0,1118.5,2024-01,1145.0,4735538
C:\Users\v-dhramaraj\Desktop\Python\Projects\Assignment2_StockAnalysis\Data-20250430T011355Z-1-001\Data\data\2024-01,AXISBANK,1116.55,2024-01-09 05:30:00,1135.55,1112.35,2024-01,1128.55,6359362
C:\Users\v-dhramaraj\Desktop\Python\Projects\Assignment2_StockAnalysis\Data-20250430T011355Z-1-001\Data\data\2024-01,AXISBANK,1107.0,2024-01-10 05:30:00,1116.0,1099.05,2024-01,1115.25,5934163
C:\Users\v-dhramaraj\Desktop\Python\Projects\Assignment2_StockAnalysis\Data-20250430T011355Z-1-001\Data\data\2024-01,AXISBANK,1125.75,2024-01-11 05:30:00,1127.9,1111.05,2024-01,1111.05,4683035
C:\Users\v-dhramaraj\Desktop\Python\Projects\Assignment2_StockAnalysis\Data-20250430T011355Z-1-001\Data\data\2024-01,AXISBANK,1120.35,2024-01-12 05:30:00,1129.45,1118.05,2024-01,1126.35,5616755
C:\Users\v-dhramaraj\Desktop\Python\Projects\Assignment2_StockAnalysis\Data-20250430T011355Z-1-001\Data\data\2024-01,AXISBANK,1119.5,2024-01-15 05:30:00,1130.45,1116.6,2024-01,1122.0,6719079
C:\Users\v-dhramaraj\Desktop\Python\Projects\Assignment2_StockAnalysis\Data-20250430T011355Z-1-001\Data\data\2024-01,AXISBANK,1119.1,2024-01-16 05:30:00,1127.8,1115.1,2024-01,1116.65,5229753
C:\Users\v-dhramaraj\Desktop\Python\Projects\Assignment2_StockAnalysis\Data-20250430T011355Z-1-001\Data\data\2024-01,AXISBANK,1082.3,2024-01-17 05:30:00,1115.0,1079.2,2024-01,1082.0,24913719
C:\Users\v-dhramaraj\Desktop\Python\Projects\Assignment2_StockAnalysis\Data-20250430T011355Z-1-001\Data\data\2024-01,AXISBANK,1097.5,2024-01-18 05:30:00,1108.75,1066.0,2024-01,1066.0,11473135
C:\Users\v-dhramaraj\Desktop\Python\Projects\Assignment2_StockAnalysis\Data-20250430T011355Z-1-001\Data\data\2024-01,AXISBANK,1116.55,2024-01-19 05:30:00,1126.3,1105.0,2024-01,1107.15,12303696
C:\Users\v-dhramaraj\Desktop\Python\Projects\Assignment2_StockAnalysis\Data-20250430T011355Z-1-001\Data\data\2024-01,AXISBANK,1121.0,2024-01-20 05:30:00,1126.45,1102.8,2024-01,1121.0,5055594
C:\Users\v-dhramaraj\Desktop\Python\Projects\Assignment2_StockAnalysis\Data-20250430T011355Z-1-001\Data\data\2024-01,AXISBANK,1089.25,2024-01-23 05:30:00,1141.6,1078.8,2024-01,1125.9,18924087
C:\Users\v-dhramaraj\Desktop\Python\Projects\Assignment2_StockAnalysis\Data-20250430T011355Z-1-001\Data\data\2024-01,AXISBANK,1059.15,2024-01-24 05:30:00,1073.2,1020.9,2024-01,1034.8,20884046
C:\Users\v-dhramaraj\Desktop\Python\Projects\Assignment2_StockAnalysis\Data-20250430T011355Z-1-001\Data\data\2024-01,AXISBANK,1042.25,2024-01-25 05:30:00,1063.7,1025.8,2024-01,1058.0,20835434
C:\Users\v-dhramaraj\Desktop\Python\Projects\Assignment2_StockAnalysis\Data-20250430T011355Z-1-001\Data\data\2024-01,AXISBANK,1061.25,2024-01-29 05:30:00,1068.0,1036.0,2024-01,1036.0,11188604
C:\Users\v-dhramaraj\Desktop\Python\Projects\Assignment2_StockAnalysis\Data-20250430T011355Z-1-001\Data\data\2024-01,AXISBANK,1054.1,2024-01-30 05:30:00,1070.45,1050.8,2024-01,1060.05,9426983
C:\Users\v-dhramaraj\Desktop\Python\Projects\Assignment2_StockAnalysis\Data-20250430T011355Z-1-001\Data\data\2024-01,AXISBANK,1067.75,2024-01-31 05:30:00,1084.1,1042.7,2024-01,1048.2,12600390
C:\Users\v-dhramaraj\Desktop\Python\Projects\Assignment2_StockAnalysis\Data-20250430T011355Z-1-001\Data\data\2024-02,AXISBANK,1084.25,2024-02-01 05:30:00,1087.65,1056.8,2024-02,1072.65,9756682
C:\Users\v-dhramaraj\Desktop\Python\Projects\Assignment2_StockAnalysis\Data-20250430T011355Z-1-001\Data\data\2024-02,AXISBANK,1067.05,2024-02-02 05:30:00,1096.2,1065.0,2024-02,1088.05,8667415
C:\Users\v-dhramaraj\Desktop\Python\Projects\Assignment2_StockAnalysis\Data-20250430T011355Z-1-001\Data\data\2024-02,AXISBANK,1061.5,2024-02-05 05:30:00,1079.5,1058.0,2024-02,1067.05,12569454
C:\Users\v-dhramaraj\Desktop\Python\Projects\Assignment2_StockAnalysis\Data-20250430T011355Z-1-001\Data\data\2024-02,AXISBANK,1050.05,2024-02-06 05:30:00,1065.1,1048.2,2024-02,1061.55,8011171
C:\Users\v-dhramaraj\Desktop\Python\Projects\Assignment2_StockAnalysis\Data-20250430T011355Z-1-001\Data\data\2024-02,AXISBANK,1069.1,2024-02-07 05:30:00,1073.7,1057.5,2024-02,1061.05,7281793
C:\Users\v-dhramaraj\Desktop\Python\Projects\Assignment2_StockAnalysis\Data-20250430T011355Z-1-001\Data\data\2024-02,AXISBANK,1035.9,2024-02-08 05:30:00,1075.6,1031.65,2024-02,1072.0,9869141
C:\Users\v-dhramaraj\Desktop\Python\Projects\Assignment2_StockAnalysis\Data-20250430T011355Z-1-001\Data\data\2024-02,AXISBANK,1051.4,2024-02-09 05:30:00,1054.9,1034.55,2024-02,1039.95,8233454
C:\Users\v-dhramaraj\Desktop\Python\Projects\Assignment2_StockAnalysis\Data-20250430T011355Z-1-001\Data\data\2024-02,AXISBANK,1046.7,2024-02-12 05:30:00,1057.25,1035.35,2024-02,1051.4,8694379
C:\Users\v-dhramaraj\Desktop\Python\Projects\Assignment2_StockAnalysis\Data-20250430T011355Z-1-001\Data\data\2024-02,AXISBANK,1070.75,2024-02-13 05:30:00,1075.55,1044.8,2024-02,1051.0,8413609
C:\Users\v-dhramaraj\Desktop\Python\Projects\Assignment2_StockAnalysis\Data-20250430T011355Z-1-001\Data\data\2024-02,AXISBANK,1096.85,2024-02-14 05:30:00,1100.9,1060.55,2024-02,1061.3,16609115
C:\Users\v-dhramaraj\Desktop\Python\Projects\Assignment2_StockAnalysis\Data-20250430T011355Z-1-001\Data\data\2024-02,AXISBANK,1072.2,2024-02-15 05:30:00,1097.55,1069.25,2024-02,1097.5,11780823
C:\Users\v-dhramaraj\Desktop\Python\Projects\Assignment2_StockAnalysis\Data-20250430T011355Z-1-001\Data\data\2024-02,AXISBANK,1068.75,2024-02-16 05:30:00,1076.0,1058.0,2024-02,1073.0,8660907
C:\Users\v-dhramaraj\Desktop\Python\Projects\Assignment2_StockAnalysis\Data-20250430T011355Z-1-001\Data\data\2024-02,AXISBANK,1062.95,2024-02-19 05:30:00,1070.0,1060.1,2024-02,1069.0,7562645
C:\Users\v-dhramaraj\Desktop\Python\Projects\Assignment2_StockAnalysis\Data-20250430T011355Z-1-001\Data\data\2024-02,AXISBANK,1088.6,2024-02-20 05:30:00,1090.5,1057.7,2024-02,1059.0,8722800
C:\Users\v-dhramaraj\Desktop\Python\Projects\Assignment2_StockAnalysis\Data-20250430T011355Z-1-001\Data\data\2024-02,AXISBANK,1084.2,2024-02-21 05:30:00,1093.95,1073.1,2024-02,1093.85,9177213
C:\Users\v-dhramaraj\Desktop\Python\Projects\Assignment2_StockAnalysis\Data-20250430T011355Z-1-001\Data\data\2024-02,AXISBANK,1100.9,2024-02-22 05:30:00,1110.7,1081.5,2024-02,1090.3,14633340
C:\Users\v-dhramaraj\Desktop\Python\Projects\Assignment2_StockAnalysis\Data-20250430T011355Z-1-001\Data\data\2024-02,AXISBANK,1096.8,2024-02-23 05:30:00,1107.4,1090.0,2024-02,1099.0,6250943
C:\Users\v-dhramaraj\Desktop\Python\Projects\Assignment2_StockAnalysis\Data-20250430T011355Z-1-001\Data\data\2024-02,AXISBANK,1085.2,2024-02-26 05:30:00,1094.8,1079.65,2024-02,1093.45,5354189
C:\Users\v-dhramaraj\Desktop\Python\Projects\Assignment2_StockAnalysis\Data-20250430T011355Z-1-001\Data\data\2024-02,AXISBANK,1079.05,2024-02-27 05:30:00,1088.55,1072.05,2024-02,1081.65,6546815
C:\Users\v-dhramaraj\Desktop\Python\Projects\Assignment2_StockAnalysis\Data-20250430T011355Z-1-001\Data\data\2024-02,AXISBANK,1074.2,2024-02-28 05:30:00,1085.0,1064.05,2024-02,1077.4,7643191
C:\Users\v-dhramaraj\Desktop\Python\Projects\Assignment2_StockAnalysis\Data-20250430T011355Z-1-001\Data\data\2024-02,AXISBANK,1075.1,2024-02-29 05:30:00,1082.3,1055.35,2024-02,1071.0,13648997
C:\Users\v-dhramaraj\Desktop\Python\Projects\Assignment2_StockAnalysis\Data-20250430T011355Z-1-001\Data\data\2024-03,AXISBANK,1099.25,2024-03-01 05:30:00,1101.7,1076.0,2024-03,1076.0,4819390
C:\Users\v-dhramaraj\Desktop\Python\Projects\Assignment2_StockAnalysis\Data-20250430T011355Z-1-001\Data\data\2024-03,AXISBANK,1096.7,2024-03-02 05:30:00,1104.9,1091.15,2024-03,1099.3,250465
C:\Users\v-dhramaraj\Desktop\Python\Projects\Assignment2_StockAnalysis\Data-20250430T011355Z-1-001\Data\data\2024-03,AXISBANK,1106.75,2024-03-04 05:30:00,1108.9,1093.1,2024-03,1099.25,5895441
C:\Users\v-dhramaraj\Desktop\Python\Projects\Assignment2_StockAnalysis\Data-20250430T011355Z-1-001\Data\data\2024-03,AXISBANK,1100.8,2024-03-05 05:30:00,1110.9,1094.5,2024-03,1102.2,4851446
C:\Users\v-dhramaraj\Desktop\Python\Projects\Assignment2_StockAnalysis\Data-20250430T011355Z-1-001\Data\data\2024-03,AXISBANK,1125.0,2024-03-06 05:30:00,1131.95,1095.35,2024-03,1100.2,13787638
C:\Users\v-dhramaraj\Desktop\Python\Projects\Assignment2_StockAnalysis\Data-20250430T011355Z-1-001\Data\data\2024-03,AXISBANK,1111.45,2024-03-07 05:30:00,1126.9,1107.55,2024-03,1126.0,6943879
C:\Users\v-dhramaraj\Desktop\Python\Projects\Assignment2_StockAnalysis\Data-20250430T011355Z-1-001\Data\data\2024-03,AXISBANK,1105.1,2024-03-11 05:30:00,1120.0,1101.9,2024-03,1112.25,6751641
C:\Users\v-dhramaraj\Desktop\Python\Projects\Assignment2_StockAnalysis\Data-20250430T011355Z-1-001\Data\data\2024-03,AXISBANK,1097.0,2024-03-12 05:30:00,1121.4,1084.25,2024-03,1105.0,9817138
C:\Users\v-dhramaraj\Desktop\Python\Projects\Assignment2_StockAnalysis\Data-20250430T011355Z-1-001\Data\data\2024-03,AXISBANK,1080.4,2024-03-13 05:30:00,1099.55,1070.75,2024-03,1096.0,11503890
C:\Users\v-dhramaraj\Desktop\Python\Projects\Assignment2_StockAnalysis\Data-20250430T011355Z-1-001\Data\data\2024-03,AXISBANK,1058.25,2024-03-14 05:30:00,1081.25,1055.6,2024-03,1075.0,10253613
C:\Users\v-dhramaraj\Desktop\Python\Projects\Assignment2_StockAnalysis\Data-20250430T011355Z-1-001\Data\data\2024-03,AXISBANK,1046.4,2024-03-15 05:30:00,1056.25,1030.25,2024-03,1056.25,17798175
C:\Users\v-dhramaraj\Desktop\Python\Projects\Assignment2_StockAnalysis\Data-20250430T011355Z-1-001\Data\data\2024-03,AXISBANK,1061.35,2024-03-18 05:30:00,1066.9,1043.6,2024-03,1044.0,7612407
C:\Users\v-dhramaraj\Desktop\Python\Projects\Assignment2_StockAnalysis\Data-20250430T011355Z-1-001\Data\data\2024-03,AXISBANK,1050.8,2024-03-19 05:30:00,1060.95,1046.7,2024-03,1055.55,6728886
C:\Users\v-dhramaraj\Desktop\Python\Projects\Assignment2_StockAnalysis\Data-20250430T011355Z-1-001\Data\data\2024-03,AXISBANK,1034.75,2024-03-20 05:30:00,1057.45,1030.95,2024-03,1050.0,12619644
C:\Users\v-dhramaraj\Desktop\Python\Projects\Assignment2_StockAnalysis\Data-20250430T011355Z-1-001\Data\data\2024-03,AXISBANK,1035.6,2024-03-21 05:30:00,1050.55,1028.15,2024-03,1039.35,9903738
C:\Users\v-dhramaraj\Desktop\Python\Projects\Assignment2_StockAnalysis\Data-20250430T011355Z-1-001\Data\data\2024-03,AXISBANK,1033.3,2024-03-22 05:30:00,1047.25,1029.95,2024-03,1040.1,9891194
C:\Users\v-dhramaraj\Desktop\Python\Projects\Assignment2_StockAnalysis\Data-20250430T011355Z-1-001\Data\data\2024-03,AXISBANK,1040.55,2024-03-26 05:30:00,1044.2,1027.5,2024-03,1029.0,9656767
C:\Users\v-dhramaraj\Desktop\Python\Projects\Assignment2_StockAnalysis\Data-20250430T011355Z-1-001\Data\data\2024-03,AXISBANK,1052.85,2024-03-27 05:30:00,1057.55,1044.25,2024-03,1045.8,17027308
C:\Users\v-dhramaraj\Desktop\Python\Projects\Assignment2_StockAnalysis\Data-20250430T011355Z-1-001\Data\data\2024-03,AXISBANK,1047.2,2024-03-28 05:30:00,1058.4,1044.1,2024-03,1052.85,10235318
C:\Users\v-dhramaraj\Desktop\Python\Projects\Assignment2_StockAnalysis\Data-20250430T011355Z-1-001\Data\data\2024-04,AXISBANK,1053.1,2024-04-01 05:30:00,1063.75,1048.9,2024-04,1052.35,5484556
C:\Users\v-dhramaraj\Desktop\Python\Projects\Assignment2_StockAnalysis\Data-20250430T011355Z-1-001\Data\data\2024-04,AXISBANK,1047.2,2024-04-02 05:30:00,1055.85,1040.2,2024-04,1051.0,13617893
C:\Users\v-dhramaraj\Desktop\Python\Projects\Assignment2_StockAnalysis\Data-20250430T011355Z-1-001\Data\data\2024-04,AXISBANK,1063.25,2024-04-03 05:30:00,1070.3,1043.75,2024-04,1043.8,11573590
C:\Users\v-dhramaraj\Desktop\Python\Projects\Assignment2_StockAnalysis\Data-20250430T011355Z-1-001\Data\data\2024-04,AXISBANK,1062.95,2024-04-04 05:30:00,1080.7,1059.15,2024-04,1070.0,17964844
C:\Users\v-dhramaraj\Desktop\Python\Projects\Assignment2_StockAnalysis\Data-20250430T011355Z-1-001\Data\data\2024-04,AXISBANK,1059.1,2024-04-05 05:30:00,1063.0,1048.1,2024-04,1061.1,9210187
C:\Users\v-dhramaraj\Desktop\Python\Projects\Assignment2_StockAnalysis\Data-20250430T011355Z-1-001\Data\data\2024-04,AXISBANK,1076.05,2024-04-08 05:30:00,1079.45,1063.55,2024-04,1067.0,4967186
C:\Users\v-dhramaraj\Desktop\Python\Projects\Assignment2_StockAnalysis\Data-20250430T011355Z-1-001\Data\data\2024-04,AXISBANK,1080.0,2024-04-09 05:30:00,1090.0,1071.35,2024-04,1090.0,11385226
C:\Users\v-dhramaraj\Desktop\Python\Projects\Assignment2_StockAnalysis\Data-20250430T011355Z-1-001\Data\data\2024-04,AXISBANK,1087.8,2024-04-10 05:30:00,1093.0,1080.0,2024-04,1086.2,9064074
C:\Users\v-dhramaraj\Desktop\Python\Projects\Assignment2_StockAnalysis\Data-20250430T011355Z-1-001\Data\data\2024-04,AXISBANK,1073.45,2024-04-12 05:30:00,1096.4,1071.1,2024-04,1079.5,18045983
C:\Users\v-dhramaraj\Desktop\Python\Projects\Assignment2_StockAnalysis\Data-20250430T011355Z-1-001\Data\data\2024-04,AXISBANK,1057.95,2024-04-15 05:30:00,1071.0,1055.25,2024-04,1063.1,8889435
C:\Users\v-dhramaraj\Desktop\Python\Projects\Assignment2_StockAnalysis\Data-20250430T011355Z-1-001\Data\data\2024-04,AXISBANK,1051.9,2024-04-16 05:30:00,1057.85,1044.35,2024-04,1049.95,7107881
C:\Users\v-dhramaraj\Desktop\Python\Projects\Assignment2_StockAnalysis\Data-20250430T011355Z-1-001\Data\data\2024-04,AXISBANK,1024.0,2024-04-18 05:30:00,1051.4,1013.85,2024-04,1044.15,17832438
C:\Users\v-dhramaraj\Desktop\Python\Projects\Assignment2_StockAnalysis\Data-20250430T011355Z-1-001\Data\data\2024-04,AXISBANK,1029.1,2024-04-19 05:30:00,1036.95,995.7,2024-04,1015.0,21598007
C:\Users\v-dhramaraj\Desktop\Python\Projects\Assignment2_StockAnalysis\Data-20250430T011355Z-1-001\Data\data\2024-04,AXISBANK,1053.95,2024-04-22 05:30:00,1058.5,1032.0,2024-04,1039.0,9410832
C:\Users\v-dhramaraj\Desktop\Python\Projects\Assignment2_StockAnalysis\Data-20250430T011355Z-1-001\Data\data\2024-04,AXISBANK,1055.75,2024-04-23 05:30:00,1060.25,1048.75,2024-04,1058.0,8300012
C:\Users\v-dhramaraj\Desktop\Python\Projects\Assignment2_StockAnalysis\Data-20250430T011355Z-1-001\Data\data\2024-04,AXISBANK,1063.25,2024-04-24 05:30:00,1068.95,1056.0,2024-04,1056.0,5641163
C:\Users\v-dhramaraj\Desktop\Python\Projects\Assignment2_StockAnalysis\Data-20250430T011355Z-1-001\Data\data\2024-04,AXISBANK,1127.0,2024-04-25 05:30:00,1133.95,1086.1,2024-04,1100.0,46136295
C:\Users\v-dhramaraj\Desktop\Python\Projects\Assignment2_StockAnalysis\Data-20250430T011355Z-1-001\Data\data\2024-04,AXISBANK,1130.3,2024-04-26 05:30:00,1141.35,1123.0,2024-04,1130.0,10133766
C:\Users\v-dhramaraj\Desktop\Python\Projects\Assignment2_StockAnalysis\Data-20250430T011355Z-1-001\Data\data\2024-04,AXISBANK,1159.25,2024-04-29 05:30:00,1164.0,1125.3,2024-04,1130.3,15183242
C:\Users\v-dhramaraj\Desktop\Python\Projects\Assignment2_StockAnalysis\Data-20250430T011355Z-1-001\Data\data\2024-04,AXISBANK,1165.9,2024-04-30 05:30:00,1182.9,1155.15,2024-04,1160.15,18965164
C:\Users\v-dhramaraj\Desktop\Python\Projects\Assignment2_StockAnalysis\Data-20250430T011355Z-1-001\Data\data\2024-05,AXISBANK,1149.85,2024-05-02 05:30:00,1174.0,1148.0,2024-05,1156.0,12302236
C:\Users\v-dhramaraj\Desktop\Python\Projects\Assignment2_StockAnalysis\Data-20250430T011355Z-1-001\Data\data\2024-05,AXISBANK,1141.5,2024-05-03 05:30:00,1163.25,1134.1,2024-05,1150.9,9993632
C:\Users\v-dhramaraj\Desktop\Python\Projects\Assignment2_StockAnalysis\Data-20250430T011355Z-1-001\Data\data\2024-05,AXISBANK,1143.65,2024-05-06 05:30:00,1156.0,1135.65,2024-05,1143.9,7490104
C:\Users\v-dhramaraj\Desktop\Python\Projects\Assignment2_StockAnalysis\Data-20250430T011355Z-1-001\Data\data\2024-05,AXISBANK,1127.7,2024-05-07 05:30:00,1148.8,1124.05,2024-05,1146.05,7115509
C:\Users\v-dhramaraj\Desktop\Python\Projects\Assignment2_StockAnalysis\Data-20250430T011355Z-1-001\Data\data\2024-05,AXISBANK,1128.65,2024-05-08 05:30:00,1135.45,1118.25,2024-05,1124.65,8175609
C:\Users\v-dhramaraj\Desktop\Python\Projects\Assignment2_StockAnalysis\Data-20250430T011355Z-1-001\Data\data\2024-05,AXISBANK,1115.65,2024-05-09 05:30:00,1134.55,1112.2,2024-05,1122.0,5226693
C:\Users\v-dhramaraj\Desktop\Python\Projects\Assignment2_StockAnalysis\Data-20250430T011355Z-1-001\Data\data\2024-05,AXISBANK,1120.1,2024-05-10 05:30:00,1140.0,1113.35,2024-05,1123.7,7242718
C:\Users\v-dhramaraj\Desktop\Python\Projects\Assignment2_StockAnalysis\Data-20250430T011355Z-1-001\Data\data\2024-05,AXISBANK,1132.0,2024-05-13 05:30:00,1135.4,1105.05,2024-05,1120.1,5513160
C:\Users\v-dhramaraj\Desktop\Python\Projects\Assignment2_StockAnalysis\Data-20250430T011355Z-1-001\Data\data\2024-05,AXISBANK,1122.85,2024-05-14 05:30:00,1136.1,1118.1,2024-05,1129.95,5471143
C:\Users\v-dhramaraj\Desktop\Python\Projects\Assignment2_StockAnalysis\Data-20250430T011355Z-1-001\Data\data\2024-05,AXISBANK,1128.05,2024-05-15 05:30:00,1131.2,1118.6,2024-05,1125.55,5436338
C:\Users\v-dhramaraj\Desktop\Python\Projects\Assignment2_StockAnalysis\Data-20250430T011355Z-1-001\Data\data\2024-05,AXISBANK,1139.3,2024-05-16 05:30:00,1143.95,1111.3,2024-05,1134.15,10750526
C:\Users\v-dhramaraj\Desktop\Python\Projects\Assignment2_StockAnalysis\Data-20250430T011355Z-1-001\Data\data\2024-05,AXISBANK,1141.35,2024-05-17 05:30:00,1146.0,1126.1,2024-05,1132.0,9909986
C:\Users\v-dhramaraj\Desktop\Python\Projects\Assignment2_StockAnalysis\Data-20250430T011355Z-1-001\Data\data\2024-05,AXISBANK,1143.75,2024-05-18 05:30:00,1145.0,1137.0,2024-05,1142.0,169757
C:\Users\v-dhramaraj\Desktop\Python\Projects\Assignment2_StockAnalysis\Data-20250430T011355Z-1-001\Data\data\2024-05,AXISBANK,1137.65,2024-05-21 05:30:00,1145.75,1129.2,2024-05,1136.0,8162017
C:\Users\v-dhramaraj\Desktop\Python\Projects\Assignment2_StockAnalysis\Data-20250430T011355Z-1-001\Data\data\2024-05,AXISBANK,1126.0,2024-05-22 05:30:00,1142.0,1117.95,2024-05,1142.0,9094033
C:\Users\v-dhramaraj\Desktop\Python\Projects\Assignment2_StockAnalysis\Data-20250430T011355Z-1-001\Data\data\2024-05,AXISBANK,1165.25,2024-05-23 05:30:00,1169.65,1125.75,2024-05,1126.0,12818081
C:\Users\v-dhramaraj\Desktop\Python\Projects\Assignment2_StockAnalysis\Data-20250430T011355Z-1-001\Data\data\2024-05,AXISBANK,1174.0,2024-05-24 05:30:00,1177.0,1160.6,2024-05,1165.5,8814997
C:\Users\v-dhramaraj\Desktop\Python\Projects\Assignment2_StockAnalysis\Data-20250430T011355Z-1-001\Data\data\2024-05,AXISBANK,1187.0,2024-05-27 05:30:00,1196.0,1168.0,2024-05,1178.9,10450046
C:\Users\v-dhramaraj\Desktop\Python\Projects\Assignment2_StockAnalysis\Data-20250430T011355Z-1-001\Data\data\2024-05,AXISBANK,1183.4,2024-05-28 05:30:00,1192.4,1179.0,2024-05,1188.0,4018776
C:\Users\v-dhramaraj\Desktop\Python\Projects\Assignment2_StockAnalysis\Data-20250430T011355Z-1-001\Data\data\2024-05,AXISBANK,1159.75,2024-05-29 05:30:00,1185.9,1156.0,2024-05,1172.0,9418064
C:\Users\v-dhramaraj\Desktop\Python\Projects\Assignment2_StockAnalysis\Data-20250430T011355Z-1-001\Data\data\2024-05,AXISBANK,1167.95,2024-05-30 05:30:00,1179.8,1155.0,2024-05,1155.2,7232217
C:\Users\v-dhramaraj\Desktop\Python\Projects\Assignment2_StockAnalysis\Data-20250430T011355Z-1-001\Data\data\2024-05,AXISBANK,1162.15,2024-05-31 05:30:00,1178.0,1153.4,2024-05,1173.0,10057642
C:\Users\v-dhramaraj\Desktop\Python\Projects\Assignment2_StockAnalysis\Data-20250430T011355Z-1-001\Data\data\2024-06,AXISBANK,1223.9,2024-06-03 05:30:00,1242.2,1193.4,2024-06,1197.05,22197339
C:\Users\v-dhramaraj\Desktop\Python\Projects\Assignment2_StockAnalysis\Data-20250430T011355Z-1-001\Data\data\2024-06,AXISBANK,1131.25,2024-06-04 05:30:00,1224.0,1101.55,2024-06,1224.0,24135989
C:\Users\v-dhramaraj\Desktop\Python\Projects\Assignment2_StockAnalysis\Data-20250430T011355Z-1-001\Data\data\2024-06,AXISBANK,1184.5,2024-06-05 05:30:00,1193.0,1110.7,2024-06,1138.0,21039499
C:\Users\v-dhramaraj\Desktop\Python\Projects\Assignment2_StockAnalysis\Data-20250430T011355Z-1-001\Data\data\2024-06,AXISBANK,1170.95,2024-06-06 05:30:00,1195.9,1163.25,2024-06,1192.1,12006879
C:\Users\v-dhramaraj\Desktop\Python\Projects\Assignment2_StockAnalysis\Data-20250430T011355Z-1-001\Data\data\2024-06,AXISBANK,1186.8,2024-06-07 05:30:00,1195.2,1166.75,2024-06,1178.0,8583998
C:\Users\v-dhramaraj\Desktop\Python\Projects\Assignment2_StockAnalysis\Data-20250430T011355Z-1-001\Data\data\2024-06,AXISBANK,1200.0,2024-06-10 05:30:00,1212.4,1185.0,2024-06,1185.0,9995057
C:\Users\v-dhramaraj\Desktop\Python\Projects\Assignment2_StockAnalysis\Data-20250430T011355Z-1-001\Data\data\2024-06,AXISBANK,1194.6,2024-06-11 05:30:00,1209.35,1190.45,2024-06,1204.45,9390212
C:\Users\v-dhramaraj\Desktop\Python\Projects\Assignment2_StockAnalysis\Data-20250430T011355Z-1-001\Data\data\2024-06,AXISBANK,1187.9,2024-06-12 05:30:00,1206.15,1184.1,2024-06,1192.1,7199718
C:\Users\v-dhramaraj\Desktop\Python\Projects\Assignment2_StockAnalysis\Data-20250430T011355Z-1-001\Data\data\2024-06,AXISBANK,1174.65,2024-06-13 05:30:00,1202.0,1173.45,2024-06,1201.8,5321148
C:\Users\v-dhramaraj\Desktop\Python\Projects\Assignment2_StockAnalysis\Data-20250430T011355Z-1-001\Data\data\2024-06,AXISBANK,1181.05,2024-06-14 05:30:00,1184.65,1170.0,2024-06,1180.95,4451031
C:\Users\v-dhramaraj\Desktop\Python\Projects\Assignment2_StockAnalysis\Data-20250430T011355Z-1-001\Data\data\2024-06,AXISBANK,1191.9,2024-06-18 05:30:00,1194.0,1181.15,2024-06,1194.0,6837181
C:\Users\v-dhramaraj\Desktop\Python\Projects\Assignment2_StockAnalysis\Data-20250430T011355Z-1-001\Data\data\2024-06,AXISBANK,1226.65,2024-06-19 05:30:00,1243.35,1185.5,2024-06,1193.0,17987437
C:\Users\v-dhramaraj\Desktop\Python\Projects\Assignment2_StockAnalysis\Data-20250430T011355Z-1-001\Data\data\2024-06,AXISBANK,1239.5,2024-06-20 05:30:00,1241.5,1220.4,2024-06,1230.1,8206858
C:\Users\v-dhramaraj\Desktop\Python\Projects\Assignment2_StockAnalysis\Data-20250430T011355Z-1-001\Data\data\2024-06,AXISBANK,1237.45,2024-06-21 05:30:00,1246.0,1223.75,2024-06,1246.0,29311314
C:\Users\v-dhramaraj\Desktop\Python\Projects\Assignment2_StockAnalysis\Data-20250430T011355Z-1-001\Data\data\2024-06,AXISBANK,1228.1,2024-06-24 05:30:00,1235.75,1225.05,2024-06,1231.0,6676530
C:\Users\v-dhramaraj\Desktop\Python\Projects\Assignment2_StockAnalysis\Data-20250430T011355Z-1-001\Data\data\2024-06,AXISBANK,1271.45,2024-06-25 05:30:00,1278.75,1226.0,2024-06,1234.45,17607952
C:\Users\v-dhramaraj\Desktop\Python\Projects\Assignment2_StockAnalysis\Data-20250430T011355Z-1-001\Data\data\2024-06,AXISBANK,1285.4,2024-06-26 05:30:00,1292.95,1259.2,2024-06,1281.1,13956370
C:\Users\v-dhramaraj\Desktop\Python\Projects\Assignment2_StockAnalysis\Data-20250430T011355Z-1-001\Data\data\2024-06,AXISBANK,1288.95,2024-06-27 05:30:00,1310.0,1280.0,2024-06,1310.0,22311393
C:\Users\v-dhramaraj\Desktop\Python\Projects\Assignment2_StockAnalysis\Data-20250430T011355Z-1-001\Data\data\2024-06,AXISBANK,1265.25,2024-06-28 05:30:00,1289.9,1261.6,2024-06,1283.1,7167069
C:\Users\v-dhramaraj\Desktop\Python\Projects\Assignment2_StockAnalysis\Data-20250430T011355Z-1-001\Data\data\2024-07,AXISBANK,1261.9,2024-07-01 05:30:00,1273.0,1256.45,2024-07,1273.0,5797015
C:\Users\v-dhramaraj\Desktop\Python\Projects\Assignment2_StockAnalysis\Data-20250430T011355Z-1-001\Data\data\2024-07,AXISBANK,1253.4,2024-07-02 05:30:00,1267.85,1238.25,2024-07,1265.0,9945447
C:\Users\v-dhramaraj\Desktop\Python\Projects\Assignment2_StockAnalysis\Data-20250430T011355Z-1-001\Data\data\2024-07,AXISBANK,1280.0,2024-07-03 05:30:00,1288.6,1243.6,2024-07,1260.0,15171347
C:\Users\v-dhramaraj\Desktop\Python\Projects\Assignment2_StockAnalysis\Data-20250430T011355Z-1-001\Data\data\2024-07,AXISBANK,1280.9,2024-07-04 05:30:00,1293.0,1268.5,2024-07,1288.0,4817380
C:\Users\v-dhramaraj\Desktop\Python\Projects\Assignment2_StockAnalysis\Data-20250430T011355Z-1-001\Data\data\2024-07,AXISBANK,1287.05,2024-07-05 05:30:00,1295.4,1270.9,2024-07,1272.0,8593502
C:\Users\v-dhramaraj\Desktop\Python\Projects\Assignment2_StockAnalysis\Data-20250430T011355Z-1-001\Data\data\2024-07,AXISBANK,1287.85,2024-07-08 05:30:00,1297.4,1279.6,2024-07,1285.0,4216951
C:\Users\v-dhramaraj\Desktop\Python\Projects\Assignment2_StockAnalysis\Data-20250430T011355Z-1-001\Data\data\2024-07,AXISBANK,1289.4,2024-07-09 05:30:00,1295.0,1279.2,2024-07,1284.0,6930340
C:\Users\v-dhramaraj\Desktop\Python\Projects\Assignment2_StockAnalysis\Data-20250430T011355Z-1-001\Data\data\2024-07,AXISBANK,1291.65,2024-07-10 05:30:00,1294.0,1275.15,2024-07,1284.2,9020489
C:\Users\v-dhramaraj\Desktop\Python\Projects\Assignment2_StockAnalysis\Data-20250430T011355Z-1-001\Data\data\2024-07,AXISBANK,1296.75,2024-07-11 05:30:00,1301.4,1276.95,2024-07,1301.05,7848846
C:\Users\v-dhramaraj\Desktop\Python\Projects\Assignment2_StockAnalysis\Data-20250430T011355Z-1-001\Data\data\2024-07,AXISBANK,1317.3,2024-07-12 05:30:00,1339.65,1293.9,2024-07,1293.9,11278987
C:\Users\v-dhramaraj\Desktop\Python\Projects\Assignment2_StockAnalysis\Data-20250430T011355Z-1-001\Data\data\2024-07,AXISBANK,1307.45,2024-07-15 05:30:00,1324.4,1305.0,2024-07,1316.7,11537127
C:\Users\v-dhramaraj\Desktop\Python\Projects\Assignment2_StockAnalysis\Data-20250430T011355Z-1-001\Data\data\2024-07,AXISBANK,1304.0,2024-07-16 05:30:00,1318.45,1299.7,2024-07,1307.45,5433264
C:\Users\v-dhramaraj\Desktop\Python\Projects\Assignment2_StockAnalysis\Data-20250430T011355Z-1-001\Data\data\2024-07,AXISBANK,1309.4,2024-07-18 05:30:00,1318.6,1294.5,2024-07,1300.0,6787511
C:\Users\v-dhramaraj\Desktop\Python\Projects\Assignment2_StockAnalysis\Data-20250430T011355Z-1-001\Data\data\2024-07,AXISBANK,1292.35,2024-07-19 05:30:00,1309.0,1288.2,2024-07,1305.65,4496066
C:\Users\v-dhramaraj\Desktop\Python\Projects\Assignment2_StockAnalysis\Data-20250430T011355Z-1-001\Data\data\2024-07,AXISBANK,1282.5,2024-07-22 05:30:00,1292.35,1278.2,2024-07,1283.35,6695557
C:\Users\v-dhramaraj\Desktop\Python\Projects\Assignment2_StockAnalysis\Data-20250430T011355Z-1-001\Data\data\2024-07,AXISBANK,1263.25,2024-07-23 05:30:00,1291.1,1251.0,2024-07,1288.5,8789327
C:\Users\v-dhramaraj\Desktop\Python\Projects\Assignment2_StockAnalysis\Data-20250430T011355Z-1-001\Data\data\2024-07,AXISBANK,1239.25,2024-07-24 05:30:00,1267.35,1226.65,2024-07,1262.9,10344860
C:\Users\v-dhramaraj\Desktop\Python\Projects\Assignment2_StockAnalysis\Data-20250430T011355Z-1-001\Data\data\2024-07,AXISBANK,1175.9,2024-07-25 05:30:00,1200.0,1155.5,2024-07,1200.0,32979871
C:\Users\v-dhramaraj\Desktop\Python\Projects\Assignment2_StockAnalysis\Data-20250430T011355Z-1-001\Data\data\2024-07,AXISBANK,1177.35,2024-07-26 05:30:00,1183.15,1155.25,2024-07,1165.0,18554648
C:\Users\v-dhramaraj\Desktop\Python\Projects\Assignment2_StockAnalysis\Data-20250430T011355Z-1-001\Data\data\2024-07,AXISBANK,1170.05,2024-07-29 05:30:00,1194.6,1163.65,2024-07,1182.35,19598573
C:\Users\v-dhramaraj\Desktop\Python\Projects\Assignment2_StockAnalysis\Data-20250430T011355Z-1-001\Data\data\2024-07,AXISBANK,1170.0,2024-07-30 05:30:00,1180.0,1160.2,2024-07,1164.1,18090045
C:\Users\v-dhramaraj\Desktop\Python\Projects\Assignment2_StockAnalysis\Data-20250430T011355Z-1-001\Data\data\2024-07,AXISBANK,1166.1,2024-07-31 05:30:00,1171.0,1154.0,2024-07,1157.0,17347076
C:\Users\v-dhramaraj\Desktop\Python\Projects\Assignment2_StockAnalysis\Data-20250430T011355Z-1-001\Data\data\2024-08,AXISBANK,1172.3,2024-08-01 05:30:00,1175.65,1165.45,2024-08,1168.0,11190500
C:\Users\v-dhramaraj\Desktop\Python\Projects\Assignment2_StockAnalysis\Data-20250430T011355Z-1-001\Data\data\2024-08,AXISBANK,1160.85,2024-08-02 05:30:00,1167.8,1156.1,2024-08,1164.0,10581445
C:\Users\v-dhramaraj\Desktop\Python\Projects\Assignment2_StockAnalysis\Data-20250430T011355Z-1-001\Data\data\2024-08,AXISBANK,1133.5,2024-08-05 05:30:00,1151.45,1124.3,2024-08,1142.0,12013362
C:\Users\v-dhramaraj\Desktop\Python\Projects\Assignment2_StockAnalysis\Data-20250430T011355Z-1-001\Data\data\2024-08,AXISBANK,1126.1,2024-08-06 05:30:00,1151.0,1123.1,2024-08,1140.0,8571122
C:\Users\v-dhramaraj\Desktop\Python\Projects\Assignment2_StockAnalysis\Data-20250430T011355Z-1-001\Data\data\2024-08,AXISBANK,1136.8,2024-08-07 05:30:00,1144.8,1127.0,2024-08,1138.8,8370312
C:\Users\v-dhramaraj\Desktop\Python\Projects\Assignment2_StockAnalysis\Data-20250430T011355Z-1-001\Data\data\2024-08,AXISBANK,1138.15,2024-08-08 05:30:00,1142.8,1126.0,2024-08,1133.1,7903428
C:\Users\v-dhramaraj\Desktop\Python\Projects\Assignment2_StockAnalysis\Data-20250430T011355Z-1-001\Data\data\2024-08,AXISBANK,1142.75,2024-08-09 05:30:00,1155.7,1139.95,2024-08,1152.0,6262086
C:\Users\v-dhramaraj\Desktop\Python\Projects\Assignment2_StockAnalysis\Data-20250430T011355Z-1-001\Data\data\2024-08,AXISBANK,1164.3,2024-08-12 05:30:00,1169.1,1135.85,2024-08,1146.0,9078384
C:\Users\v-dhramaraj\Desktop\Python\Projects\Assignment2_StockAnalysis\Data-20250430T011355Z-1-001\Data\data\2024-08,AXISBANK,1159.6,2024-08-13 05:30:00,1179.6,1155.4,2024-08,1161.35,6180463
C:\Users\v-dhramaraj\Desktop\Python\Projects\Assignment2_StockAnalysis\Data-20250430T011355Z-1-001\Data\data\2024-08,AXISBANK,1153.1,2024-08-14 05:30:00,1159.0,1148.65,2024-08,1159.0,5021841
C:\Users\v-dhramaraj\Desktop\Python\Projects\Assignment2_StockAnalysis\Data-20250430T011355Z-1-001\Data\data\2024-08,AXISBANK,1166.85,2024-08-16 05:30:00,1170.0,1149.6,2024-08,1166.4,6107134
C:\Users\v-dhramaraj\Desktop\Python\Projects\Assignment2_StockAnalysis\Data-20250430T011355Z-1-001\Data\data\2024-08,AXISBANK,1153.25,2024-08-19 05:30:00,1171.3,1150.2,2024-08,1169.0,6691823
C:\Users\v-dhramaraj\Desktop\Python\Projects\Assignment2_StockAnalysis\Data-20250430T011355Z-1-001\Data\data\2024-08,AXISBANK,1168.0,2024-08-20 05:30:00,1177.0,1154.65,2024-08,1158.0,6721749
C:\Users\v-dhramaraj\Desktop\Python\Projects\Assignment2_StockAnalysis\Data-20250430T011355Z-1-001\Data\data\2024-08,AXISBANK,1174.4,2024-08-21 05:30:00,1178.0,1161.5,2024-08,1166.6,9480630
C:\Users\v-dhramaraj\Desktop\Python\Projects\Assignment2_StockAnalysis\Data-20250430T011355Z-1-001\Data\data\2024-08,AXISBANK,1169.95,2024-08-22 05:30:00,1181.0,1168.95,2024-08,1179.7,5841326
C:\Users\v-dhramaraj\Desktop\Python\Projects\Assignment2_StockAnalysis\Data-20250430T011355Z-1-001\Data\data\2024-08,AXISBANK,1165.95,2024-08-23 05:30:00,1173.95,1163.5,2024-08,1170.0,5121962
C:\Users\v-dhramaraj\Desktop\Python\Projects\Assignment2_StockAnalysis\Data-20250430T011355Z-1-001\Data\data\2024-08,AXISBANK,1170.3,2024-08-26 05:30:00,1175.25,1166.1,2024-08,1171.7,3392612
C:\Users\v-dhramaraj\Desktop\Python\Projects\Assignment2_StockAnalysis\Data-20250430T011355Z-1-001\Data\data\2024-08,AXISBANK,1181.25,2024-08-27 05:30:00,1184.85,1164.25,2024-08,1170.0,8702113
C:\Users\v-dhramaraj\Desktop\Python\Projects\Assignment2_StockAnalysis\Data-20250430T011355Z-1-001\Data\data\2024-08,AXISBANK,1170.95,2024-08-28 05:30:00,1181.7,1169.35,2024-08,1177.0,5483503
C:\Users\v-dhramaraj\Desktop\Python\Projects\Assignment2_StockAnalysis\Data-20250430T011355Z-1-001\Data\data\2024-08,AXISBANK,1175.4,2024-08-29 05:30:00,1179.9,1163.4,2024-08,1169.0,7290114
C:\Users\v-dhramaraj\Desktop\Python\Projects\Assignment2_StockAnalysis\Data-20250430T011355Z-1-001\Data\data\2024-08,AXISBANK,1175.25,2024-08-30 05:30:00,1182.95,1171.85,2024-08,1177.0,10190506
C:\Users\v-dhramaraj\Desktop\Python\Projects\Assignment2_StockAnalysis\Data-20250430T011355Z-1-001\Data\data\2024-09,AXISBANK,1188.8,2024-09-02 05:30:00,1194.0,1174.1,2024-09,1176.0,6432362
C:\Users\v-dhramaraj\Desktop\Python\Projects\Assignment2_StockAnalysis\Data-20250430T011355Z-1-001\Data\data\2024-09,AXISBANK,1191.6,2024-09-03 05:30:00,1193.55,1176.7,2024-09,1188.0,7920246
C:\Users\v-dhramaraj\Desktop\Python\Projects\Assignment2_StockAnalysis\Data-20250430T011355Z-1-001\Data\data\2024-09,AXISBANK,1177.7,2024-09-04 05:30:00,1189.65,1173.3,2024-09,1182.7,6527941
C:\Users\v-dhramaraj\Desktop\Python\Projects\Assignment2_StockAnalysis\Data-20250430T011355Z-1-001\Data\data\2024-09,AXISBANK,1180.55,2024-09-05 05:30:00,1182.85,1173.45,2024-09,1182.0,4234766
C:\Users\v-dhramaraj\Desktop\Python\Projects\Assignment2_StockAnalysis\Data-20250430T011355Z-1-001\Data\data\2024-09,AXISBANK,1158.75,2024-09-06 05:30:00,1181.35,1150.8,2024-09,1176.0,9874576
C:\Users\v-dhramaraj\Desktop\Python\Projects\Assignment2_StockAnalysis\Data-20250430T011355Z-1-001\Data\data\2024-09,AXISBANK,1170.85,2024-09-09 05:30:00,1175.6,1145.0,2024-09,1158.0,7700940
C:\Users\v-dhramaraj\Desktop\Python\Projects\Assignment2_StockAnalysis\Data-20250430T011355Z-1-001\Data\data\2024-09,AXISBANK,1187.2,2024-09-10 05:30:00,1190.85,1173.35,2024-09,1178.9,8723854
C:\Users\v-dhramaraj\Desktop\Python\Projects\Assignment2_StockAnalysis\Data-20250430T011355Z-1-001\Data\data\2024-09,AXISBANK,1186.1,2024-09-11 05:30:00,1194.85,1181.0,2024-09,1187.2,6000329
C:\Users\v-dhramaraj\Desktop\Python\Projects\Assignment2_StockAnalysis\Data-20250430T011355Z-1-001\Data\data\2024-09,AXISBANK,1203.35,2024-09-12 05:30:00,1205.7,1176.75,2024-09,1190.1,7592871
C:\Users\v-dhramaraj\Desktop\Python\Projects\Assignment2_StockAnalysis\Data-20250430T011355Z-1-001\Data\data\2024-09,AXISBANK,1217.45,2024-09-13 05:30:00,1219.55,1201.0,2024-09,1209.9,6762566
C:\Users\v-dhramaraj\Desktop\Python\Projects\Assignment2_StockAnalysis\Data-20250430T011355Z-1-001\Data\data\2024-09,AXISBANK,1231.05,2024-09-16 05:30:00,1234.0,1215.0,2024-09,1222.0,4039284
C:\Users\v-dhramaraj\Desktop\Python\Projects\Assignment2_StockAnalysis\Data-20250430T011355Z-1-001\Data\data\2024-09,AXISBANK,1232.1,2024-09-17 05:30:00,1240.6,1227.6,2024-09,1235.2,8030427
C:\Users\v-dhramaraj\Desktop\Python\Projects\Assignment2_StockAnalysis\Data-20250430T011355Z-1-001\Data\data\2024-09,AXISBANK,1240.45,2024-09-18 05:30:00,1250.4,1225.0,2024-09,1231.9,8210034
C:\Users\v-dhramaraj\Desktop\Python\Projects\Assignment2_StockAnalysis\Data-20250430T011355Z-1-001\Data\data\2024-09,AXISBANK,1242.7,2024-09-19 05:30:00,1261.7,1239.0,2024-09,1248.45,8449864
C:\Users\v-dhramaraj\Desktop\Python\Projects\Assignment2_StockAnalysis\Data-20250430T011355Z-1-001\Data\data\2024-09,AXISBANK,1245.0,2024-09-20 05:30:00,1250.0,1229.9,2024-09,1244.0,15009629
C:\Users\v-dhramaraj\Desktop\Python\Projects\Assignment2_StockAnalysis\Data-20250430T011355Z-1-001\Data\data\2024-09,AXISBANK,1246.8,2024-09-23 05:30:00,1252.45,1240.55,2024-09,1251.5,5462814
C:\Users\v-dhramaraj\Desktop\Python\Projects\Assignment2_StockAnalysis\Data-20250430T011355Z-1-001\Data\data\2024-09,AXISBANK,1239.55,2024-09-24 05:30:00,1247.1,1235.35,2024-09,1241.1,9225946
C:\Users\v-dhramaraj\Desktop\Python\Projects\Assignment2_StockAnalysis\Data-20250430T011355Z-1-001\Data\data\2024-09,AXISBANK,1268.1,2024-09-25 05:30:00,1271.0,1231.1,2024-09,1238.0,6853324
C:\Users\v-dhramaraj\Desktop\Python\Projects\Assignment2_StockAnalysis\Data-20250430T011355Z-1-001\Data\data\2024-09,AXISBANK,1277.1,2024-09-26 05:30:00,1281.65,1262.25,2024-09,1267.55,7270078
C:\Users\v-dhramaraj\Desktop\Python\Projects\Assignment2_StockAnalysis\Data-20250430T011355Z-1-001\Data\data\2024-09,AXISBANK,1273.15,2024-09-27 05:30:00,1281.55,1257.25,2024-09,1273.0,13372027
C:\Users\v-dhramaraj\Desktop\Python\Projects\Assignment2_StockAnalysis\Data-20250430T011355Z-1-001\Data\data\2024-09,AXISBANK,1232.2,2024-09-30 05:30:00,1275.0,1229.35,2024-09,1263.5,8466919
C:\Users\v-dhramaraj\Desktop\Python\Projects\Assignment2_StockAnalysis\Data-20250430T011355Z-1-001\Data\data\2024-10,AXISBANK,1226.65,2024-10-01 05:30:00,1242.95,1224.65,2024-10,1228.1,11164280
C:\Users\v-dhramaraj\Desktop\Python\Projects\Assignment2_StockAnalysis\Data-20250430T011355Z-1-001\Data\data\2024-10,AXISBANK,1175.7,2024-10-03 05:30:00,1219.15,1173.1,2024-10,1207.5,17300892
C:\Users\v-dhramaraj\Desktop\Python\Projects\Assignment2_StockAnalysis\Data-20250430T011355Z-1-001\Data\data\2024-10,AXISBANK,1178.4,2024-10-04 05:30:00,1202.8,1174.0,2024-10,1175.5,13064515
C:\Users\v-dhramaraj\Desktop\Python\Projects\Assignment2_StockAnalysis\Data-20250430T011355Z-1-001\Data\data\2024-10,AXISBANK,1145.7,2024-10-07 05:30:00,1184.85,1130.9,2024-10,1182.95,20047013
C:\Users\v-dhramaraj\Desktop\Python\Projects\Assignment2_StockAnalysis\Data-20250430T011355Z-1-001\Data\data\2024-10,AXISBANK,1153.3,2024-10-08 05:30:00,1168.35,1142.5,2024-10,1153.0,8464570
C:\Users\v-dhramaraj\Desktop\Python\Projects\Assignment2_StockAnalysis\Data-20250430T011355Z-1-001\Data\data\2024-10,AXISBANK,1170.15,2024-10-09 05:30:00,1185.0,1154.0,2024-10,1154.0,9807734
C:\Users\v-dhramaraj\Desktop\Python\Projects\Assignment2_StockAnalysis\Data-20250430T011355Z-1-001\Data\data\2024-10,AXISBANK,1184.25,2024-10-10 05:30:00,1191.0,1175.05,2024-10,1177.0,6806243
C:\Users\v-dhramaraj\Desktop\Python\Projects\Assignment2_StockAnalysis\Data-20250430T011355Z-1-001\Data\data\2024-10,AXISBANK,1172.45,2024-10-11 05:30:00,1188.2,1166.0,2024-10,1182.5,4754158
C:\Users\v-dhramaraj\Desktop\Python\Projects\Assignment2_StockAnalysis\Data-20250430T011355Z-1-001\Data\data\2024-10,AXISBANK,1164.35,2024-10-14 05:30:00,1175.0,1156.6,2024-10,1171.55,9765296
C:\Users\v-dhramaraj\Desktop\Python\Projects\Assignment2_StockAnalysis\Data-20250430T011355Z-1-001\Data\data\2024-10,AXISBANK,1153.85,2024-10-15 05:30:00,1172.0,1149.5,2024-10,1166.1,8741516
C:\Users\v-dhramaraj\Desktop\Python\Projects\Assignment2_StockAnalysis\Data-20250430T011355Z-1-001\Data\data\2024-10,AXISBANK,1153.2,2024-10-16 05:30:00,1162.95,1148.1,2024-10,1151.0,7739854
C:\Users\v-dhramaraj\Desktop\Python\Projects\Assignment2_StockAnalysis\Data-20250430T011355Z-1-001\Data\data\2024-10,AXISBANK,1131.85,2024-10-17 05:30:00,1151.35,1124.0,2024-10,1151.0,6595231
C:\Users\v-dhramaraj\Desktop\Python\Projects\Assignment2_StockAnalysis\Data-20250430T011355Z-1-001\Data\data\2024-10,AXISBANK,1196.85,2024-10-18 05:30:00,1203.85,1156.05,2024-10,1158.0,20829666
C:\Users\v-dhramaraj\Desktop\Python\Projects\Assignment2_StockAnalysis\Data-20250430T011355Z-1-001\Data\data\2024-10,AXISBANK,1190.3,2024-10-21 05:30:00,1214.8,1185.55,2024-10,1196.85,7456038
C:\Users\v-dhramaraj\Desktop\Python\Projects\Assignment2_StockAnalysis\Data-20250430T011355Z-1-001\Data\data\2024-10,AXISBANK,1175.75,2024-10-22 05:30:00,1198.0,1173.35,2024-10,1194.25,7256246
C:\Users\v-dhramaraj\Desktop\Python\Projects\Assignment2_StockAnalysis\Data-20250430T011355Z-1-001\Data\data\2024-10,AXISBANK,1160.4,2024-10-23 05:30:00,1183.15,1158.65,2024-10,1175.1,6501834
C:\Users\v-dhramaraj\Desktop\Python\Projects\Assignment2_StockAnalysis\Data-20250430T011355Z-1-001\Data\data\2024-10,AXISBANK,1167.35,2024-10-24 05:30:00,1175.2,1154.65,2024-10,1165.0,5046700
C:\Users\v-dhramaraj\Desktop\Python\Projects\Assignment2_StockAnalysis\Data-20250430T011355Z-1-001\Data\data\2024-10,AXISBANK,1189.35,2024-10-25 05:30:00,1201.75,1170.0,2024-10,1187.0,12798716
C:\Users\v-dhramaraj\Desktop\Python\Projects\Assignment2_StockAnalysis\Data-20250430T011355Z-1-001\Data\data\2024-10,AXISBANK,1171.6,2024-10-28 05:30:00,1194.0,1167.05,2024-10,1194.0,8572243
C:\Users\v-dhramaraj\Desktop\Python\Projects\Assignment2_StockAnalysis\Data-20250430T011355Z-1-001\Data\data\2024-10,AXISBANK,1186.85,2024-10-29 05:30:00,1191.2,1157.6,2024-10,1176.4,9908946
C:\Users\v-dhramaraj\Desktop\Python\Projects\Assignment2_StockAnalysis\Data-20250430T011355Z-1-001\Data\data\2024-10,AXISBANK,1170.4,2024-10-30 05:30:00,1187.65,1164.3,2024-10,1178.75,9686560
C:\Users\v-dhramaraj\Desktop\Python\Projects\Assignment2_StockAnalysis\Data-20250430T011355Z-1-001\Data\data\2024-10,AXISBANK,1159.55,2024-10-31 05:30:00,1178.0,1153.85,2024-10,1165.5,8682294
C:\Users\v-dhramaraj\Desktop\Python\Projects\Assignment2_StockAnalysis\Data-20250430T011355Z-1-001\Data\data\2024-11,AXISBANK,1169.55,2024-11-01 05:30:00,1172.5,1164.0,2024-11,1164.05,460781
C:\Users\v-dhramaraj\Desktop\Python\Projects\Assignment2_StockAnalysis\Data-20250430T011355Z-1-001\Data\data\2024-11,AXISBANK,1139.25,2024-11-04 05:30:00,1176.95,1135.45,2024-11,1172.0,9288653
C:\Users\v-dhramaraj\Desktop\Python\Projects\Assignment2_StockAnalysis\Data-20250430T011355Z-1-001\Data\data\2024-11,AXISBANK,1171.7,2024-11-05 05:30:00,1174.9,1133.45,2024-11,1138.95,11701049
C:\Users\v-dhramaraj\Desktop\Python\Projects\Assignment2_StockAnalysis\Data-20250430T011355Z-1-001\Data\data\2024-11,AXISBANK,1166.5,2024-11-06 05:30:00,1183.55,1161.45,2024-11,1171.8,10353506
C:\Users\v-dhramaraj\Desktop\Python\Projects\Assignment2_StockAnalysis\Data-20250430T011355Z-1-001\Data\data\2024-11,AXISBANK,1159.9,2024-11-07 05:30:00,1172.9,1151.05,2024-11,1168.6,6252889
C:\Users\v-dhramaraj\Desktop\Python\Projects\Assignment2_StockAnalysis\Data-20250430T011355Z-1-001\Data\data\2024-11,AXISBANK,1160.95,2024-11-08 05:30:00,1167.75,1151.1,2024-11,1156.0,3786168
C:\Users\v-dhramaraj\Desktop\Python\Projects\Assignment2_StockAnalysis\Data-20250430T011355Z-1-001\Data\data\2024-11,AXISBANK,1171.0,2024-11-11 05:30:00,1176.8,1142.95,2024-11,1152.0,6620678
C:\Users\v-dhramaraj\Desktop\Python\Projects\Assignment2_StockAnalysis\Data-20250430T011355Z-1-001\Data\data\2024-11,AXISBANK,1158.15,2024-11-12 05:30:00,1187.0,1153.8,2024-11,1171.65,9606088
C:\Users\v-dhramaraj\Desktop\Python\Projects\Assignment2_StockAnalysis\Data-20250430T011355Z-1-001\Data\data\2024-11,AXISBANK,1139.15,2024-11-13 05:30:00,1165.5,1135.1,2024-11,1151.9,8079113
C:\Users\v-dhramaraj\Desktop\Python\Projects\Assignment2_StockAnalysis\Data-20250430T011355Z-1-001\Data\data\2024-11,AXISBANK,1140.7,2024-11-14 05:30:00,1150.75,1131.6,2024-11,1137.55,5975873
C:\Users\v-dhramaraj\Desktop\Python\Projects\Assignment2_StockAnalysis\Data-20250430T011355Z-1-001\Data\data\2024-11,AXISBANK,1126.2,2024-11-18 05:30:00,1135.0,1121.55,2024-11,1131.2,9474971
C:\Users\v-dhramaraj\Desktop\Python\Projects\Assignment2_StockAnalysis\Data-20250430T011355Z-1-001\Data\data\2024-11,AXISBANK,1133.95,2024-11-19 05:30:00,1139.0,1122.05,2024-11,1130.0,19225966
C:\Users\v-dhramaraj\Desktop\Python\Projects\Assignment2_StockAnalysis\Data-20250430T011355Z-1-001\Data\data\2024-11,AXISBANK,1139.15,2024-11-21 05:30:00,1152.0,1115.75,2024-11,1138.0,8126248
C:\Users\v-dhramaraj\Desktop\Python\Projects\Assignment2_StockAnalysis\Data-20250430T011355Z-1-001\Data\data\2024-11,AXISBANK,1142.4,2024-11-22 05:30:00,1147.9,1127.55,2024-11,1136.65,16687505
