Source Folder,Ticker,close,date,high,low,month,open,volume
C:\Users\v-dhramaraj\Desktop\Python\Projects\Assignment2_StockAnalysis\Data-20250430T011355Z-1-001\Data\data\2023-10,BHARTIARTL,925.3,2023-10-03 05:30:00,928.25,916.05,2023-10,918.25,4338272
C:\Users\v-dhramaraj\Desktop\Python\Projects\Assignment2_StockAnalysis\Data-20250430T011355Z-1-001\Data\data\2023-10,BHARTIARTL,924.25,2023-10-04 05:30:00,925.95,918.3,2023-10,918.3,5603669
C:\Users\v-dhramaraj\Desktop\Python\Projects\Assignment2_StockAnalysis\Data-20250430T011355Z-1-001\Data\data\2023-10,BHARTIARTL,928.85,2023-10-05 05:30:00,929.6,919.4,2023-10,925.05,7063132
C:\Users\v-dhramaraj\Desktop\Python\Projects\Assignment2_StockAnalysis\Data-20250430T011355Z-1-001\Data\data\2023-10,BHARTIARTL,926.05,2023-10-06 05:30:00,929.2,924.3,2023-10,929.2,2420855
C:\Users\v-dhramaraj\Desktop\Python\Projects\Assignment2_StockAnalysis\Data-20250430T011355Z-1-001\Data\data\2023-10,BHARTIARTL,924.55,2023-10-09 05:30:00,928.05,916.55,2023-10,918.0,2248103
C:\Users\v-dhramaraj\Desktop\Python\Projects\Assignment2_StockAnalysis\Data-20250430T011355Z-1-001\Data\data\2023-10,BHARTIARTL,948.35,2023-10-10 05:30:00,954.05,921.05,2023-10,924.55,7897875
C:\Users\v-dhramaraj\Desktop\Python\Projects\Assignment2_StockAnalysis\Data-20250430T011355Z-1-001\Data\data\2023-10,BHARTIARTL,955.6,2023-10-11 05:30:00,956.8,948.0,2023-10,948.5,5645289
C:\Users\v-dhramaraj\Desktop\Python\Projects\Assignment2_StockAnalysis\Data-20250430T011355Z-1-001\Data\data\2023-10,BHARTIARTL,950.35,2023-10-12 05:30:00,956.8,947.0,2023-10,955.6,5544735
C:\Users\v-dhramaraj\Desktop\Python\Projects\Assignment2_StockAnalysis\Data-20250430T011355Z-1-001\Data\data\2023-10,BHARTIARTL,954.2,2023-10-13 05:30:00,955.95,946.3,2023-10,946.3,4421671
C:\Users\v-dhramaraj\Desktop\Python\Projects\Assignment2_StockAnalysis\Data-20250430T011355Z-1-001\Data\data\2023-10,BHARTIARTL,946.55,2023-10-16 05:30:00,958.75,943.85,2023-10,957.95,1881721
C:\Users\v-dhramaraj\Desktop\Python\Projects\Assignment2_StockAnalysis\Data-20250430T011355Z-1-001\Data\data\2023-10,BHARTIARTL,953.65,2023-10-17 05:30:00,960.25,946.0,2023-10,946.55,3863410
C:\Users\v-dhramaraj\Desktop\Python\Projects\Assignment2_StockAnalysis\Data-20250430T011355Z-1-001\Data\data\2023-10,BHARTIARTL,952.85,2023-10-18 05:30:00,958.9,950.65,2023-10,953.0,2334392
C:\Users\v-dhramaraj\Desktop\Python\Projects\Assignment2_StockAnalysis\Data-20250430T011355Z-1-001\Data\data\2023-10,BHARTIARTL,942.95,2023-10-19 05:30:00,951.3,941.35,2023-10,945.8,4306963
C:\Users\v-dhramaraj\Desktop\Python\Projects\Assignment2_StockAnalysis\Data-20250430T011355Z-1-001\Data\data\2023-10,BHARTIARTL,945.2,2023-10-20 05:30:00,947.5,937.0,2023-10,937.8,3125104
C:\Users\v-dhramaraj\Desktop\Python\Projects\Assignment2_StockAnalysis\Data-20250430T011355Z-1-001\Data\data\2023-10,BHARTIARTL,939.3,2023-10-23 05:30:00,949.1,937.0,2023-10,941.6,2180066
C:\Users\v-dhramaraj\Desktop\Python\Projects\Assignment2_StockAnalysis\Data-20250430T011355Z-1-001\Data\data\2023-10,BHARTIARTL,922.6,2023-10-25 05:30:00,939.65,919.0,2023-10,924.6,6365249
C:\Users\v-dhramaraj\Desktop\Python\Projects\Assignment2_StockAnalysis\Data-20250430T011355Z-1-001\Data\data\2023-10,BHARTIARTL,905.5,2023-10-26 05:30:00,924.6,900.05,2023-10,921.65,6595332
C:\Users\v-dhramaraj\Desktop\Python\Projects\Assignment2_StockAnalysis\Data-20250430T011355Z-1-001\Data\data\2023-10,BHARTIARTL,914.6,2023-10-27 05:30:00,918.4,906.45,2023-10,910.75,3508393
C:\Users\v-dhramaraj\Desktop\Python\Projects\Assignment2_StockAnalysis\Data-20250430T011355Z-1-001\Data\data\2023-10,BHARTIARTL,926.25,2023-10-30 05:30:00,931.95,910.35,2023-10,914.8,3686773
C:\Users\v-dhramaraj\Desktop\Python\Projects\Assignment2_StockAnalysis\Data-20250430T011355Z-1-001\Data\data\2023-10,BHARTIARTL,914.4,2023-10-31 05:30:00,923.55,912.4,2023-10,920.3,5697563
C:\Users\v-dhramaraj\Desktop\Python\Projects\Assignment2_StockAnalysis\Data-20250430T011355Z-1-001\Data\data\2023-11,BHARTIARTL,913.45,2023-11-01 05:30:00,914.55,895.45,2023-11,903.0,4821458
C:\Users\v-dhramaraj\Desktop\Python\Projects\Assignment2_StockAnalysis\Data-20250430T011355Z-1-001\Data\data\2023-11,BHARTIARTL,923.85,2023-11-02 05:30:00,925.95,916.4,2023-11,920.0,6611573
C:\Users\v-dhramaraj\Desktop\Python\Projects\Assignment2_StockAnalysis\Data-20250430T011355Z-1-001\Data\data\2023-11,BHARTIARTL,930.75,2023-11-03 05:30:00,933.7,922.2,2023-11,925.0,3895154
C:\Users\v-dhramaraj\Desktop\Python\Projects\Assignment2_StockAnalysis\Data-20250430T011355Z-1-001\Data\data\2023-11,BHARTIARTL,939.2,2023-11-06 05:30:00,940.7,930.0,2023-11,934.2,2760800
C:\Users\v-dhramaraj\Desktop\Python\Projects\Assignment2_StockAnalysis\Data-20250430T011355Z-1-001\Data\data\2023-11,BHARTIARTL,937.15,2023-11-07 05:30:00,938.95,932.45,2023-11,936.05,3616946
C:\Users\v-dhramaraj\Desktop\Python\Projects\Assignment2_StockAnalysis\Data-20250430T011355Z-1-001\Data\data\2023-11,BHARTIARTL,936.75,2023-11-08 05:30:00,941.8,934.4,2023-11,941.8,1808553
C:\Users\v-dhramaraj\Desktop\Python\Projects\Assignment2_StockAnalysis\Data-20250430T011355Z-1-001\Data\data\2023-11,BHARTIARTL,932.35,2023-11-09 05:30:00,937.3,930.55,2023-11,936.75,3914416
C:\Users\v-dhramaraj\Desktop\Python\Projects\Assignment2_StockAnalysis\Data-20250430T011355Z-1-001\Data\data\2023-11,BHARTIARTL,935.5,2023-11-10 05:30:00,937.0,929.0,2023-11,929.0,1345614
C:\Users\v-dhramaraj\Desktop\Python\Projects\Assignment2_StockAnalysis\Data-20250430T011355Z-1-001\Data\data\2023-11,BHARTIARTL,938.0,2023-11-12 05:30:00,940.0,933.0,2023-11,940.0,174810
C:\Users\v-dhramaraj\Desktop\Python\Projects\Assignment2_StockAnalysis\Data-20250430T011355Z-1-001\Data\data\2023-11,BHARTIARTL,935.0,2023-11-13 05:30:00,940.3,933.8,2023-11,938.0,1656368
C:\Users\v-dhramaraj\Desktop\Python\Projects\Assignment2_StockAnalysis\Data-20250430T011355Z-1-001\Data\data\2023-11,BHARTIARTL,950.0,2023-11-15 05:30:00,952.7,936.2,2023-11,948.0,4816316
C:\Users\v-dhramaraj\Desktop\Python\Projects\Assignment2_StockAnalysis\Data-20250430T011355Z-1-001\Data\data\2023-11,BHARTIARTL,949.55,2023-11-16 05:30:00,953.9,943.25,2023-11,949.0,5310736
C:\Users\v-dhramaraj\Desktop\Python\Projects\Assignment2_StockAnalysis\Data-20250430T011355Z-1-001\Data\data\2023-11,BHARTIARTL,947.3,2023-11-17 05:30:00,954.0,946.0,2023-11,948.8,3249469
C:\Users\v-dhramaraj\Desktop\Python\Projects\Assignment2_StockAnalysis\Data-20250430T011355Z-1-001\Data\data\2023-11,BHARTIARTL,961.4,2023-11-20 05:30:00,964.3,941.95,2023-11,949.0,4646962
C:\Users\v-dhramaraj\Desktop\Python\Projects\Assignment2_StockAnalysis\Data-20250430T011355Z-1-001\Data\data\2023-11,BHARTIARTL,970.85,2023-11-21 05:30:00,976.35,961.0,2023-11,967.0,5704644
C:\Users\v-dhramaraj\Desktop\Python\Projects\Assignment2_StockAnalysis\Data-20250430T011355Z-1-001\Data\data\2023-11,BHARTIARTL,969.75,2023-11-22 05:30:00,976.3,965.95,2023-11,974.3,3309732
C:\Users\v-dhramaraj\Desktop\Python\Projects\Assignment2_StockAnalysis\Data-20250430T011355Z-1-001\Data\data\2023-11,BHARTIARTL,976.65,2023-11-23 05:30:00,981.0,963.7,2023-11,970.0,2749555
C:\Users\v-dhramaraj\Desktop\Python\Projects\Assignment2_StockAnalysis\Data-20250430T011355Z-1-001\Data\data\2023-11,BHARTIARTL,973.15,2023-11-24 05:30:00,977.15,971.0,2023-11,975.0,2322104
C:\Users\v-dhramaraj\Desktop\Python\Projects\Assignment2_StockAnalysis\Data-20250430T011355Z-1-001\Data\data\2023-11,BHARTIARTL,984.9,2023-11-28 05:30:00,988.0,971.2,2023-11,974.05,5096984
C:\Users\v-dhramaraj\Desktop\Python\Projects\Assignment2_StockAnalysis\Data-20250430T011355Z-1-001\Data\data\2023-11,BHARTIARTL,995.4,2023-11-29 05:30:00,1007.1,990.95,2023-11,995.9,5647918
C:\Users\v-dhramaraj\Desktop\Python\Projects\Assignment2_StockAnalysis\Data-20250430T011355Z-1-001\Data\data\2023-11,BHARTIARTL,1014.7,2023-11-30 05:30:00,1018.2,992.7,2023-11,995.0,9934052
C:\Users\v-dhramaraj\Desktop\Python\Projects\Assignment2_StockAnalysis\Data-20250430T011355Z-1-001\Data\data\2023-12,BHARTIARTL,1014.7,2023-12-01 05:30:00,1022.55,1008.2,2023-12,1015.0,5544950
C:\Users\v-dhramaraj\Desktop\Python\Projects\Assignment2_StockAnalysis\Data-20250430T011355Z-1-001\Data\data\2023-12,BHARTIARTL,1032.9,2023-12-04 05:30:00,1044.0,1025.2,2023-12,1036.0,5164902
C:\Users\v-dhramaraj\Desktop\Python\Projects\Assignment2_StockAnalysis\Data-20250430T011355Z-1-001\Data\data\2023-12,BHARTIARTL,1031.1,2023-12-05 05:30:00,1045.95,1022.1,2023-12,1038.8,4266159
C:\Users\v-dhramaraj\Desktop\Python\Projects\Assignment2_StockAnalysis\Data-20250430T011355Z-1-001\Data\data\2023-12,BHARTIARTL,1024.45,2023-12-06 05:30:00,1035.0,1013.45,2023-12,1029.1,4121251
C:\Users\v-dhramaraj\Desktop\Python\Projects\Assignment2_StockAnalysis\Data-20250430T011355Z-1-001\Data\data\2023-12,BHARTIARTL,1000.0,2023-12-07 05:30:00,1019.7,998.0,2023-12,1015.0,13805235
C:\Users\v-dhramaraj\Desktop\Python\Projects\Assignment2_StockAnalysis\Data-20250430T011355Z-1-001\Data\data\2023-12,BHARTIARTL,1000.25,2023-12-08 05:30:00,1004.0,991.3,2023-12,998.7,6630766
C:\Users\v-dhramaraj\Desktop\Python\Projects\Assignment2_StockAnalysis\Data-20250430T011355Z-1-001\Data\data\2023-12,BHARTIARTL,1000.85,2023-12-11 05:30:00,1004.6,992.05,2023-12,996.1,6195119
C:\Users\v-dhramaraj\Desktop\Python\Projects\Assignment2_StockAnalysis\Data-20250430T011355Z-1-001\Data\data\2023-12,BHARTIARTL,995.25,2023-12-12 05:30:00,1000.85,987.0,2023-12,999.25,7119331
C:\Users\v-dhramaraj\Desktop\Python\Projects\Assignment2_StockAnalysis\Data-20250430T011355Z-1-001\Data\data\2023-12,BHARTIARTL,999.9,2023-12-13 05:30:00,1002.0,991.5,2023-12,993.2,4153219
C:\Users\v-dhramaraj\Desktop\Python\Projects\Assignment2_StockAnalysis\Data-20250430T011355Z-1-001\Data\data\2023-12,BHARTIARTL,1005.2,2023-12-14 05:30:00,1011.2,999.15,2023-12,1006.0,6541673
C:\Users\v-dhramaraj\Desktop\Python\Projects\Assignment2_StockAnalysis\Data-20250430T011355Z-1-001\Data\data\2023-12,BHARTIARTL,992.55,2023-12-15 05:30:00,1010.85,988.25,2023-12,999.65,10119597
C:\Users\v-dhramaraj\Desktop\Python\Projects\Assignment2_StockAnalysis\Data-20250430T011355Z-1-001\Data\data\2023-12,BHARTIARTL,990.25,2023-12-18 05:30:00,998.8,982.15,2023-12,995.0,5750263
C:\Users\v-dhramaraj\Desktop\Python\Projects\Assignment2_StockAnalysis\Data-20250430T011355Z-1-001\Data\data\2023-12,BHARTIARTL,988.45,2023-12-19 05:30:00,997.95,985.9,2023-12,995.45,3912964
C:\Users\v-dhramaraj\Desktop\Python\Projects\Assignment2_StockAnalysis\Data-20250430T011355Z-1-001\Data\data\2023-12,BHARTIARTL,971.55,2023-12-20 05:30:00,993.65,969.0,2023-12,992.9,3990591
C:\Users\v-dhramaraj\Desktop\Python\Projects\Assignment2_StockAnalysis\Data-20250430T011355Z-1-001\Data\data\2023-12,BHARTIARTL,977.9,2023-12-21 05:30:00,981.55,960.0,2023-12,968.0,4294277
C:\Users\v-dhramaraj\Desktop\Python\Projects\Assignment2_StockAnalysis\Data-20250430T011355Z-1-001\Data\data\2023-12,BHARTIARTL,989.55,2023-12-22 05:30:00,998.95,975.55,2023-12,981.9,4605120
C:\Users\v-dhramaraj\Desktop\Python\Projects\Assignment2_StockAnalysis\Data-20250430T011355Z-1-001\Data\data\2023-12,BHARTIARTL,999.85,2023-12-26 05:30:00,1002.5,989.65,2023-12,995.0,2460643
C:\Users\v-dhramaraj\Desktop\Python\Projects\Assignment2_StockAnalysis\Data-20250430T011355Z-1-001\Data\data\2023-12,BHARTIARTL,1021.2,2023-12-27 05:30:00,1024.05,998.0,2023-12,1000.0,4791379
C:\Users\v-dhramaraj\Desktop\Python\Projects\Assignment2_StockAnalysis\Data-20250430T011355Z-1-001\Data\data\2023-12,BHARTIARTL,1036.7,2023-12-28 05:30:00,1041.95,1022.2,2023-12,1023.9,5288328
C:\Users\v-dhramaraj\Desktop\Python\Projects\Assignment2_StockAnalysis\Data-20250430T011355Z-1-001\Data\data\2023-12,BHARTIARTL,1032.2,2023-12-29 05:30:00,1043.25,1024.4,2023-12,1033.15,4631749
C:\Users\v-dhramaraj\Desktop\Python\Projects\Assignment2_StockAnalysis\Data-20250430T011355Z-1-001\Data\data\2024-01,BHARTIARTL,1013.05,2024-01-01 05:30:00,1031.95,1007.0,2024-01,1031.95,3804406
C:\Users\v-dhramaraj\Desktop\Python\Projects\Assignment2_StockAnalysis\Data-20250430T011355Z-1-001\Data\data\2024-01,BHARTIARTL,1021.7,2024-01-02 05:30:00,1025.45,1016.0,2024-01,1017.4,6865791
C:\Users\v-dhramaraj\Desktop\Python\Projects\Assignment2_StockAnalysis\Data-20250430T011355Z-1-001\Data\data\2024-01,BHARTIARTL,1035.2,2024-01-03 05:30:00,1037.0,1021.35,2024-01,1031.95,3604276
C:\Users\v-dhramaraj\Desktop\Python\Projects\Assignment2_StockAnalysis\Data-20250430T011355Z-1-001\Data\data\2024-01,BHARTIARTL,1047.9,2024-01-04 05:30:00,1058.8,1027.55,2024-01,1035.25,4664043
C:\Users\v-dhramaraj\Desktop\Python\Projects\Assignment2_StockAnalysis\Data-20250430T011355Z-1-001\Data\data\2024-01,BHARTIARTL,1046.6,2024-01-05 05:30:00,1063.65,1038.95,2024-01,1053.8,4008221
C:\Users\v-dhramaraj\Desktop\Python\Projects\Assignment2_StockAnalysis\Data-20250430T011355Z-1-001\Data\data\2024-01,BHARTIARTL,1049.05,2024-01-08 05:30:00,1059.0,1045.25,2024-01,1050.0,4489695
C:\Users\v-dhramaraj\Desktop\Python\Projects\Assignment2_StockAnalysis\Data-20250430T011355Z-1-001\Data\data\2024-01,BHARTIARTL,1064.5,2024-01-09 05:30:00,1067.9,1048.05,2024-01,1057.0,3371125
C:\Users\v-dhramaraj\Desktop\Python\Projects\Assignment2_StockAnalysis\Data-20250430T011355Z-1-001\Data\data\2024-01,BHARTIARTL,1062.7,2024-01-10 05:30:00,1073.3,1055.3,2024-01,1066.95,3111573
C:\Users\v-dhramaraj\Desktop\Python\Projects\Assignment2_StockAnalysis\Data-20250430T011355Z-1-001\Data\data\2024-01,BHARTIARTL,1062.85,2024-01-11 05:30:00,1073.9,1057.35,2024-01,1065.75,2604325
C:\Users\v-dhramaraj\Desktop\Python\Projects\Assignment2_StockAnalysis\Data-20250430T011355Z-1-001\Data\data\2024-01,BHARTIARTL,1076.35,2024-01-12 05:30:00,1078.55,1051.6,2024-01,1058.1,3394013
C:\Users\v-dhramaraj\Desktop\Python\Projects\Assignment2_StockAnalysis\Data-20250430T011355Z-1-001\Data\data\2024-01,BHARTIARTL,1102.4,2024-01-15 05:30:00,1104.7,1074.55,2024-01,1078.05,3312897
C:\Users\v-dhramaraj\Desktop\Python\Projects\Assignment2_StockAnalysis\Data-20250430T011355Z-1-001\Data\data\2024-01,BHARTIARTL,1095.9,2024-01-16 05:30:00,1117.0,1093.0,2024-01,1107.0,5025540
C:\Users\v-dhramaraj\Desktop\Python\Projects\Assignment2_StockAnalysis\Data-20250430T011355Z-1-001\Data\data\2024-01,BHARTIARTL,1085.25,2024-01-17 05:30:00,1108.95,1078.8,2024-01,1092.0,4568700
C:\Users\v-dhramaraj\Desktop\Python\Projects\Assignment2_StockAnalysis\Data-20250430T011355Z-1-001\Data\data\2024-01,BHARTIARTL,1087.05,2024-01-18 05:30:00,1096.0,1075.2,2024-01,1075.2,4407330
C:\Users\v-dhramaraj\Desktop\Python\Projects\Assignment2_StockAnalysis\Data-20250430T011355Z-1-001\Data\data\2024-01,BHARTIARTL,1125.0,2024-01-19 05:30:00,1136.35,1089.8,2024-01,1091.0,11753391
C:\Users\v-dhramaraj\Desktop\Python\Projects\Assignment2_StockAnalysis\Data-20250430T011355Z-1-001\Data\data\2024-01,BHARTIARTL,1123.75,2024-01-20 05:30:00,1139.25,1118.75,2024-01,1128.05,1919442
C:\Users\v-dhramaraj\Desktop\Python\Projects\Assignment2_StockAnalysis\Data-20250430T011355Z-1-001\Data\data\2024-01,BHARTIARTL,1158.0,2024-01-23 05:30:00,1172.55,1135.0,2024-01,1145.0,18194595
C:\Users\v-dhramaraj\Desktop\Python\Projects\Assignment2_StockAnalysis\Data-20250430T011355Z-1-001\Data\data\2024-01,BHARTIARTL,1189.95,2024-01-24 05:30:00,1194.0,1140.1,2024-01,1140.1,9546592
C:\Users\v-dhramaraj\Desktop\Python\Projects\Assignment2_StockAnalysis\Data-20250430T011355Z-1-001\Data\data\2024-01,BHARTIARTL,1160.55,2024-01-25 05:30:00,1200.65,1157.05,2024-01,1186.0,11424697
C:\Users\v-dhramaraj\Desktop\Python\Projects\Assignment2_StockAnalysis\Data-20250430T011355Z-1-001\Data\data\2024-01,BHARTIARTL,1162.15,2024-01-29 05:30:00,1169.75,1158.0,2024-01,1158.0,4015858
C:\Users\v-dhramaraj\Desktop\Python\Projects\Assignment2_StockAnalysis\Data-20250430T011355Z-1-001\Data\data\2024-01,BHARTIARTL,1158.65,2024-01-30 05:30:00,1180.85,1154.55,2024-01,1162.15,3902023
C:\Users\v-dhramaraj\Desktop\Python\Projects\Assignment2_StockAnalysis\Data-20250430T011355Z-1-001\Data\data\2024-01,BHARTIARTL,1170.7,2024-01-31 05:30:00,1175.05,1146.2,2024-01,1159.0,5981966
C:\Users\v-dhramaraj\Desktop\Python\Projects\Assignment2_StockAnalysis\Data-20250430T011355Z-1-001\Data\data\2024-02,BHARTIARTL,1151.2,2024-02-01 05:30:00,1170.2,1148.95,2024-02,1165.05,3606209
C:\Users\v-dhramaraj\Desktop\Python\Projects\Assignment2_StockAnalysis\Data-20250430T011355Z-1-001\Data\data\2024-02,BHARTIARTL,1150.8,2024-02-02 05:30:00,1175.2,1145.3,2024-02,1155.0,4969983
C:\Users\v-dhramaraj\Desktop\Python\Projects\Assignment2_StockAnalysis\Data-20250430T011355Z-1-001\Data\data\2024-02,BHARTIARTL,1113.55,2024-02-05 05:30:00,1159.65,1110.0,2024-02,1154.35,7809331
C:\Users\v-dhramaraj\Desktop\Python\Projects\Assignment2_StockAnalysis\Data-20250430T011355Z-1-001\Data\data\2024-02,BHARTIARTL,1134.05,2024-02-06 05:30:00,1156.1,1123.0,2024-02,1125.0,9863065
C:\Users\v-dhramaraj\Desktop\Python\Projects\Assignment2_StockAnalysis\Data-20250430T011355Z-1-001\Data\data\2024-02,BHARTIARTL,1134.3,2024-02-07 05:30:00,1148.25,1131.8,2024-02,1138.8,2770694
C:\Users\v-dhramaraj\Desktop\Python\Projects\Assignment2_StockAnalysis\Data-20250430T011355Z-1-001\Data\data\2024-02,BHARTIARTL,1142.15,2024-02-08 05:30:00,1146.5,1116.2,2024-02,1144.4,6519392
C:\Users\v-dhramaraj\Desktop\Python\Projects\Assignment2_StockAnalysis\Data-20250430T011355Z-1-001\Data\data\2024-02,BHARTIARTL,1120.25,2024-02-09 05:30:00,1145.95,1116.25,2024-02,1145.95,4203171
C:\Users\v-dhramaraj\Desktop\Python\Projects\Assignment2_StockAnalysis\Data-20250430T011355Z-1-001\Data\data\2024-02,BHARTIARTL,1118.7,2024-02-12 05:30:00,1129.0,1111.3,2024-02,1122.9,3887976
C:\Users\v-dhramaraj\Desktop\Python\Projects\Assignment2_StockAnalysis\Data-20250430T011355Z-1-001\Data\data\2024-02,BHARTIARTL,1117.85,2024-02-13 05:30:00,1125.0,1103.8,2024-02,1111.0,3211554
C:\Users\v-dhramaraj\Desktop\Python\Projects\Assignment2_StockAnalysis\Data-20250430T011355Z-1-001\Data\data\2024-02,BHARTIARTL,1115.85,2024-02-14 05:30:00,1121.15,1104.7,2024-02,1110.0,4653070
C:\Users\v-dhramaraj\Desktop\Python\Projects\Assignment2_StockAnalysis\Data-20250430T011355Z-1-001\Data\data\2024-02,BHARTIARTL,1120.7,2024-02-15 05:30:00,1131.45,1109.4,2024-02,1122.3,5056712
C:\Users\v-dhramaraj\Desktop\Python\Projects\Assignment2_StockAnalysis\Data-20250430T011355Z-1-001\Data\data\2024-02,BHARTIARTL,1120.0,2024-02-16 05:30:00,1127.05,1116.85,2024-02,1124.0,3091952
C:\Users\v-dhramaraj\Desktop\Python\Projects\Assignment2_StockAnalysis\Data-20250430T011355Z-1-001\Data\data\2024-02,BHARTIARTL,1142.2,2024-02-19 05:30:00,1145.0,1118.35,2024-02,1121.05,4711035
C:\Users\v-dhramaraj\Desktop\Python\Projects\Assignment2_StockAnalysis\Data-20250430T011355Z-1-001\Data\data\2024-02,BHARTIARTL,1143.95,2024-02-20 05:30:00,1151.6,1135.0,2024-02,1145.0,5397418
C:\Users\v-dhramaraj\Desktop\Python\Projects\Assignment2_StockAnalysis\Data-20250430T011355Z-1-001\Data\data\2024-02,BHARTIARTL,1139.9,2024-02-21 05:30:00,1159.15,1132.6,2024-02,1155.0,4570259
C:\Users\v-dhramaraj\Desktop\Python\Projects\Assignment2_StockAnalysis\Data-20250430T011355Z-1-001\Data\data\2024-02,BHARTIARTL,1135.55,2024-02-22 05:30:00,1138.75,1097.65,2024-02,1137.6,8642368
C:\Users\v-dhramaraj\Desktop\Python\Projects\Assignment2_StockAnalysis\Data-20250430T011355Z-1-001\Data\data\2024-02,BHARTIARTL,1125.75,2024-02-23 05:30:00,1131.85,1115.3,2024-02,1127.0,6709844
C:\Users\v-dhramaraj\Desktop\Python\Projects\Assignment2_StockAnalysis\Data-20250430T011355Z-1-001\Data\data\2024-02,BHARTIARTL,1110.05,2024-02-26 05:30:00,1125.9,1104.35,2024-02,1118.1,3186134
C:\Users\v-dhramaraj\Desktop\Python\Projects\Assignment2_StockAnalysis\Data-20250430T011355Z-1-001\Data\data\2024-02,BHARTIARTL,1127.5,2024-02-27 05:30:00,1131.0,1101.3,2024-02,1113.0,7149094
C:\Users\v-dhramaraj\Desktop\Python\Projects\Assignment2_StockAnalysis\Data-20250430T011355Z-1-001\Data\data\2024-02,BHARTIARTL,1128.75,2024-02-28 05:30:00,1152.65,1123.5,2024-02,1133.4,5302711
C:\Users\v-dhramaraj\Desktop\Python\Projects\Assignment2_StockAnalysis\Data-20250430T011355Z-1-001\Data\data\2024-02,BHARTIARTL,1123.35,2024-02-29 05:30:00,1137.95,1099.0,2024-02,1118.85,13818650
C:\Users\v-dhramaraj\Desktop\Python\Projects\Assignment2_StockAnalysis\Data-20250430T011355Z-1-001\Data\data\2024-03,BHARTIARTL,1128.7,2024-03-01 05:30:00,1140.75,1117.4,2024-03,1128.0,5927490
C:\Users\v-dhramaraj\Desktop\Python\Projects\Assignment2_StockAnalysis\Data-20250430T011355Z-1-001\Data\data\2024-03,BHARTIARTL,1131.1,2024-03-02 05:30:00,1135.0,1123.55,2024-03,1128.7,133654
C:\Users\v-dhramaraj\Desktop\Python\Projects\Assignment2_StockAnalysis\Data-20250430T011355Z-1-001\Data\data\2024-03,BHARTIARTL,1133.5,2024-03-04 05:30:00,1149.25,1132.0,2024-03,1132.0,5855090
C:\Users\v-dhramaraj\Desktop\Python\Projects\Assignment2_StockAnalysis\Data-20250430T011355Z-1-001\Data\data\2024-03,BHARTIARTL,1168.9,2024-03-05 05:30:00,1179.75,1133.05,2024-03,1133.05,5375008
C:\Users\v-dhramaraj\Desktop\Python\Projects\Assignment2_StockAnalysis\Data-20250430T011355Z-1-001\Data\data\2024-03,BHARTIARTL,1193.7,2024-03-06 05:30:00,1196.6,1157.35,2024-03,1173.95,5464839
C:\Users\v-dhramaraj\Desktop\Python\Projects\Assignment2_StockAnalysis\Data-20250430T011355Z-1-001\Data\data\2024-03,BHARTIARTL,1199.7,2024-03-07 05:30:00,1213.6,1189.45,2024-03,1209.85,8903981
C:\Users\v-dhramaraj\Desktop\Python\Projects\Assignment2_StockAnalysis\Data-20250430T011355Z-1-001\Data\data\2024-03,BHARTIARTL,1196.6,2024-03-11 05:30:00,1218.3,1186.0,2024-03,1186.0,6679208
C:\Users\v-dhramaraj\Desktop\Python\Projects\Assignment2_StockAnalysis\Data-20250430T011355Z-1-001\Data\data\2024-03,BHARTIARTL,1204.25,2024-03-12 05:30:00,1208.0,1197.8,2024-03,1200.0,4249548
C:\Users\v-dhramaraj\Desktop\Python\Projects\Assignment2_StockAnalysis\Data-20250430T011355Z-1-001\Data\data\2024-03,BHARTIARTL,1168.75,2024-03-13 05:30:00,1212.0,1151.7,2024-03,1212.0,7528096
C:\Users\v-dhramaraj\Desktop\Python\Projects\Assignment2_StockAnalysis\Data-20250430T011355Z-1-001\Data\data\2024-03,BHARTIARTL,1194.6,2024-03-14 05:30:00,1199.7,1163.55,2024-03,1173.95,8569080
C:\Users\v-dhramaraj\Desktop\Python\Projects\Assignment2_StockAnalysis\Data-20250430T011355Z-1-001\Data\data\2024-03,BHARTIARTL,1220.0,2024-03-15 05:30:00,1222.8,1187.85,2024-03,1190.0,10115416
C:\Users\v-dhramaraj\Desktop\Python\Projects\Assignment2_StockAnalysis\Data-20250430T011355Z-1-001\Data\data\2024-03,BHARTIARTL,1225.3,2024-03-18 05:30:00,1230.55,1215.2,2024-03,1225.0,4141080
C:\Users\v-dhramaraj\Desktop\Python\Projects\Assignment2_StockAnalysis\Data-20250430T011355Z-1-001\Data\data\2024-03,BHARTIARTL,1228.35,2024-03-19 05:30:00,1240.4,1214.6,2024-03,1216.2,7703719
C:\Users\v-dhramaraj\Desktop\Python\Projects\Assignment2_StockAnalysis\Data-20250430T011355Z-1-001\Data\data\2024-03,BHARTIARTL,1231.8,2024-03-20 05:30:00,1239.0,1223.65,2024-03,1228.25,6596032
C:\Users\v-dhramaraj\Desktop\Python\Projects\Assignment2_StockAnalysis\Data-20250430T011355Z-1-001\Data\data\2024-03,BHARTIARTL,1220.8,2024-03-21 05:30:00,1242.9,1214.1,2024-03,1238.0,9952250
C:\Users\v-dhramaraj\Desktop\Python\Projects\Assignment2_StockAnalysis\Data-20250430T011355Z-1-001\Data\data\2024-03,BHARTIARTL,1236.1,2024-03-22 05:30:00,1245.0,1222.0,2024-03,1226.95,7840007
C:\Users\v-dhramaraj\Desktop\Python\Projects\Assignment2_StockAnalysis\Data-20250430T011355Z-1-001\Data\data\2024-03,BHARTIARTL,1213.1,2024-03-26 05:30:00,1234.0,1210.0,2024-03,1225.0,10898138
C:\Users\v-dhramaraj\Desktop\Python\Projects\Assignment2_StockAnalysis\Data-20250430T011355Z-1-001\Data\data\2024-03,BHARTIARTL,1224.8,2024-03-27 05:30:00,1228.25,1210.55,2024-03,1210.55,5779169
C:\Users\v-dhramaraj\Desktop\Python\Projects\Assignment2_StockAnalysis\Data-20250430T011355Z-1-001\Data\data\2024-03,BHARTIARTL,1228.6,2024-03-28 05:30:00,1238.5,1220.3,2024-03,1226.95,10518377
C:\Users\v-dhramaraj\Desktop\Python\Projects\Assignment2_StockAnalysis\Data-20250430T011355Z-1-001\Data\data\2024-04,BHARTIARTL,1217.35,2024-04-01 05:30:00,1231.9,1208.0,2024-04,1228.0,5461473
C:\Users\v-dhramaraj\Desktop\Python\Projects\Assignment2_StockAnalysis\Data-20250430T011355Z-1-001\Data\data\2024-04,BHARTIARTL,1208.25,2024-04-02 05:30:00,1227.75,1203.2,2024-04,1225.0,3625577
C:\Users\v-dhramaraj\Desktop\Python\Projects\Assignment2_StockAnalysis\Data-20250430T011355Z-1-001\Data\data\2024-04,BHARTIARTL,1225.7,2024-04-03 05:30:00,1240.6,1189.45,2024-04,1195.0,9532291
C:\Users\v-dhramaraj\Desktop\Python\Projects\Assignment2_StockAnalysis\Data-20250430T011355Z-1-001\Data\data\2024-04,BHARTIARTL,1206.85,2024-04-04 05:30:00,1233.0,1201.3,2024-04,1231.95,7327626
C:\Users\v-dhramaraj\Desktop\Python\Projects\Assignment2_StockAnalysis\Data-20250430T011355Z-1-001\Data\data\2024-04,BHARTIARTL,1191.0,2024-04-05 05:30:00,1211.35,1188.95,2024-04,1205.9,4227519
C:\Users\v-dhramaraj\Desktop\Python\Projects\Assignment2_StockAnalysis\Data-20250430T011355Z-1-001\Data\data\2024-04,BHARTIARTL,1204.7,2024-04-08 05:30:00,1210.55,1183.1,2024-04,1188.0,4827733
C:\Users\v-dhramaraj\Desktop\Python\Projects\Assignment2_StockAnalysis\Data-20250430T011355Z-1-001\Data\data\2024-04,BHARTIARTL,1204.45,2024-04-09 05:30:00,1214.95,1198.3,2024-04,1214.95,3372798
C:\Users\v-dhramaraj\Desktop\Python\Projects\Assignment2_StockAnalysis\Data-20250430T011355Z-1-001\Data\data\2024-04,BHARTIARTL,1229.4,2024-04-10 05:30:00,1230.7,1208.75,2024-04,1213.25,6442196
C:\Users\v-dhramaraj\Desktop\Python\Projects\Assignment2_StockAnalysis\Data-20250430T011355Z-1-001\Data\data\2024-04,BHARTIARTL,1225.55,2024-04-12 05:30:00,1231.85,1219.55,2024-04,1226.1,7877073
C:\Users\v-dhramaraj\Desktop\Python\Projects\Assignment2_StockAnalysis\Data-20250430T011355Z-1-001\Data\data\2024-04,BHARTIARTL,1224.55,2024-04-15 05:30:00,1235.0,1210.35,2024-04,1210.6,4281602
C:\Users\v-dhramaraj\Desktop\Python\Projects\Assignment2_StockAnalysis\Data-20250430T011355Z-1-001\Data\data\2024-04,BHARTIARTL,1216.45,2024-04-16 05:30:00,1233.95,1212.05,2024-04,1223.9,5235632
C:\Users\v-dhramaraj\Desktop\Python\Projects\Assignment2_StockAnalysis\Data-20250430T011355Z-1-001\Data\data\2024-04,BHARTIARTL,1265.75,2024-04-18 05:30:00,1281.85,1215.8,2024-04,1220.0,19939924
C:\Users\v-dhramaraj\Desktop\Python\Projects\Assignment2_StockAnalysis\Data-20250430T011355Z-1-001\Data\data\2024-04,BHARTIARTL,1289.0,2024-04-19 05:30:00,1296.5,1253.35,2024-04,1280.0,13103862
C:\Users\v-dhramaraj\Desktop\Python\Projects\Assignment2_StockAnalysis\Data-20250430T011355Z-1-001\Data\data\2024-04,BHARTIARTL,1297.55,2024-04-22 05:30:00,1305.4,1288.25,2024-04,1304.0,7894656
C:\Users\v-dhramaraj\Desktop\Python\Projects\Assignment2_StockAnalysis\Data-20250430T011355Z-1-001\Data\data\2024-04,BHARTIARTL,1342.35,2024-04-23 05:30:00,1351.0,1302.1,2024-04,1310.0,12074766
C:\Users\v-dhramaraj\Desktop\Python\Projects\Assignment2_StockAnalysis\Data-20250430T011355Z-1-001\Data\data\2024-04,BHARTIARTL,1336.4,2024-04-24 05:30:00,1354.0,1333.55,2024-04,1352.0,6277492
C:\Users\v-dhramaraj\Desktop\Python\Projects\Assignment2_StockAnalysis\Data-20250430T011355Z-1-001\Data\data\2024-04,BHARTIARTL,1338.7,2024-04-25 05:30:00,1343.8,1324.35,2024-04,1331.0,8512627
C:\Users\v-dhramaraj\Desktop\Python\Projects\Assignment2_StockAnalysis\Data-20250430T011355Z-1-001\Data\data\2024-04,BHARTIARTL,1326.0,2024-04-26 05:30:00,1345.7,1322.0,2024-04,1338.0,5289771
C:\Users\v-dhramaraj\Desktop\Python\Projects\Assignment2_StockAnalysis\Data-20250430T011355Z-1-001\Data\data\2024-04,BHARTIARTL,1332.45,2024-04-29 05:30:00,1346.0,1320.0,2024-04,1324.5,3195888
C:\Users\v-dhramaraj\Desktop\Python\Projects\Assignment2_StockAnalysis\Data-20250430T011355Z-1-001\Data\data\2024-04,BHARTIARTL,1322.3,2024-04-30 05:30:00,1334.8,1319.95,2024-04,1323.15,5272565
C:\Users\v-dhramaraj\Desktop\Python\Projects\Assignment2_StockAnalysis\Data-20250430T011355Z-1-001\Data\data\2024-05,BHARTIARTL,1304.05,2024-05-02 05:30:00,1319.9,1293.6,2024-05,1315.25,7995432
C:\Users\v-dhramaraj\Desktop\Python\Projects\Assignment2_StockAnalysis\Data-20250430T011355Z-1-001\Data\data\2024-05,BHARTIARTL,1277.4,2024-05-03 05:30:00,1310.5,1258.15,2024-05,1306.0,11290875
C:\Users\v-dhramaraj\Desktop\Python\Projects\Assignment2_StockAnalysis\Data-20250430T011355Z-1-001\Data\data\2024-05,BHARTIARTL,1283.4,2024-05-06 05:30:00,1298.45,1273.2,2024-05,1275.0,5555467
C:\Users\v-dhramaraj\Desktop\Python\Projects\Assignment2_StockAnalysis\Data-20250430T011355Z-1-001\Data\data\2024-05,BHARTIARTL,1286.15,2024-05-07 05:30:00,1294.45,1271.0,2024-05,1286.35,5767030
C:\Users\v-dhramaraj\Desktop\Python\Projects\Assignment2_StockAnalysis\Data-20250430T011355Z-1-001\Data\data\2024-05,BHARTIARTL,1288.6,2024-05-08 05:30:00,1299.4,1274.7,2024-05,1276.15,2682816
C:\Users\v-dhramaraj\Desktop\Python\Projects\Assignment2_StockAnalysis\Data-20250430T011355Z-1-001\Data\data\2024-05,BHARTIARTL,1275.45,2024-05-09 05:30:00,1295.3,1270.05,2024-05,1283.0,4809145
C:\Users\v-dhramaraj\Desktop\Python\Projects\Assignment2_StockAnalysis\Data-20250430T011355Z-1-001\Data\data\2024-05,BHARTIARTL,1301.15,2024-05-10 05:30:00,1308.5,1271.75,2024-05,1275.05,5532513
C:\Users\v-dhramaraj\Desktop\Python\Projects\Assignment2_StockAnalysis\Data-20250430T011355Z-1-001\Data\data\2024-05,BHARTIARTL,1285.95,2024-05-13 05:30:00,1302.9,1281.4,2024-05,1301.15,3703942
C:\Users\v-dhramaraj\Desktop\Python\Projects\Assignment2_StockAnalysis\Data-20250430T011355Z-1-001\Data\data\2024-05,BHARTIARTL,1284.3,2024-05-14 05:30:00,1299.9,1280.7,2024-05,1290.55,3262908
C:\Users\v-dhramaraj\Desktop\Python\Projects\Assignment2_StockAnalysis\Data-20250430T011355Z-1-001\Data\data\2024-05,BHARTIARTL,1309.9,2024-05-15 05:30:00,1318.25,1280.5,2024-05,1281.55,6891004
C:\Users\v-dhramaraj\Desktop\Python\Projects\Assignment2_StockAnalysis\Data-20250430T011355Z-1-001\Data\data\2024-05,BHARTIARTL,1345.1,2024-05-16 05:30:00,1356.85,1321.3,2024-05,1328.0,11932181
C:\Users\v-dhramaraj\Desktop\Python\Projects\Assignment2_StockAnalysis\Data-20250430T011355Z-1-001\Data\data\2024-05,BHARTIARTL,1344.45,2024-05-17 05:30:00,1360.0,1339.25,2024-05,1353.6,6614017
C:\Users\v-dhramaraj\Desktop\Python\Projects\Assignment2_StockAnalysis\Data-20250430T011355Z-1-001\Data\data\2024-05,BHARTIARTL,1347.75,2024-05-18 05:30:00,1351.0,1341.45,2024-05,1347.95,149406
C:\Users\v-dhramaraj\Desktop\Python\Projects\Assignment2_StockAnalysis\Data-20250430T011355Z-1-001\Data\data\2024-05,BHARTIARTL,1344.3,2024-05-21 05:30:00,1362.75,1335.75,2024-05,1356.0,5422220
C:\Users\v-dhramaraj\Desktop\Python\Projects\Assignment2_StockAnalysis\Data-20250430T011355Z-1-001\Data\data\2024-05,BHARTIARTL,1347.9,2024-05-22 05:30:00,1351.0,1329.55,2024-05,1342.15,3026723
C:\Users\v-dhramaraj\Desktop\Python\Projects\Assignment2_StockAnalysis\Data-20250430T011355Z-1-001\Data\data\2024-05,BHARTIARTL,1374.05,2024-05-23 05:30:00,1377.3,1344.3,2024-05,1350.75,7147341
C:\Users\v-dhramaraj\Desktop\Python\Projects\Assignment2_StockAnalysis\Data-20250430T011355Z-1-001\Data\data\2024-05,BHARTIARTL,1388.5,2024-05-24 05:30:00,1397.75,1374.05,2024-05,1375.5,5622368
C:\Users\v-dhramaraj\Desktop\Python\Projects\Assignment2_StockAnalysis\Data-20250430T011355Z-1-001\Data\data\2024-05,BHARTIARTL,1384.35,2024-05-27 05:30:00,1407.0,1378.0,2024-05,1396.0,6553974
C:\Users\v-dhramaraj\Desktop\Python\Projects\Assignment2_StockAnalysis\Data-20250430T011355Z-1-001\Data\data\2024-05,BHARTIARTL,1371.05,2024-05-28 05:30:00,1386.95,1366.9,2024-05,1384.8,2068963
C:\Users\v-dhramaraj\Desktop\Python\Projects\Assignment2_StockAnalysis\Data-20250430T011355Z-1-001\Data\data\2024-05,BHARTIARTL,1377.1,2024-05-29 05:30:00,1390.25,1355.5,2024-05,1355.5,4445083
C:\Users\v-dhramaraj\Desktop\Python\Projects\Assignment2_StockAnalysis\Data-20250430T011355Z-1-001\Data\data\2024-05,BHARTIARTL,1377.15,2024-05-30 05:30:00,1386.45,1363.5,2024-05,1378.8,7100303
C:\Users\v-dhramaraj\Desktop\Python\Projects\Assignment2_StockAnalysis\Data-20250430T011355Z-1-001\Data\data\2024-05,BHARTIARTL,1372.75,2024-05-31 05:30:00,1388.0,1338.0,2024-05,1380.0,24825643
C:\Users\v-dhramaraj\Desktop\Python\Projects\Assignment2_StockAnalysis\Data-20250430T011355Z-1-001\Data\data\2024-06,BHARTIARTL,1391.1,2024-06-03 05:30:00,1420.45,1385.0,2024-06,1415.3,6017122
C:\Users\v-dhramaraj\Desktop\Python\Projects\Assignment2_StockAnalysis\Data-20250430T011355Z-1-001\Data\data\2024-06,BHARTIARTL,1299.7,2024-06-04 05:30:00,1397.0,1219.05,2024-06,1391.1,19924421
C:\Users\v-dhramaraj\Desktop\Python\Projects\Assignment2_StockAnalysis\Data-20250430T011355Z-1-001\Data\data\2024-06,BHARTIARTL,1344.35,2024-06-05 05:30:00,1348.75,1279.85,2024-06,1325.65,12175520
C:\Users\v-dhramaraj\Desktop\Python\Projects\Assignment2_StockAnalysis\Data-20250430T011355Z-1-001\Data\data\2024-06,BHARTIARTL,1370.6,2024-06-06 05:30:00,1376.25,1329.0,2024-06,1359.0,10279789
C:\Users\v-dhramaraj\Desktop\Python\Projects\Assignment2_StockAnalysis\Data-20250430T011355Z-1-001\Data\data\2024-06,BHARTIARTL,1425.25,2024-06-07 05:30:00,1430.65,1363.15,2024-06,1370.6,12280748
C:\Users\v-dhramaraj\Desktop\Python\Projects\Assignment2_StockAnalysis\Data-20250430T011355Z-1-001\Data\data\2024-06,BHARTIARTL,1426.05,2024-06-10 05:30:00,1436.65,1421.05,2024-06,1421.05,5318477
C:\Users\v-dhramaraj\Desktop\Python\Projects\Assignment2_StockAnalysis\Data-20250430T011355Z-1-001\Data\data\2024-06,BHARTIARTL,1427.25,2024-06-11 05:30:00,1434.6,1413.0,2024-06,1426.0,4416792
C:\Users\v-dhramaraj\Desktop\Python\Projects\Assignment2_StockAnalysis\Data-20250430T011355Z-1-001\Data\data\2024-06,BHARTIARTL,1438.4,2024-06-12 05:30:00,1447.85,1422.1,2024-06,1425.0,4876138
C:\Users\v-dhramaraj\Desktop\Python\Projects\Assignment2_StockAnalysis\Data-20250430T011355Z-1-001\Data\data\2024-06,BHARTIARTL,1425.75,2024-06-13 05:30:00,1455.95,1420.45,2024-06,1449.0,7990376
C:\Users\v-dhramaraj\Desktop\Python\Projects\Assignment2_StockAnalysis\Data-20250430T011355Z-1-001\Data\data\2024-06,BHARTIARTL,1427.4,2024-06-14 05:30:00,1434.0,1420.95,2024-06,1434.0,3978442
C:\Users\v-dhramaraj\Desktop\Python\Projects\Assignment2_StockAnalysis\Data-20250430T011355Z-1-001\Data\data\2024-06,BHARTIARTL,1428.35,2024-06-18 05:30:00,1444.0,1418.0,2024-06,1444.0,8671131
C:\Users\v-dhramaraj\Desktop\Python\Projects\Assignment2_StockAnalysis\Data-20250430T011355Z-1-001\Data\data\2024-06,BHARTIARTL,1392.35,2024-06-19 05:30:00,1434.8,1388.3,2024-06,1433.95,8640918
C:\Users\v-dhramaraj\Desktop\Python\Projects\Assignment2_StockAnalysis\Data-20250430T011355Z-1-001\Data\data\2024-06,BHARTIARTL,1381.15,2024-06-20 05:30:00,1406.95,1376.25,2024-06,1405.95,8742855
C:\Users\v-dhramaraj\Desktop\Python\Projects\Assignment2_StockAnalysis\Data-20250430T011355Z-1-001\Data\data\2024-06,BHARTIARTL,1416.05,2024-06-21 05:30:00,1423.95,1372.85,2024-06,1384.95,43929578
C:\Users\v-dhramaraj\Desktop\Python\Projects\Assignment2_StockAnalysis\Data-20250430T011355Z-1-001\Data\data\2024-06,BHARTIARTL,1419.8,2024-06-24 05:30:00,1423.8,1389.35,2024-06,1402.0,6195831
C:\Users\v-dhramaraj\Desktop\Python\Projects\Assignment2_StockAnalysis\Data-20250430T011355Z-1-001\Data\data\2024-06,BHARTIARTL,1414.95,2024-06-25 05:30:00,1434.0,1409.85,2024-06,1434.0,6353748
C:\Users\v-dhramaraj\Desktop\Python\Projects\Assignment2_StockAnalysis\Data-20250430T011355Z-1-001\Data\data\2024-06,BHARTIARTL,1459.5,2024-06-26 05:30:00,1479.95,1408.95,2024-06,1414.95,9579826
C:\Users\v-dhramaraj\Desktop\Python\Projects\Assignment2_StockAnalysis\Data-20250430T011355Z-1-001\Data\data\2024-06,BHARTIARTL,1475.8,2024-06-27 05:30:00,1489.0,1440.05,2024-06,1464.0,19675528
C:\Users\v-dhramaraj\Desktop\Python\Projects\Assignment2_StockAnalysis\Data-20250430T011355Z-1-001\Data\data\2024-06,BHARTIARTL,1444.05,2024-06-28 05:30:00,1536.25,1436.65,2024-06,1536.25,29145832
C:\Users\v-dhramaraj\Desktop\Python\Projects\Assignment2_StockAnalysis\Data-20250430T011355Z-1-001\Data\data\2024-07,BHARTIARTL,1454.0,2024-07-01 05:30:00,1466.8,1449.25,2024-07,1450.0,6011806
C:\Users\v-dhramaraj\Desktop\Python\Projects\Assignment2_StockAnalysis\Data-20250430T011355Z-1-001\Data\data\2024-07,BHARTIARTL,1418.95,2024-07-02 05:30:00,1473.4,1417.0,2024-07,1462.0,7792632
C:\Users\v-dhramaraj\Desktop\Python\Projects\Assignment2_StockAnalysis\Data-20250430T011355Z-1-001\Data\data\2024-07,BHARTIARTL,1419.85,2024-07-03 05:30:00,1432.4,1408.45,2024-07,1427.95,8261388
C:\Users\v-dhramaraj\Desktop\Python\Projects\Assignment2_StockAnalysis\Data-20250430T011355Z-1-001\Data\data\2024-07,BHARTIARTL,1423.05,2024-07-04 05:30:00,1441.1,1411.5,2024-07,1418.0,9570938
C:\Users\v-dhramaraj\Desktop\Python\Projects\Assignment2_StockAnalysis\Data-20250430T011355Z-1-001\Data\data\2024-07,BHARTIARTL,1429.7,2024-07-05 05:30:00,1433.6,1416.85,2024-07,1422.5,4881198
C:\Users\v-dhramaraj\Desktop\Python\Projects\Assignment2_StockAnalysis\Data-20250430T011355Z-1-001\Data\data\2024-07,BHARTIARTL,1435.15,2024-07-08 05:30:00,1438.85,1423.15,2024-07,1431.0,3261797
C:\Users\v-dhramaraj\Desktop\Python\Projects\Assignment2_StockAnalysis\Data-20250430T011355Z-1-001\Data\data\2024-07,BHARTIARTL,1435.55,2024-07-09 05:30:00,1441.65,1428.15,2024-07,1436.0,2897480
C:\Users\v-dhramaraj\Desktop\Python\Projects\Assignment2_StockAnalysis\Data-20250430T011355Z-1-001\Data\data\2024-07,BHARTIARTL,1445.05,2024-07-10 05:30:00,1448.75,1426.15,2024-07,1441.0,3416762
C:\Users\v-dhramaraj\Desktop\Python\Projects\Assignment2_StockAnalysis\Data-20250430T011355Z-1-001\Data\data\2024-07,BHARTIARTL,1437.95,2024-07-11 05:30:00,1450.85,1428.0,2024-07,1450.0,4178558
C:\Users\v-dhramaraj\Desktop\Python\Projects\Assignment2_StockAnalysis\Data-20250430T011355Z-1-001\Data\data\2024-07,BHARTIARTL,1433.25,2024-07-12 05:30:00,1447.6,1421.45,2024-07,1442.0,6342135
C:\Users\v-dhramaraj\Desktop\Python\Projects\Assignment2_StockAnalysis\Data-20250430T011355Z-1-001\Data\data\2024-07,BHARTIARTL,1437.6,2024-07-15 05:30:00,1440.0,1426.05,2024-07,1433.25,3324806
C:\Users\v-dhramaraj\Desktop\Python\Projects\Assignment2_StockAnalysis\Data-20250430T011355Z-1-001\Data\data\2024-07,BHARTIARTL,1466.5,2024-07-16 05:30:00,1473.3,1445.0,2024-07,1452.0,6967651
C:\Users\v-dhramaraj\Desktop\Python\Projects\Assignment2_StockAnalysis\Data-20250430T011355Z-1-001\Data\data\2024-07,BHARTIARTL,1483.65,2024-07-18 05:30:00,1485.95,1459.05,2024-07,1466.0,6470342
C:\Users\v-dhramaraj\Desktop\Python\Projects\Assignment2_StockAnalysis\Data-20250430T011355Z-1-001\Data\data\2024-07,BHARTIARTL,1461.75,2024-07-19 05:30:00,1480.0,1451.95,2024-07,1480.0,3858596
C:\Users\v-dhramaraj\Desktop\Python\Projects\Assignment2_StockAnalysis\Data-20250430T011355Z-1-001\Data\data\2024-07,BHARTIARTL,1465.4,2024-07-22 05:30:00,1472.0,1449.05,2024-07,1450.0,3560584
C:\Users\v-dhramaraj\Desktop\Python\Projects\Assignment2_StockAnalysis\Data-20250430T011355Z-1-001\Data\data\2024-07,BHARTIARTL,1465.7,2024-07-23 05:30:00,1470.0,1428.45,2024-07,1470.0,2936143
C:\Users\v-dhramaraj\Desktop\Python\Projects\Assignment2_StockAnalysis\Data-20250430T011355Z-1-001\Data\data\2024-07,BHARTIARTL,1455.2,2024-07-24 05:30:00,1475.6,1436.55,2024-07,1466.0,4529339
C:\Users\v-dhramaraj\Desktop\Python\Projects\Assignment2_StockAnalysis\Data-20250430T011355Z-1-001\Data\data\2024-07,BHARTIARTL,1449.15,2024-07-25 05:30:00,1454.0,1440.1,2024-07,1445.0,4277756
C:\Users\v-dhramaraj\Desktop\Python\Projects\Assignment2_StockAnalysis\Data-20250430T011355Z-1-001\Data\data\2024-07,BHARTIARTL,1514.4,2024-07-26 05:30:00,1520.0,1449.15,2024-07,1450.25,9564987
C:\Users\v-dhramaraj\Desktop\Python\Projects\Assignment2_StockAnalysis\Data-20250430T011355Z-1-001\Data\data\2024-07,BHARTIARTL,1481.35,2024-07-29 05:30:00,1525.0,1477.05,2024-07,1525.0,4589313
C:\Users\v-dhramaraj\Desktop\Python\Projects\Assignment2_StockAnalysis\Data-20250430T011355Z-1-001\Data\data\2024-07,BHARTIARTL,1470.35,2024-07-30 05:30:00,1484.9,1464.05,2024-07,1484.4,4263689
C:\Users\v-dhramaraj\Desktop\Python\Projects\Assignment2_StockAnalysis\Data-20250430T011355Z-1-001\Data\data\2024-07,BHARTIARTL,1491.55,2024-07-31 05:30:00,1504.15,1473.15,2024-07,1477.85,5634305
C:\Users\v-dhramaraj\Desktop\Python\Projects\Assignment2_StockAnalysis\Data-20250430T011355Z-1-001\Data\data\2024-08,BHARTIARTL,1505.5,2024-08-01 05:30:00,1511.0,1485.0,2024-08,1485.0,4531379
C:\Users\v-dhramaraj\Desktop\Python\Projects\Assignment2_StockAnalysis\Data-20250430T011355Z-1-001\Data\data\2024-08,BHARTIARTL,1493.8,2024-08-02 05:30:00,1505.15,1483.6,2024-08,1494.1,3335905
C:\Users\v-dhramaraj\Desktop\Python\Projects\Assignment2_StockAnalysis\Data-20250430T011355Z-1-001\Data\data\2024-08,BHARTIARTL,1465.7,2024-08-05 05:30:00,1488.0,1451.5,2024-08,1482.0,5111901
C:\Users\v-dhramaraj\Desktop\Python\Projects\Assignment2_StockAnalysis\Data-20250430T011355Z-1-001\Data\data\2024-08,BHARTIARTL,1443.55,2024-08-06 05:30:00,1492.9,1431.1,2024-08,1483.1,8249573
C:\Users\v-dhramaraj\Desktop\Python\Projects\Assignment2_StockAnalysis\Data-20250430T011355Z-1-001\Data\data\2024-08,BHARTIARTL,1441.75,2024-08-07 05:30:00,1454.9,1422.6,2024-08,1452.0,5700734
C:\Users\v-dhramaraj\Desktop\Python\Projects\Assignment2_StockAnalysis\Data-20250430T011355Z-1-001\Data\data\2024-08,BHARTIARTL,1451.8,2024-08-08 05:30:00,1466.5,1430.0,2024-08,1435.0,5986360
C:\Users\v-dhramaraj\Desktop\Python\Projects\Assignment2_StockAnalysis\Data-20250430T011355Z-1-001\Data\data\2024-08,BHARTIARTL,1464.1,2024-08-09 05:30:00,1482.0,1457.3,2024-08,1465.0,3615910
C:\Users\v-dhramaraj\Desktop\Python\Projects\Assignment2_StockAnalysis\Data-20250430T011355Z-1-001\Data\data\2024-08,BHARTIARTL,1458.6,2024-08-12 05:30:00,1477.5,1445.0,2024-08,1466.0,4028226
C:\Users\v-dhramaraj\Desktop\Python\Projects\Assignment2_StockAnalysis\Data-20250430T011355Z-1-001\Data\data\2024-08,BHARTIARTL,1459.7,2024-08-13 05:30:00,1478.4,1450.35,2024-08,1468.0,4495208
C:\Users\v-dhramaraj\Desktop\Python\Projects\Assignment2_StockAnalysis\Data-20250430T011355Z-1-001\Data\data\2024-08,BHARTIARTL,1471.7,2024-08-14 05:30:00,1480.1,1453.1,2024-08,1453.1,5891784
C:\Users\v-dhramaraj\Desktop\Python\Projects\Assignment2_StockAnalysis\Data-20250430T011355Z-1-001\Data\data\2024-08,BHARTIARTL,1483.55,2024-08-16 05:30:00,1491.0,1468.1,2024-08,1480.0,7176426
C:\Users\v-dhramaraj\Desktop\Python\Projects\Assignment2_StockAnalysis\Data-20250430T011355Z-1-001\Data\data\2024-08,BHARTIARTL,1469.65,2024-08-19 05:30:00,1489.1,1464.3,2024-08,1487.0,4404075
C:\Users\v-dhramaraj\Desktop\Python\Projects\Assignment2_StockAnalysis\Data-20250430T011355Z-1-001\Data\data\2024-08,BHARTIARTL,1449.15,2024-08-20 05:30:00,1484.75,1446.5,2024-08,1480.0,10046892
C:\Users\v-dhramaraj\Desktop\Python\Projects\Assignment2_StockAnalysis\Data-20250430T011355Z-1-001\Data\data\2024-08,BHARTIARTL,1463.45,2024-08-21 05:30:00,1466.6,1447.7,2024-08,1453.0,6175510
C:\Users\v-dhramaraj\Desktop\Python\Projects\Assignment2_StockAnalysis\Data-20250430T011355Z-1-001\Data\data\2024-08,BHARTIARTL,1486.35,2024-08-22 05:30:00,1499.9,1465.0,2024-08,1473.7,6781325
C:\Users\v-dhramaraj\Desktop\Python\Projects\Assignment2_StockAnalysis\Data-20250430T011355Z-1-001\Data\data\2024-08,BHARTIARTL,1506.75,2024-08-23 05:30:00,1510.0,1479.35,2024-08,1493.0,6238112
C:\Users\v-dhramaraj\Desktop\Python\Projects\Assignment2_StockAnalysis\Data-20250430T011355Z-1-001\Data\data\2024-08,BHARTIARTL,1513.55,2024-08-26 05:30:00,1520.7,1505.0,2024-08,1509.0,4307432
C:\Users\v-dhramaraj\Desktop\Python\Projects\Assignment2_StockAnalysis\Data-20250430T011355Z-1-001\Data\data\2024-08,BHARTIARTL,1522.75,2024-08-27 05:30:00,1526.35,1502.0,2024-08,1518.0,3965066
C:\Users\v-dhramaraj\Desktop\Python\Projects\Assignment2_StockAnalysis\Data-20250430T011355Z-1-001\Data\data\2024-08,BHARTIARTL,1556.35,2024-08-28 05:30:00,1564.5,1521.65,2024-08,1527.95,6225319
C:\Users\v-dhramaraj\Desktop\Python\Projects\Assignment2_StockAnalysis\Data-20250430T011355Z-1-001\Data\data\2024-08,BHARTIARTL,1565.9,2024-08-29 05:30:00,1571.7,1545.95,2024-08,1565.0,8036748
C:\Users\v-dhramaraj\Desktop\Python\Projects\Assignment2_StockAnalysis\Data-20250430T011355Z-1-001\Data\data\2024-08,BHARTIARTL,1589.05,2024-08-30 05:30:00,1608.4,1561.6,2024-08,1576.0,37820442
C:\Users\v-dhramaraj\Desktop\Python\Projects\Assignment2_StockAnalysis\Data-20250430T011355Z-1-001\Data\data\2024-09,BHARTIARTL,1571.35,2024-09-02 05:30:00,1605.0,1565.5,2024-09,1605.0,4890314
C:\Users\v-dhramaraj\Desktop\Python\Projects\Assignment2_StockAnalysis\Data-20250430T011355Z-1-001\Data\data\2024-09,BHARTIARTL,1560.6,2024-09-03 05:30:00,1579.0,1558.6,2024-09,1579.0,4546295
C:\Users\v-dhramaraj\Desktop\Python\Projects\Assignment2_StockAnalysis\Data-20250430T011355Z-1-001\Data\data\2024-09,BHARTIARTL,1561.9,2024-09-04 05:30:00,1566.0,1542.0,2024-09,1558.0,5213811
C:\Users\v-dhramaraj\Desktop\Python\Projects\Assignment2_StockAnalysis\Data-20250430T011355Z-1-001\Data\data\2024-09,BHARTIARTL,1547.2,2024-09-05 05:30:00,1563.0,1541.5,2024-09,1559.0,5652812
C:\Users\v-dhramaraj\Desktop\Python\Projects\Assignment2_StockAnalysis\Data-20250430T011355Z-1-001\Data\data\2024-09,BHARTIARTL,1539.25,2024-09-06 05:30:00,1555.6,1530.2,2024-09,1552.8,5497805
C:\Users\v-dhramaraj\Desktop\Python\Projects\Assignment2_StockAnalysis\Data-20250430T011355Z-1-001\Data\data\2024-09,BHARTIARTL,1542.65,2024-09-09 05:30:00,1546.75,1523.25,2024-09,1523.25,3912508
C:\Users\v-dhramaraj\Desktop\Python\Projects\Assignment2_StockAnalysis\Data-20250430T011355Z-1-001\Data\data\2024-09,BHARTIARTL,1577.85,2024-09-10 05:30:00,1586.0,1545.15,2024-09,1545.15,6163457
C:\Users\v-dhramaraj\Desktop\Python\Projects\Assignment2_StockAnalysis\Data-20250430T011355Z-1-001\Data\data\2024-09,BHARTIARTL,1577.8,2024-09-11 05:30:00,1598.9,1574.45,2024-09,1578.45,5994914
C:\Users\v-dhramaraj\Desktop\Python\Projects\Assignment2_StockAnalysis\Data-20250430T011355Z-1-001\Data\data\2024-09,BHARTIARTL,1646.75,2024-09-12 05:30:00,1652.8,1590.1,2024-09,1596.15,12204496
C:\Users\v-dhramaraj\Desktop\Python\Projects\Assignment2_StockAnalysis\Data-20250430T011355Z-1-001\Data\data\2024-09,BHARTIARTL,1634.45,2024-09-13 05:30:00,1654.9,1631.05,2024-09,1651.0,5609618
C:\Users\v-dhramaraj\Desktop\Python\Projects\Assignment2_StockAnalysis\Data-20250430T011355Z-1-001\Data\data\2024-09,BHARTIARTL,1635.45,2024-09-16 05:30:00,1652.95,1630.1,2024-09,1634.45,3762063
C:\Users\v-dhramaraj\Desktop\Python\Projects\Assignment2_StockAnalysis\Data-20250430T011355Z-1-001\Data\data\2024-09,BHARTIARTL,1661.75,2024-09-17 05:30:00,1666.05,1638.5,2024-09,1650.0,4223072
C:\Users\v-dhramaraj\Desktop\Python\Projects\Assignment2_StockAnalysis\Data-20250430T011355Z-1-001\Data\data\2024-09,BHARTIARTL,1654.9,2024-09-18 05:30:00,1670.95,1647.85,2024-09,1655.2,3171195
C:\Users\v-dhramaraj\Desktop\Python\Projects\Assignment2_StockAnalysis\Data-20250430T011355Z-1-001\Data\data\2024-09,BHARTIARTL,1664.85,2024-09-19 05:30:00,1711.7,1647.7,2024-09,1647.7,8498240
C:\Users\v-dhramaraj\Desktop\Python\Projects\Assignment2_StockAnalysis\Data-20250430T011355Z-1-001\Data\data\2024-09,BHARTIARTL,1711.75,2024-09-20 05:30:00,1723.4,1666.0,2024-09,1671.0,21646275
C:\Users\v-dhramaraj\Desktop\Python\Projects\Assignment2_StockAnalysis\Data-20250430T011355Z-1-001\Data\data\2024-09,BHARTIARTL,1750.45,2024-09-23 05:30:00,1754.25,1719.0,2024-09,1719.0,5001827
C:\Users\v-dhramaraj\Desktop\Python\Projects\Assignment2_StockAnalysis\Data-20250430T011355Z-1-001\Data\data\2024-09,BHARTIARTL,1756.65,2024-09-24 05:30:00,1767.55,1746.1,2024-09,1752.0,7579205
C:\Users\v-dhramaraj\Desktop\Python\Projects\Assignment2_StockAnalysis\Data-20250430T011355Z-1-001\Data\data\2024-09,BHARTIARTL,1760.4,2024-09-25 05:30:00,1766.9,1745.0,2024-09,1755.55,4017103
C:\Users\v-dhramaraj\Desktop\Python\Projects\Assignment2_StockAnalysis\Data-20250430T011355Z-1-001\Data\data\2024-09,BHARTIARTL,1771.1,2024-09-26 05:30:00,1779.0,1746.15,2024-09,1770.0,7417423
C:\Users\v-dhramaraj\Desktop\Python\Projects\Assignment2_StockAnalysis\Data-20250430T011355Z-1-001\Data\data\2024-09,BHARTIARTL,1734.6,2024-09-27 05:30:00,1763.45,1722.5,2024-09,1755.2,7116861
C:\Users\v-dhramaraj\Desktop\Python\Projects\Assignment2_StockAnalysis\Data-20250430T011355Z-1-001\Data\data\2024-09,BHARTIARTL,1709.55,2024-09-30 05:30:00,1733.0,1704.2,2024-09,1714.0,6907288
C:\Users\v-dhramaraj\Desktop\Python\Projects\Assignment2_StockAnalysis\Data-20250430T011355Z-1-001\Data\data\2024-10,BHARTIARTL,1698.7,2024-10-01 05:30:00,1722.85,1696.0,2024-10,1705.0,3649090
C:\Users\v-dhramaraj\Desktop\Python\Projects\Assignment2_StockAnalysis\Data-20250430T011355Z-1-001\Data\data\2024-10,BHARTIARTL,1673.45,2024-10-03 05:30:00,1695.0,1665.0,2024-10,1665.0,7200276
C:\Users\v-dhramaraj\Desktop\Python\Projects\Assignment2_StockAnalysis\Data-20250430T011355Z-1-001\Data\data\2024-10,BHARTIARTL,1640.9,2024-10-04 05:30:00,1686.7,1630.15,2024-10,1670.05,8576527
C:\Users\v-dhramaraj\Desktop\Python\Projects\Assignment2_StockAnalysis\Data-20250430T011355Z-1-001\Data\data\2024-10,BHARTIARTL,1662.05,2024-10-07 05:30:00,1670.0,1642.45,2024-10,1651.0,5387707
C:\Users\v-dhramaraj\Desktop\Python\Projects\Assignment2_StockAnalysis\Data-20250430T011355Z-1-001\Data\data\2024-10,BHARTIARTL,1657.45,2024-10-08 05:30:00,1679.5,1652.0,2024-10,1662.6,5224335
C:\Users\v-dhramaraj\Desktop\Python\Projects\Assignment2_StockAnalysis\Data-20250430T011355Z-1-001\Data\data\2024-10,BHARTIARTL,1678.1,2024-10-09 05:30:00,1704.6,1661.05,2024-10,1666.75,3414614
C:\Users\v-dhramaraj\Desktop\Python\Projects\Assignment2_StockAnalysis\Data-20250430T011355Z-1-001\Data\data\2024-10,BHARTIARTL,1678.1,2024-10-10 05:30:00,1698.95,1665.0,2024-10,1686.6,5047657
C:\Users\v-dhramaraj\Desktop\Python\Projects\Assignment2_StockAnalysis\Data-20250430T011355Z-1-001\Data\data\2024-10,BHARTIARTL,1687.4,2024-10-11 05:30:00,1690.25,1658.65,2024-10,1678.1,2367678
C:\Users\v-dhramaraj\Desktop\Python\Projects\Assignment2_StockAnalysis\Data-20250430T011355Z-1-001\Data\data\2024-10,BHARTIARTL,1695.6,2024-10-14 05:30:00,1710.05,1679.35,2024-10,1686.0,2069815
C:\Users\v-dhramaraj\Desktop\Python\Projects\Assignment2_StockAnalysis\Data-20250430T011355Z-1-001\Data\data\2024-10,BHARTIARTL,1717.25,2024-10-15 05:30:00,1732.75,1699.95,2024-10,1708.0,5891334
C:\Users\v-dhramaraj\Desktop\Python\Projects\Assignment2_StockAnalysis\Data-20250430T011355Z-1-001\Data\data\2024-10,BHARTIARTL,1733.95,2024-10-16 05:30:00,1742.25,1717.1,2024-10,1720.0,3299887
C:\Users\v-dhramaraj\Desktop\Python\Projects\Assignment2_StockAnalysis\Data-20250430T011355Z-1-001\Data\data\2024-10,BHARTIARTL,1701.15,2024-10-17 05:30:00,1737.95,1694.4,2024-10,1736.75,4373392
C:\Users\v-dhramaraj\Desktop\Python\Projects\Assignment2_StockAnalysis\Data-20250430T011355Z-1-001\Data\data\2024-10,BHARTIARTL,1707.85,2024-10-18 05:30:00,1716.1,1685.2,2024-10,1710.0,4154915
C:\Users\v-dhramaraj\Desktop\Python\Projects\Assignment2_StockAnalysis\Data-20250430T011355Z-1-001\Data\data\2024-10,BHARTIARTL,1692.55,2024-10-21 05:30:00,1708.95,1662.0,2024-10,1705.55,3836168
C:\Users\v-dhramaraj\Desktop\Python\Projects\Assignment2_StockAnalysis\Data-20250430T011355Z-1-001\Data\data\2024-10,BHARTIARTL,1692.25,2024-10-22 05:30:00,1712.9,1687.35,2024-10,1692.0,3070057
C:\Users\v-dhramaraj\Desktop\Python\Projects\Assignment2_StockAnalysis\Data-20250430T011355Z-1-001\Data\data\2024-10,BHARTIARTL,1685.8,2024-10-23 05:30:00,1701.35,1680.1,2024-10,1690.0,2764757
C:\Users\v-dhramaraj\Desktop\Python\Projects\Assignment2_StockAnalysis\Data-20250430T011355Z-1-001\Data\data\2024-10,BHARTIARTL,1678.45,2024-10-24 05:30:00,1693.0,1657.4,2024-10,1687.0,3669575
C:\Users\v-dhramaraj\Desktop\Python\Projects\Assignment2_StockAnalysis\Data-20250430T011355Z-1-001\Data\data\2024-10,BHARTIARTL,1666.0,2024-10-25 05:30:00,1684.75,1655.85,2024-10,1681.1,3434386
C:\Users\v-dhramaraj\Desktop\Python\Projects\Assignment2_StockAnalysis\Data-20250430T011355Z-1-001\Data\data\2024-10,BHARTIARTL,1663.35,2024-10-28 05:30:00,1677.85,1645.65,2024-10,1658.15,2811651
C:\Users\v-dhramaraj\Desktop\Python\Projects\Assignment2_StockAnalysis\Data-20250430T011355Z-1-001\Data\data\2024-10,BHARTIARTL,1637.1,2024-10-29 05:30:00,1667.95,1610.0,2024-10,1650.5,6990747
C:\Users\v-dhramaraj\Desktop\Python\Projects\Assignment2_StockAnalysis\Data-20250430T011355Z-1-001\Data\data\2024-10,BHARTIARTL,1633.35,2024-10-30 05:30:00,1651.0,1617.8,2024-10,1627.8,4622628
C:\Users\v-dhramaraj\Desktop\Python\Projects\Assignment2_StockAnalysis\Data-20250430T011355Z-1-001\Data\data\2024-10,BHARTIARTL,1612.6,2024-10-31 05:30:00,1638.8,1602.15,2024-10,1634.0,4921681
C:\Users\v-dhramaraj\Desktop\Python\Projects\Assignment2_StockAnalysis\Data-20250430T011355Z-1-001\Data\data\2024-11,BHARTIARTL,1616.45,2024-11-01 05:30:00,1626.35,1605.35,2024-11,1620.0,279441
C:\Users\v-dhramaraj\Desktop\Python\Projects\Assignment2_StockAnalysis\Data-20250430T011355Z-1-001\Data\data\2024-11,BHARTIARTL,1591.25,2024-11-04 05:30:00,1623.85,1573.05,2024-11,1619.15,6094029
C:\Users\v-dhramaraj\Desktop\Python\Projects\Assignment2_StockAnalysis\Data-20250430T011355Z-1-001\Data\data\2024-11,BHARTIARTL,1578.4,2024-11-05 05:30:00,1593.9,1566.0,2024-11,1583.25,6473278
C:\Users\v-dhramaraj\Desktop\Python\Projects\Assignment2_StockAnalysis\Data-20250430T011355Z-1-001\Data\data\2024-11,BHARTIARTL,1598.8,2024-11-06 05:30:00,1610.75,1566.5,2024-11,1583.0,6631728
C:\Users\v-dhramaraj\Desktop\Python\Projects\Assignment2_StockAnalysis\Data-20250430T011355Z-1-001\Data\data\2024-11,BHARTIARTL,1575.8,2024-11-07 05:30:00,1608.55,1569.65,2024-11,1595.95,5160994
C:\Users\v-dhramaraj\Desktop\Python\Projects\Assignment2_StockAnalysis\Data-20250430T011355Z-1-001\Data\data\2024-11,BHARTIARTL,1569.9,2024-11-08 05:30:00,1579.5,1558.85,2024-11,1571.0,3096384
C:\Users\v-dhramaraj\Desktop\Python\Projects\Assignment2_StockAnalysis\Data-20250430T011355Z-1-001\Data\data\2024-11,BHARTIARTL,1560.55,2024-11-11 05:30:00,1581.6,1551.8,2024-11,1561.0,3664301
C:\Users\v-dhramaraj\Desktop\Python\Projects\Assignment2_StockAnalysis\Data-20250430T011355Z-1-001\Data\data\2024-11,BHARTIARTL,1555.65,2024-11-12 05:30:00,1595.0,1550.1,2024-11,1568.8,4479934
C:\Users\v-dhramaraj\Desktop\Python\Projects\Assignment2_StockAnalysis\Data-20250430T011355Z-1-001\Data\data\2024-11,BHARTIARTL,1550.45,2024-11-13 05:30:00,1572.5,1546.35,2024-11,1559.9,5816699
C:\Users\v-dhramaraj\Desktop\Python\Projects\Assignment2_StockAnalysis\Data-20250430T011355Z-1-001\Data\data\2024-11,BHARTIARTL,1550.5,2024-11-14 05:30:00,1568.0,1536.55,2024-11,1550.0,5139154
C:\Users\v-dhramaraj\Desktop\Python\Projects\Assignment2_StockAnalysis\Data-20250430T011355Z-1-001\Data\data\2024-11,BHARTIARTL,1537.0,2024-11-18 05:30:00,1568.95,1529.45,2024-11,1568.95,4816078
C:\Users\v-dhramaraj\Desktop\Python\Projects\Assignment2_StockAnalysis\Data-20250430T011355Z-1-001\Data\data\2024-11,BHARTIARTL,1525.5,2024-11-19 05:30:00,1558.0,1519.3,2024-11,1537.0,6238241
C:\Users\v-dhramaraj\Desktop\Python\Projects\Assignment2_StockAnalysis\Data-20250430T011355Z-1-001\Data\data\2024-11,BHARTIARTL,1525.15,2024-11-21 05:30:00,1542.05,1511.0,2024-11,1538.0,7356679
C:\Users\v-dhramaraj\Desktop\Python\Projects\Assignment2_StockAnalysis\Data-20250430T011355Z-1-001\Data\data\2024-11,BHARTIARTL,1569.3,2024-11-22 05:30:00,1575.0,1520.2,2024-11,1533.0,7640321
