Source Folder,Ticker,close,date,high,low,month,open,volume
C:\Users\v-dhramaraj\Desktop\Python\Projects\Assignment2_StockAnalysis\Data-20250430T011355Z-1-001\Data\data\2023-10,BRITANNIA,4495.45,2023-10-03 05:30:00,4553.25,4486.6,2023-10,4524.8,543482
C:\Users\v-dhramaraj\Desktop\Python\Projects\Assignment2_StockAnalysis\Data-20250430T011355Z-1-001\Data\data\2023-10,BRITANNIA,4532.5,2023-10-04 05:30:00,4540.0,4466.75,2023-10,4490.0,318564
C:\Users\v-dhramaraj\Desktop\Python\Projects\Assignment2_StockAnalysis\Data-20250430T011355Z-1-001\Data\data\2023-10,BRITANNIA,4533.9,2023-10-05 05:30:00,4548.2,4500.0,2023-10,4540.25,302015
C:\Users\v-dhramaraj\Desktop\Python\Projects\Assignment2_StockAnalysis\Data-20250430T011355Z-1-001\Data\data\2023-10,BRITANNIA,4538.45,2023-10-06 05:30:00,4549.45,4515.0,2023-10,4533.85,238131
C:\Users\v-dhramaraj\Desktop\Python\Projects\Assignment2_StockAnalysis\Data-20250430T011355Z-1-001\Data\data\2023-10,BRITANNIA,4522.5,2023-10-09 05:30:00,4535.0,4493.5,2023-10,4511.0,255764
C:\Users\v-dhramaraj\Desktop\Python\Projects\Assignment2_StockAnalysis\Data-20250430T011355Z-1-001\Data\data\2023-10,BRITANNIA,4529.95,2023-10-10 05:30:00,4541.95,4503.0,2023-10,4522.2,222750
C:\Users\v-dhramaraj\Desktop\Python\Projects\Assignment2_StockAnalysis\Data-20250430T011355Z-1-001\Data\data\2023-10,BRITANNIA,4554.95,2023-10-11 05:30:00,4568.95,4520.65,2023-10,4522.0,368192
C:\Users\v-dhramaraj\Desktop\Python\Projects\Assignment2_StockAnalysis\Data-20250430T011355Z-1-001\Data\data\2023-10,BRITANNIA,4560.75,2023-10-12 05:30:00,4591.6,4531.0,2023-10,4582.0,518582
C:\Users\v-dhramaraj\Desktop\Python\Projects\Assignment2_StockAnalysis\Data-20250430T011355Z-1-001\Data\data\2023-10,BRITANNIA,4574.7,2023-10-13 05:30:00,4582.0,4515.0,2023-10,4550.0,445822
C:\Users\v-dhramaraj\Desktop\Python\Projects\Assignment2_StockAnalysis\Data-20250430T011355Z-1-001\Data\data\2023-10,BRITANNIA,4586.05,2023-10-16 05:30:00,4591.45,4555.0,2023-10,4559.95,292118
C:\Users\v-dhramaraj\Desktop\Python\Projects\Assignment2_StockAnalysis\Data-20250430T011355Z-1-001\Data\data\2023-10,BRITANNIA,4600.35,2023-10-17 05:30:00,4609.9,4562.2,2023-10,4586.2,196669
C:\Users\v-dhramaraj\Desktop\Python\Projects\Assignment2_StockAnalysis\Data-20250430T011355Z-1-001\Data\data\2023-10,BRITANNIA,4607.7,2023-10-18 05:30:00,4623.0,4586.25,2023-10,4605.0,217179
C:\Users\v-dhramaraj\Desktop\Python\Projects\Assignment2_StockAnalysis\Data-20250430T011355Z-1-001\Data\data\2023-10,BRITANNIA,4602.45,2023-10-19 05:30:00,4616.0,4561.7,2023-10,4600.05,228881
C:\Users\v-dhramaraj\Desktop\Python\Projects\Assignment2_StockAnalysis\Data-20250430T011355Z-1-001\Data\data\2023-10,BRITANNIA,4580.0,2023-10-20 05:30:00,4608.0,4558.75,2023-10,4603.0,351045
C:\Users\v-dhramaraj\Desktop\Python\Projects\Assignment2_StockAnalysis\Data-20250430T011355Z-1-001\Data\data\2023-10,BRITANNIA,4530.6,2023-10-23 05:30:00,4600.0,4516.35,2023-10,4572.7,203004
C:\Users\v-dhramaraj\Desktop\Python\Projects\Assignment2_StockAnalysis\Data-20250430T011355Z-1-001\Data\data\2023-10,BRITANNIA,4533.75,2023-10-25 05:30:00,4585.6,4470.0,2023-10,4470.0,330082
C:\Users\v-dhramaraj\Desktop\Python\Projects\Assignment2_StockAnalysis\Data-20250430T011355Z-1-001\Data\data\2023-10,BRITANNIA,4507.8,2023-10-26 05:30:00,4524.8,4476.75,2023-10,4517.6,488909
C:\Users\v-dhramaraj\Desktop\Python\Projects\Assignment2_StockAnalysis\Data-20250430T011355Z-1-001\Data\data\2023-10,BRITANNIA,4514.3,2023-10-27 05:30:00,4544.0,4491.0,2023-10,4512.0,382794
C:\Users\v-dhramaraj\Desktop\Python\Projects\Assignment2_StockAnalysis\Data-20250430T011355Z-1-001\Data\data\2023-10,BRITANNIA,4461.6,2023-10-30 05:30:00,4508.7,4441.0,2023-10,4500.0,450526
C:\Users\v-dhramaraj\Desktop\Python\Projects\Assignment2_StockAnalysis\Data-20250430T011355Z-1-001\Data\data\2023-10,BRITANNIA,4426.5,2023-10-31 05:30:00,4479.75,4401.9,2023-10,4460.1,504625
C:\Users\v-dhramaraj\Desktop\Python\Projects\Assignment2_StockAnalysis\Data-20250430T011355Z-1-001\Data\data\2023-11,BRITANNIA,4397.3,2023-11-01 05:30:00,4456.0,4347.7,2023-11,4442.6,395359
C:\Users\v-dhramaraj\Desktop\Python\Projects\Assignment2_StockAnalysis\Data-20250430T011355Z-1-001\Data\data\2023-11,BRITANNIA,4527.25,2023-11-02 05:30:00,4568.8,4454.25,2023-11,4512.1,822845
C:\Users\v-dhramaraj\Desktop\Python\Projects\Assignment2_StockAnalysis\Data-20250430T011355Z-1-001\Data\data\2023-11,BRITANNIA,4539.55,2023-11-03 05:30:00,4582.4,4524.15,2023-11,4528.0,335012
C:\Users\v-dhramaraj\Desktop\Python\Projects\Assignment2_StockAnalysis\Data-20250430T011355Z-1-001\Data\data\2023-11,BRITANNIA,4623.6,2023-11-06 05:30:00,4628.15,4546.05,2023-11,4554.9,205763
C:\Users\v-dhramaraj\Desktop\Python\Projects\Assignment2_StockAnalysis\Data-20250430T011355Z-1-001\Data\data\2023-11,BRITANNIA,4655.2,2023-11-07 05:30:00,4670.0,4590.85,2023-11,4610.1,282612
C:\Users\v-dhramaraj\Desktop\Python\Projects\Assignment2_StockAnalysis\Data-20250430T011355Z-1-001\Data\data\2023-11,BRITANNIA,4670.6,2023-11-08 05:30:00,4686.5,4650.5,2023-11,4670.95,385727
C:\Users\v-dhramaraj\Desktop\Python\Projects\Assignment2_StockAnalysis\Data-20250430T011355Z-1-001\Data\data\2023-11,BRITANNIA,4652.1,2023-11-09 05:30:00,4685.5,4630.5,2023-11,4670.6,208210
C:\Users\v-dhramaraj\Desktop\Python\Projects\Assignment2_StockAnalysis\Data-20250430T011355Z-1-001\Data\data\2023-11,BRITANNIA,4681.95,2023-11-10 05:30:00,4685.85,4621.0,2023-11,4657.45,142336
C:\Users\v-dhramaraj\Desktop\Python\Projects\Assignment2_StockAnalysis\Data-20250430T011355Z-1-001\Data\data\2023-11,BRITANNIA,4676.6,2023-11-12 05:30:00,4699.0,4660.05,2023-11,4694.65,23883
C:\Users\v-dhramaraj\Desktop\Python\Projects\Assignment2_StockAnalysis\Data-20250430T011355Z-1-001\Data\data\2023-11,BRITANNIA,4696.35,2023-11-13 05:30:00,4703.15,4644.0,2023-11,4662.3,260394
C:\Users\v-dhramaraj\Desktop\Python\Projects\Assignment2_StockAnalysis\Data-20250430T011355Z-1-001\Data\data\2023-11,BRITANNIA,4710.8,2023-11-15 05:30:00,4725.0,4667.4,2023-11,4723.0,269650
C:\Users\v-dhramaraj\Desktop\Python\Projects\Assignment2_StockAnalysis\Data-20250430T011355Z-1-001\Data\data\2023-11,BRITANNIA,4702.1,2023-11-16 05:30:00,4729.0,4679.6,2023-11,4710.0,178375
C:\Users\v-dhramaraj\Desktop\Python\Projects\Assignment2_StockAnalysis\Data-20250430T011355Z-1-001\Data\data\2023-11,BRITANNIA,4718.3,2023-11-17 05:30:00,4745.6,4690.1,2023-11,4703.0,138652
C:\Users\v-dhramaraj\Desktop\Python\Projects\Assignment2_StockAnalysis\Data-20250430T011355Z-1-001\Data\data\2023-11,BRITANNIA,4712.0,2023-11-20 05:30:00,4739.45,4690.9,2023-11,4691.25,126069
C:\Users\v-dhramaraj\Desktop\Python\Projects\Assignment2_StockAnalysis\Data-20250430T011355Z-1-001\Data\data\2023-11,BRITANNIA,4699.75,2023-11-21 05:30:00,4730.0,4665.0,2023-11,4730.0,129602
C:\Users\v-dhramaraj\Desktop\Python\Projects\Assignment2_StockAnalysis\Data-20250430T011355Z-1-001\Data\data\2023-11,BRITANNIA,4694.2,2023-11-22 05:30:00,4712.85,4662.75,2023-11,4709.9,72533
C:\Users\v-dhramaraj\Desktop\Python\Projects\Assignment2_StockAnalysis\Data-20250430T011355Z-1-001\Data\data\2023-11,BRITANNIA,4705.8,2023-11-23 05:30:00,4710.95,4678.95,2023-11,4699.0,109775
C:\Users\v-dhramaraj\Desktop\Python\Projects\Assignment2_StockAnalysis\Data-20250430T011355Z-1-001\Data\data\2023-11,BRITANNIA,4644.15,2023-11-24 05:30:00,4715.0,4640.5,2023-11,4705.8,123628
C:\Users\v-dhramaraj\Desktop\Python\Projects\Assignment2_StockAnalysis\Data-20250430T011355Z-1-001\Data\data\2023-11,BRITANNIA,4713.45,2023-11-28 05:30:00,4722.9,4626.0,2023-11,4632.25,182790
C:\Users\v-dhramaraj\Desktop\Python\Projects\Assignment2_StockAnalysis\Data-20250430T011355Z-1-001\Data\data\2023-11,BRITANNIA,4803.65,2023-11-29 05:30:00,4832.1,4701.4,2023-11,4715.95,363702
C:\Users\v-dhramaraj\Desktop\Python\Projects\Assignment2_StockAnalysis\Data-20250430T011355Z-1-001\Data\data\2023-11,BRITANNIA,4852.65,2023-11-30 05:30:00,4875.95,4797.5,2023-11,4815.0,961054
C:\Users\v-dhramaraj\Desktop\Python\Projects\Assignment2_StockAnalysis\Data-20250430T011355Z-1-001\Data\data\2023-12,BRITANNIA,4970.75,2023-12-01 05:30:00,4984.0,4860.05,2023-12,4873.0,485597
C:\Users\v-dhramaraj\Desktop\Python\Projects\Assignment2_StockAnalysis\Data-20250430T011355Z-1-001\Data\data\2023-12,BRITANNIA,4937.75,2023-12-04 05:30:00,4994.95,4915.0,2023-12,4990.0,310152
C:\Users\v-dhramaraj\Desktop\Python\Projects\Assignment2_StockAnalysis\Data-20250430T011355Z-1-001\Data\data\2023-12,BRITANNIA,4948.4,2023-12-05 05:30:00,4975.0,4933.0,2023-12,4937.75,280497
C:\Users\v-dhramaraj\Desktop\Python\Projects\Assignment2_StockAnalysis\Data-20250430T011355Z-1-001\Data\data\2023-12,BRITANNIA,5003.15,2023-12-06 05:30:00,5022.7,4952.3,2023-12,4953.0,295686
C:\Users\v-dhramaraj\Desktop\Python\Projects\Assignment2_StockAnalysis\Data-20250430T011355Z-1-001\Data\data\2023-12,BRITANNIA,5016.0,2023-12-07 05:30:00,5025.0,4963.15,2023-12,5003.15,268095
C:\Users\v-dhramaraj\Desktop\Python\Projects\Assignment2_StockAnalysis\Data-20250430T011355Z-1-001\Data\data\2023-12,BRITANNIA,4942.2,2023-12-08 05:30:00,5060.0,4931.0,2023-12,5024.0,282713
C:\Users\v-dhramaraj\Desktop\Python\Projects\Assignment2_StockAnalysis\Data-20250430T011355Z-1-001\Data\data\2023-12,BRITANNIA,4944.15,2023-12-11 05:30:00,4974.5,4900.05,2023-12,4959.9,147976
C:\Users\v-dhramaraj\Desktop\Python\Projects\Assignment2_StockAnalysis\Data-20250430T011355Z-1-001\Data\data\2023-12,BRITANNIA,4903.05,2023-12-12 05:30:00,4971.45,4875.0,2023-12,4968.0,184238
C:\Users\v-dhramaraj\Desktop\Python\Projects\Assignment2_StockAnalysis\Data-20250430T011355Z-1-001\Data\data\2023-12,BRITANNIA,4919.3,2023-12-13 05:30:00,4928.0,4860.0,2023-12,4910.0,153558
C:\Users\v-dhramaraj\Desktop\Python\Projects\Assignment2_StockAnalysis\Data-20250430T011355Z-1-001\Data\data\2023-12,BRITANNIA,4946.65,2023-12-14 05:30:00,4965.0,4897.0,2023-12,4932.2,174503
C:\Users\v-dhramaraj\Desktop\Python\Projects\Assignment2_StockAnalysis\Data-20250430T011355Z-1-001\Data\data\2023-12,BRITANNIA,4913.9,2023-12-15 05:30:00,4969.85,4880.5,2023-12,4938.0,216579
C:\Users\v-dhramaraj\Desktop\Python\Projects\Assignment2_StockAnalysis\Data-20250430T011355Z-1-001\Data\data\2023-12,BRITANNIA,4879.5,2023-12-18 05:30:00,4925.5,4837.05,2023-12,4913.85,223278
C:\Users\v-dhramaraj\Desktop\Python\Projects\Assignment2_StockAnalysis\Data-20250430T011355Z-1-001\Data\data\2023-12,BRITANNIA,4911.25,2023-12-19 05:30:00,4927.45,4858.7,2023-12,4891.35,200718
C:\Users\v-dhramaraj\Desktop\Python\Projects\Assignment2_StockAnalysis\Data-20250430T011355Z-1-001\Data\data\2023-12,BRITANNIA,4954.95,2023-12-20 05:30:00,5051.95,4916.0,2023-12,4920.0,457942
C:\Users\v-dhramaraj\Desktop\Python\Projects\Assignment2_StockAnalysis\Data-20250430T011355Z-1-001\Data\data\2023-12,BRITANNIA,5059.6,2023-12-21 05:30:00,5113.3,4877.55,2023-12,4930.0,796081
C:\Users\v-dhramaraj\Desktop\Python\Projects\Assignment2_StockAnalysis\Data-20250430T011355Z-1-001\Data\data\2023-12,BRITANNIA,5161.1,2023-12-22 05:30:00,5183.7,5050.05,2023-12,5075.0,582688
C:\Users\v-dhramaraj\Desktop\Python\Projects\Assignment2_StockAnalysis\Data-20250430T011355Z-1-001\Data\data\2023-12,BRITANNIA,5235.95,2023-12-26 05:30:00,5244.5,5146.0,2023-12,5155.0,574310
C:\Users\v-dhramaraj\Desktop\Python\Projects\Assignment2_StockAnalysis\Data-20250430T011355Z-1-001\Data\data\2023-12,BRITANNIA,5216.8,2023-12-27 05:30:00,5245.0,5160.0,2023-12,5242.0,241944
C:\Users\v-dhramaraj\Desktop\Python\Projects\Assignment2_StockAnalysis\Data-20250430T011355Z-1-001\Data\data\2023-12,BRITANNIA,5282.0,2023-12-28 05:30:00,5338.65,5186.75,2023-12,5224.95,655367
C:\Users\v-dhramaraj\Desktop\Python\Projects\Assignment2_StockAnalysis\Data-20250430T011355Z-1-001\Data\data\2023-12,BRITANNIA,5338.45,2023-12-29 05:30:00,5386.05,5238.65,2023-12,5260.55,535691
C:\Users\v-dhramaraj\Desktop\Python\Projects\Assignment2_StockAnalysis\Data-20250430T011355Z-1-001\Data\data\2024-01,BRITANNIA,5319.8,2024-01-01 05:30:00,5349.9,5290.0,2024-01,5339.0,130032
C:\Users\v-dhramaraj\Desktop\Python\Projects\Assignment2_StockAnalysis\Data-20250430T011355Z-1-001\Data\data\2024-01,BRITANNIA,5288.85,2024-01-02 05:30:00,5334.95,5224.1,2024-01,5319.8,193517
C:\Users\v-dhramaraj\Desktop\Python\Projects\Assignment2_StockAnalysis\Data-20250430T011355Z-1-001\Data\data\2024-01,BRITANNIA,5253.8,2024-01-03 05:30:00,5333.9,5240.0,2024-01,5288.85,123303
C:\Users\v-dhramaraj\Desktop\Python\Projects\Assignment2_StockAnalysis\Data-20250430T011355Z-1-001\Data\data\2024-01,BRITANNIA,5361.3,2024-01-04 05:30:00,5375.0,5221.0,2024-01,5253.8,413391
C:\Users\v-dhramaraj\Desktop\Python\Projects\Assignment2_StockAnalysis\Data-20250430T011355Z-1-001\Data\data\2024-01,BRITANNIA,5272.35,2024-01-05 05:30:00,5363.35,5256.0,2024-01,5361.3,299017
C:\Users\v-dhramaraj\Desktop\Python\Projects\Assignment2_StockAnalysis\Data-20250430T011355Z-1-001\Data\data\2024-01,BRITANNIA,5177.35,2024-01-08 05:30:00,5305.0,5171.05,2024-01,5305.0,236628
C:\Users\v-dhramaraj\Desktop\Python\Projects\Assignment2_StockAnalysis\Data-20250430T011355Z-1-001\Data\data\2024-01,BRITANNIA,5122.4,2024-01-09 05:30:00,5210.2,5111.0,2024-01,5199.0,194434
C:\Users\v-dhramaraj\Desktop\Python\Projects\Assignment2_StockAnalysis\Data-20250430T011355Z-1-001\Data\data\2024-01,BRITANNIA,5086.65,2024-01-10 05:30:00,5143.65,5051.5,2024-01,5111.0,191450
C:\Users\v-dhramaraj\Desktop\Python\Projects\Assignment2_StockAnalysis\Data-20250430T011355Z-1-001\Data\data\2024-01,BRITANNIA,5136.7,2024-01-11 05:30:00,5186.4,5076.55,2024-01,5102.9,277823
C:\Users\v-dhramaraj\Desktop\Python\Projects\Assignment2_StockAnalysis\Data-20250430T011355Z-1-001\Data\data\2024-01,BRITANNIA,5151.1,2024-01-12 05:30:00,5250.4,5100.05,2024-01,5149.0,462298
C:\Users\v-dhramaraj\Desktop\Python\Projects\Assignment2_StockAnalysis\Data-20250430T011355Z-1-001\Data\data\2024-01,BRITANNIA,5177.35,2024-01-15 05:30:00,5228.0,5119.0,2024-01,5159.95,400069
C:\Users\v-dhramaraj\Desktop\Python\Projects\Assignment2_StockAnalysis\Data-20250430T011355Z-1-001\Data\data\2024-01,BRITANNIA,5130.6,2024-01-16 05:30:00,5218.0,5107.25,2024-01,5168.4,203028
C:\Users\v-dhramaraj\Desktop\Python\Projects\Assignment2_StockAnalysis\Data-20250430T011355Z-1-001\Data\data\2024-01,BRITANNIA,5061.7,2024-01-17 05:30:00,5135.25,5055.0,2024-01,5115.05,270672
C:\Users\v-dhramaraj\Desktop\Python\Projects\Assignment2_StockAnalysis\Data-20250430T011355Z-1-001\Data\data\2024-01,BRITANNIA,5015.15,2024-01-18 05:30:00,5077.95,4974.2,2024-01,5061.0,514119
C:\Users\v-dhramaraj\Desktop\Python\Projects\Assignment2_StockAnalysis\Data-20250430T011355Z-1-001\Data\data\2024-01,BRITANNIA,5138.65,2024-01-19 05:30:00,5169.65,5012.3,2024-01,5029.0,329252
C:\Users\v-dhramaraj\Desktop\Python\Projects\Assignment2_StockAnalysis\Data-20250430T011355Z-1-001\Data\data\2024-01,BRITANNIA,5166.4,2024-01-20 05:30:00,5245.35,5145.35,2024-01,5164.0,221679
C:\Users\v-dhramaraj\Desktop\Python\Projects\Assignment2_StockAnalysis\Data-20250430T011355Z-1-001\Data\data\2024-01,BRITANNIA,5048.1,2024-01-23 05:30:00,5189.85,4925.9,2024-01,5166.4,491135
C:\Users\v-dhramaraj\Desktop\Python\Projects\Assignment2_StockAnalysis\Data-20250430T011355Z-1-001\Data\data\2024-01,BRITANNIA,5142.25,2024-01-24 05:30:00,5173.65,5030.0,2024-01,5048.1,611741
C:\Users\v-dhramaraj\Desktop\Python\Projects\Assignment2_StockAnalysis\Data-20250430T011355Z-1-001\Data\data\2024-01,BRITANNIA,5141.9,2024-01-25 05:30:00,5236.55,5106.1,2024-01,5150.0,342129
C:\Users\v-dhramaraj\Desktop\Python\Projects\Assignment2_StockAnalysis\Data-20250430T011355Z-1-001\Data\data\2024-01,BRITANNIA,5136.9,2024-01-29 05:30:00,5219.5,5111.2,2024-01,5142.0,275710
C:\Users\v-dhramaraj\Desktop\Python\Projects\Assignment2_StockAnalysis\Data-20250430T011355Z-1-001\Data\data\2024-01,BRITANNIA,5091.75,2024-01-30 05:30:00,5192.9,5081.0,2024-01,5163.3,146422
C:\Users\v-dhramaraj\Desktop\Python\Projects\Assignment2_StockAnalysis\Data-20250430T011355Z-1-001\Data\data\2024-01,BRITANNIA,5198.4,2024-01-31 05:30:00,5220.0,5031.75,2024-01,5091.75,549238
C:\Users\v-dhramaraj\Desktop\Python\Projects\Assignment2_StockAnalysis\Data-20250430T011355Z-1-001\Data\data\2024-02,BRITANNIA,5148.6,2024-02-01 05:30:00,5201.95,5127.1,2024-02,5196.05,344394
C:\Users\v-dhramaraj\Desktop\Python\Projects\Assignment2_StockAnalysis\Data-20250430T011355Z-1-001\Data\data\2024-02,BRITANNIA,5148.85,2024-02-02 05:30:00,5209.0,5131.45,2024-02,5166.75,176167
C:\Users\v-dhramaraj\Desktop\Python\Projects\Assignment2_StockAnalysis\Data-20250430T011355Z-1-001\Data\data\2024-02,BRITANNIA,5124.5,2024-02-05 05:30:00,5239.75,5078.5,2024-02,5169.9,231620
C:\Users\v-dhramaraj\Desktop\Python\Projects\Assignment2_StockAnalysis\Data-20250430T011355Z-1-001\Data\data\2024-02,BRITANNIA,5007.05,2024-02-06 05:30:00,5125.0,4992.55,2024-02,5124.5,336609
C:\Users\v-dhramaraj\Desktop\Python\Projects\Assignment2_StockAnalysis\Data-20250430T011355Z-1-001\Data\data\2024-02,BRITANNIA,5078.25,2024-02-07 05:30:00,5183.9,4925.0,2024-02,5140.0,1258830
C:\Users\v-dhramaraj\Desktop\Python\Projects\Assignment2_StockAnalysis\Data-20250430T011355Z-1-001\Data\data\2024-02,BRITANNIA,4875.55,2024-02-08 05:30:00,5122.4,4833.15,2024-02,5101.0,623680
C:\Users\v-dhramaraj\Desktop\Python\Projects\Assignment2_StockAnalysis\Data-20250430T011355Z-1-001\Data\data\2024-02,BRITANNIA,4971.5,2024-02-09 05:30:00,4978.05,4860.05,2024-02,4875.55,411953
C:\Users\v-dhramaraj\Desktop\Python\Projects\Assignment2_StockAnalysis\Data-20250430T011355Z-1-001\Data\data\2024-02,BRITANNIA,4970.2,2024-02-12 05:30:00,4997.95,4940.75,2024-02,4971.5,158487
C:\Users\v-dhramaraj\Desktop\Python\Projects\Assignment2_StockAnalysis\Data-20250430T011355Z-1-001\Data\data\2024-02,BRITANNIA,4981.6,2024-02-13 05:30:00,5053.4,4940.2,2024-02,4970.2,262011
C:\Users\v-dhramaraj\Desktop\Python\Projects\Assignment2_StockAnalysis\Data-20250430T011355Z-1-001\Data\data\2024-02,BRITANNIA,5010.65,2024-02-14 05:30:00,5025.0,4950.0,2024-02,4967.55,277479
C:\Users\v-dhramaraj\Desktop\Python\Projects\Assignment2_StockAnalysis\Data-20250430T011355Z-1-001\Data\data\2024-02,BRITANNIA,4950.55,2024-02-15 05:30:00,5043.35,4932.85,2024-02,5010.95,189625
C:\Users\v-dhramaraj\Desktop\Python\Projects\Assignment2_StockAnalysis\Data-20250430T011355Z-1-001\Data\data\2024-02,BRITANNIA,4913.7,2024-02-16 05:30:00,4970.55,4894.75,2024-02,4954.0,352139
C:\Users\v-dhramaraj\Desktop\Python\Projects\Assignment2_StockAnalysis\Data-20250430T011355Z-1-001\Data\data\2024-02,BRITANNIA,4925.25,2024-02-19 05:30:00,4948.55,4886.65,2024-02,4919.95,182521
C:\Users\v-dhramaraj\Desktop\Python\Projects\Assignment2_StockAnalysis\Data-20250430T011355Z-1-001\Data\data\2024-02,BRITANNIA,4921.15,2024-02-20 05:30:00,4934.0,4879.1,2024-02,4910.15,129279
C:\Users\v-dhramaraj\Desktop\Python\Projects\Assignment2_StockAnalysis\Data-20250430T011355Z-1-001\Data\data\2024-02,BRITANNIA,4923.0,2024-02-21 05:30:00,4988.3,4888.0,2024-02,4934.75,235932
C:\Users\v-dhramaraj\Desktop\Python\Projects\Assignment2_StockAnalysis\Data-20250430T011355Z-1-001\Data\data\2024-02,BRITANNIA,4956.95,2024-02-22 05:30:00,4968.0,4860.0,2024-02,4924.95,255308
C:\Users\v-dhramaraj\Desktop\Python\Projects\Assignment2_StockAnalysis\Data-20250430T011355Z-1-001\Data\data\2024-02,BRITANNIA,4936.35,2024-02-23 05:30:00,4970.4,4912.1,2024-02,4956.95,115910
C:\Users\v-dhramaraj\Desktop\Python\Projects\Assignment2_StockAnalysis\Data-20250430T011355Z-1-001\Data\data\2024-02,BRITANNIA,4901.9,2024-02-26 05:30:00,4957.0,4891.6,2024-02,4949.95,78084
C:\Users\v-dhramaraj\Desktop\Python\Projects\Assignment2_StockAnalysis\Data-20250430T011355Z-1-001\Data\data\2024-02,BRITANNIA,4904.35,2024-02-27 05:30:00,4939.55,4879.0,2024-02,4879.0,434014
C:\Users\v-dhramaraj\Desktop\Python\Projects\Assignment2_StockAnalysis\Data-20250430T011355Z-1-001\Data\data\2024-02,BRITANNIA,4887.8,2024-02-28 05:30:00,4916.1,4867.2,2024-02,4894.35,96877
C:\Users\v-dhramaraj\Desktop\Python\Projects\Assignment2_StockAnalysis\Data-20250430T011355Z-1-001\Data\data\2024-02,BRITANNIA,4965.2,2024-02-29 05:30:00,4980.9,4828.85,2024-02,4885.05,447941
C:\Users\v-dhramaraj\Desktop\Python\Projects\Assignment2_StockAnalysis\Data-20250430T011355Z-1-001\Data\data\2024-03,BRITANNIA,4927.7,2024-03-01 05:30:00,4986.7,4914.15,2024-03,4965.2,316277
C:\Users\v-dhramaraj\Desktop\Python\Projects\Assignment2_StockAnalysis\Data-20250430T011355Z-1-001\Data\data\2024-03,BRITANNIA,4922.55,2024-03-02 05:30:00,4998.95,4902.35,2024-03,4927.75,5987
C:\Users\v-dhramaraj\Desktop\Python\Projects\Assignment2_StockAnalysis\Data-20250430T011355Z-1-001\Data\data\2024-03,BRITANNIA,4838.9,2024-03-04 05:30:00,4942.45,4833.5,2024-03,4906.0,307520
C:\Users\v-dhramaraj\Desktop\Python\Projects\Assignment2_StockAnalysis\Data-20250430T011355Z-1-001\Data\data\2024-03,BRITANNIA,4825.65,2024-03-05 05:30:00,4867.45,4811.0,2024-03,4839.05,156956
C:\Users\v-dhramaraj\Desktop\Python\Projects\Assignment2_StockAnalysis\Data-20250430T011355Z-1-001\Data\data\2024-03,BRITANNIA,4880.75,2024-03-06 05:30:00,4887.8,4788.75,2024-03,4839.0,190965
C:\Users\v-dhramaraj\Desktop\Python\Projects\Assignment2_StockAnalysis\Data-20250430T011355Z-1-001\Data\data\2024-03,BRITANNIA,4889.15,2024-03-07 05:30:00,4902.0,4835.1,2024-03,4870.0,216747
C:\Users\v-dhramaraj\Desktop\Python\Projects\Assignment2_StockAnalysis\Data-20250430T011355Z-1-001\Data\data\2024-03,BRITANNIA,4937.4,2024-03-11 05:30:00,4957.65,4871.1,2024-03,4894.05,295000
C:\Users\v-dhramaraj\Desktop\Python\Projects\Assignment2_StockAnalysis\Data-20250430T011355Z-1-001\Data\data\2024-03,BRITANNIA,4869.15,2024-03-12 05:30:00,4940.0,4852.8,2024-03,4935.7,140625
C:\Users\v-dhramaraj\Desktop\Python\Projects\Assignment2_StockAnalysis\Data-20250430T011355Z-1-001\Data\data\2024-03,BRITANNIA,4856.65,2024-03-13 05:30:00,4975.0,4822.0,2024-03,4892.6,410729
C:\Users\v-dhramaraj\Desktop\Python\Projects\Assignment2_StockAnalysis\Data-20250430T011355Z-1-001\Data\data\2024-03,BRITANNIA,4938.9,2024-03-14 05:30:00,4952.95,4783.0,2024-03,4853.25,240217
C:\Users\v-dhramaraj\Desktop\Python\Projects\Assignment2_StockAnalysis\Data-20250430T011355Z-1-001\Data\data\2024-03,BRITANNIA,4974.2,2024-03-15 05:30:00,5008.7,4912.0,2024-03,4917.45,491571
C:\Users\v-dhramaraj\Desktop\Python\Projects\Assignment2_StockAnalysis\Data-20250430T011355Z-1-001\Data\data\2024-03,BRITANNIA,4980.0,2024-03-18 05:30:00,5014.0,4960.0,2024-03,4980.0,143928
C:\Users\v-dhramaraj\Desktop\Python\Projects\Assignment2_StockAnalysis\Data-20250430T011355Z-1-001\Data\data\2024-03,BRITANNIA,4816.95,2024-03-19 05:30:00,4999.95,4800.0,2024-03,4999.0,265081
C:\Users\v-dhramaraj\Desktop\Python\Projects\Assignment2_StockAnalysis\Data-20250430T011355Z-1-001\Data\data\2024-03,BRITANNIA,4802.9,2024-03-20 05:30:00,4832.85,4760.0,2024-03,4822.1,300159
C:\Users\v-dhramaraj\Desktop\Python\Projects\Assignment2_StockAnalysis\Data-20250430T011355Z-1-001\Data\data\2024-03,BRITANNIA,4806.7,2024-03-21 05:30:00,4824.0,4767.8,2024-03,4812.5,449591
C:\Users\v-dhramaraj\Desktop\Python\Projects\Assignment2_StockAnalysis\Data-20250430T011355Z-1-001\Data\data\2024-03,BRITANNIA,4865.0,2024-03-22 05:30:00,4892.95,4784.9,2024-03,4800.0,264787
C:\Users\v-dhramaraj\Desktop\Python\Projects\Assignment2_StockAnalysis\Data-20250430T011355Z-1-001\Data\data\2024-03,BRITANNIA,4961.45,2024-03-26 05:30:00,4975.0,4740.7,2024-03,4748.4,554559
C:\Users\v-dhramaraj\Desktop\Python\Projects\Assignment2_StockAnalysis\Data-20250430T011355Z-1-001\Data\data\2024-03,BRITANNIA,4920.2,2024-03-27 05:30:00,4980.0,4880.0,2024-03,4960.0,327107
C:\Users\v-dhramaraj\Desktop\Python\Projects\Assignment2_StockAnalysis\Data-20250430T011355Z-1-001\Data\data\2024-03,BRITANNIA,4911.25,2024-03-28 05:30:00,4971.2,4864.6,2024-03,4942.3,648795
C:\Users\v-dhramaraj\Desktop\Python\Projects\Assignment2_StockAnalysis\Data-20250430T011355Z-1-001\Data\data\2024-04,BRITANNIA,4895.2,2024-04-01 05:30:00,4960.7,4883.75,2024-04,4929.95,181877
C:\Users\v-dhramaraj\Desktop\Python\Projects\Assignment2_StockAnalysis\Data-20250430T011355Z-1-001\Data\data\2024-04,BRITANNIA,4899.95,2024-04-02 05:30:00,4914.9,4870.0,2024-04,4910.0,93480
C:\Users\v-dhramaraj\Desktop\Python\Projects\Assignment2_StockAnalysis\Data-20250430T011355Z-1-001\Data\data\2024-04,BRITANNIA,4834.6,2024-04-03 05:30:00,4896.95,4806.0,2024-04,4870.0,246246
C:\Users\v-dhramaraj\Desktop\Python\Projects\Assignment2_StockAnalysis\Data-20250430T011355Z-1-001\Data\data\2024-04,BRITANNIA,4813.6,2024-04-04 05:30:00,4855.0,4780.6,2024-04,4839.95,372526
C:\Users\v-dhramaraj\Desktop\Python\Projects\Assignment2_StockAnalysis\Data-20250430T011355Z-1-001\Data\data\2024-04,BRITANNIA,4813.05,2024-04-05 05:30:00,4847.6,4791.6,2024-04,4813.6,189143
C:\Users\v-dhramaraj\Desktop\Python\Projects\Assignment2_StockAnalysis\Data-20250430T011355Z-1-001\Data\data\2024-04,BRITANNIA,4826.8,2024-04-08 05:30:00,4841.0,4781.0,2024-04,4825.05,235219
C:\Users\v-dhramaraj\Desktop\Python\Projects\Assignment2_StockAnalysis\Data-20250430T011355Z-1-001\Data\data\2024-04,BRITANNIA,4794.7,2024-04-09 05:30:00,4850.0,4783.4,2024-04,4850.0,180114
C:\Users\v-dhramaraj\Desktop\Python\Projects\Assignment2_StockAnalysis\Data-20250430T011355Z-1-001\Data\data\2024-04,BRITANNIA,4808.7,2024-04-10 05:30:00,4818.55,4747.55,2024-04,4818.5,509880
C:\Users\v-dhramaraj\Desktop\Python\Projects\Assignment2_StockAnalysis\Data-20250430T011355Z-1-001\Data\data\2024-04,BRITANNIA,4751.75,2024-04-12 05:30:00,4820.85,4745.0,2024-04,4818.0,620568
C:\Users\v-dhramaraj\Desktop\Python\Projects\Assignment2_StockAnalysis\Data-20250430T011355Z-1-001\Data\data\2024-04,BRITANNIA,4761.9,2024-04-15 05:30:00,4777.1,4692.85,2024-04,4745.0,421873
C:\Users\v-dhramaraj\Desktop\Python\Projects\Assignment2_StockAnalysis\Data-20250430T011355Z-1-001\Data\data\2024-04,BRITANNIA,4740.7,2024-04-16 05:30:00,4772.5,4691.3,2024-04,4748.0,516581
C:\Users\v-dhramaraj\Desktop\Python\Projects\Assignment2_StockAnalysis\Data-20250430T011355Z-1-001\Data\data\2024-04,BRITANNIA,4695.0,2024-04-18 05:30:00,4758.7,4666.6,2024-04,4745.0,670722
C:\Users\v-dhramaraj\Desktop\Python\Projects\Assignment2_StockAnalysis\Data-20250430T011355Z-1-001\Data\data\2024-04,BRITANNIA,4668.3,2024-04-19 05:30:00,4698.0,4641.0,2024-04,4682.05,424834
C:\Users\v-dhramaraj\Desktop\Python\Projects\Assignment2_StockAnalysis\Data-20250430T011355Z-1-001\Data\data\2024-04,BRITANNIA,4753.3,2024-04-22 05:30:00,4763.9,4662.3,2024-04,4673.9,321925
C:\Users\v-dhramaraj\Desktop\Python\Projects\Assignment2_StockAnalysis\Data-20250430T011355Z-1-001\Data\data\2024-04,BRITANNIA,4797.8,2024-04-23 05:30:00,4812.0,4723.05,2024-04,4756.0,279440
C:\Users\v-dhramaraj\Desktop\Python\Projects\Assignment2_StockAnalysis\Data-20250430T011355Z-1-001\Data\data\2024-04,BRITANNIA,4828.95,2024-04-24 05:30:00,4840.0,4781.0,2024-04,4797.0,412282
C:\Users\v-dhramaraj\Desktop\Python\Projects\Assignment2_StockAnalysis\Data-20250430T011355Z-1-001\Data\data\2024-04,BRITANNIA,4844.15,2024-04-25 05:30:00,4859.0,4747.5,2024-04,4816.15,509266
C:\Users\v-dhramaraj\Desktop\Python\Projects\Assignment2_StockAnalysis\Data-20250430T011355Z-1-001\Data\data\2024-04,BRITANNIA,4800.45,2024-04-26 05:30:00,4861.0,4793.0,2024-04,4844.05,205462
C:\Users\v-dhramaraj\Desktop\Python\Projects\Assignment2_StockAnalysis\Data-20250430T011355Z-1-001\Data\data\2024-04,BRITANNIA,4799.85,2024-04-29 05:30:00,4825.6,4776.0,2024-04,4815.0,147362
C:\Users\v-dhramaraj\Desktop\Python\Projects\Assignment2_StockAnalysis\Data-20250430T011355Z-1-001\Data\data\2024-04,BRITANNIA,4775.95,2024-04-30 05:30:00,4825.0,4765.1,2024-04,4799.0,489132
C:\Users\v-dhramaraj\Desktop\Python\Projects\Assignment2_StockAnalysis\Data-20250430T011355Z-1-001\Data\data\2024-05,BRITANNIA,4759.65,2024-05-02 05:30:00,4812.0,4750.05,2024-05,4789.95,356664
C:\Users\v-dhramaraj\Desktop\Python\Projects\Assignment2_StockAnalysis\Data-20250430T011355Z-1-001\Data\data\2024-05,BRITANNIA,4744.6,2024-05-03 05:30:00,4781.1,4707.9,2024-05,4781.1,262493
C:\Users\v-dhramaraj\Desktop\Python\Projects\Assignment2_StockAnalysis\Data-20250430T011355Z-1-001\Data\data\2024-05,BRITANNIA,5061.6,2024-05-06 05:30:00,5205.45,4802.2,2024-05,4818.95,2837757
C:\Users\v-dhramaraj\Desktop\Python\Projects\Assignment2_StockAnalysis\Data-20250430T011355Z-1-001\Data\data\2024-05,BRITANNIA,5173.85,2024-05-07 05:30:00,5219.9,5048.8,2024-05,5057.95,1156073
C:\Users\v-dhramaraj\Desktop\Python\Projects\Assignment2_StockAnalysis\Data-20250430T011355Z-1-001\Data\data\2024-05,BRITANNIA,5228.4,2024-05-08 05:30:00,5248.45,5123.85,2024-05,5151.0,323414
C:\Users\v-dhramaraj\Desktop\Python\Projects\Assignment2_StockAnalysis\Data-20250430T011355Z-1-001\Data\data\2024-05,BRITANNIA,5070.1,2024-05-09 05:30:00,5248.0,5045.0,2024-05,5228.05,379667
C:\Users\v-dhramaraj\Desktop\Python\Projects\Assignment2_StockAnalysis\Data-20250430T011355Z-1-001\Data\data\2024-05,BRITANNIA,5066.8,2024-05-10 05:30:00,5118.2,4971.75,2024-05,5070.1,223289
C:\Users\v-dhramaraj\Desktop\Python\Projects\Assignment2_StockAnalysis\Data-20250430T011355Z-1-001\Data\data\2024-05,BRITANNIA,5130.55,2024-05-13 05:30:00,5170.0,5055.0,2024-05,5074.95,323879
C:\Users\v-dhramaraj\Desktop\Python\Projects\Assignment2_StockAnalysis\Data-20250430T011355Z-1-001\Data\data\2024-05,BRITANNIA,5140.8,2024-05-14 05:30:00,5161.5,5035.0,2024-05,5130.55,205585
C:\Users\v-dhramaraj\Desktop\Python\Projects\Assignment2_StockAnalysis\Data-20250430T011355Z-1-001\Data\data\2024-05,BRITANNIA,5064.0,2024-05-15 05:30:00,5164.75,5053.45,2024-05,5149.55,166198
C:\Users\v-dhramaraj\Desktop\Python\Projects\Assignment2_StockAnalysis\Data-20250430T011355Z-1-001\Data\data\2024-05,BRITANNIA,5137.75,2024-05-16 05:30:00,5150.0,5017.5,2024-05,5064.15,312988
C:\Users\v-dhramaraj\Desktop\Python\Projects\Assignment2_StockAnalysis\Data-20250430T011355Z-1-001\Data\data\2024-05,BRITANNIA,5086.8,2024-05-17 05:30:00,5139.9,5065.0,2024-05,5139.9,116594
C:\Users\v-dhramaraj\Desktop\Python\Projects\Assignment2_StockAnalysis\Data-20250430T011355Z-1-001\Data\data\2024-05,BRITANNIA,5096.05,2024-05-18 05:30:00,5114.75,5040.1,2024-05,5090.15,12240
C:\Users\v-dhramaraj\Desktop\Python\Projects\Assignment2_StockAnalysis\Data-20250430T011355Z-1-001\Data\data\2024-05,BRITANNIA,5178.1,2024-05-21 05:30:00,5191.0,5045.05,2024-05,5046.0,376474
C:\Users\v-dhramaraj\Desktop\Python\Projects\Assignment2_StockAnalysis\Data-20250430T011355Z-1-001\Data\data\2024-05,BRITANNIA,5267.4,2024-05-22 05:30:00,5302.5,5195.0,2024-05,5219.8,748236
C:\Users\v-dhramaraj\Desktop\Python\Projects\Assignment2_StockAnalysis\Data-20250430T011355Z-1-001\Data\data\2024-05,BRITANNIA,5281.15,2024-05-23 05:30:00,5293.75,5187.9,2024-05,5261.15,423256
C:\Users\v-dhramaraj\Desktop\Python\Projects\Assignment2_StockAnalysis\Data-20250430T011355Z-1-001\Data\data\2024-05,BRITANNIA,5240.7,2024-05-24 05:30:00,5285.15,5219.0,2024-05,5260.1,268208
C:\Users\v-dhramaraj\Desktop\Python\Projects\Assignment2_StockAnalysis\Data-20250430T011355Z-1-001\Data\data\2024-05,BRITANNIA,5212.25,2024-05-27 05:30:00,5265.0,5127.25,2024-05,5265.0,329998
C:\Users\v-dhramaraj\Desktop\Python\Projects\Assignment2_StockAnalysis\Data-20250430T011355Z-1-001\Data\data\2024-05,BRITANNIA,5250.55,2024-05-28 05:30:00,5285.4,5180.55,2024-05,5209.0,259151
C:\Users\v-dhramaraj\Desktop\Python\Projects\Assignment2_StockAnalysis\Data-20250430T011355Z-1-001\Data\data\2024-05,BRITANNIA,5229.8,2024-05-29 05:30:00,5268.0,5200.0,2024-05,5202.0,286144
C:\Users\v-dhramaraj\Desktop\Python\Projects\Assignment2_StockAnalysis\Data-20250430T011355Z-1-001\Data\data\2024-05,BRITANNIA,5198.55,2024-05-30 05:30:00,5242.1,5173.0,2024-05,5202.1,357619
C:\Users\v-dhramaraj\Desktop\Python\Projects\Assignment2_StockAnalysis\Data-20250430T011355Z-1-001\Data\data\2024-05,BRITANNIA,5179.8,2024-05-31 05:30:00,5221.0,5110.65,2024-05,5208.0,651525
C:\Users\v-dhramaraj\Desktop\Python\Projects\Assignment2_StockAnalysis\Data-20250430T011355Z-1-001\Data\data\2024-06,BRITANNIA,5167.8,2024-06-03 05:30:00,5300.0,5160.0,2024-06,5300.0,199328
C:\Users\v-dhramaraj\Desktop\Python\Projects\Assignment2_StockAnalysis\Data-20250430T011355Z-1-001\Data\data\2024-06,BRITANNIA,5325.1,2024-06-04 05:30:00,5414.4,5127.05,2024-06,5205.55,989039
C:\Users\v-dhramaraj\Desktop\Python\Projects\Assignment2_StockAnalysis\Data-20250430T011355Z-1-001\Data\data\2024-06,BRITANNIA,5486.65,2024-06-05 05:30:00,5725.0,5325.0,2024-06,5325.1,1188965
C:\Users\v-dhramaraj\Desktop\Python\Projects\Assignment2_StockAnalysis\Data-20250430T011355Z-1-001\Data\data\2024-06,BRITANNIA,5440.45,2024-06-06 05:30:00,5514.1,5311.45,2024-06,5465.0,629293
C:\Users\v-dhramaraj\Desktop\Python\Projects\Assignment2_StockAnalysis\Data-20250430T011355Z-1-001\Data\data\2024-06,BRITANNIA,5463.55,2024-06-07 05:30:00,5470.0,5395.0,2024-06,5431.65,226777
C:\Users\v-dhramaraj\Desktop\Python\Projects\Assignment2_StockAnalysis\Data-20250430T011355Z-1-001\Data\data\2024-06,BRITANNIA,5488.4,2024-06-10 05:30:00,5560.75,5406.1,2024-06,5465.0,306665
C:\Users\v-dhramaraj\Desktop\Python\Projects\Assignment2_StockAnalysis\Data-20250430T011355Z-1-001\Data\data\2024-06,BRITANNIA,5517.75,2024-06-11 05:30:00,5606.75,5500.0,2024-06,5500.0,476899
C:\Users\v-dhramaraj\Desktop\Python\Projects\Assignment2_StockAnalysis\Data-20250430T011355Z-1-001\Data\data\2024-06,BRITANNIA,5439.3,2024-06-12 05:30:00,5568.0,5431.0,2024-06,5550.55,279376
C:\Users\v-dhramaraj\Desktop\Python\Projects\Assignment2_StockAnalysis\Data-20250430T011355Z-1-001\Data\data\2024-06,BRITANNIA,5379.45,2024-06-13 05:30:00,5449.95,5341.7,2024-06,5439.6,434594
C:\Users\v-dhramaraj\Desktop\Python\Projects\Assignment2_StockAnalysis\Data-20250430T011355Z-1-001\Data\data\2024-06,BRITANNIA,5393.65,2024-06-14 05:30:00,5450.0,5375.6,2024-06,5397.55,149569
C:\Users\v-dhramaraj\Desktop\Python\Projects\Assignment2_StockAnalysis\Data-20250430T011355Z-1-001\Data\data\2024-06,BRITANNIA,5395.85,2024-06-18 05:30:00,5435.0,5375.3,2024-06,5419.8,155277
C:\Users\v-dhramaraj\Desktop\Python\Projects\Assignment2_StockAnalysis\Data-20250430T011355Z-1-001\Data\data\2024-06,BRITANNIA,5360.65,2024-06-19 05:30:00,5422.85,5350.0,2024-06,5416.0,135179
C:\Users\v-dhramaraj\Desktop\Python\Projects\Assignment2_StockAnalysis\Data-20250430T011355Z-1-001\Data\data\2024-06,BRITANNIA,5378.45,2024-06-20 05:30:00,5400.0,5319.0,2024-06,5360.65,296418
C:\Users\v-dhramaraj\Desktop\Python\Projects\Assignment2_StockAnalysis\Data-20250430T011355Z-1-001\Data\data\2024-06,BRITANNIA,5330.3,2024-06-21 05:30:00,5389.85,5317.5,2024-06,5369.1,244120
C:\Users\v-dhramaraj\Desktop\Python\Projects\Assignment2_StockAnalysis\Data-20250430T011355Z-1-001\Data\data\2024-06,BRITANNIA,5297.75,2024-06-24 05:30:00,5330.0,5250.0,2024-06,5315.0,463385
C:\Users\v-dhramaraj\Desktop\Python\Projects\Assignment2_StockAnalysis\Data-20250430T011355Z-1-001\Data\data\2024-06,BRITANNIA,5352.05,2024-06-25 05:30:00,5370.0,5289.2,2024-06,5297.8,160890
C:\Users\v-dhramaraj\Desktop\Python\Projects\Assignment2_StockAnalysis\Data-20250430T011355Z-1-001\Data\data\2024-06,BRITANNIA,5421.7,2024-06-26 05:30:00,5434.55,5319.05,2024-06,5352.05,221391
C:\Users\v-dhramaraj\Desktop\Python\Projects\Assignment2_StockAnalysis\Data-20250430T011355Z-1-001\Data\data\2024-06,BRITANNIA,5430.3,2024-06-27 05:30:00,5450.0,5382.15,2024-06,5388.8,357573
C:\Users\v-dhramaraj\Desktop\Python\Projects\Assignment2_StockAnalysis\Data-20250430T011355Z-1-001\Data\data\2024-06,BRITANNIA,5475.55,2024-06-28 05:30:00,5490.0,5416.25,2024-06,5435.0,215576
C:\Users\v-dhramaraj\Desktop\Python\Projects\Assignment2_StockAnalysis\Data-20250430T011355Z-1-001\Data\data\2024-07,BRITANNIA,5476.5,2024-07-01 05:30:00,5489.15,5431.05,2024-07,5475.05,223560
C:\Users\v-dhramaraj\Desktop\Python\Projects\Assignment2_StockAnalysis\Data-20250430T011355Z-1-001\Data\data\2024-07,BRITANNIA,5401.65,2024-07-02 05:30:00,5500.0,5384.3,2024-07,5500.0,163333
C:\Users\v-dhramaraj\Desktop\Python\Projects\Assignment2_StockAnalysis\Data-20250430T011355Z-1-001\Data\data\2024-07,BRITANNIA,5449.1,2024-07-03 05:30:00,5498.0,5389.8,2024-07,5421.75,211361
C:\Users\v-dhramaraj\Desktop\Python\Projects\Assignment2_StockAnalysis\Data-20250430T011355Z-1-001\Data\data\2024-07,BRITANNIA,5426.25,2024-07-04 05:30:00,5487.35,5397.55,2024-07,5454.95,138170
C:\Users\v-dhramaraj\Desktop\Python\Projects\Assignment2_StockAnalysis\Data-20250430T011355Z-1-001\Data\data\2024-07,BRITANNIA,5546.8,2024-07-05 05:30:00,5554.5,5433.95,2024-07,5445.95,172330
C:\Users\v-dhramaraj\Desktop\Python\Projects\Assignment2_StockAnalysis\Data-20250430T011355Z-1-001\Data\data\2024-07,BRITANNIA,5568.55,2024-07-08 05:30:00,5615.95,5534.05,2024-07,5555.0,171210
C:\Users\v-dhramaraj\Desktop\Python\Projects\Assignment2_StockAnalysis\Data-20250430T011355Z-1-001\Data\data\2024-07,BRITANNIA,5668.85,2024-07-09 05:30:00,5705.0,5583.05,2024-07,5700.0,389812
C:\Users\v-dhramaraj\Desktop\Python\Projects\Assignment2_StockAnalysis\Data-20250430T011355Z-1-001\Data\data\2024-07,BRITANNIA,5755.55,2024-07-10 05:30:00,5800.0,5670.05,2024-07,5670.05,526095
C:\Users\v-dhramaraj\Desktop\Python\Projects\Assignment2_StockAnalysis\Data-20250430T011355Z-1-001\Data\data\2024-07,BRITANNIA,5761.3,2024-07-11 05:30:00,5805.0,5720.0,2024-07,5800.0,372798
C:\Users\v-dhramaraj\Desktop\Python\Projects\Assignment2_StockAnalysis\Data-20250430T011355Z-1-001\Data\data\2024-07,BRITANNIA,5787.05,2024-07-12 05:30:00,5805.0,5713.2,2024-07,5780.0,222315
C:\Users\v-dhramaraj\Desktop\Python\Projects\Assignment2_StockAnalysis\Data-20250430T011355Z-1-001\Data\data\2024-07,BRITANNIA,5809.7,2024-07-15 05:30:00,5847.75,5788.0,2024-07,5807.0,135374
C:\Users\v-dhramaraj\Desktop\Python\Projects\Assignment2_StockAnalysis\Data-20250430T011355Z-1-001\Data\data\2024-07,BRITANNIA,5862.35,2024-07-16 05:30:00,5880.0,5770.1,2024-07,5812.0,162459
C:\Users\v-dhramaraj\Desktop\Python\Projects\Assignment2_StockAnalysis\Data-20250430T011355Z-1-001\Data\data\2024-07,BRITANNIA,5871.5,2024-07-18 05:30:00,5920.0,5820.0,2024-07,5846.55,523157
C:\Users\v-dhramaraj\Desktop\Python\Projects\Assignment2_StockAnalysis\Data-20250430T011355Z-1-001\Data\data\2024-07,BRITANNIA,5877.95,2024-07-19 05:30:00,5978.0,5846.65,2024-07,5850.0,451294
C:\Users\v-dhramaraj\Desktop\Python\Projects\Assignment2_StockAnalysis\Data-20250430T011355Z-1-001\Data\data\2024-07,BRITANNIA,5887.85,2024-07-22 05:30:00,5933.7,5842.0,2024-07,5877.95,347520
C:\Users\v-dhramaraj\Desktop\Python\Projects\Assignment2_StockAnalysis\Data-20250430T011355Z-1-001\Data\data\2024-07,BRITANNIA,5944.75,2024-07-23 05:30:00,6005.0,5840.6,2024-07,5887.85,336696
C:\Users\v-dhramaraj\Desktop\Python\Projects\Assignment2_StockAnalysis\Data-20250430T011355Z-1-001\Data\data\2024-07,BRITANNIA,5829.5,2024-07-24 05:30:00,5974.4,5815.0,2024-07,5949.4,233649
C:\Users\v-dhramaraj\Desktop\Python\Projects\Assignment2_StockAnalysis\Data-20250430T011355Z-1-001\Data\data\2024-07,BRITANNIA,5829.6,2024-07-25 05:30:00,5865.0,5801.7,2024-07,5824.9,303638
C:\Users\v-dhramaraj\Desktop\Python\Projects\Assignment2_StockAnalysis\Data-20250430T011355Z-1-001\Data\data\2024-07,BRITANNIA,5872.8,2024-07-26 05:30:00,5882.65,5813.1,2024-07,5830.0,146736
C:\Users\v-dhramaraj\Desktop\Python\Projects\Assignment2_StockAnalysis\Data-20250430T011355Z-1-001\Data\data\2024-07,BRITANNIA,5897.6,2024-07-29 05:30:00,5957.6,5840.05,2024-07,5898.0,129350
C:\Users\v-dhramaraj\Desktop\Python\Projects\Assignment2_StockAnalysis\Data-20250430T011355Z-1-001\Data\data\2024-07,BRITANNIA,5842.2,2024-07-30 05:30:00,5989.4,5831.3,2024-07,5898.4,191681
C:\Users\v-dhramaraj\Desktop\Python\Projects\Assignment2_StockAnalysis\Data-20250430T011355Z-1-001\Data\data\2024-07,BRITANNIA,5784.45,2024-07-31 05:30:00,5897.0,5770.15,2024-07,5897.0,271796
C:\Users\v-dhramaraj\Desktop\Python\Projects\Assignment2_StockAnalysis\Data-20250430T011355Z-1-001\Data\data\2024-08,BRITANNIA,5730.15,2024-08-01 05:30:00,5839.9,5700.0,2024-08,5784.45,304411
C:\Users\v-dhramaraj\Desktop\Python\Projects\Assignment2_StockAnalysis\Data-20250430T011355Z-1-001\Data\data\2024-08,BRITANNIA,5720.35,2024-08-02 05:30:00,5808.0,5630.3,2024-08,5708.05,406998
C:\Users\v-dhramaraj\Desktop\Python\Projects\Assignment2_StockAnalysis\Data-20250430T011355Z-1-001\Data\data\2024-08,BRITANNIA,5697.9,2024-08-05 05:30:00,5842.95,5650.05,2024-08,5709.95,1114298
C:\Users\v-dhramaraj\Desktop\Python\Projects\Assignment2_StockAnalysis\Data-20250430T011355Z-1-001\Data\data\2024-08,BRITANNIA,5854.5,2024-08-06 05:30:00,5921.0,5710.15,2024-08,5724.55,727869
C:\Users\v-dhramaraj\Desktop\Python\Projects\Assignment2_StockAnalysis\Data-20250430T011355Z-1-001\Data\data\2024-08,BRITANNIA,5836.8,2024-08-07 05:30:00,5924.8,5809.05,2024-08,5890.2,314935
C:\Users\v-dhramaraj\Desktop\Python\Projects\Assignment2_StockAnalysis\Data-20250430T011355Z-1-001\Data\data\2024-08,BRITANNIA,5744.65,2024-08-08 05:30:00,5861.95,5725.0,2024-08,5844.75,271628
C:\Users\v-dhramaraj\Desktop\Python\Projects\Assignment2_StockAnalysis\Data-20250430T011355Z-1-001\Data\data\2024-08,BRITANNIA,5740.3,2024-08-09 05:30:00,5785.55,5720.0,2024-08,5770.4,232215
C:\Users\v-dhramaraj\Desktop\Python\Projects\Assignment2_StockAnalysis\Data-20250430T011355Z-1-001\Data\data\2024-08,BRITANNIA,5645.75,2024-08-12 05:30:00,5774.5,5625.0,2024-08,5745.0,622193
C:\Users\v-dhramaraj\Desktop\Python\Projects\Assignment2_StockAnalysis\Data-20250430T011355Z-1-001\Data\data\2024-08,BRITANNIA,5666.5,2024-08-13 05:30:00,5714.95,5617.05,2024-08,5678.95,236505
C:\Users\v-dhramaraj\Desktop\Python\Projects\Assignment2_StockAnalysis\Data-20250430T011355Z-1-001\Data\data\2024-08,BRITANNIA,5659.15,2024-08-14 05:30:00,5695.2,5594.15,2024-08,5676.0,164575
C:\Users\v-dhramaraj\Desktop\Python\Projects\Assignment2_StockAnalysis\Data-20250430T011355Z-1-001\Data\data\2024-08,BRITANNIA,5729.65,2024-08-16 05:30:00,5742.45,5662.5,2024-08,5670.5,144969
C:\Users\v-dhramaraj\Desktop\Python\Projects\Assignment2_StockAnalysis\Data-20250430T011355Z-1-001\Data\data\2024-08,BRITANNIA,5732.5,2024-08-19 05:30:00,5763.25,5718.1,2024-08,5745.0,102452
C:\Users\v-dhramaraj\Desktop\Python\Projects\Assignment2_StockAnalysis\Data-20250430T011355Z-1-001\Data\data\2024-08,BRITANNIA,5765.8,2024-08-20 05:30:00,5773.8,5728.25,2024-08,5740.45,189035
C:\Users\v-dhramaraj\Desktop\Python\Projects\Assignment2_StockAnalysis\Data-20250430T011355Z-1-001\Data\data\2024-08,BRITANNIA,5837.35,2024-08-21 05:30:00,5849.9,5756.5,2024-08,5773.8,169215
C:\Users\v-dhramaraj\Desktop\Python\Projects\Assignment2_StockAnalysis\Data-20250430T011355Z-1-001\Data\data\2024-08,BRITANNIA,5836.8,2024-08-22 05:30:00,5858.0,5808.65,2024-08,5858.0,160154
C:\Users\v-dhramaraj\Desktop\Python\Projects\Assignment2_StockAnalysis\Data-20250430T011355Z-1-001\Data\data\2024-08,BRITANNIA,5792.65,2024-08-23 05:30:00,5850.0,5784.35,2024-08,5837.0,124435
C:\Users\v-dhramaraj\Desktop\Python\Projects\Assignment2_StockAnalysis\Data-20250430T011355Z-1-001\Data\data\2024-08,BRITANNIA,5796.95,2024-08-26 05:30:00,5860.0,5776.25,2024-08,5800.0,265107
C:\Users\v-dhramaraj\Desktop\Python\Projects\Assignment2_StockAnalysis\Data-20250430T011355Z-1-001\Data\data\2024-08,BRITANNIA,5764.3,2024-08-27 05:30:00,5845.4,5735.0,2024-08,5828.8,175740
C:\Users\v-dhramaraj\Desktop\Python\Projects\Assignment2_StockAnalysis\Data-20250430T011355Z-1-001\Data\data\2024-08,BRITANNIA,5703.35,2024-08-28 05:30:00,5775.4,5690.05,2024-08,5746.55,161445
C:\Users\v-dhramaraj\Desktop\Python\Projects\Assignment2_StockAnalysis\Data-20250430T011355Z-1-001\Data\data\2024-08,BRITANNIA,5831.4,2024-08-29 05:30:00,5845.0,5696.15,2024-08,5710.0,351330
C:\Users\v-dhramaraj\Desktop\Python\Projects\Assignment2_StockAnalysis\Data-20250430T011355Z-1-001\Data\data\2024-08,BRITANNIA,5855.25,2024-08-30 05:30:00,5908.9,5793.25,2024-08,5842.95,519387
C:\Users\v-dhramaraj\Desktop\Python\Projects\Assignment2_StockAnalysis\Data-20250430T011355Z-1-001\Data\data\2024-09,BRITANNIA,5922.15,2024-09-02 05:30:00,5933.95,5865.0,2024-09,5882.05,307023
C:\Users\v-dhramaraj\Desktop\Python\Projects\Assignment2_StockAnalysis\Data-20250430T011355Z-1-001\Data\data\2024-09,BRITANNIA,5916.05,2024-09-03 05:30:00,5944.0,5870.0,2024-09,5933.0,258133
C:\Users\v-dhramaraj\Desktop\Python\Projects\Assignment2_StockAnalysis\Data-20250430T011355Z-1-001\Data\data\2024-09,BRITANNIA,5926.55,2024-09-04 05:30:00,5935.35,5828.0,2024-09,5849.95,219283
C:\Users\v-dhramaraj\Desktop\Python\Projects\Assignment2_StockAnalysis\Data-20250430T011355Z-1-001\Data\data\2024-09,BRITANNIA,5850.0,2024-09-05 05:30:00,5920.0,5833.3,2024-09,5911.75,170014
C:\Users\v-dhramaraj\Desktop\Python\Projects\Assignment2_StockAnalysis\Data-20250430T011355Z-1-001\Data\data\2024-09,BRITANNIA,5843.55,2024-09-06 05:30:00,5884.8,5827.1,2024-09,5846.7,213556
C:\Users\v-dhramaraj\Desktop\Python\Projects\Assignment2_StockAnalysis\Data-20250430T011355Z-1-001\Data\data\2024-09,BRITANNIA,5939.45,2024-09-09 05:30:00,5961.2,5846.2,2024-09,5859.95,321187
C:\Users\v-dhramaraj\Desktop\Python\Projects\Assignment2_StockAnalysis\Data-20250430T011355Z-1-001\Data\data\2024-09,BRITANNIA,5969.9,2024-09-10 05:30:00,6010.0,5930.05,2024-09,5980.05,337831
C:\Users\v-dhramaraj\Desktop\Python\Projects\Assignment2_StockAnalysis\Data-20250430T011355Z-1-001\Data\data\2024-09,BRITANNIA,6008.65,2024-09-11 05:30:00,6047.05,5947.25,2024-09,5953.05,437060
C:\Users\v-dhramaraj\Desktop\Python\Projects\Assignment2_StockAnalysis\Data-20250430T011355Z-1-001\Data\data\2024-09,BRITANNIA,6109.25,2024-09-12 05:30:00,6128.7,6004.7,2024-09,6018.65,548745
C:\Users\v-dhramaraj\Desktop\Python\Projects\Assignment2_StockAnalysis\Data-20250430T011355Z-1-001\Data\data\2024-09,BRITANNIA,6133.1,2024-09-13 05:30:00,6148.8,6057.35,2024-09,6138.0,274846
C:\Users\v-dhramaraj\Desktop\Python\Projects\Assignment2_StockAnalysis\Data-20250430T011355Z-1-001\Data\data\2024-09,BRITANNIA,6063.0,2024-09-16 05:30:00,6130.0,5936.8,2024-09,6000.0,352336
C:\Users\v-dhramaraj\Desktop\Python\Projects\Assignment2_StockAnalysis\Data-20250430T011355Z-1-001\Data\data\2024-09,BRITANNIA,6111.05,2024-09-17 05:30:00,6204.65,6069.15,2024-09,6073.45,527917
C:\Users\v-dhramaraj\Desktop\Python\Projects\Assignment2_StockAnalysis\Data-20250430T011355Z-1-001\Data\data\2024-09,BRITANNIA,6123.25,2024-09-18 05:30:00,6166.55,6060.05,2024-09,6135.0,218424
C:\Users\v-dhramaraj\Desktop\Python\Projects\Assignment2_StockAnalysis\Data-20250430T011355Z-1-001\Data\data\2024-09,BRITANNIA,6134.5,2024-09-19 05:30:00,6225.0,6113.65,2024-09,6128.9,362388
C:\Users\v-dhramaraj\Desktop\Python\Projects\Assignment2_StockAnalysis\Data-20250430T011355Z-1-001\Data\data\2024-09,BRITANNIA,6210.55,2024-09-20 05:30:00,6258.65,6125.85,2024-09,6165.35,663556
C:\Users\v-dhramaraj\Desktop\Python\Projects\Assignment2_StockAnalysis\Data-20250430T011355Z-1-001\Data\data\2024-09,BRITANNIA,6211.2,2024-09-23 05:30:00,6250.0,6190.8,2024-09,6235.25,312563
C:\Users\v-dhramaraj\Desktop\Python\Projects\Assignment2_StockAnalysis\Data-20250430T011355Z-1-001\Data\data\2024-09,BRITANNIA,6203.15,2024-09-24 05:30:00,6245.9,6185.05,2024-09,6200.75,234706
C:\Users\v-dhramaraj\Desktop\Python\Projects\Assignment2_StockAnalysis\Data-20250430T011355Z-1-001\Data\data\2024-09,BRITANNIA,6180.3,2024-09-25 05:30:00,6203.0,6101.55,2024-09,6203.0,357145
C:\Users\v-dhramaraj\Desktop\Python\Projects\Assignment2_StockAnalysis\Data-20250430T011355Z-1-001\Data\data\2024-09,BRITANNIA,6254.1,2024-09-26 05:30:00,6270.4,6154.35,2024-09,6200.0,327297
C:\Users\v-dhramaraj\Desktop\Python\Projects\Assignment2_StockAnalysis\Data-20250430T011355Z-1-001\Data\data\2024-09,BRITANNIA,6268.8,2024-09-27 05:30:00,6332.95,6180.8,2024-09,6237.7,400543
C:\Users\v-dhramaraj\Desktop\Python\Projects\Assignment2_StockAnalysis\Data-20250430T011355Z-1-001\Data\data\2024-09,BRITANNIA,6338.15,2024-09-30 05:30:00,6362.9,6241.1,2024-09,6252.65,442617
C:\Users\v-dhramaraj\Desktop\Python\Projects\Assignment2_StockAnalysis\Data-20250430T011355Z-1-001\Data\data\2024-10,BRITANNIA,6446.05,2024-10-01 05:30:00,6463.6,6306.9,2024-10,6306.9,416639
C:\Users\v-dhramaraj\Desktop\Python\Projects\Assignment2_StockAnalysis\Data-20250430T011355Z-1-001\Data\data\2024-10,BRITANNIA,6331.75,2024-10-03 05:30:00,6469.9,6290.0,2024-10,6444.2,495791
C:\Users\v-dhramaraj\Desktop\Python\Projects\Assignment2_StockAnalysis\Data-20250430T011355Z-1-001\Data\data\2024-10,BRITANNIA,6206.0,2024-10-04 05:30:00,6339.95,6179.85,2024-10,6278.25,395753
C:\Users\v-dhramaraj\Desktop\Python\Projects\Assignment2_StockAnalysis\Data-20250430T011355Z-1-001\Data\data\2024-10,BRITANNIA,6120.3,2024-10-07 05:30:00,6235.0,6105.0,2024-10,6222.65,374593
C:\Users\v-dhramaraj\Desktop\Python\Projects\Assignment2_StockAnalysis\Data-20250430T011355Z-1-001\Data\data\2024-10,BRITANNIA,6204.4,2024-10-08 05:30:00,6234.8,6052.05,2024-10,6137.7,708471
C:\Users\v-dhramaraj\Desktop\Python\Projects\Assignment2_StockAnalysis\Data-20250430T011355Z-1-001\Data\data\2024-10,BRITANNIA,6097.25,2024-10-09 05:30:00,6185.0,6070.05,2024-10,6158.65,551094
C:\Users\v-dhramaraj\Desktop\Python\Projects\Assignment2_StockAnalysis\Data-20250430T011355Z-1-001\Data\data\2024-10,BRITANNIA,6002.15,2024-10-10 05:30:00,6159.85,5980.05,2024-10,6127.0,287475
C:\Users\v-dhramaraj\Desktop\Python\Projects\Assignment2_StockAnalysis\Data-20250430T011355Z-1-001\Data\data\2024-10,BRITANNIA,5978.5,2024-10-11 05:30:00,6039.5,5961.1,2024-10,6030.55,94953
C:\Users\v-dhramaraj\Desktop\Python\Projects\Assignment2_StockAnalysis\Data-20250430T011355Z-1-001\Data\data\2024-10,BRITANNIA,5978.05,2024-10-14 05:30:00,6024.3,5900.0,2024-10,6005.1,219597
C:\Users\v-dhramaraj\Desktop\Python\Projects\Assignment2_StockAnalysis\Data-20250430T011355Z-1-001\Data\data\2024-10,BRITANNIA,6068.7,2024-10-15 05:30:00,6082.95,5986.95,2024-10,6016.35,426219
C:\Users\v-dhramaraj\Desktop\Python\Projects\Assignment2_StockAnalysis\Data-20250430T011355Z-1-001\Data\data\2024-10,BRITANNIA,6090.1,2024-10-16 05:30:00,6114.0,6021.15,2024-10,6065.0,276677
C:\Users\v-dhramaraj\Desktop\Python\Projects\Assignment2_StockAnalysis\Data-20250430T011355Z-1-001\Data\data\2024-10,BRITANNIA,5988.5,2024-10-17 05:30:00,6095.9,5966.25,2024-10,6090.1,188121
C:\Users\v-dhramaraj\Desktop\Python\Projects\Assignment2_StockAnalysis\Data-20250430T011355Z-1-001\Data\data\2024-10,BRITANNIA,5887.2,2024-10-18 05:30:00,5998.0,5870.0,2024-10,5984.95,354901
C:\Users\v-dhramaraj\Desktop\Python\Projects\Assignment2_StockAnalysis\Data-20250430T011355Z-1-001\Data\data\2024-10,BRITANNIA,5778.3,2024-10-21 05:30:00,5895.5,5762.6,2024-10,5887.2,296733
C:\Users\v-dhramaraj\Desktop\Python\Projects\Assignment2_StockAnalysis\Data-20250430T011355Z-1-001\Data\data\2024-10,BRITANNIA,5727.0,2024-10-22 05:30:00,5804.0,5711.8,2024-10,5787.4,320607
C:\Users\v-dhramaraj\Desktop\Python\Projects\Assignment2_StockAnalysis\Data-20250430T011355Z-1-001\Data\data\2024-10,BRITANNIA,5748.85,2024-10-23 05:30:00,5797.6,5690.05,2024-10,5698.6,123095
C:\Users\v-dhramaraj\Desktop\Python\Projects\Assignment2_StockAnalysis\Data-20250430T011355Z-1-001\Data\data\2024-10,BRITANNIA,5612.4,2024-10-24 05:30:00,5780.5,5601.6,2024-10,5750.85,269803
C:\Users\v-dhramaraj\Desktop\Python\Projects\Assignment2_StockAnalysis\Data-20250430T011355Z-1-001\Data\data\2024-10,BRITANNIA,5669.4,2024-10-25 05:30:00,5706.45,5610.0,2024-10,5612.4,176680
C:\Users\v-dhramaraj\Desktop\Python\Projects\Assignment2_StockAnalysis\Data-20250430T011355Z-1-001\Data\data\2024-10,BRITANNIA,5722.3,2024-10-28 05:30:00,5779.0,5669.4,2024-10,5677.0,131887
C:\Users\v-dhramaraj\Desktop\Python\Projects\Assignment2_StockAnalysis\Data-20250430T011355Z-1-001\Data\data\2024-10,BRITANNIA,5667.5,2024-10-29 05:30:00,5759.9,5611.05,2024-10,5730.8,204751
C:\Users\v-dhramaraj\Desktop\Python\Projects\Assignment2_StockAnalysis\Data-20250430T011355Z-1-001\Data\data\2024-10,BRITANNIA,5782.5,2024-10-30 05:30:00,5799.0,5641.6,2024-10,5666.6,218180
C:\Users\v-dhramaraj\Desktop\Python\Projects\Assignment2_StockAnalysis\Data-20250430T011355Z-1-001\Data\data\2024-10,BRITANNIA,5726.9,2024-10-31 05:30:00,5781.0,5708.0,2024-10,5779.0,208893
C:\Users\v-dhramaraj\Desktop\Python\Projects\Assignment2_StockAnalysis\Data-20250430T011355Z-1-001\Data\data\2024-11,BRITANNIA,5693.05,2024-11-01 05:30:00,5768.55,5652.05,2024-11,5768.55,31706
C:\Users\v-dhramaraj\Desktop\Python\Projects\Assignment2_StockAnalysis\Data-20250430T011355Z-1-001\Data\data\2024-11,BRITANNIA,5625.2,2024-11-04 05:30:00,5698.95,5541.85,2024-11,5685.0,249780
C:\Users\v-dhramaraj\Desktop\Python\Projects\Assignment2_StockAnalysis\Data-20250430T011355Z-1-001\Data\data\2024-11,BRITANNIA,5605.1,2024-11-05 05:30:00,5669.0,5584.55,2024-11,5634.15,185870
C:\Users\v-dhramaraj\Desktop\Python\Projects\Assignment2_StockAnalysis\Data-20250430T011355Z-1-001\Data\data\2024-11,BRITANNIA,5694.9,2024-11-06 05:30:00,5719.0,5608.05,2024-11,5636.3,233799
C:\Users\v-dhramaraj\Desktop\Python\Projects\Assignment2_StockAnalysis\Data-20250430T011355Z-1-001\Data\data\2024-11,BRITANNIA,5688.9,2024-11-07 05:30:00,5713.7,5606.0,2024-11,5710.0,284538
C:\Users\v-dhramaraj\Desktop\Python\Projects\Assignment2_StockAnalysis\Data-20250430T011355Z-1-001\Data\data\2024-11,BRITANNIA,5747.15,2024-11-08 05:30:00,5792.85,5641.55,2024-11,5682.2,306281
C:\Users\v-dhramaraj\Desktop\Python\Projects\Assignment2_StockAnalysis\Data-20250430T011355Z-1-001\Data\data\2024-11,BRITANNIA,5434.65,2024-11-11 05:30:00,5902.15,5401.15,2024-11,5801.65,804824
C:\Users\v-dhramaraj\Desktop\Python\Projects\Assignment2_StockAnalysis\Data-20250430T011355Z-1-001\Data\data\2024-11,BRITANNIA,5027.55,2024-11-12 05:30:00,5426.9,5005.0,2024-11,5420.0,2441209
C:\Users\v-dhramaraj\Desktop\Python\Projects\Assignment2_StockAnalysis\Data-20250430T011355Z-1-001\Data\data\2024-11,BRITANNIA,5046.5,2024-11-13 05:30:00,5087.6,4938.45,2024-11,5009.0,928244
C:\Users\v-dhramaraj\Desktop\Python\Projects\Assignment2_StockAnalysis\Data-20250430T011355Z-1-001\Data\data\2024-11,BRITANNIA,4915.6,2024-11-14 05:30:00,5050.5,4901.0,2024-11,5046.5,479979
C:\Users\v-dhramaraj\Desktop\Python\Projects\Assignment2_StockAnalysis\Data-20250430T011355Z-1-001\Data\data\2024-11,BRITANNIA,4911.35,2024-11-18 05:30:00,4970.0,4791.65,2024-11,4970.0,439087
C:\Users\v-dhramaraj\Desktop\Python\Projects\Assignment2_StockAnalysis\Data-20250430T011355Z-1-001\Data\data\2024-11,BRITANNIA,4892.7,2024-11-19 05:30:00,4951.35,4878.6,2024-11,4924.95,436205
C:\Users\v-dhramaraj\Desktop\Python\Projects\Assignment2_StockAnalysis\Data-20250430T011355Z-1-001\Data\data\2024-11,BRITANNIA,4803.35,2024-11-21 05:30:00,4885.0,4746.9,2024-11,4875.0,1036549
C:\Users\v-dhramaraj\Desktop\Python\Projects\Assignment2_StockAnalysis\Data-20250430T011355Z-1-001\Data\data\2024-11,BRITANNIA,4848.35,2024-11-22 05:30:00,4871.0,4765.6,2024-11,4789.05,410476
