Source Folder,Ticker,close,date,high,low,month,open,volume
C:\Users\v-dhramaraj\Desktop\Python\Projects\Assignment2_StockAnalysis\Data-20250430T011355Z-1-001\Data\data\2023-10,COALINDIA,291.9,2023-10-03 05:30:00,297.1,290.1,2023-10,297.05,9348540
C:\Users\v-dhramaraj\Desktop\Python\Projects\Assignment2_StockAnalysis\Data-20250430T011355Z-1-001\Data\data\2023-10,COALINDIA,287.95,2023-10-04 05:30:00,291.5,285.9,2023-10,290.8,6338888
C:\Users\v-dhramaraj\Desktop\Python\Projects\Assignment2_StockAnalysis\Data-20250430T011355Z-1-001\Data\data\2023-10,COALINDIA,289.35,2023-10-05 05:30:00,290.55,283.9,2023-10,288.8,8687014
C:\Users\v-dhramaraj\Desktop\Python\Projects\Assignment2_StockAnalysis\Data-20250430T011355Z-1-001\Data\data\2023-10,COALINDIA,287.8,2023-10-06 05:30:00,291.0,287.0,2023-10,290.95,3741467
C:\Users\v-dhramaraj\Desktop\Python\Projects\Assignment2_StockAnalysis\Data-20250430T011355Z-1-001\Data\data\2023-10,COALINDIA,287.8,2023-10-09 05:30:00,288.95,283.05,2023-10,286.05,4647845
C:\Users\v-dhramaraj\Desktop\Python\Projects\Assignment2_StockAnalysis\Data-20250430T011355Z-1-001\Data\data\2023-10,COALINDIA,303.25,2023-10-10 05:30:00,303.9,287.8,2023-10,288.25,23283411
C:\Users\v-dhramaraj\Desktop\Python\Projects\Assignment2_StockAnalysis\Data-20250430T011355Z-1-001\Data\data\2023-10,COALINDIA,301.85,2023-10-11 05:30:00,305.0,299.45,2023-10,304.55,12321154
C:\Users\v-dhramaraj\Desktop\Python\Projects\Assignment2_StockAnalysis\Data-20250430T011355Z-1-001\Data\data\2023-10,COALINDIA,307.2,2023-10-12 05:30:00,309.1,301.9,2023-10,302.55,15375295
C:\Users\v-dhramaraj\Desktop\Python\Projects\Assignment2_StockAnalysis\Data-20250430T011355Z-1-001\Data\data\2023-10,COALINDIA,307.95,2023-10-13 05:30:00,310.85,304.45,2023-10,305.0,9516879
C:\Users\v-dhramaraj\Desktop\Python\Projects\Assignment2_StockAnalysis\Data-20250430T011355Z-1-001\Data\data\2023-10,COALINDIA,312.0,2023-10-16 05:30:00,313.65,306.55,2023-10,307.85,10535107
C:\Users\v-dhramaraj\Desktop\Python\Projects\Assignment2_StockAnalysis\Data-20250430T011355Z-1-001\Data\data\2023-10,COALINDIA,317.4,2023-10-17 05:30:00,318.35,312.1,2023-10,313.0,7760527
C:\Users\v-dhramaraj\Desktop\Python\Projects\Assignment2_StockAnalysis\Data-20250430T011355Z-1-001\Data\data\2023-10,COALINDIA,316.95,2023-10-18 05:30:00,319.75,315.25,2023-10,317.35,9662837
C:\Users\v-dhramaraj\Desktop\Python\Projects\Assignment2_StockAnalysis\Data-20250430T011355Z-1-001\Data\data\2023-10,COALINDIA,314.8,2023-10-19 05:30:00,315.7,308.85,2023-10,315.3,8977527
C:\Users\v-dhramaraj\Desktop\Python\Projects\Assignment2_StockAnalysis\Data-20250430T011355Z-1-001\Data\data\2023-10,COALINDIA,312.4,2023-10-20 05:30:00,316.7,309.6,2023-10,312.5,6009115
C:\Users\v-dhramaraj\Desktop\Python\Projects\Assignment2_StockAnalysis\Data-20250430T011355Z-1-001\Data\data\2023-10,COALINDIA,306.1,2023-10-23 05:30:00,312.85,305.0,2023-10,312.55,8086150
C:\Users\v-dhramaraj\Desktop\Python\Projects\Assignment2_StockAnalysis\Data-20250430T011355Z-1-001\Data\data\2023-10,COALINDIA,310.3,2023-10-25 05:30:00,312.7,305.0,2023-10,306.1,7253336
C:\Users\v-dhramaraj\Desktop\Python\Projects\Assignment2_StockAnalysis\Data-20250430T011355Z-1-001\Data\data\2023-10,COALINDIA,305.25,2023-10-26 05:30:00,309.15,302.9,2023-10,309.15,8329092
C:\Users\v-dhramaraj\Desktop\Python\Projects\Assignment2_StockAnalysis\Data-20250430T011355Z-1-001\Data\data\2023-10,COALINDIA,313.95,2023-10-27 05:30:00,317.15,306.0,2023-10,306.0,10503070
C:\Users\v-dhramaraj\Desktop\Python\Projects\Assignment2_StockAnalysis\Data-20250430T011355Z-1-001\Data\data\2023-10,COALINDIA,314.55,2023-10-30 05:30:00,315.8,311.95,2023-10,315.0,6229982
C:\Users\v-dhramaraj\Desktop\Python\Projects\Assignment2_StockAnalysis\Data-20250430T011355Z-1-001\Data\data\2023-10,COALINDIA,314.25,2023-10-31 05:30:00,316.8,310.75,2023-10,316.75,7446586
C:\Users\v-dhramaraj\Desktop\Python\Projects\Assignment2_StockAnalysis\Data-20250430T011355Z-1-001\Data\data\2023-11,COALINDIA,306.65,2023-11-01 05:30:00,315.8,305.85,2023-11,313.2,9593653
C:\Users\v-dhramaraj\Desktop\Python\Projects\Assignment2_StockAnalysis\Data-20250430T011355Z-1-001\Data\data\2023-11,COALINDIA,308.85,2023-11-02 05:30:00,312.8,307.3,2023-11,308.95,7071960
C:\Users\v-dhramaraj\Desktop\Python\Projects\Assignment2_StockAnalysis\Data-20250430T011355Z-1-001\Data\data\2023-11,COALINDIA,312.0,2023-11-03 05:30:00,314.7,310.3,2023-11,310.6,4658440
C:\Users\v-dhramaraj\Desktop\Python\Projects\Assignment2_StockAnalysis\Data-20250430T011355Z-1-001\Data\data\2023-11,COALINDIA,316.55,2023-11-06 05:30:00,319.55,313.0,2023-11,313.2,10340818
C:\Users\v-dhramaraj\Desktop\Python\Projects\Assignment2_StockAnalysis\Data-20250430T011355Z-1-001\Data\data\2023-11,COALINDIA,314.25,2023-11-07 05:30:00,318.8,313.65,2023-11,316.5,6826885
C:\Users\v-dhramaraj\Desktop\Python\Projects\Assignment2_StockAnalysis\Data-20250430T011355Z-1-001\Data\data\2023-11,COALINDIA,317.4,2023-11-08 05:30:00,318.15,314.55,2023-11,316.0,6424833
C:\Users\v-dhramaraj\Desktop\Python\Projects\Assignment2_StockAnalysis\Data-20250430T011355Z-1-001\Data\data\2023-11,COALINDIA,323.55,2023-11-09 05:30:00,324.5,315.7,2023-11,318.45,15503280
C:\Users\v-dhramaraj\Desktop\Python\Projects\Assignment2_StockAnalysis\Data-20250430T011355Z-1-001\Data\data\2023-11,COALINDIA,323.4,2023-11-10 05:30:00,326.15,321.55,2023-11,324.45,8445203
C:\Users\v-dhramaraj\Desktop\Python\Projects\Assignment2_StockAnalysis\Data-20250430T011355Z-1-001\Data\data\2023-11,COALINDIA,331.8,2023-11-12 05:30:00,336.7,328.25,2023-11,330.0,10263484
C:\Users\v-dhramaraj\Desktop\Python\Projects\Assignment2_StockAnalysis\Data-20250430T011355Z-1-001\Data\data\2023-11,COALINDIA,349.35,2023-11-13 05:30:00,350.0,330.3,2023-11,333.0,42178783
C:\Users\v-dhramaraj\Desktop\Python\Projects\Assignment2_StockAnalysis\Data-20250430T011355Z-1-001\Data\data\2023-11,COALINDIA,350.6,2023-11-15 05:30:00,359.0,348.6,2023-11,359.0,35092206
C:\Users\v-dhramaraj\Desktop\Python\Projects\Assignment2_StockAnalysis\Data-20250430T011355Z-1-001\Data\data\2023-11,COALINDIA,345.8,2023-11-16 05:30:00,354.5,344.85,2023-11,353.0,17617280
C:\Users\v-dhramaraj\Desktop\Python\Projects\Assignment2_StockAnalysis\Data-20250430T011355Z-1-001\Data\data\2023-11,COALINDIA,345.25,2023-11-17 05:30:00,348.55,342.3,2023-11,348.0,13542916
C:\Users\v-dhramaraj\Desktop\Python\Projects\Assignment2_StockAnalysis\Data-20250430T011355Z-1-001\Data\data\2023-11,COALINDIA,347.75,2023-11-20 05:30:00,352.4,343.95,2023-11,348.0,19032608
C:\Users\v-dhramaraj\Desktop\Python\Projects\Assignment2_StockAnalysis\Data-20250430T011355Z-1-001\Data\data\2023-11,COALINDIA,334.2,2023-11-21 05:30:00,338.5,328.85,2023-11,335.0,15148068
C:\Users\v-dhramaraj\Desktop\Python\Projects\Assignment2_StockAnalysis\Data-20250430T011355Z-1-001\Data\data\2023-11,COALINDIA,332.15,2023-11-22 05:30:00,337.9,330.0,2023-11,335.8,7599447
C:\Users\v-dhramaraj\Desktop\Python\Projects\Assignment2_StockAnalysis\Data-20250430T011355Z-1-001\Data\data\2023-11,COALINDIA,334.45,2023-11-23 05:30:00,336.05,330.0,2023-11,332.5,6186567
C:\Users\v-dhramaraj\Desktop\Python\Projects\Assignment2_StockAnalysis\Data-20250430T011355Z-1-001\Data\data\2023-11,COALINDIA,332.8,2023-11-24 05:30:00,337.45,332.1,2023-11,335.35,7054445
C:\Users\v-dhramaraj\Desktop\Python\Projects\Assignment2_StockAnalysis\Data-20250430T011355Z-1-001\Data\data\2023-11,COALINDIA,341.95,2023-11-28 05:30:00,342.5,333.3,2023-11,334.8,10791886
C:\Users\v-dhramaraj\Desktop\Python\Projects\Assignment2_StockAnalysis\Data-20250430T011355Z-1-001\Data\data\2023-11,COALINDIA,342.35,2023-11-29 05:30:00,345.0,338.1,2023-11,343.0,14149513
C:\Users\v-dhramaraj\Desktop\Python\Projects\Assignment2_StockAnalysis\Data-20250430T011355Z-1-001\Data\data\2023-11,COALINDIA,342.15,2023-11-30 05:30:00,345.0,338.05,2023-11,345.0,11959336
C:\Users\v-dhramaraj\Desktop\Python\Projects\Assignment2_StockAnalysis\Data-20250430T011355Z-1-001\Data\data\2023-12,COALINDIA,346.65,2023-12-01 05:30:00,351.1,342.45,2023-12,343.8,15105221
C:\Users\v-dhramaraj\Desktop\Python\Projects\Assignment2_StockAnalysis\Data-20250430T011355Z-1-001\Data\data\2023-12,COALINDIA,354.7,2023-12-04 05:30:00,360.0,350.65,2023-12,351.1,22705896
C:\Users\v-dhramaraj\Desktop\Python\Projects\Assignment2_StockAnalysis\Data-20250430T011355Z-1-001\Data\data\2023-12,COALINDIA,355.55,2023-12-05 05:30:00,356.45,350.0,2023-12,355.7,15782945
C:\Users\v-dhramaraj\Desktop\Python\Projects\Assignment2_StockAnalysis\Data-20250430T011355Z-1-001\Data\data\2023-12,COALINDIA,352.15,2023-12-06 05:30:00,362.5,349.45,2023-12,355.8,14817158
C:\Users\v-dhramaraj\Desktop\Python\Projects\Assignment2_StockAnalysis\Data-20250430T011355Z-1-001\Data\data\2023-12,COALINDIA,351.95,2023-12-07 05:30:00,353.8,348.4,2023-12,353.8,8507659
C:\Users\v-dhramaraj\Desktop\Python\Projects\Assignment2_StockAnalysis\Data-20250430T011355Z-1-001\Data\data\2023-12,COALINDIA,351.0,2023-12-08 05:30:00,358.4,346.9,2023-12,352.0,13444251
C:\Users\v-dhramaraj\Desktop\Python\Projects\Assignment2_StockAnalysis\Data-20250430T011355Z-1-001\Data\data\2023-12,COALINDIA,353.65,2023-12-11 05:30:00,358.6,351.0,2023-12,351.0,11420609
C:\Users\v-dhramaraj\Desktop\Python\Projects\Assignment2_StockAnalysis\Data-20250430T011355Z-1-001\Data\data\2023-12,COALINDIA,347.5,2023-12-12 05:30:00,354.6,345.15,2023-12,354.15,8789103
C:\Users\v-dhramaraj\Desktop\Python\Projects\Assignment2_StockAnalysis\Data-20250430T011355Z-1-001\Data\data\2023-12,COALINDIA,345.2,2023-12-13 05:30:00,349.8,343.7,2023-12,349.4,8091533
C:\Users\v-dhramaraj\Desktop\Python\Projects\Assignment2_StockAnalysis\Data-20250430T011355Z-1-001\Data\data\2023-12,COALINDIA,347.6,2023-12-14 05:30:00,351.2,345.8,2023-12,349.2,13142466
C:\Users\v-dhramaraj\Desktop\Python\Projects\Assignment2_StockAnalysis\Data-20250430T011355Z-1-001\Data\data\2023-12,COALINDIA,350.0,2023-12-15 05:30:00,354.35,348.45,2023-12,350.0,14331890
C:\Users\v-dhramaraj\Desktop\Python\Projects\Assignment2_StockAnalysis\Data-20250430T011355Z-1-001\Data\data\2023-12,COALINDIA,347.65,2023-12-18 05:30:00,351.25,342.3,2023-12,351.0,7959685
C:\Users\v-dhramaraj\Desktop\Python\Projects\Assignment2_StockAnalysis\Data-20250430T011355Z-1-001\Data\data\2023-12,COALINDIA,366.95,2023-12-19 05:30:00,369.75,346.5,2023-12,346.5,28937243
C:\Users\v-dhramaraj\Desktop\Python\Projects\Assignment2_StockAnalysis\Data-20250430T011355Z-1-001\Data\data\2023-12,COALINDIA,352.15,2023-12-20 05:30:00,371.8,350.0,2023-12,369.0,23224408
C:\Users\v-dhramaraj\Desktop\Python\Projects\Assignment2_StockAnalysis\Data-20250430T011355Z-1-001\Data\data\2023-12,COALINDIA,355.5,2023-12-21 05:30:00,356.8,346.1,2023-12,351.1,10028664
C:\Users\v-dhramaraj\Desktop\Python\Projects\Assignment2_StockAnalysis\Data-20250430T011355Z-1-001\Data\data\2023-12,COALINDIA,363.25,2023-12-22 05:30:00,367.4,356.4,2023-12,359.0,13916380
C:\Users\v-dhramaraj\Desktop\Python\Projects\Assignment2_StockAnalysis\Data-20250430T011355Z-1-001\Data\data\2023-12,COALINDIA,366.05,2023-12-26 05:30:00,371.8,362.5,2023-12,363.8,11910267
C:\Users\v-dhramaraj\Desktop\Python\Projects\Assignment2_StockAnalysis\Data-20250430T011355Z-1-001\Data\data\2023-12,COALINDIA,365.6,2023-12-27 05:30:00,369.2,362.4,2023-12,367.0,7890042
C:\Users\v-dhramaraj\Desktop\Python\Projects\Assignment2_StockAnalysis\Data-20250430T011355Z-1-001\Data\data\2023-12,COALINDIA,380.95,2023-12-28 05:30:00,382.5,365.8,2023-12,366.8,28310022
C:\Users\v-dhramaraj\Desktop\Python\Projects\Assignment2_StockAnalysis\Data-20250430T011355Z-1-001\Data\data\2023-12,COALINDIA,376.0,2023-12-29 05:30:00,381.7,374.25,2023-12,381.5,8859317
C:\Users\v-dhramaraj\Desktop\Python\Projects\Assignment2_StockAnalysis\Data-20250430T011355Z-1-001\Data\data\2024-01,COALINDIA,381.8,2024-01-01 05:30:00,386.8,377.45,2024-01,377.8,11124690
C:\Users\v-dhramaraj\Desktop\Python\Projects\Assignment2_StockAnalysis\Data-20250430T011355Z-1-001\Data\data\2024-01,COALINDIA,392.65,2024-01-02 05:30:00,395.85,384.25,2024-01,387.4,28363847
C:\Users\v-dhramaraj\Desktop\Python\Projects\Assignment2_StockAnalysis\Data-20250430T011355Z-1-001\Data\data\2024-01,COALINDIA,384.55,2024-01-03 05:30:00,394.8,383.85,2024-01,394.8,12903439
C:\Users\v-dhramaraj\Desktop\Python\Projects\Assignment2_StockAnalysis\Data-20250430T011355Z-1-001\Data\data\2024-01,COALINDIA,384.75,2024-01-04 05:30:00,389.8,383.9,2024-01,387.8,11039940
C:\Users\v-dhramaraj\Desktop\Python\Projects\Assignment2_StockAnalysis\Data-20250430T011355Z-1-001\Data\data\2024-01,COALINDIA,384.25,2024-01-05 05:30:00,388.5,382.5,2024-01,386.8,8369460
C:\Users\v-dhramaraj\Desktop\Python\Projects\Assignment2_StockAnalysis\Data-20250430T011355Z-1-001\Data\data\2024-01,COALINDIA,380.4,2024-01-08 05:30:00,388.65,379.25,2024-01,386.45,9424716
C:\Users\v-dhramaraj\Desktop\Python\Projects\Assignment2_StockAnalysis\Data-20250430T011355Z-1-001\Data\data\2024-01,COALINDIA,385.35,2024-01-09 05:30:00,387.95,382.1,2024-01,383.65,9473743
C:\Users\v-dhramaraj\Desktop\Python\Projects\Assignment2_StockAnalysis\Data-20250430T011355Z-1-001\Data\data\2024-01,COALINDIA,382.05,2024-01-10 05:30:00,385.85,375.85,2024-01,385.85,9670366
C:\Users\v-dhramaraj\Desktop\Python\Projects\Assignment2_StockAnalysis\Data-20250430T011355Z-1-001\Data\data\2024-01,COALINDIA,384.35,2024-01-11 05:30:00,388.9,383.3,2024-01,385.5,9163771
C:\Users\v-dhramaraj\Desktop\Python\Projects\Assignment2_StockAnalysis\Data-20250430T011355Z-1-001\Data\data\2024-01,COALINDIA,381.1,2024-01-12 05:30:00,385.8,379.55,2024-01,385.8,7471050
C:\Users\v-dhramaraj\Desktop\Python\Projects\Assignment2_StockAnalysis\Data-20250430T011355Z-1-001\Data\data\2024-01,COALINDIA,384.65,2024-01-15 05:30:00,387.9,381.4,2024-01,382.5,7490747
C:\Users\v-dhramaraj\Desktop\Python\Projects\Assignment2_StockAnalysis\Data-20250430T011355Z-1-001\Data\data\2024-01,COALINDIA,381.9,2024-01-16 05:30:00,386.95,377.05,2024-01,385.4,10165133
C:\Users\v-dhramaraj\Desktop\Python\Projects\Assignment2_StockAnalysis\Data-20250430T011355Z-1-001\Data\data\2024-01,COALINDIA,379.65,2024-01-17 05:30:00,385.35,377.2,2024-01,381.8,10996538
C:\Users\v-dhramaraj\Desktop\Python\Projects\Assignment2_StockAnalysis\Data-20250430T011355Z-1-001\Data\data\2024-01,COALINDIA,375.65,2024-01-18 05:30:00,382.55,368.0,2024-01,380.8,12493835
C:\Users\v-dhramaraj\Desktop\Python\Projects\Assignment2_StockAnalysis\Data-20250430T011355Z-1-001\Data\data\2024-01,COALINDIA,383.25,2024-01-19 05:30:00,384.9,379.1,2024-01,380.65,15893456
C:\Users\v-dhramaraj\Desktop\Python\Projects\Assignment2_StockAnalysis\Data-20250430T011355Z-1-001\Data\data\2024-01,COALINDIA,398.8,2024-01-20 05:30:00,401.5,384.45,2024-01,386.5,26121433
C:\Users\v-dhramaraj\Desktop\Python\Projects\Assignment2_StockAnalysis\Data-20250430T011355Z-1-001\Data\data\2024-01,COALINDIA,375.3,2024-01-23 05:30:00,404.8,373.65,2024-01,403.5,16406737
C:\Users\v-dhramaraj\Desktop\Python\Projects\Assignment2_StockAnalysis\Data-20250430T011355Z-1-001\Data\data\2024-01,COALINDIA,382.6,2024-01-24 05:30:00,387.8,374.25,2024-01,379.8,22938994
C:\Users\v-dhramaraj\Desktop\Python\Projects\Assignment2_StockAnalysis\Data-20250430T011355Z-1-001\Data\data\2024-01,COALINDIA,389.4,2024-01-25 05:30:00,391.7,385.35,2024-01,386.8,13440949
C:\Users\v-dhramaraj\Desktop\Python\Projects\Assignment2_StockAnalysis\Data-20250430T011355Z-1-001\Data\data\2024-01,COALINDIA,412.8,2024-01-29 05:30:00,414.7,391.5,2024-01,392.9,27149058
C:\Users\v-dhramaraj\Desktop\Python\Projects\Assignment2_StockAnalysis\Data-20250430T011355Z-1-001\Data\data\2024-01,COALINDIA,402.55,2024-01-30 05:30:00,415.8,401.6,2024-01,415.75,14159072
C:\Users\v-dhramaraj\Desktop\Python\Projects\Assignment2_StockAnalysis\Data-20250430T011355Z-1-001\Data\data\2024-01,COALINDIA,406.15,2024-01-31 05:30:00,409.15,400.4,2024-01,405.05,23750822
C:\Users\v-dhramaraj\Desktop\Python\Projects\Assignment2_StockAnalysis\Data-20250430T011355Z-1-001\Data\data\2024-02,COALINDIA,406.7,2024-02-01 05:30:00,411.9,402.5,2024-02,408.8,8862155
C:\Users\v-dhramaraj\Desktop\Python\Projects\Assignment2_StockAnalysis\Data-20250430T011355Z-1-001\Data\data\2024-02,COALINDIA,419.8,2024-02-02 05:30:00,422.9,409.65,2024-02,410.8,25177075
C:\Users\v-dhramaraj\Desktop\Python\Projects\Assignment2_StockAnalysis\Data-20250430T011355Z-1-001\Data\data\2024-02,COALINDIA,440.25,2024-02-05 05:30:00,450.0,417.1,2024-02,423.25,31418925
C:\Users\v-dhramaraj\Desktop\Python\Projects\Assignment2_StockAnalysis\Data-20250430T011355Z-1-001\Data\data\2024-02,COALINDIA,448.65,2024-02-06 05:30:00,451.0,437.25,2024-02,444.8,13386526
C:\Users\v-dhramaraj\Desktop\Python\Projects\Assignment2_StockAnalysis\Data-20250430T011355Z-1-001\Data\data\2024-02,COALINDIA,452.65,2024-02-07 05:30:00,460.55,447.8,2024-02,454.0,14430152
C:\Users\v-dhramaraj\Desktop\Python\Projects\Assignment2_StockAnalysis\Data-20250430T011355Z-1-001\Data\data\2024-02,COALINDIA,459.2,2024-02-08 05:30:00,468.6,450.0,2024-02,454.8,18790158
C:\Users\v-dhramaraj\Desktop\Python\Projects\Assignment2_StockAnalysis\Data-20250430T011355Z-1-001\Data\data\2024-02,COALINDIA,456.2,2024-02-09 05:30:00,463.8,435.65,2024-02,462.2,17472069
C:\Users\v-dhramaraj\Desktop\Python\Projects\Assignment2_StockAnalysis\Data-20250430T011355Z-1-001\Data\data\2024-02,COALINDIA,432.8,2024-02-12 05:30:00,457.45,430.05,2024-02,457.0,19472346
C:\Users\v-dhramaraj\Desktop\Python\Projects\Assignment2_StockAnalysis\Data-20250430T011355Z-1-001\Data\data\2024-02,COALINDIA,452.35,2024-02-13 05:30:00,457.85,434.0,2024-02,443.8,35665854
C:\Users\v-dhramaraj\Desktop\Python\Projects\Assignment2_StockAnalysis\Data-20250430T011355Z-1-001\Data\data\2024-02,COALINDIA,466.35,2024-02-14 05:30:00,468.0,443.0,2024-02,451.65,18592696
C:\Users\v-dhramaraj\Desktop\Python\Projects\Assignment2_StockAnalysis\Data-20250430T011355Z-1-001\Data\data\2024-02,COALINDIA,476.85,2024-02-15 05:30:00,481.25,467.55,2024-02,469.0,18501875
C:\Users\v-dhramaraj\Desktop\Python\Projects\Assignment2_StockAnalysis\Data-20250430T011355Z-1-001\Data\data\2024-02,COALINDIA,480.0,2024-02-16 05:30:00,487.6,477.5,2024-02,482.4,14513583
C:\Users\v-dhramaraj\Desktop\Python\Projects\Assignment2_StockAnalysis\Data-20250430T011355Z-1-001\Data\data\2024-02,COALINDIA,461.0,2024-02-19 05:30:00,487.45,455.45,2024-02,482.8,19798448
C:\Users\v-dhramaraj\Desktop\Python\Projects\Assignment2_StockAnalysis\Data-20250430T011355Z-1-001\Data\data\2024-02,COALINDIA,446.5,2024-02-20 05:30:00,457.95,441.0,2024-02,457.95,27899165
C:\Users\v-dhramaraj\Desktop\Python\Projects\Assignment2_StockAnalysis\Data-20250430T011355Z-1-001\Data\data\2024-02,COALINDIA,432.95,2024-02-21 05:30:00,450.95,431.0,2024-02,450.95,19032050
C:\Users\v-dhramaraj\Desktop\Python\Projects\Assignment2_StockAnalysis\Data-20250430T011355Z-1-001\Data\data\2024-02,COALINDIA,445.15,2024-02-22 05:30:00,448.0,427.95,2024-02,438.0,22083710
C:\Users\v-dhramaraj\Desktop\Python\Projects\Assignment2_StockAnalysis\Data-20250430T011355Z-1-001\Data\data\2024-02,COALINDIA,443.9,2024-02-23 05:30:00,449.6,441.65,2024-02,448.0,9625544
C:\Users\v-dhramaraj\Desktop\Python\Projects\Assignment2_StockAnalysis\Data-20250430T011355Z-1-001\Data\data\2024-02,COALINDIA,442.3,2024-02-26 05:30:00,447.25,440.55,2024-02,443.9,7570244
C:\Users\v-dhramaraj\Desktop\Python\Projects\Assignment2_StockAnalysis\Data-20250430T011355Z-1-001\Data\data\2024-02,COALINDIA,441.4,2024-02-27 05:30:00,445.3,435.05,2024-02,442.3,8343526
C:\Users\v-dhramaraj\Desktop\Python\Projects\Assignment2_StockAnalysis\Data-20250430T011355Z-1-001\Data\data\2024-02,COALINDIA,434.2,2024-02-28 05:30:00,442.85,430.35,2024-02,440.3,8893614
C:\Users\v-dhramaraj\Desktop\Python\Projects\Assignment2_StockAnalysis\Data-20250430T011355Z-1-001\Data\data\2024-02,COALINDIA,436.7,2024-02-29 05:30:00,444.0,429.65,2024-02,444.0,11711699
C:\Users\v-dhramaraj\Desktop\Python\Projects\Assignment2_StockAnalysis\Data-20250430T011355Z-1-001\Data\data\2024-03,COALINDIA,446.35,2024-03-01 05:30:00,448.8,438.0,2024-03,438.0,8411615
C:\Users\v-dhramaraj\Desktop\Python\Projects\Assignment2_StockAnalysis\Data-20250430T011355Z-1-001\Data\data\2024-03,COALINDIA,448.5,2024-03-02 05:30:00,450.0,446.45,2024-03,447.2,1085461
C:\Users\v-dhramaraj\Desktop\Python\Projects\Assignment2_StockAnalysis\Data-20250430T011355Z-1-001\Data\data\2024-03,COALINDIA,455.4,2024-03-04 05:30:00,458.0,448.05,2024-03,451.85,11977226
C:\Users\v-dhramaraj\Desktop\Python\Projects\Assignment2_StockAnalysis\Data-20250430T011355Z-1-001\Data\data\2024-03,COALINDIA,460.65,2024-03-05 05:30:00,461.75,453.55,2024-03,456.0,9605493
C:\Users\v-dhramaraj\Desktop\Python\Projects\Assignment2_StockAnalysis\Data-20250430T011355Z-1-001\Data\data\2024-03,COALINDIA,461.6,2024-03-06 05:30:00,464.95,444.55,2024-03,462.45,14061966
C:\Users\v-dhramaraj\Desktop\Python\Projects\Assignment2_StockAnalysis\Data-20250430T011355Z-1-001\Data\data\2024-03,COALINDIA,458.6,2024-03-07 05:30:00,465.4,456.05,2024-03,461.6,9680802
C:\Users\v-dhramaraj\Desktop\Python\Projects\Assignment2_StockAnalysis\Data-20250430T011355Z-1-001\Data\data\2024-03,COALINDIA,453.9,2024-03-11 05:30:00,462.85,452.4,2024-03,461.0,7824738
C:\Users\v-dhramaraj\Desktop\Python\Projects\Assignment2_StockAnalysis\Data-20250430T011355Z-1-001\Data\data\2024-03,COALINDIA,449.3,2024-03-12 05:30:00,455.8,446.7,2024-03,453.9,8409613
C:\Users\v-dhramaraj\Desktop\Python\Projects\Assignment2_StockAnalysis\Data-20250430T011355Z-1-001\Data\data\2024-03,COALINDIA,417.05,2024-03-13 05:30:00,449.9,410.0,2024-03,449.3,17803423
C:\Users\v-dhramaraj\Desktop\Python\Projects\Assignment2_StockAnalysis\Data-20250430T011355Z-1-001\Data\data\2024-03,COALINDIA,427.7,2024-03-14 05:30:00,428.85,412.2,2024-03,419.0,20478918
C:\Users\v-dhramaraj\Desktop\Python\Projects\Assignment2_StockAnalysis\Data-20250430T011355Z-1-001\Data\data\2024-03,COALINDIA,415.25,2024-03-15 05:30:00,428.05,401.2,2024-03,427.7,25435001
C:\Users\v-dhramaraj\Desktop\Python\Projects\Assignment2_StockAnalysis\Data-20250430T011355Z-1-001\Data\data\2024-03,COALINDIA,421.85,2024-03-18 05:30:00,423.5,413.55,2024-03,416.0,9803914
C:\Users\v-dhramaraj\Desktop\Python\Projects\Assignment2_StockAnalysis\Data-20250430T011355Z-1-001\Data\data\2024-03,COALINDIA,419.05,2024-03-19 05:30:00,424.6,414.0,2024-03,417.0,8373676
C:\Users\v-dhramaraj\Desktop\Python\Projects\Assignment2_StockAnalysis\Data-20250430T011355Z-1-001\Data\data\2024-03,COALINDIA,419.5,2024-03-20 05:30:00,422.8,412.7,2024-03,419.8,6950340
C:\Users\v-dhramaraj\Desktop\Python\Projects\Assignment2_StockAnalysis\Data-20250430T011355Z-1-001\Data\data\2024-03,COALINDIA,432.05,2024-03-21 05:30:00,433.55,423.15,2024-03,424.0,9911230
C:\Users\v-dhramaraj\Desktop\Python\Projects\Assignment2_StockAnalysis\Data-20250430T011355Z-1-001\Data\data\2024-03,COALINDIA,431.95,2024-03-22 05:30:00,436.2,428.3,2024-03,430.9,9172888
C:\Users\v-dhramaraj\Desktop\Python\Projects\Assignment2_StockAnalysis\Data-20250430T011355Z-1-001\Data\data\2024-03,COALINDIA,435.95,2024-03-26 05:30:00,440.95,430.9,2024-03,433.8,9389403
C:\Users\v-dhramaraj\Desktop\Python\Projects\Assignment2_StockAnalysis\Data-20250430T011355Z-1-001\Data\data\2024-03,COALINDIA,429.45,2024-03-27 05:30:00,439.8,426.05,2024-03,439.8,17985246
C:\Users\v-dhramaraj\Desktop\Python\Projects\Assignment2_StockAnalysis\Data-20250430T011355Z-1-001\Data\data\2024-03,COALINDIA,434.1,2024-03-28 05:30:00,438.45,430.0,2024-03,430.0,10332853
C:\Users\v-dhramaraj\Desktop\Python\Projects\Assignment2_StockAnalysis\Data-20250430T011355Z-1-001\Data\data\2024-04,COALINDIA,442.05,2024-04-01 05:30:00,443.8,434.8,2024-04,436.7,7256592
C:\Users\v-dhramaraj\Desktop\Python\Projects\Assignment2_StockAnalysis\Data-20250430T011355Z-1-001\Data\data\2024-04,COALINDIA,443.2,2024-04-02 05:30:00,448.3,436.05,2024-04,442.05,11530800
C:\Users\v-dhramaraj\Desktop\Python\Projects\Assignment2_StockAnalysis\Data-20250430T011355Z-1-001\Data\data\2024-04,COALINDIA,445.5,2024-04-03 05:30:00,447.0,440.9,2024-04,443.2,6972648
C:\Users\v-dhramaraj\Desktop\Python\Projects\Assignment2_StockAnalysis\Data-20250430T011355Z-1-001\Data\data\2024-04,COALINDIA,448.85,2024-04-04 05:30:00,453.5,442.55,2024-04,450.0,14743020
C:\Users\v-dhramaraj\Desktop\Python\Projects\Assignment2_StockAnalysis\Data-20250430T011355Z-1-001\Data\data\2024-04,COALINDIA,446.95,2024-04-05 05:30:00,448.85,444.0,2024-04,448.75,4820138
C:\Users\v-dhramaraj\Desktop\Python\Projects\Assignment2_StockAnalysis\Data-20250430T011355Z-1-001\Data\data\2024-04,COALINDIA,447.4,2024-04-08 05:30:00,450.45,444.55,2024-04,449.0,3980972
C:\Users\v-dhramaraj\Desktop\Python\Projects\Assignment2_StockAnalysis\Data-20250430T011355Z-1-001\Data\data\2024-04,COALINDIA,439.85,2024-04-09 05:30:00,450.3,437.25,2024-04,448.7,8005012
C:\Users\v-dhramaraj\Desktop\Python\Projects\Assignment2_StockAnalysis\Data-20250430T011355Z-1-001\Data\data\2024-04,COALINDIA,456.35,2024-04-10 05:30:00,458.6,442.1,2024-04,442.55,15825331
C:\Users\v-dhramaraj\Desktop\Python\Projects\Assignment2_StockAnalysis\Data-20250430T011355Z-1-001\Data\data\2024-04,COALINDIA,455.6,2024-04-12 05:30:00,463.45,452.55,2024-04,455.0,11259294
C:\Users\v-dhramaraj\Desktop\Python\Projects\Assignment2_StockAnalysis\Data-20250430T011355Z-1-001\Data\data\2024-04,COALINDIA,451.0,2024-04-15 05:30:00,455.8,441.1,2024-04,448.95,7680715
C:\Users\v-dhramaraj\Desktop\Python\Projects\Assignment2_StockAnalysis\Data-20250430T011355Z-1-001\Data\data\2024-04,COALINDIA,453.2,2024-04-16 05:30:00,456.4,446.35,2024-04,449.0,4996845
C:\Users\v-dhramaraj\Desktop\Python\Projects\Assignment2_StockAnalysis\Data-20250430T011355Z-1-001\Data\data\2024-04,COALINDIA,438.6,2024-04-18 05:30:00,456.8,435.15,2024-04,454.95,10945138
C:\Users\v-dhramaraj\Desktop\Python\Projects\Assignment2_StockAnalysis\Data-20250430T011355Z-1-001\Data\data\2024-04,COALINDIA,435.3,2024-04-19 05:30:00,438.6,428.05,2024-04,436.0,7628287
C:\Users\v-dhramaraj\Desktop\Python\Projects\Assignment2_StockAnalysis\Data-20250430T011355Z-1-001\Data\data\2024-04,COALINDIA,442.95,2024-04-22 05:30:00,444.5,438.0,2024-04,440.9,6396926
C:\Users\v-dhramaraj\Desktop\Python\Projects\Assignment2_StockAnalysis\Data-20250430T011355Z-1-001\Data\data\2024-04,COALINDIA,440.95,2024-04-23 05:30:00,445.75,439.25,2024-04,445.75,5390120
C:\Users\v-dhramaraj\Desktop\Python\Projects\Assignment2_StockAnalysis\Data-20250430T011355Z-1-001\Data\data\2024-04,COALINDIA,443.85,2024-04-24 05:30:00,448.7,441.15,2024-04,441.55,6538090
C:\Users\v-dhramaraj\Desktop\Python\Projects\Assignment2_StockAnalysis\Data-20250430T011355Z-1-001\Data\data\2024-04,COALINDIA,452.45,2024-04-25 05:30:00,454.0,441.75,2024-04,443.0,10858594
C:\Users\v-dhramaraj\Desktop\Python\Projects\Assignment2_StockAnalysis\Data-20250430T011355Z-1-001\Data\data\2024-04,COALINDIA,455.8,2024-04-26 05:30:00,460.45,452.2,2024-04,454.0,7209435
C:\Users\v-dhramaraj\Desktop\Python\Projects\Assignment2_StockAnalysis\Data-20250430T011355Z-1-001\Data\data\2024-04,COALINDIA,453.25,2024-04-29 05:30:00,458.7,450.55,2024-04,458.7,5305655
C:\Users\v-dhramaraj\Desktop\Python\Projects\Assignment2_StockAnalysis\Data-20250430T011355Z-1-001\Data\data\2024-04,COALINDIA,454.3,2024-04-30 05:30:00,458.4,452.05,2024-04,456.4,6021793
C:\Users\v-dhramaraj\Desktop\Python\Projects\Assignment2_StockAnalysis\Data-20250430T011355Z-1-001\Data\data\2024-05,COALINDIA,453.9,2024-05-02 05:30:00,459.55,449.4,2024-05,457.55,14980896
C:\Users\v-dhramaraj\Desktop\Python\Projects\Assignment2_StockAnalysis\Data-20250430T011355Z-1-001\Data\data\2024-05,COALINDIA,474.6,2024-05-03 05:30:00,475.8,449.4,2024-05,457.9,51071947
C:\Users\v-dhramaraj\Desktop\Python\Projects\Assignment2_StockAnalysis\Data-20250430T011355Z-1-001\Data\data\2024-05,COALINDIA,460.6,2024-05-06 05:30:00,481.45,444.05,2024-05,479.0,36408390
C:\Users\v-dhramaraj\Desktop\Python\Projects\Assignment2_StockAnalysis\Data-20250430T011355Z-1-001\Data\data\2024-05,COALINDIA,456.0,2024-05-07 05:30:00,469.5,452.85,2024-05,463.0,13728379
C:\Users\v-dhramaraj\Desktop\Python\Projects\Assignment2_StockAnalysis\Data-20250430T011355Z-1-001\Data\data\2024-05,COALINDIA,464.45,2024-05-08 05:30:00,471.4,455.1,2024-05,456.7,16978094
C:\Users\v-dhramaraj\Desktop\Python\Projects\Assignment2_StockAnalysis\Data-20250430T011355Z-1-001\Data\data\2024-05,COALINDIA,443.5,2024-05-09 05:30:00,467.7,441.35,2024-05,465.35,15601338
C:\Users\v-dhramaraj\Desktop\Python\Projects\Assignment2_StockAnalysis\Data-20250430T011355Z-1-001\Data\data\2024-05,COALINDIA,449.4,2024-05-10 05:30:00,451.15,440.25,2024-05,447.2,9190621
C:\Users\v-dhramaraj\Desktop\Python\Projects\Assignment2_StockAnalysis\Data-20250430T011355Z-1-001\Data\data\2024-05,COALINDIA,444.0,2024-05-13 05:30:00,451.8,434.7,2024-05,451.25,11107909
C:\Users\v-dhramaraj\Desktop\Python\Projects\Assignment2_StockAnalysis\Data-20250430T011355Z-1-001\Data\data\2024-05,COALINDIA,448.7,2024-05-14 05:30:00,450.65,445.1,2024-05,446.7,6592194
C:\Users\v-dhramaraj\Desktop\Python\Projects\Assignment2_StockAnalysis\Data-20250430T011355Z-1-001\Data\data\2024-05,COALINDIA,467.85,2024-05-15 05:30:00,470.0,449.5,2024-05,450.0,23543942
C:\Users\v-dhramaraj\Desktop\Python\Projects\Assignment2_StockAnalysis\Data-20250430T011355Z-1-001\Data\data\2024-05,COALINDIA,468.3,2024-05-16 05:30:00,475.0,457.85,2024-05,468.65,17232651
C:\Users\v-dhramaraj\Desktop\Python\Projects\Assignment2_StockAnalysis\Data-20250430T011355Z-1-001\Data\data\2024-05,COALINDIA,470.25,2024-05-17 05:30:00,473.7,466.8,2024-05,469.05,10625019
C:\Users\v-dhramaraj\Desktop\Python\Projects\Assignment2_StockAnalysis\Data-20250430T011355Z-1-001\Data\data\2024-05,COALINDIA,469.7,2024-05-18 05:30:00,473.0,468.55,2024-05,472.9,986166
C:\Users\v-dhramaraj\Desktop\Python\Projects\Assignment2_StockAnalysis\Data-20250430T011355Z-1-001\Data\data\2024-05,COALINDIA,490.65,2024-05-21 05:30:00,493.9,469.7,2024-05,469.7,27356982
C:\Users\v-dhramaraj\Desktop\Python\Projects\Assignment2_StockAnalysis\Data-20250430T011355Z-1-001\Data\data\2024-05,COALINDIA,501.7,2024-05-22 05:30:00,507.35,491.6,2024-05,494.5,28346931
C:\Users\v-dhramaraj\Desktop\Python\Projects\Assignment2_StockAnalysis\Data-20250430T011355Z-1-001\Data\data\2024-05,COALINDIA,497.3,2024-05-23 05:30:00,503.8,492.1,2024-05,503.4,14378840
C:\Users\v-dhramaraj\Desktop\Python\Projects\Assignment2_StockAnalysis\Data-20250430T011355Z-1-001\Data\data\2024-05,COALINDIA,501.0,2024-05-24 05:30:00,505.4,489.15,2024-05,495.95,12190536
C:\Users\v-dhramaraj\Desktop\Python\Projects\Assignment2_StockAnalysis\Data-20250430T011355Z-1-001\Data\data\2024-05,COALINDIA,494.45,2024-05-27 05:30:00,503.0,490.75,2024-05,502.95,8811105
C:\Users\v-dhramaraj\Desktop\Python\Projects\Assignment2_StockAnalysis\Data-20250430T011355Z-1-001\Data\data\2024-05,COALINDIA,487.65,2024-05-28 05:30:00,496.2,484.1,2024-05,496.0,8165238
C:\Users\v-dhramaraj\Desktop\Python\Projects\Assignment2_StockAnalysis\Data-20250430T011355Z-1-001\Data\data\2024-05,COALINDIA,486.45,2024-05-29 05:30:00,491.9,482.1,2024-05,482.1,8014727
C:\Users\v-dhramaraj\Desktop\Python\Projects\Assignment2_StockAnalysis\Data-20250430T011355Z-1-001\Data\data\2024-05,COALINDIA,482.15,2024-05-30 05:30:00,487.95,479.5,2024-05,486.0,7725080
C:\Users\v-dhramaraj\Desktop\Python\Projects\Assignment2_StockAnalysis\Data-20250430T011355Z-1-001\Data\data\2024-05,COALINDIA,491.2,2024-05-31 05:30:00,493.1,479.0,2024-05,484.4,11223848
C:\Users\v-dhramaraj\Desktop\Python\Projects\Assignment2_StockAnalysis\Data-20250430T011355Z-1-001\Data\data\2024-06,COALINDIA,512.35,2024-06-03 05:30:00,527.4,505.55,2024-06,515.0,24416215
C:\Users\v-dhramaraj\Desktop\Python\Projects\Assignment2_StockAnalysis\Data-20250430T011355Z-1-001\Data\data\2024-06,COALINDIA,441.9,2024-06-04 05:30:00,512.4,410.8,2024-06,512.35,48046493
C:\Users\v-dhramaraj\Desktop\Python\Projects\Assignment2_StockAnalysis\Data-20250430T011355Z-1-001\Data\data\2024-06,COALINDIA,460.55,2024-06-05 05:30:00,462.85,425.1,2024-06,452.0,18966089
C:\Users\v-dhramaraj\Desktop\Python\Projects\Assignment2_StockAnalysis\Data-20250430T011355Z-1-001\Data\data\2024-06,COALINDIA,472.95,2024-06-06 05:30:00,484.4,464.65,2024-06,470.0,21757857
C:\Users\v-dhramaraj\Desktop\Python\Projects\Assignment2_StockAnalysis\Data-20250430T011355Z-1-001\Data\data\2024-06,COALINDIA,479.15,2024-06-07 05:30:00,481.3,467.6,2024-06,473.0,8317343
C:\Users\v-dhramaraj\Desktop\Python\Projects\Assignment2_StockAnalysis\Data-20250430T011355Z-1-001\Data\data\2024-06,COALINDIA,477.7,2024-06-10 05:30:00,488.0,475.5,2024-06,485.0,10958537
C:\Users\v-dhramaraj\Desktop\Python\Projects\Assignment2_StockAnalysis\Data-20250430T011355Z-1-001\Data\data\2024-06,COALINDIA,476.35,2024-06-11 05:30:00,483.5,475.2,2024-06,482.0,11169021
C:\Users\v-dhramaraj\Desktop\Python\Projects\Assignment2_StockAnalysis\Data-20250430T011355Z-1-001\Data\data\2024-06,COALINDIA,488.7,2024-06-12 05:30:00,494.3,479.35,2024-06,481.0,15412796
C:\Users\v-dhramaraj\Desktop\Python\Projects\Assignment2_StockAnalysis\Data-20250430T011355Z-1-001\Data\data\2024-06,COALINDIA,487.9,2024-06-13 05:30:00,493.9,483.5,2024-06,493.9,7438571
C:\Users\v-dhramaraj\Desktop\Python\Projects\Assignment2_StockAnalysis\Data-20250430T011355Z-1-001\Data\data\2024-06,COALINDIA,486.95,2024-06-14 05:30:00,492.4,485.25,2024-06,487.9,5974636
C:\Users\v-dhramaraj\Desktop\Python\Projects\Assignment2_StockAnalysis\Data-20250430T011355Z-1-001\Data\data\2024-06,COALINDIA,489.05,2024-06-18 05:30:00,492.9,485.2,2024-06,492.0,6946544
C:\Users\v-dhramaraj\Desktop\Python\Projects\Assignment2_StockAnalysis\Data-20250430T011355Z-1-001\Data\data\2024-06,COALINDIA,477.95,2024-06-19 05:30:00,491.2,476.5,2024-06,489.4,8962510
C:\Users\v-dhramaraj\Desktop\Python\Projects\Assignment2_StockAnalysis\Data-20250430T011355Z-1-001\Data\data\2024-06,COALINDIA,483.15,2024-06-20 05:30:00,487.4,471.55,2024-06,481.05,7864157
C:\Users\v-dhramaraj\Desktop\Python\Projects\Assignment2_StockAnalysis\Data-20250430T011355Z-1-001\Data\data\2024-06,COALINDIA,480.2,2024-06-21 05:30:00,491.4,479.0,2024-06,483.15,10340882
C:\Users\v-dhramaraj\Desktop\Python\Projects\Assignment2_StockAnalysis\Data-20250430T011355Z-1-001\Data\data\2024-06,COALINDIA,473.7,2024-06-24 05:30:00,480.05,472.0,2024-06,480.0,11124175
C:\Users\v-dhramaraj\Desktop\Python\Projects\Assignment2_StockAnalysis\Data-20250430T011355Z-1-001\Data\data\2024-06,COALINDIA,469.25,2024-06-25 05:30:00,477.95,465.3,2024-06,475.9,7951999
C:\Users\v-dhramaraj\Desktop\Python\Projects\Assignment2_StockAnalysis\Data-20250430T011355Z-1-001\Data\data\2024-06,COALINDIA,468.75,2024-06-26 05:30:00,471.85,465.05,2024-06,470.25,6655899
C:\Users\v-dhramaraj\Desktop\Python\Projects\Assignment2_StockAnalysis\Data-20250430T011355Z-1-001\Data\data\2024-06,COALINDIA,467.05,2024-06-27 05:30:00,469.0,461.5,2024-06,468.75,14857335
C:\Users\v-dhramaraj\Desktop\Python\Projects\Assignment2_StockAnalysis\Data-20250430T011355Z-1-001\Data\data\2024-06,COALINDIA,473.15,2024-06-28 05:30:00,476.0,468.0,2024-06,470.0,8302706
C:\Users\v-dhramaraj\Desktop\Python\Projects\Assignment2_StockAnalysis\Data-20250430T011355Z-1-001\Data\data\2024-07,COALINDIA,474.8,2024-07-01 05:30:00,476.3,471.25,2024-07,473.35,8579861
C:\Users\v-dhramaraj\Desktop\Python\Projects\Assignment2_StockAnalysis\Data-20250430T011355Z-1-001\Data\data\2024-07,COALINDIA,479.1,2024-07-02 05:30:00,485.0,473.35,2024-07,478.0,14629287
C:\Users\v-dhramaraj\Desktop\Python\Projects\Assignment2_StockAnalysis\Data-20250430T011355Z-1-001\Data\data\2024-07,COALINDIA,484.95,2024-07-03 05:30:00,487.65,479.4,2024-07,481.9,7244652
C:\Users\v-dhramaraj\Desktop\Python\Projects\Assignment2_StockAnalysis\Data-20250430T011355Z-1-001\Data\data\2024-07,COALINDIA,489.55,2024-07-04 05:30:00,492.8,485.3,2024-07,488.75,7796954
C:\Users\v-dhramaraj\Desktop\Python\Projects\Assignment2_StockAnalysis\Data-20250430T011355Z-1-001\Data\data\2024-07,COALINDIA,491.5,2024-07-05 05:30:00,493.3,486.9,2024-07,489.5,5754517
C:\Users\v-dhramaraj\Desktop\Python\Projects\Assignment2_StockAnalysis\Data-20250430T011355Z-1-001\Data\data\2024-07,COALINDIA,493.3,2024-07-08 05:30:00,496.0,487.2,2024-07,492.7,7477292
C:\Users\v-dhramaraj\Desktop\Python\Projects\Assignment2_StockAnalysis\Data-20250430T011355Z-1-001\Data\data\2024-07,COALINDIA,493.8,2024-07-09 05:30:00,496.95,491.1,2024-07,496.95,6444684
C:\Users\v-dhramaraj\Desktop\Python\Projects\Assignment2_StockAnalysis\Data-20250430T011355Z-1-001\Data\data\2024-07,COALINDIA,490.75,2024-07-10 05:30:00,494.9,480.55,2024-07,493.8,5981477
C:\Users\v-dhramaraj\Desktop\Python\Projects\Assignment2_StockAnalysis\Data-20250430T011355Z-1-001\Data\data\2024-07,COALINDIA,500.05,2024-07-11 05:30:00,506.0,488.55,2024-07,492.0,20146927
C:\Users\v-dhramaraj\Desktop\Python\Projects\Assignment2_StockAnalysis\Data-20250430T011355Z-1-001\Data\data\2024-07,COALINDIA,496.2,2024-07-12 05:30:00,508.6,495.5,2024-07,504.0,8198389
C:\Users\v-dhramaraj\Desktop\Python\Projects\Assignment2_StockAnalysis\Data-20250430T011355Z-1-001\Data\data\2024-07,COALINDIA,497.75,2024-07-15 05:30:00,503.6,492.55,2024-07,500.0,7106020
C:\Users\v-dhramaraj\Desktop\Python\Projects\Assignment2_StockAnalysis\Data-20250430T011355Z-1-001\Data\data\2024-07,COALINDIA,512.45,2024-07-16 05:30:00,518.4,498.0,2024-07,498.0,23169665
C:\Users\v-dhramaraj\Desktop\Python\Projects\Assignment2_StockAnalysis\Data-20250430T011355Z-1-001\Data\data\2024-07,COALINDIA,505.25,2024-07-18 05:30:00,515.8,501.25,2024-07,515.35,12540956
C:\Users\v-dhramaraj\Desktop\Python\Projects\Assignment2_StockAnalysis\Data-20250430T011355Z-1-001\Data\data\2024-07,COALINDIA,488.0,2024-07-19 05:30:00,506.4,486.75,2024-07,505.3,9971704
C:\Users\v-dhramaraj\Desktop\Python\Projects\Assignment2_StockAnalysis\Data-20250430T011355Z-1-001\Data\data\2024-07,COALINDIA,491.2,2024-07-22 05:30:00,496.0,483.55,2024-07,488.0,7281653
C:\Users\v-dhramaraj\Desktop\Python\Projects\Assignment2_StockAnalysis\Data-20250430T011355Z-1-001\Data\data\2024-07,COALINDIA,487.0,2024-07-23 05:30:00,495.8,464.55,2024-07,494.0,11311831
C:\Users\v-dhramaraj\Desktop\Python\Projects\Assignment2_StockAnalysis\Data-20250430T011355Z-1-001\Data\data\2024-07,COALINDIA,493.8,2024-07-24 05:30:00,499.4,485.1,2024-07,486.7,6823248
C:\Users\v-dhramaraj\Desktop\Python\Projects\Assignment2_StockAnalysis\Data-20250430T011355Z-1-001\Data\data\2024-07,COALINDIA,494.0,2024-07-25 05:30:00,503.55,484.0,2024-07,491.0,10281157
C:\Users\v-dhramaraj\Desktop\Python\Projects\Assignment2_StockAnalysis\Data-20250430T011355Z-1-001\Data\data\2024-07,COALINDIA,509.85,2024-07-26 05:30:00,511.7,498.25,2024-07,498.25,20437968
C:\Users\v-dhramaraj\Desktop\Python\Projects\Assignment2_StockAnalysis\Data-20250430T011355Z-1-001\Data\data\2024-07,COALINDIA,512.15,2024-07-29 05:30:00,515.7,507.5,2024-07,514.5,7259754
C:\Users\v-dhramaraj\Desktop\Python\Projects\Assignment2_StockAnalysis\Data-20250430T011355Z-1-001\Data\data\2024-07,COALINDIA,519.35,2024-07-30 05:30:00,525.6,509.95,2024-07,512.15,13197520
C:\Users\v-dhramaraj\Desktop\Python\Projects\Assignment2_StockAnalysis\Data-20250430T011355Z-1-001\Data\data\2024-07,COALINDIA,522.2,2024-07-31 05:30:00,525.4,510.5,2024-07,523.45,11972565
C:\Users\v-dhramaraj\Desktop\Python\Projects\Assignment2_StockAnalysis\Data-20250430T011355Z-1-001\Data\data\2024-08,COALINDIA,540.4,2024-08-01 05:30:00,542.25,528.0,2024-08,535.0,34763894
C:\Users\v-dhramaraj\Desktop\Python\Projects\Assignment2_StockAnalysis\Data-20250430T011355Z-1-001\Data\data\2024-08,COALINDIA,524.5,2024-08-02 05:30:00,537.2,522.3,2024-08,534.0,10985150
C:\Users\v-dhramaraj\Desktop\Python\Projects\Assignment2_StockAnalysis\Data-20250430T011355Z-1-001\Data\data\2024-08,COALINDIA,506.8,2024-08-05 05:30:00,515.0,497.55,2024-08,515.0,11835031
C:\Users\v-dhramaraj\Desktop\Python\Projects\Assignment2_StockAnalysis\Data-20250430T011355Z-1-001\Data\data\2024-08,COALINDIA,499.6,2024-08-06 05:30:00,517.2,498.0,2024-08,508.1,7142269
C:\Users\v-dhramaraj\Desktop\Python\Projects\Assignment2_StockAnalysis\Data-20250430T011355Z-1-001\Data\data\2024-08,COALINDIA,531.5,2024-08-07 05:30:00,532.8,507.7,2024-08,507.7,18293730
C:\Users\v-dhramaraj\Desktop\Python\Projects\Assignment2_StockAnalysis\Data-20250430T011355Z-1-001\Data\data\2024-08,COALINDIA,523.45,2024-08-08 05:30:00,535.0,521.25,2024-08,534.0,13624148
C:\Users\v-dhramaraj\Desktop\Python\Projects\Assignment2_StockAnalysis\Data-20250430T011355Z-1-001\Data\data\2024-08,COALINDIA,529.8,2024-08-09 05:30:00,531.35,521.85,2024-08,530.0,6468264
C:\Users\v-dhramaraj\Desktop\Python\Projects\Assignment2_StockAnalysis\Data-20250430T011355Z-1-001\Data\data\2024-08,COALINDIA,523.95,2024-08-12 05:30:00,530.5,523.3,2024-08,529.0,5238736
C:\Users\v-dhramaraj\Desktop\Python\Projects\Assignment2_StockAnalysis\Data-20250430T011355Z-1-001\Data\data\2024-08,COALINDIA,521.75,2024-08-13 05:30:00,529.9,520.0,2024-08,525.0,5201294
C:\Users\v-dhramaraj\Desktop\Python\Projects\Assignment2_StockAnalysis\Data-20250430T011355Z-1-001\Data\data\2024-08,COALINDIA,504.7,2024-08-14 05:30:00,527.9,499.05,2024-08,522.9,14766889
C:\Users\v-dhramaraj\Desktop\Python\Projects\Assignment2_StockAnalysis\Data-20250430T011355Z-1-001\Data\data\2024-08,COALINDIA,512.3,2024-08-16 05:30:00,515.75,502.5,2024-08,507.7,7313429
C:\Users\v-dhramaraj\Desktop\Python\Projects\Assignment2_StockAnalysis\Data-20250430T011355Z-1-001\Data\data\2024-08,COALINDIA,522.0,2024-08-19 05:30:00,523.45,513.15,2024-08,513.8,10737456
C:\Users\v-dhramaraj\Desktop\Python\Projects\Assignment2_StockAnalysis\Data-20250430T011355Z-1-001\Data\data\2024-08,COALINDIA,524.6,2024-08-20 05:30:00,528.45,521.05,2024-08,524.35,8191127
C:\Users\v-dhramaraj\Desktop\Python\Projects\Assignment2_StockAnalysis\Data-20250430T011355Z-1-001\Data\data\2024-08,COALINDIA,532.2,2024-08-21 05:30:00,535.25,524.4,2024-08,526.5,9067794
C:\Users\v-dhramaraj\Desktop\Python\Projects\Assignment2_StockAnalysis\Data-20250430T011355Z-1-001\Data\data\2024-08,COALINDIA,528.85,2024-08-22 05:30:00,535.45,526.8,2024-08,534.0,8531700
C:\Users\v-dhramaraj\Desktop\Python\Projects\Assignment2_StockAnalysis\Data-20250430T011355Z-1-001\Data\data\2024-08,COALINDIA,538.85,2024-08-23 05:30:00,541.15,528.85,2024-08,528.95,12566904
C:\Users\v-dhramaraj\Desktop\Python\Projects\Assignment2_StockAnalysis\Data-20250430T011355Z-1-001\Data\data\2024-08,COALINDIA,538.1,2024-08-26 05:30:00,543.55,534.7,2024-08,542.0,7193307
C:\Users\v-dhramaraj\Desktop\Python\Projects\Assignment2_StockAnalysis\Data-20250430T011355Z-1-001\Data\data\2024-08,COALINDIA,531.4,2024-08-27 05:30:00,541.7,530.0,2024-08,539.1,7865530
C:\Users\v-dhramaraj\Desktop\Python\Projects\Assignment2_StockAnalysis\Data-20250430T011355Z-1-001\Data\data\2024-08,COALINDIA,526.35,2024-08-28 05:30:00,535.55,525.45,2024-08,533.9,6066259
C:\Users\v-dhramaraj\Desktop\Python\Projects\Assignment2_StockAnalysis\Data-20250430T011355Z-1-001\Data\data\2024-08,COALINDIA,527.55,2024-08-29 05:30:00,530.0,516.1,2024-08,526.35,9147836
C:\Users\v-dhramaraj\Desktop\Python\Projects\Assignment2_StockAnalysis\Data-20250430T011355Z-1-001\Data\data\2024-08,COALINDIA,524.95,2024-08-30 05:30:00,537.0,522.0,2024-08,530.0,30921282
C:\Users\v-dhramaraj\Desktop\Python\Projects\Assignment2_StockAnalysis\Data-20250430T011355Z-1-001\Data\data\2024-09,COALINDIA,520.85,2024-09-02 05:30:00,529.0,517.65,2024-09,527.0,6370038
C:\Users\v-dhramaraj\Desktop\Python\Projects\Assignment2_StockAnalysis\Data-20250430T011355Z-1-001\Data\data\2024-09,COALINDIA,519.6,2024-09-03 05:30:00,523.6,518.25,2024-09,521.0,5526155
C:\Users\v-dhramaraj\Desktop\Python\Projects\Assignment2_StockAnalysis\Data-20250430T011355Z-1-001\Data\data\2024-09,COALINDIA,503.65,2024-09-04 05:30:00,516.85,500.55,2024-09,516.85,16783593
C:\Users\v-dhramaraj\Desktop\Python\Projects\Assignment2_StockAnalysis\Data-20250430T011355Z-1-001\Data\data\2024-09,COALINDIA,497.0,2024-09-05 05:30:00,507.5,495.15,2024-09,507.5,10830621
C:\Users\v-dhramaraj\Desktop\Python\Projects\Assignment2_StockAnalysis\Data-20250430T011355Z-1-001\Data\data\2024-09,COALINDIA,488.55,2024-09-06 05:30:00,499.0,481.05,2024-09,499.0,13110103
C:\Users\v-dhramaraj\Desktop\Python\Projects\Assignment2_StockAnalysis\Data-20250430T011355Z-1-001\Data\data\2024-09,COALINDIA,484.45,2024-09-09 05:30:00,488.5,478.05,2024-09,488.0,10189742
C:\Users\v-dhramaraj\Desktop\Python\Projects\Assignment2_StockAnalysis\Data-20250430T011355Z-1-001\Data\data\2024-09,COALINDIA,491.1,2024-09-10 05:30:00,492.0,481.8,2024-09,487.3,9809547
C:\Users\v-dhramaraj\Desktop\Python\Projects\Assignment2_StockAnalysis\Data-20250430T011355Z-1-001\Data\data\2024-09,COALINDIA,483.95,2024-09-11 05:30:00,493.55,481.95,2024-09,492.85,8134497
C:\Users\v-dhramaraj\Desktop\Python\Projects\Assignment2_StockAnalysis\Data-20250430T011355Z-1-001\Data\data\2024-09,COALINDIA,495.65,2024-09-12 05:30:00,497.25,482.25,2024-09,487.0,12058489
C:\Users\v-dhramaraj\Desktop\Python\Projects\Assignment2_StockAnalysis\Data-20250430T011355Z-1-001\Data\data\2024-09,COALINDIA,490.25,2024-09-13 05:30:00,497.85,489.5,2024-09,497.0,8093877
C:\Users\v-dhramaraj\Desktop\Python\Projects\Assignment2_StockAnalysis\Data-20250430T011355Z-1-001\Data\data\2024-09,COALINDIA,493.25,2024-09-16 05:30:00,494.9,487.35,2024-09,492.5,5244657
C:\Users\v-dhramaraj\Desktop\Python\Projects\Assignment2_StockAnalysis\Data-20250430T011355Z-1-001\Data\data\2024-09,COALINDIA,488.5,2024-09-17 05:30:00,494.8,487.65,2024-09,493.25,5063902
C:\Users\v-dhramaraj\Desktop\Python\Projects\Assignment2_StockAnalysis\Data-20250430T011355Z-1-001\Data\data\2024-09,COALINDIA,487.1,2024-09-18 05:30:00,493.6,486.15,2024-09,489.8,6527832
C:\Users\v-dhramaraj\Desktop\Python\Projects\Assignment2_StockAnalysis\Data-20250430T011355Z-1-001\Data\data\2024-09,COALINDIA,477.95,2024-09-19 05:30:00,491.6,476.25,2024-09,489.0,10014450
C:\Users\v-dhramaraj\Desktop\Python\Projects\Assignment2_StockAnalysis\Data-20250430T011355Z-1-001\Data\data\2024-09,COALINDIA,490.95,2024-09-20 05:30:00,498.0,480.3,2024-09,480.95,12982128
C:\Users\v-dhramaraj\Desktop\Python\Projects\Assignment2_StockAnalysis\Data-20250430T011355Z-1-001\Data\data\2024-09,COALINDIA,500.6,2024-09-23 05:30:00,502.5,490.5,2024-09,493.5,6123879
C:\Users\v-dhramaraj\Desktop\Python\Projects\Assignment2_StockAnalysis\Data-20250430T011355Z-1-001\Data\data\2024-09,COALINDIA,504.3,2024-09-24 05:30:00,506.65,501.55,2024-09,505.0,7306001
C:\Users\v-dhramaraj\Desktop\Python\Projects\Assignment2_StockAnalysis\Data-20250430T011355Z-1-001\Data\data\2024-09,COALINDIA,505.3,2024-09-25 05:30:00,507.0,502.0,2024-09,506.5,5059851
C:\Users\v-dhramaraj\Desktop\Python\Projects\Assignment2_StockAnalysis\Data-20250430T011355Z-1-001\Data\data\2024-09,COALINDIA,506.55,2024-09-26 05:30:00,507.45,500.05,2024-09,506.0,6877039
C:\Users\v-dhramaraj\Desktop\Python\Projects\Assignment2_StockAnalysis\Data-20250430T011355Z-1-001\Data\data\2024-09,COALINDIA,516.1,2024-09-27 05:30:00,517.85,504.9,2024-09,506.55,15443031
C:\Users\v-dhramaraj\Desktop\Python\Projects\Assignment2_StockAnalysis\Data-20250430T011355Z-1-001\Data\data\2024-09,COALINDIA,510.15,2024-09-30 05:30:00,513.45,502.5,2024-09,513.0,8881502
C:\Users\v-dhramaraj\Desktop\Python\Projects\Assignment2_StockAnalysis\Data-20250430T011355Z-1-001\Data\data\2024-10,COALINDIA,508.5,2024-10-01 05:30:00,516.0,506.15,2024-10,512.0,4743517
C:\Users\v-dhramaraj\Desktop\Python\Projects\Assignment2_StockAnalysis\Data-20250430T011355Z-1-001\Data\data\2024-10,COALINDIA,502.35,2024-10-03 05:30:00,509.9,499.5,2024-10,499.5,11285134
C:\Users\v-dhramaraj\Desktop\Python\Projects\Assignment2_StockAnalysis\Data-20250430T011355Z-1-001\Data\data\2024-10,COALINDIA,497.2,2024-10-04 05:30:00,504.65,494.05,2024-10,499.6,7170285
C:\Users\v-dhramaraj\Desktop\Python\Projects\Assignment2_StockAnalysis\Data-20250430T011355Z-1-001\Data\data\2024-10,COALINDIA,480.45,2024-10-07 05:30:00,500.55,475.35,2024-10,498.1,8940891
C:\Users\v-dhramaraj\Desktop\Python\Projects\Assignment2_StockAnalysis\Data-20250430T011355Z-1-001\Data\data\2024-10,COALINDIA,491.85,2024-10-08 05:30:00,492.75,476.45,2024-10,480.8,6049075
C:\Users\v-dhramaraj\Desktop\Python\Projects\Assignment2_StockAnalysis\Data-20250430T011355Z-1-001\Data\data\2024-10,COALINDIA,486.95,2024-10-09 05:30:00,496.0,485.65,2024-10,492.0,6874313
C:\Users\v-dhramaraj\Desktop\Python\Projects\Assignment2_StockAnalysis\Data-20250430T011355Z-1-001\Data\data\2024-10,COALINDIA,488.1,2024-10-10 05:30:00,493.95,486.05,2024-10,488.7,4700891
C:\Users\v-dhramaraj\Desktop\Python\Projects\Assignment2_StockAnalysis\Data-20250430T011355Z-1-001\Data\data\2024-10,COALINDIA,492.95,2024-10-11 05:30:00,493.9,487.45,2024-10,487.5,4364566
C:\Users\v-dhramaraj\Desktop\Python\Projects\Assignment2_StockAnalysis\Data-20250430T011355Z-1-001\Data\data\2024-10,COALINDIA,498.3,2024-10-14 05:30:00,502.45,492.95,2024-10,494.95,5369297
C:\Users\v-dhramaraj\Desktop\Python\Projects\Assignment2_StockAnalysis\Data-20250430T011355Z-1-001\Data\data\2024-10,COALINDIA,494.45,2024-10-15 05:30:00,499.35,490.05,2024-10,498.3,4279311
C:\Users\v-dhramaraj\Desktop\Python\Projects\Assignment2_StockAnalysis\Data-20250430T011355Z-1-001\Data\data\2024-10,COALINDIA,495.75,2024-10-16 05:30:00,499.4,492.9,2024-10,495.0,8000451
C:\Users\v-dhramaraj\Desktop\Python\Projects\Assignment2_StockAnalysis\Data-20250430T011355Z-1-001\Data\data\2024-10,COALINDIA,489.9,2024-10-17 05:30:00,497.25,487.2,2024-10,495.75,4334990
C:\Users\v-dhramaraj\Desktop\Python\Projects\Assignment2_StockAnalysis\Data-20250430T011355Z-1-001\Data\data\2024-10,COALINDIA,492.2,2024-10-18 05:30:00,493.75,483.35,2024-10,488.0,4573163
C:\Users\v-dhramaraj\Desktop\Python\Projects\Assignment2_StockAnalysis\Data-20250430T011355Z-1-001\Data\data\2024-10,COALINDIA,485.4,2024-10-21 05:30:00,494.75,482.35,2024-10,492.0,4737527
C:\Users\v-dhramaraj\Desktop\Python\Projects\Assignment2_StockAnalysis\Data-20250430T011355Z-1-001\Data\data\2024-10,COALINDIA,468.35,2024-10-22 05:30:00,487.5,467.2,2024-10,485.0,8671135
C:\Users\v-dhramaraj\Desktop\Python\Projects\Assignment2_StockAnalysis\Data-20250430T011355Z-1-001\Data\data\2024-10,COALINDIA,474.1,2024-10-23 05:30:00,476.05,458.95,2024-10,468.35,10686743
C:\Users\v-dhramaraj\Desktop\Python\Projects\Assignment2_StockAnalysis\Data-20250430T011355Z-1-001\Data\data\2024-10,COALINDIA,477.25,2024-10-24 05:30:00,483.8,473.05,2024-10,474.1,5045880
C:\Users\v-dhramaraj\Desktop\Python\Projects\Assignment2_StockAnalysis\Data-20250430T011355Z-1-001\Data\data\2024-10,COALINDIA,461.1,2024-10-25 05:30:00,479.05,459.0,2024-10,478.1,10330954
C:\Users\v-dhramaraj\Desktop\Python\Projects\Assignment2_StockAnalysis\Data-20250430T011355Z-1-001\Data\data\2024-10,COALINDIA,441.65,2024-10-28 05:30:00,458.0,435.25,2024-10,452.0,21378247
C:\Users\v-dhramaraj\Desktop\Python\Projects\Assignment2_StockAnalysis\Data-20250430T011355Z-1-001\Data\data\2024-10,COALINDIA,445.55,2024-10-29 05:30:00,446.6,438.8,2024-10,444.2,7680865
C:\Users\v-dhramaraj\Desktop\Python\Projects\Assignment2_StockAnalysis\Data-20250430T011355Z-1-001\Data\data\2024-10,COALINDIA,449.15,2024-10-30 05:30:00,455.8,445.0,2024-10,448.0,7818123
C:\Users\v-dhramaraj\Desktop\Python\Projects\Assignment2_StockAnalysis\Data-20250430T011355Z-1-001\Data\data\2024-10,COALINDIA,452.05,2024-10-31 05:30:00,454.5,443.2,2024-10,452.0,8475238
C:\Users\v-dhramaraj\Desktop\Python\Projects\Assignment2_StockAnalysis\Data-20250430T011355Z-1-001\Data\data\2024-11,COALINDIA,454.15,2024-11-01 05:30:00,459.55,452.35,2024-11,454.65,3095957
C:\Users\v-dhramaraj\Desktop\Python\Projects\Assignment2_StockAnalysis\Data-20250430T011355Z-1-001\Data\data\2024-11,COALINDIA,443.3,2024-11-04 05:30:00,458.15,435.5,2024-11,458.0,15720990
C:\Users\v-dhramaraj\Desktop\Python\Projects\Assignment2_StockAnalysis\Data-20250430T011355Z-1-001\Data\data\2024-11,COALINDIA,434.9,2024-11-05 05:30:00,436.25,427.0,2024-11,429.1,10186343
C:\Users\v-dhramaraj\Desktop\Python\Projects\Assignment2_StockAnalysis\Data-20250430T011355Z-1-001\Data\data\2024-11,COALINDIA,435.8,2024-11-06 05:30:00,438.9,431.2,2024-11,437.8,9130749
C:\Users\v-dhramaraj\Desktop\Python\Projects\Assignment2_StockAnalysis\Data-20250430T011355Z-1-001\Data\data\2024-11,COALINDIA,435.35,2024-11-07 05:30:00,440.35,434.65,2024-11,437.8,5861077
C:\Users\v-dhramaraj\Desktop\Python\Projects\Assignment2_StockAnalysis\Data-20250430T011355Z-1-001\Data\data\2024-11,COALINDIA,424.05,2024-11-08 05:30:00,436.0,421.25,2024-11,435.35,9934413
C:\Users\v-dhramaraj\Desktop\Python\Projects\Assignment2_StockAnalysis\Data-20250430T011355Z-1-001\Data\data\2024-11,COALINDIA,421.55,2024-11-11 05:30:00,425.75,417.35,2024-11,423.0,7201246
C:\Users\v-dhramaraj\Desktop\Python\Projects\Assignment2_StockAnalysis\Data-20250430T011355Z-1-001\Data\data\2024-11,COALINDIA,414.05,2024-11-12 05:30:00,424.8,412.8,2024-11,422.5,6564348
C:\Users\v-dhramaraj\Desktop\Python\Projects\Assignment2_StockAnalysis\Data-20250430T011355Z-1-001\Data\data\2024-11,COALINDIA,406.9,2024-11-13 05:30:00,415.5,405.7,2024-11,414.0,7170870
C:\Users\v-dhramaraj\Desktop\Python\Projects\Assignment2_StockAnalysis\Data-20250430T011355Z-1-001\Data\data\2024-11,COALINDIA,409.75,2024-11-14 05:30:00,413.35,402.6,2024-11,407.2,8776485
C:\Users\v-dhramaraj\Desktop\Python\Projects\Assignment2_StockAnalysis\Data-20250430T011355Z-1-001\Data\data\2024-11,COALINDIA,413.35,2024-11-18 05:30:00,418.5,411.0,2024-11,413.95,7352509
C:\Users\v-dhramaraj\Desktop\Python\Projects\Assignment2_StockAnalysis\Data-20250430T011355Z-1-001\Data\data\2024-11,COALINDIA,412.25,2024-11-19 05:30:00,422.0,410.7,2024-11,415.95,6291292
C:\Users\v-dhramaraj\Desktop\Python\Projects\Assignment2_StockAnalysis\Data-20250430T011355Z-1-001\Data\data\2024-11,COALINDIA,406.0,2024-11-21 05:30:00,413.9,404.15,2024-11,413.05,14141967
C:\Users\v-dhramaraj\Desktop\Python\Projects\Assignment2_StockAnalysis\Data-20250430T011355Z-1-001\Data\data\2024-11,COALINDIA,414.05,2024-11-22 05:30:00,415.75,406.4,2024-11,407.4,8155453
