Source Folder,Ticker,close,date,high,low,month,open,volume
C:\Users\v-dhramaraj\Desktop\Python\Projects\Assignment2_StockAnalysis\Data-20250430T011355Z-1-001\Data\data\2023-10,EICHERMOT,3351.4,2023-10-03 05:30:00,3434.95,3302.9,2023-10,3426.9,1354075
C:\Users\v-dhramaraj\Desktop\Python\Projects\Assignment2_StockAnalysis\Data-20250430T011355Z-1-001\Data\data\2023-10,EICHERMOT,3400.9,2023-10-04 05:30:00,3408.95,3323.75,2023-10,3350.0,566983
C:\Users\v-dhramaraj\Desktop\Python\Projects\Assignment2_StockAnalysis\Data-20250430T011355Z-1-001\Data\data\2023-10,EICHERMOT,3443.6,2023-10-05 05:30:00,3453.9,3387.05,2023-10,3405.5,394665
C:\Users\v-dhramaraj\Desktop\Python\Projects\Assignment2_StockAnalysis\Data-20250430T011355Z-1-001\Data\data\2023-10,EICHERMOT,3450.4,2023-10-06 05:30:00,3464.45,3438.35,2023-10,3443.6,249258
C:\Users\v-dhramaraj\Desktop\Python\Projects\Assignment2_StockAnalysis\Data-20250430T011355Z-1-001\Data\data\2023-10,EICHERMOT,3445.6,2023-10-09 05:30:00,3476.0,3401.0,2023-10,3420.2,471285
C:\Users\v-dhramaraj\Desktop\Python\Projects\Assignment2_StockAnalysis\Data-20250430T011355Z-1-001\Data\data\2023-10,EICHERMOT,3458.75,2023-10-10 05:30:00,3474.0,3449.05,2023-10,3450.45,206646
C:\Users\v-dhramaraj\Desktop\Python\Projects\Assignment2_StockAnalysis\Data-20250430T011355Z-1-001\Data\data\2023-10,EICHERMOT,3486.6,2023-10-11 05:30:00,3494.1,3461.4,2023-10,3482.0,343468
C:\Users\v-dhramaraj\Desktop\Python\Projects\Assignment2_StockAnalysis\Data-20250430T011355Z-1-001\Data\data\2023-10,EICHERMOT,3494.2,2023-10-12 05:30:00,3534.95,3476.45,2023-10,3490.0,644992
C:\Users\v-dhramaraj\Desktop\Python\Projects\Assignment2_StockAnalysis\Data-20250430T011355Z-1-001\Data\data\2023-10,EICHERMOT,3476.4,2023-10-13 05:30:00,3500.0,3441.0,2023-10,3481.0,280442
C:\Users\v-dhramaraj\Desktop\Python\Projects\Assignment2_StockAnalysis\Data-20250430T011355Z-1-001\Data\data\2023-10,EICHERMOT,3486.6,2023-10-16 05:30:00,3503.0,3462.1,2023-10,3462.1,147663
C:\Users\v-dhramaraj\Desktop\Python\Projects\Assignment2_StockAnalysis\Data-20250430T011355Z-1-001\Data\data\2023-10,EICHERMOT,3500.85,2023-10-17 05:30:00,3522.8,3487.0,2023-10,3505.0,260333
C:\Users\v-dhramaraj\Desktop\Python\Projects\Assignment2_StockAnalysis\Data-20250430T011355Z-1-001\Data\data\2023-10,EICHERMOT,3496.1,2023-10-18 05:30:00,3546.85,3482.1,2023-10,3500.85,368551
C:\Users\v-dhramaraj\Desktop\Python\Projects\Assignment2_StockAnalysis\Data-20250430T011355Z-1-001\Data\data\2023-10,EICHERMOT,3501.2,2023-10-19 05:30:00,3534.0,3460.35,2023-10,3480.0,353664
C:\Users\v-dhramaraj\Desktop\Python\Projects\Assignment2_StockAnalysis\Data-20250430T011355Z-1-001\Data\data\2023-10,EICHERMOT,3480.9,2023-10-20 05:30:00,3500.15,3465.6,2023-10,3500.0,216268
C:\Users\v-dhramaraj\Desktop\Python\Projects\Assignment2_StockAnalysis\Data-20250430T011355Z-1-001\Data\data\2023-10,EICHERMOT,3446.35,2023-10-23 05:30:00,3492.9,3425.85,2023-10,3467.1,211293
C:\Users\v-dhramaraj\Desktop\Python\Projects\Assignment2_StockAnalysis\Data-20250430T011355Z-1-001\Data\data\2023-10,EICHERMOT,3384.4,2023-10-25 05:30:00,3446.25,3368.8,2023-10,3435.1,354128
C:\Users\v-dhramaraj\Desktop\Python\Projects\Assignment2_StockAnalysis\Data-20250430T011355Z-1-001\Data\data\2023-10,EICHERMOT,3326.8,2023-10-26 05:30:00,3375.0,3310.0,2023-10,3370.0,428619
C:\Users\v-dhramaraj\Desktop\Python\Projects\Assignment2_StockAnalysis\Data-20250430T011355Z-1-001\Data\data\2023-10,EICHERMOT,3394.85,2023-10-27 05:30:00,3410.0,3326.8,2023-10,3326.8,293097
C:\Users\v-dhramaraj\Desktop\Python\Projects\Assignment2_StockAnalysis\Data-20250430T011355Z-1-001\Data\data\2023-10,EICHERMOT,3357.65,2023-10-30 05:30:00,3426.0,3336.2,2023-10,3403.0,257392
C:\Users\v-dhramaraj\Desktop\Python\Projects\Assignment2_StockAnalysis\Data-20250430T011355Z-1-001\Data\data\2023-10,EICHERMOT,3295.55,2023-10-31 05:30:00,3367.0,3287.2,2023-10,3366.55,409346
C:\Users\v-dhramaraj\Desktop\Python\Projects\Assignment2_StockAnalysis\Data-20250430T011355Z-1-001\Data\data\2023-11,EICHERMOT,3282.25,2023-11-01 05:30:00,3315.1,3275.0,2023-11,3309.8,325630
C:\Users\v-dhramaraj\Desktop\Python\Projects\Assignment2_StockAnalysis\Data-20250430T011355Z-1-001\Data\data\2023-11,EICHERMOT,3338.3,2023-11-02 05:30:00,3345.0,3284.2,2023-11,3285.0,493381
C:\Users\v-dhramaraj\Desktop\Python\Projects\Assignment2_StockAnalysis\Data-20250430T011355Z-1-001\Data\data\2023-11,EICHERMOT,3428.0,2023-11-03 05:30:00,3458.15,3353.0,2023-11,3360.0,568463
C:\Users\v-dhramaraj\Desktop\Python\Projects\Assignment2_StockAnalysis\Data-20250430T011355Z-1-001\Data\data\2023-11,EICHERMOT,3510.95,2023-11-06 05:30:00,3543.45,3437.45,2023-11,3454.9,722080
C:\Users\v-dhramaraj\Desktop\Python\Projects\Assignment2_StockAnalysis\Data-20250430T011355Z-1-001\Data\data\2023-11,EICHERMOT,3509.05,2023-11-07 05:30:00,3538.95,3480.1,2023-11,3480.1,335436
C:\Users\v-dhramaraj\Desktop\Python\Projects\Assignment2_StockAnalysis\Data-20250430T011355Z-1-001\Data\data\2023-11,EICHERMOT,3550.3,2023-11-08 05:30:00,3565.0,3505.85,2023-11,3510.0,393482
C:\Users\v-dhramaraj\Desktop\Python\Projects\Assignment2_StockAnalysis\Data-20250430T011355Z-1-001\Data\data\2023-11,EICHERMOT,3541.9,2023-11-09 05:30:00,3596.4,3526.1,2023-11,3545.3,538782
C:\Users\v-dhramaraj\Desktop\Python\Projects\Assignment2_StockAnalysis\Data-20250430T011355Z-1-001\Data\data\2023-11,EICHERMOT,3540.75,2023-11-10 05:30:00,3565.0,3502.1,2023-11,3540.0,259237
C:\Users\v-dhramaraj\Desktop\Python\Projects\Assignment2_StockAnalysis\Data-20250430T011355Z-1-001\Data\data\2023-11,EICHERMOT,3579.3,2023-11-12 05:30:00,3611.55,3570.0,2023-11,3590.0,113586
C:\Users\v-dhramaraj\Desktop\Python\Projects\Assignment2_StockAnalysis\Data-20250430T011355Z-1-001\Data\data\2023-11,EICHERMOT,3645.4,2023-11-13 05:30:00,3675.0,3586.0,2023-11,3590.0,875885
C:\Users\v-dhramaraj\Desktop\Python\Projects\Assignment2_StockAnalysis\Data-20250430T011355Z-1-001\Data\data\2023-11,EICHERMOT,3848.3,2023-11-15 05:30:00,3860.0,3672.1,2023-11,3689.0,1914550
C:\Users\v-dhramaraj\Desktop\Python\Projects\Assignment2_StockAnalysis\Data-20250430T011355Z-1-001\Data\data\2023-11,EICHERMOT,3836.75,2023-11-16 05:30:00,3873.0,3813.15,2023-11,3848.05,755583
C:\Users\v-dhramaraj\Desktop\Python\Projects\Assignment2_StockAnalysis\Data-20250430T011355Z-1-001\Data\data\2023-11,EICHERMOT,3865.3,2023-11-17 05:30:00,3898.0,3816.9,2023-11,3824.9,476357
C:\Users\v-dhramaraj\Desktop\Python\Projects\Assignment2_StockAnalysis\Data-20250430T011355Z-1-001\Data\data\2023-11,EICHERMOT,3846.45,2023-11-20 05:30:00,3898.9,3824.0,2023-11,3850.55,249897
C:\Users\v-dhramaraj\Desktop\Python\Projects\Assignment2_StockAnalysis\Data-20250430T011355Z-1-001\Data\data\2023-11,EICHERMOT,3844.2,2023-11-21 05:30:00,3865.6,3826.05,2023-11,3865.0,260475
C:\Users\v-dhramaraj\Desktop\Python\Projects\Assignment2_StockAnalysis\Data-20250430T011355Z-1-001\Data\data\2023-11,EICHERMOT,3833.8,2023-11-22 05:30:00,3854.4,3805.0,2023-11,3830.1,286194
C:\Users\v-dhramaraj\Desktop\Python\Projects\Assignment2_StockAnalysis\Data-20250430T011355Z-1-001\Data\data\2023-11,EICHERMOT,3883.8,2023-11-23 05:30:00,3915.0,3833.0,2023-11,3836.55,764501
C:\Users\v-dhramaraj\Desktop\Python\Projects\Assignment2_StockAnalysis\Data-20250430T011355Z-1-001\Data\data\2023-11,EICHERMOT,3849.05,2023-11-24 05:30:00,3920.0,3842.05,2023-11,3895.7,266314
C:\Users\v-dhramaraj\Desktop\Python\Projects\Assignment2_StockAnalysis\Data-20250430T011355Z-1-001\Data\data\2023-11,EICHERMOT,3826.7,2023-11-28 05:30:00,3892.15,3777.75,2023-11,3855.95,505274
C:\Users\v-dhramaraj\Desktop\Python\Projects\Assignment2_StockAnalysis\Data-20250430T011355Z-1-001\Data\data\2023-11,EICHERMOT,3812.25,2023-11-29 05:30:00,3852.0,3791.0,2023-11,3852.0,414180
C:\Users\v-dhramaraj\Desktop\Python\Projects\Assignment2_StockAnalysis\Data-20250430T011355Z-1-001\Data\data\2023-11,EICHERMOT,3896.9,2023-11-30 05:30:00,3920.0,3828.05,2023-11,3857.95,1338711
C:\Users\v-dhramaraj\Desktop\Python\Projects\Assignment2_StockAnalysis\Data-20250430T011355Z-1-001\Data\data\2023-12,EICHERMOT,3891.2,2023-12-01 05:30:00,3950.0,3882.05,2023-12,3922.0,683211
C:\Users\v-dhramaraj\Desktop\Python\Projects\Assignment2_StockAnalysis\Data-20250430T011355Z-1-001\Data\data\2023-12,EICHERMOT,4180.35,2023-12-04 05:30:00,4200.0,3916.0,2023-12,3950.0,2824695
C:\Users\v-dhramaraj\Desktop\Python\Projects\Assignment2_StockAnalysis\Data-20250430T011355Z-1-001\Data\data\2023-12,EICHERMOT,4136.5,2023-12-05 05:30:00,4195.25,4100.0,2023-12,4181.0,1045885
C:\Users\v-dhramaraj\Desktop\Python\Projects\Assignment2_StockAnalysis\Data-20250430T011355Z-1-001\Data\data\2023-12,EICHERMOT,4047.0,2023-12-06 05:30:00,4127.95,4025.0,2023-12,4088.05,941566
C:\Users\v-dhramaraj\Desktop\Python\Projects\Assignment2_StockAnalysis\Data-20250430T011355Z-1-001\Data\data\2023-12,EICHERMOT,4091.0,2023-12-07 05:30:00,4135.0,4048.0,2023-12,4050.0,699553
C:\Users\v-dhramaraj\Desktop\Python\Projects\Assignment2_StockAnalysis\Data-20250430T011355Z-1-001\Data\data\2023-12,EICHERMOT,4055.0,2023-12-08 05:30:00,4112.4,4028.8,2023-12,4100.0,334252
C:\Users\v-dhramaraj\Desktop\Python\Projects\Assignment2_StockAnalysis\Data-20250430T011355Z-1-001\Data\data\2023-12,EICHERMOT,4025.65,2023-12-11 05:30:00,4068.9,4010.0,2023-12,4055.0,534584
C:\Users\v-dhramaraj\Desktop\Python\Projects\Assignment2_StockAnalysis\Data-20250430T011355Z-1-001\Data\data\2023-12,EICHERMOT,3951.75,2023-12-12 05:30:00,4047.45,3936.15,2023-12,4047.45,981121
C:\Users\v-dhramaraj\Desktop\Python\Projects\Assignment2_StockAnalysis\Data-20250430T011355Z-1-001\Data\data\2023-12,EICHERMOT,4032.75,2023-12-13 05:30:00,4044.95,3957.95,2023-12,3969.0,707209
C:\Users\v-dhramaraj\Desktop\Python\Projects\Assignment2_StockAnalysis\Data-20250430T011355Z-1-001\Data\data\2023-12,EICHERMOT,4086.15,2023-12-14 05:30:00,4100.0,4045.0,2023-12,4058.0,922658
C:\Users\v-dhramaraj\Desktop\Python\Projects\Assignment2_StockAnalysis\Data-20250430T011355Z-1-001\Data\data\2023-12,EICHERMOT,4059.9,2023-12-15 05:30:00,4135.3,4045.0,2023-12,4099.7,954933
C:\Users\v-dhramaraj\Desktop\Python\Projects\Assignment2_StockAnalysis\Data-20250430T011355Z-1-001\Data\data\2023-12,EICHERMOT,4085.5,2023-12-18 05:30:00,4165.0,4068.5,2023-12,4076.0,886620
C:\Users\v-dhramaraj\Desktop\Python\Projects\Assignment2_StockAnalysis\Data-20250430T011355Z-1-001\Data\data\2023-12,EICHERMOT,4039.65,2023-12-19 05:30:00,4109.55,4022.4,2023-12,4094.8,328368
C:\Users\v-dhramaraj\Desktop\Python\Projects\Assignment2_StockAnalysis\Data-20250430T011355Z-1-001\Data\data\2023-12,EICHERMOT,3912.4,2023-12-20 05:30:00,4132.45,3891.7,2023-12,4074.75,557214
C:\Users\v-dhramaraj\Desktop\Python\Projects\Assignment2_StockAnalysis\Data-20250430T011355Z-1-001\Data\data\2023-12,EICHERMOT,3957.95,2023-12-21 05:30:00,4007.9,3847.55,2023-12,3900.0,445648
C:\Users\v-dhramaraj\Desktop\Python\Projects\Assignment2_StockAnalysis\Data-20250430T011355Z-1-001\Data\data\2023-12,EICHERMOT,4006.05,2023-12-22 05:30:00,4016.95,3948.2,2023-12,3983.0,309907
C:\Users\v-dhramaraj\Desktop\Python\Projects\Assignment2_StockAnalysis\Data-20250430T011355Z-1-001\Data\data\2023-12,EICHERMOT,4040.4,2023-12-26 05:30:00,4069.65,4012.0,2023-12,4024.8,475107
C:\Users\v-dhramaraj\Desktop\Python\Projects\Assignment2_StockAnalysis\Data-20250430T011355Z-1-001\Data\data\2023-12,EICHERMOT,4120.0,2023-12-27 05:30:00,4134.95,4042.1,2023-12,4068.0,385941
C:\Users\v-dhramaraj\Desktop\Python\Projects\Assignment2_StockAnalysis\Data-20250430T011355Z-1-001\Data\data\2023-12,EICHERMOT,4091.9,2023-12-28 05:30:00,4130.0,4080.9,2023-12,4120.0,450475
C:\Users\v-dhramaraj\Desktop\Python\Projects\Assignment2_StockAnalysis\Data-20250430T011355Z-1-001\Data\data\2023-12,EICHERMOT,4143.5,2023-12-29 05:30:00,4178.0,4094.0,2023-12,4099.95,673952
C:\Users\v-dhramaraj\Desktop\Python\Projects\Assignment2_StockAnalysis\Data-20250430T011355Z-1-001\Data\data\2024-01,EICHERMOT,4038.35,2024-01-01 05:30:00,4145.0,4030.0,2024-01,4145.0,763454
C:\Users\v-dhramaraj\Desktop\Python\Projects\Assignment2_StockAnalysis\Data-20250430T011355Z-1-001\Data\data\2024-01,EICHERMOT,3892.5,2024-01-02 05:30:00,4010.75,3882.35,2024-01,4010.1,1221148
C:\Users\v-dhramaraj\Desktop\Python\Projects\Assignment2_StockAnalysis\Data-20250430T011355Z-1-001\Data\data\2024-01,EICHERMOT,3887.6,2024-01-03 05:30:00,3928.95,3878.45,2024-01,3894.05,435449
C:\Users\v-dhramaraj\Desktop\Python\Projects\Assignment2_StockAnalysis\Data-20250430T011355Z-1-001\Data\data\2024-01,EICHERMOT,3861.0,2024-01-04 05:30:00,3915.0,3848.5,2024-01,3887.5,425702
C:\Users\v-dhramaraj\Desktop\Python\Projects\Assignment2_StockAnalysis\Data-20250430T011355Z-1-001\Data\data\2024-01,EICHERMOT,3877.05,2024-01-05 05:30:00,3918.7,3860.0,2024-01,3864.05,402103
C:\Users\v-dhramaraj\Desktop\Python\Projects\Assignment2_StockAnalysis\Data-20250430T011355Z-1-001\Data\data\2024-01,EICHERMOT,3884.25,2024-01-08 05:30:00,3960.4,3877.5,2024-01,3890.0,401263
C:\Users\v-dhramaraj\Desktop\Python\Projects\Assignment2_StockAnalysis\Data-20250430T011355Z-1-001\Data\data\2024-01,EICHERMOT,3870.45,2024-01-09 05:30:00,3923.95,3850.6,2024-01,3909.25,411462
C:\Users\v-dhramaraj\Desktop\Python\Projects\Assignment2_StockAnalysis\Data-20250430T011355Z-1-001\Data\data\2024-01,EICHERMOT,3842.55,2024-01-10 05:30:00,3873.0,3790.65,2024-01,3870.45,577499
C:\Users\v-dhramaraj\Desktop\Python\Projects\Assignment2_StockAnalysis\Data-20250430T011355Z-1-001\Data\data\2024-01,EICHERMOT,3888.8,2024-01-11 05:30:00,3924.7,3852.45,2024-01,3868.8,378237
C:\Users\v-dhramaraj\Desktop\Python\Projects\Assignment2_StockAnalysis\Data-20250430T011355Z-1-001\Data\data\2024-01,EICHERMOT,3870.85,2024-01-12 05:30:00,3899.0,3850.0,2024-01,3890.2,220410
C:\Users\v-dhramaraj\Desktop\Python\Projects\Assignment2_StockAnalysis\Data-20250430T011355Z-1-001\Data\data\2024-01,EICHERMOT,3832.1,2024-01-15 05:30:00,3884.65,3811.0,2024-01,3875.0,364325
C:\Users\v-dhramaraj\Desktop\Python\Projects\Assignment2_StockAnalysis\Data-20250430T011355Z-1-001\Data\data\2024-01,EICHERMOT,3792.3,2024-01-16 05:30:00,3828.1,3741.5,2024-01,3790.0,519197
C:\Users\v-dhramaraj\Desktop\Python\Projects\Assignment2_StockAnalysis\Data-20250430T011355Z-1-001\Data\data\2024-01,EICHERMOT,3751.1,2024-01-17 05:30:00,3772.0,3720.0,2024-01,3731.0,585284
C:\Users\v-dhramaraj\Desktop\Python\Projects\Assignment2_StockAnalysis\Data-20250430T011355Z-1-001\Data\data\2024-01,EICHERMOT,3691.15,2024-01-18 05:30:00,3761.55,3661.0,2024-01,3751.1,583931
C:\Users\v-dhramaraj\Desktop\Python\Projects\Assignment2_StockAnalysis\Data-20250430T011355Z-1-001\Data\data\2024-01,EICHERMOT,3699.45,2024-01-19 05:30:00,3787.85,3658.0,2024-01,3700.0,894473
C:\Users\v-dhramaraj\Desktop\Python\Projects\Assignment2_StockAnalysis\Data-20250430T011355Z-1-001\Data\data\2024-01,EICHERMOT,3697.6,2024-01-20 05:30:00,3737.9,3675.1,2024-01,3709.9,122046
C:\Users\v-dhramaraj\Desktop\Python\Projects\Assignment2_StockAnalysis\Data-20250430T011355Z-1-001\Data\data\2024-01,EICHERMOT,3616.7,2024-01-23 05:30:00,3744.0,3606.05,2024-01,3702.05,823427
C:\Users\v-dhramaraj\Desktop\Python\Projects\Assignment2_StockAnalysis\Data-20250430T011355Z-1-001\Data\data\2024-01,EICHERMOT,3635.0,2024-01-24 05:30:00,3648.95,3562.45,2024-01,3629.0,1318897
C:\Users\v-dhramaraj\Desktop\Python\Projects\Assignment2_StockAnalysis\Data-20250430T011355Z-1-001\Data\data\2024-01,EICHERMOT,3616.45,2024-01-25 05:30:00,3680.0,3597.05,2024-01,3680.0,699432
C:\Users\v-dhramaraj\Desktop\Python\Projects\Assignment2_StockAnalysis\Data-20250430T011355Z-1-001\Data\data\2024-01,EICHERMOT,3669.05,2024-01-29 05:30:00,3681.0,3590.05,2024-01,3621.1,936432
C:\Users\v-dhramaraj\Desktop\Python\Projects\Assignment2_StockAnalysis\Data-20250430T011355Z-1-001\Data\data\2024-01,EICHERMOT,3704.75,2024-01-30 05:30:00,3729.9,3673.9,2024-01,3675.0,612064
C:\Users\v-dhramaraj\Desktop\Python\Projects\Assignment2_StockAnalysis\Data-20250430T011355Z-1-001\Data\data\2024-01,EICHERMOT,3839.6,2024-01-31 05:30:00,3852.15,3701.1,2024-01,3716.0,759817
C:\Users\v-dhramaraj\Desktop\Python\Projects\Assignment2_StockAnalysis\Data-20250430T011355Z-1-001\Data\data\2024-02,EICHERMOT,3933.2,2024-02-01 05:30:00,3965.85,3843.0,2024-02,3843.0,1313981
C:\Users\v-dhramaraj\Desktop\Python\Projects\Assignment2_StockAnalysis\Data-20250430T011355Z-1-001\Data\data\2024-02,EICHERMOT,3825.55,2024-02-02 05:30:00,3900.0,3811.25,2024-02,3900.0,872011
C:\Users\v-dhramaraj\Desktop\Python\Projects\Assignment2_StockAnalysis\Data-20250430T011355Z-1-001\Data\data\2024-02,EICHERMOT,3889.95,2024-02-05 05:30:00,3918.4,3837.0,2024-02,3850.0,592181
C:\Users\v-dhramaraj\Desktop\Python\Projects\Assignment2_StockAnalysis\Data-20250430T011355Z-1-001\Data\data\2024-02,EICHERMOT,3944.6,2024-02-06 05:30:00,3950.75,3890.0,2024-02,3900.0,470713
C:\Users\v-dhramaraj\Desktop\Python\Projects\Assignment2_StockAnalysis\Data-20250430T011355Z-1-001\Data\data\2024-02,EICHERMOT,3927.65,2024-02-07 05:30:00,3990.0,3907.95,2024-02,3975.0,416774
C:\Users\v-dhramaraj\Desktop\Python\Projects\Assignment2_StockAnalysis\Data-20250430T011355Z-1-001\Data\data\2024-02,EICHERMOT,3807.3,2024-02-08 05:30:00,3957.3,3791.75,2024-02,3953.0,404899
C:\Users\v-dhramaraj\Desktop\Python\Projects\Assignment2_StockAnalysis\Data-20250430T011355Z-1-001\Data\data\2024-02,EICHERMOT,3840.95,2024-02-09 05:30:00,3847.95,3761.6,2024-02,3820.0,396729
C:\Users\v-dhramaraj\Desktop\Python\Projects\Assignment2_StockAnalysis\Data-20250430T011355Z-1-001\Data\data\2024-02,EICHERMOT,3871.85,2024-02-12 05:30:00,3903.05,3817.2,2024-02,3869.9,237343
C:\Users\v-dhramaraj\Desktop\Python\Projects\Assignment2_StockAnalysis\Data-20250430T011355Z-1-001\Data\data\2024-02,EICHERMOT,3854.2,2024-02-13 05:30:00,3936.15,3765.45,2024-02,3894.65,633019
C:\Users\v-dhramaraj\Desktop\Python\Projects\Assignment2_StockAnalysis\Data-20250430T011355Z-1-001\Data\data\2024-02,EICHERMOT,3901.55,2024-02-14 05:30:00,3932.35,3726.6,2024-02,3833.0,919714
C:\Users\v-dhramaraj\Desktop\Python\Projects\Assignment2_StockAnalysis\Data-20250430T011355Z-1-001\Data\data\2024-02,EICHERMOT,3916.55,2024-02-15 05:30:00,3928.5,3876.2,2024-02,3905.0,405632
C:\Users\v-dhramaraj\Desktop\Python\Projects\Assignment2_StockAnalysis\Data-20250430T011355Z-1-001\Data\data\2024-02,EICHERMOT,3928.65,2024-02-16 05:30:00,4003.0,3916.3,2024-02,3925.05,634008
C:\Users\v-dhramaraj\Desktop\Python\Projects\Assignment2_StockAnalysis\Data-20250430T011355Z-1-001\Data\data\2024-02,EICHERMOT,3902.85,2024-02-19 05:30:00,3954.7,3894.75,2024-02,3934.95,267834
C:\Users\v-dhramaraj\Desktop\Python\Projects\Assignment2_StockAnalysis\Data-20250430T011355Z-1-001\Data\data\2024-02,EICHERMOT,3828.1,2024-02-20 05:30:00,3898.9,3784.2,2024-02,3894.0,1324518
C:\Users\v-dhramaraj\Desktop\Python\Projects\Assignment2_StockAnalysis\Data-20250430T011355Z-1-001\Data\data\2024-02,EICHERMOT,3836.35,2024-02-21 05:30:00,3895.75,3821.0,2024-02,3828.1,575380
C:\Users\v-dhramaraj\Desktop\Python\Projects\Assignment2_StockAnalysis\Data-20250430T011355Z-1-001\Data\data\2024-02,EICHERMOT,3951.4,2024-02-22 05:30:00,3970.0,3841.85,2024-02,3864.8,1130600
C:\Users\v-dhramaraj\Desktop\Python\Projects\Assignment2_StockAnalysis\Data-20250430T011355Z-1-001\Data\data\2024-02,EICHERMOT,3927.05,2024-02-23 05:30:00,3972.0,3913.65,2024-02,3970.4,571998
C:\Users\v-dhramaraj\Desktop\Python\Projects\Assignment2_StockAnalysis\Data-20250430T011355Z-1-001\Data\data\2024-02,EICHERMOT,3952.95,2024-02-26 05:30:00,3991.45,3895.0,2024-02,3927.05,474465
C:\Users\v-dhramaraj\Desktop\Python\Projects\Assignment2_StockAnalysis\Data-20250430T011355Z-1-001\Data\data\2024-02,EICHERMOT,4002.75,2024-02-27 05:30:00,4012.55,3940.0,2024-02,3950.0,579400
C:\Users\v-dhramaraj\Desktop\Python\Projects\Assignment2_StockAnalysis\Data-20250430T011355Z-1-001\Data\data\2024-02,EICHERMOT,3863.75,2024-02-28 05:30:00,4018.95,3851.0,2024-02,4002.75,658953
C:\Users\v-dhramaraj\Desktop\Python\Projects\Assignment2_StockAnalysis\Data-20250430T011355Z-1-001\Data\data\2024-02,EICHERMOT,3792.4,2024-02-29 05:30:00,3890.0,3760.05,2024-02,3862.95,1021336
C:\Users\v-dhramaraj\Desktop\Python\Projects\Assignment2_StockAnalysis\Data-20250430T011355Z-1-001\Data\data\2024-03,EICHERMOT,3843.55,2024-03-01 05:30:00,3868.8,3776.05,2024-03,3790.2,665946
C:\Users\v-dhramaraj\Desktop\Python\Projects\Assignment2_StockAnalysis\Data-20250430T011355Z-1-001\Data\data\2024-03,EICHERMOT,3860.35,2024-03-02 05:30:00,3877.85,3837.05,2024-03,3855.0,17701
C:\Users\v-dhramaraj\Desktop\Python\Projects\Assignment2_StockAnalysis\Data-20250430T011355Z-1-001\Data\data\2024-03,EICHERMOT,3751.45,2024-03-04 05:30:00,3883.3,3744.0,2024-03,3858.6,641251
C:\Users\v-dhramaraj\Desktop\Python\Projects\Assignment2_StockAnalysis\Data-20250430T011355Z-1-001\Data\data\2024-03,EICHERMOT,3791.9,2024-03-05 05:30:00,3801.95,3742.55,2024-03,3751.45,591293
C:\Users\v-dhramaraj\Desktop\Python\Projects\Assignment2_StockAnalysis\Data-20250430T011355Z-1-001\Data\data\2024-03,EICHERMOT,3793.2,2024-03-06 05:30:00,3806.85,3734.05,2024-03,3800.0,315398
C:\Users\v-dhramaraj\Desktop\Python\Projects\Assignment2_StockAnalysis\Data-20250430T011355Z-1-001\Data\data\2024-03,EICHERMOT,3785.25,2024-03-07 05:30:00,3810.0,3759.05,2024-03,3793.2,734239
C:\Users\v-dhramaraj\Desktop\Python\Projects\Assignment2_StockAnalysis\Data-20250430T011355Z-1-001\Data\data\2024-03,EICHERMOT,3783.9,2024-03-11 05:30:00,3814.95,3770.0,2024-03,3795.45,373335
C:\Users\v-dhramaraj\Desktop\Python\Projects\Assignment2_StockAnalysis\Data-20250430T011355Z-1-001\Data\data\2024-03,EICHERMOT,3810.75,2024-03-12 05:30:00,3855.8,3771.0,2024-03,3804.4,528035
C:\Users\v-dhramaraj\Desktop\Python\Projects\Assignment2_StockAnalysis\Data-20250430T011355Z-1-001\Data\data\2024-03,EICHERMOT,3735.55,2024-03-13 05:30:00,3852.4,3715.0,2024-03,3811.55,428324
C:\Users\v-dhramaraj\Desktop\Python\Projects\Assignment2_StockAnalysis\Data-20250430T011355Z-1-001\Data\data\2024-03,EICHERMOT,3772.65,2024-03-14 05:30:00,3803.75,3686.25,2024-03,3717.0,720948
C:\Users\v-dhramaraj\Desktop\Python\Projects\Assignment2_StockAnalysis\Data-20250430T011355Z-1-001\Data\data\2024-03,EICHERMOT,3745.65,2024-03-15 05:30:00,3779.95,3707.05,2024-03,3772.65,487749
C:\Users\v-dhramaraj\Desktop\Python\Projects\Assignment2_StockAnalysis\Data-20250430T011355Z-1-001\Data\data\2024-03,EICHERMOT,3699.7,2024-03-18 05:30:00,3745.0,3681.7,2024-03,3745.0,533167
C:\Users\v-dhramaraj\Desktop\Python\Projects\Assignment2_StockAnalysis\Data-20250430T011355Z-1-001\Data\data\2024-03,EICHERMOT,3716.85,2024-03-19 05:30:00,3730.0,3672.0,2024-03,3699.7,559402
C:\Users\v-dhramaraj\Desktop\Python\Projects\Assignment2_StockAnalysis\Data-20250430T011355Z-1-001\Data\data\2024-03,EICHERMOT,3873.6,2024-03-20 05:30:00,3940.0,3821.0,2024-03,3821.0,3045475
C:\Users\v-dhramaraj\Desktop\Python\Projects\Assignment2_StockAnalysis\Data-20250430T011355Z-1-001\Data\data\2024-03,EICHERMOT,3918.95,2024-03-21 05:30:00,3949.0,3881.0,2024-03,3881.35,838929
C:\Users\v-dhramaraj\Desktop\Python\Projects\Assignment2_StockAnalysis\Data-20250430T011355Z-1-001\Data\data\2024-03,EICHERMOT,3988.4,2024-03-22 05:30:00,4013.95,3863.2,2024-03,3945.0,1033237
C:\Users\v-dhramaraj\Desktop\Python\Projects\Assignment2_StockAnalysis\Data-20250430T011355Z-1-001\Data\data\2024-03,EICHERMOT,3911.1,2024-03-26 05:30:00,4042.5,3907.1,2024-03,4001.45,772158
C:\Users\v-dhramaraj\Desktop\Python\Projects\Assignment2_StockAnalysis\Data-20250430T011355Z-1-001\Data\data\2024-03,EICHERMOT,3913.8,2024-03-27 05:30:00,3987.0,3905.8,2024-03,3934.8,510950
C:\Users\v-dhramaraj\Desktop\Python\Projects\Assignment2_StockAnalysis\Data-20250430T011355Z-1-001\Data\data\2024-03,EICHERMOT,4019.3,2024-03-28 05:30:00,4075.0,3891.75,2024-03,3915.3,1307106
C:\Users\v-dhramaraj\Desktop\Python\Projects\Assignment2_StockAnalysis\Data-20250430T011355Z-1-001\Data\data\2024-04,EICHERMOT,3946.65,2024-04-01 05:30:00,4070.0,3936.5,2024-04,4060.8,532524
C:\Users\v-dhramaraj\Desktop\Python\Projects\Assignment2_StockAnalysis\Data-20250430T011355Z-1-001\Data\data\2024-04,EICHERMOT,3922.2,2024-04-02 05:30:00,3990.0,3914.3,2024-04,3990.0,485047
C:\Users\v-dhramaraj\Desktop\Python\Projects\Assignment2_StockAnalysis\Data-20250430T011355Z-1-001\Data\data\2024-04,EICHERMOT,3934.2,2024-04-03 05:30:00,3943.1,3886.1,2024-04,3923.0,392460
C:\Users\v-dhramaraj\Desktop\Python\Projects\Assignment2_StockAnalysis\Data-20250430T011355Z-1-001\Data\data\2024-04,EICHERMOT,4014.3,2024-04-04 05:30:00,4030.0,3892.05,2024-04,3957.0,932478
C:\Users\v-dhramaraj\Desktop\Python\Projects\Assignment2_StockAnalysis\Data-20250430T011355Z-1-001\Data\data\2024-04,EICHERMOT,4031.25,2024-04-05 05:30:00,4046.55,3967.55,2024-04,4013.0,537212
C:\Users\v-dhramaraj\Desktop\Python\Projects\Assignment2_StockAnalysis\Data-20250430T011355Z-1-001\Data\data\2024-04,EICHERMOT,4205.75,2024-04-08 05:30:00,4303.45,4011.6,2024-04,4024.95,2165986
C:\Users\v-dhramaraj\Desktop\Python\Projects\Assignment2_StockAnalysis\Data-20250430T011355Z-1-001\Data\data\2024-04,EICHERMOT,4248.65,2024-04-09 05:30:00,4267.9,4137.5,2024-04,4247.8,970657
C:\Users\v-dhramaraj\Desktop\Python\Projects\Assignment2_StockAnalysis\Data-20250430T011355Z-1-001\Data\data\2024-04,EICHERMOT,4315.1,2024-04-10 05:30:00,4335.0,4222.05,2024-04,4250.0,1018246
C:\Users\v-dhramaraj\Desktop\Python\Projects\Assignment2_StockAnalysis\Data-20250430T011355Z-1-001\Data\data\2024-04,EICHERMOT,4302.25,2024-04-12 05:30:00,4382.8,4267.8,2024-04,4310.0,1133493
C:\Users\v-dhramaraj\Desktop\Python\Projects\Assignment2_StockAnalysis\Data-20250430T011355Z-1-001\Data\data\2024-04,EICHERMOT,4219.35,2024-04-15 05:30:00,4317.85,4193.75,2024-04,4250.0,860133
C:\Users\v-dhramaraj\Desktop\Python\Projects\Assignment2_StockAnalysis\Data-20250430T011355Z-1-001\Data\data\2024-04,EICHERMOT,4355.7,2024-04-16 05:30:00,4404.0,4206.3,2024-04,4217.4,1467677
C:\Users\v-dhramaraj\Desktop\Python\Projects\Assignment2_StockAnalysis\Data-20250430T011355Z-1-001\Data\data\2024-04,EICHERMOT,4351.2,2024-04-18 05:30:00,4444.0,4338.05,2024-04,4356.0,1316876
C:\Users\v-dhramaraj\Desktop\Python\Projects\Assignment2_StockAnalysis\Data-20250430T011355Z-1-001\Data\data\2024-04,EICHERMOT,4344.15,2024-04-19 05:30:00,4369.45,4261.3,2024-04,4345.0,719002
C:\Users\v-dhramaraj\Desktop\Python\Projects\Assignment2_StockAnalysis\Data-20250430T011355Z-1-001\Data\data\2024-04,EICHERMOT,4466.95,2024-04-22 05:30:00,4485.0,4370.4,2024-04,4394.0,781218
C:\Users\v-dhramaraj\Desktop\Python\Projects\Assignment2_StockAnalysis\Data-20250430T011355Z-1-001\Data\data\2024-04,EICHERMOT,4520.15,2024-04-23 05:30:00,4534.9,4445.0,2024-04,4472.05,740619
C:\Users\v-dhramaraj\Desktop\Python\Projects\Assignment2_StockAnalysis\Data-20250430T011355Z-1-001\Data\data\2024-04,EICHERMOT,4530.7,2024-04-24 05:30:00,4571.65,4514.8,2024-04,4545.0,919636
C:\Users\v-dhramaraj\Desktop\Python\Projects\Assignment2_StockAnalysis\Data-20250430T011355Z-1-001\Data\data\2024-04,EICHERMOT,4615.2,2024-04-25 05:30:00,4629.5,4486.0,2024-04,4568.0,1260511
C:\Users\v-dhramaraj\Desktop\Python\Projects\Assignment2_StockAnalysis\Data-20250430T011355Z-1-001\Data\data\2024-04,EICHERMOT,4601.0,2024-04-26 05:30:00,4632.85,4572.0,2024-04,4591.0,364193
C:\Users\v-dhramaraj\Desktop\Python\Projects\Assignment2_StockAnalysis\Data-20250430T011355Z-1-001\Data\data\2024-04,EICHERMOT,4571.85,2024-04-29 05:30:00,4603.55,4532.6,2024-04,4589.0,465907
C:\Users\v-dhramaraj\Desktop\Python\Projects\Assignment2_StockAnalysis\Data-20250430T011355Z-1-001\Data\data\2024-04,EICHERMOT,4597.4,2024-04-30 05:30:00,4689.95,4578.0,2024-04,4578.0,663752
C:\Users\v-dhramaraj\Desktop\Python\Projects\Assignment2_StockAnalysis\Data-20250430T011355Z-1-001\Data\data\2024-05,EICHERMOT,4602.4,2024-05-02 05:30:00,4634.1,4546.4,2024-05,4598.0,908139
C:\Users\v-dhramaraj\Desktop\Python\Projects\Assignment2_StockAnalysis\Data-20250430T011355Z-1-001\Data\data\2024-05,EICHERMOT,4599.25,2024-05-03 05:30:00,4655.6,4580.0,2024-05,4623.0,562484
C:\Users\v-dhramaraj\Desktop\Python\Projects\Assignment2_StockAnalysis\Data-20250430T011355Z-1-001\Data\data\2024-05,EICHERMOT,4599.0,2024-05-06 05:30:00,4668.8,4581.25,2024-05,4613.0,716536
C:\Users\v-dhramaraj\Desktop\Python\Projects\Assignment2_StockAnalysis\Data-20250430T011355Z-1-001\Data\data\2024-05,EICHERMOT,4622.4,2024-05-07 05:30:00,4655.0,4570.0,2024-05,4605.0,505027
C:\Users\v-dhramaraj\Desktop\Python\Projects\Assignment2_StockAnalysis\Data-20250430T011355Z-1-001\Data\data\2024-05,EICHERMOT,4600.1,2024-05-08 05:30:00,4634.0,4560.95,2024-05,4585.0,613158
C:\Users\v-dhramaraj\Desktop\Python\Projects\Assignment2_StockAnalysis\Data-20250430T011355Z-1-001\Data\data\2024-05,EICHERMOT,4568.05,2024-05-09 05:30:00,4708.0,4541.5,2024-05,4580.0,980283
C:\Users\v-dhramaraj\Desktop\Python\Projects\Assignment2_StockAnalysis\Data-20250430T011355Z-1-001\Data\data\2024-05,EICHERMOT,4657.85,2024-05-10 05:30:00,4689.05,4556.4,2024-05,4590.0,471148
C:\Users\v-dhramaraj\Desktop\Python\Projects\Assignment2_StockAnalysis\Data-20250430T011355Z-1-001\Data\data\2024-05,EICHERMOT,4657.45,2024-05-13 05:30:00,4733.8,4528.3,2024-05,4679.0,1738770
C:\Users\v-dhramaraj\Desktop\Python\Projects\Assignment2_StockAnalysis\Data-20250430T011355Z-1-001\Data\data\2024-05,EICHERMOT,4730.55,2024-05-14 05:30:00,4742.95,4651.1,2024-05,4667.4,870035
C:\Users\v-dhramaraj\Desktop\Python\Projects\Assignment2_StockAnalysis\Data-20250430T011355Z-1-001\Data\data\2024-05,EICHERMOT,4649.35,2024-05-15 05:30:00,4730.55,4598.1,2024-05,4730.55,1082300
C:\Users\v-dhramaraj\Desktop\Python\Projects\Assignment2_StockAnalysis\Data-20250430T011355Z-1-001\Data\data\2024-05,EICHERMOT,4681.75,2024-05-16 05:30:00,4697.95,4543.1,2024-05,4650.0,845652
C:\Users\v-dhramaraj\Desktop\Python\Projects\Assignment2_StockAnalysis\Data-20250430T011355Z-1-001\Data\data\2024-05,EICHERMOT,4693.9,2024-05-17 05:30:00,4700.0,4622.0,2024-05,4660.0,287570
C:\Users\v-dhramaraj\Desktop\Python\Projects\Assignment2_StockAnalysis\Data-20250430T011355Z-1-001\Data\data\2024-05,EICHERMOT,4684.4,2024-05-18 05:30:00,4717.9,4667.0,2024-05,4717.9,23597
C:\Users\v-dhramaraj\Desktop\Python\Projects\Assignment2_StockAnalysis\Data-20250430T011355Z-1-001\Data\data\2024-05,EICHERMOT,4672.95,2024-05-21 05:30:00,4728.85,4650.0,2024-05,4650.0,500742
C:\Users\v-dhramaraj\Desktop\Python\Projects\Assignment2_StockAnalysis\Data-20250430T011355Z-1-001\Data\data\2024-05,EICHERMOT,4695.45,2024-05-22 05:30:00,4707.65,4665.5,2024-05,4673.0,201187
C:\Users\v-dhramaraj\Desktop\Python\Projects\Assignment2_StockAnalysis\Data-20250430T011355Z-1-001\Data\data\2024-05,EICHERMOT,4852.85,2024-05-23 05:30:00,4867.85,4682.55,2024-05,4696.65,922926
C:\Users\v-dhramaraj\Desktop\Python\Projects\Assignment2_StockAnalysis\Data-20250430T011355Z-1-001\Data\data\2024-05,EICHERMOT,4880.95,2024-05-24 05:30:00,4908.0,4807.4,2024-05,4822.5,545727
C:\Users\v-dhramaraj\Desktop\Python\Projects\Assignment2_StockAnalysis\Data-20250430T011355Z-1-001\Data\data\2024-05,EICHERMOT,4793.3,2024-05-27 05:30:00,4907.0,4770.0,2024-05,4861.05,655641
C:\Users\v-dhramaraj\Desktop\Python\Projects\Assignment2_StockAnalysis\Data-20250430T011355Z-1-001\Data\data\2024-05,EICHERMOT,4770.95,2024-05-28 05:30:00,4825.5,4760.0,2024-05,4793.3,333511
C:\Users\v-dhramaraj\Desktop\Python\Projects\Assignment2_StockAnalysis\Data-20250430T011355Z-1-001\Data\data\2024-05,EICHERMOT,4745.4,2024-05-29 05:30:00,4808.85,4724.25,2024-05,4746.0,548865
C:\Users\v-dhramaraj\Desktop\Python\Projects\Assignment2_StockAnalysis\Data-20250430T011355Z-1-001\Data\data\2024-05,EICHERMOT,4742.95,2024-05-30 05:30:00,4770.0,4704.7,2024-05,4709.75,431385
C:\Users\v-dhramaraj\Desktop\Python\Projects\Assignment2_StockAnalysis\Data-20250430T011355Z-1-001\Data\data\2024-05,EICHERMOT,4733.45,2024-05-31 05:30:00,4790.0,4668.25,2024-05,4742.2,1137018
C:\Users\v-dhramaraj\Desktop\Python\Projects\Assignment2_StockAnalysis\Data-20250430T011355Z-1-001\Data\data\2024-06,EICHERMOT,4670.85,2024-06-03 05:30:00,4800.0,4640.0,2024-06,4800.0,1070710
C:\Users\v-dhramaraj\Desktop\Python\Projects\Assignment2_StockAnalysis\Data-20250430T011355Z-1-001\Data\data\2024-06,EICHERMOT,4495.4,2024-06-04 05:30:00,4706.85,4253.85,2024-06,4679.9,920927
C:\Users\v-dhramaraj\Desktop\Python\Projects\Assignment2_StockAnalysis\Data-20250430T011355Z-1-001\Data\data\2024-06,EICHERMOT,4579.0,2024-06-05 05:30:00,4647.45,4495.0,2024-06,4539.1,468061
C:\Users\v-dhramaraj\Desktop\Python\Projects\Assignment2_StockAnalysis\Data-20250430T011355Z-1-001\Data\data\2024-06,EICHERMOT,4719.75,2024-06-06 05:30:00,4727.0,4538.3,2024-06,4579.0,748915
C:\Users\v-dhramaraj\Desktop\Python\Projects\Assignment2_StockAnalysis\Data-20250430T011355Z-1-001\Data\data\2024-06,EICHERMOT,4762.0,2024-06-07 05:30:00,4769.0,4670.1,2024-06,4700.0,419417
C:\Users\v-dhramaraj\Desktop\Python\Projects\Assignment2_StockAnalysis\Data-20250430T011355Z-1-001\Data\data\2024-06,EICHERMOT,4782.75,2024-06-10 05:30:00,4800.0,4757.0,2024-06,4769.6,301649
C:\Users\v-dhramaraj\Desktop\Python\Projects\Assignment2_StockAnalysis\Data-20250430T011355Z-1-001\Data\data\2024-06,EICHERMOT,4758.65,2024-06-11 05:30:00,4811.95,4744.05,2024-06,4810.0,733966
C:\Users\v-dhramaraj\Desktop\Python\Projects\Assignment2_StockAnalysis\Data-20250430T011355Z-1-001\Data\data\2024-06,EICHERMOT,4850.65,2024-06-12 05:30:00,4873.45,4745.0,2024-06,4765.0,523152
C:\Users\v-dhramaraj\Desktop\Python\Projects\Assignment2_StockAnalysis\Data-20250430T011355Z-1-001\Data\data\2024-06,EICHERMOT,4801.5,2024-06-13 05:30:00,4889.6,4768.0,2024-06,4886.95,840780
C:\Users\v-dhramaraj\Desktop\Python\Projects\Assignment2_StockAnalysis\Data-20250430T011355Z-1-001\Data\data\2024-06,EICHERMOT,4935.1,2024-06-14 05:30:00,4945.0,4801.5,2024-06,4817.5,549131
C:\Users\v-dhramaraj\Desktop\Python\Projects\Assignment2_StockAnalysis\Data-20250430T011355Z-1-001\Data\data\2024-06,EICHERMOT,4936.1,2024-06-18 05:30:00,4976.0,4912.55,2024-06,4940.0,706641
C:\Users\v-dhramaraj\Desktop\Python\Projects\Assignment2_StockAnalysis\Data-20250430T011355Z-1-001\Data\data\2024-06,EICHERMOT,4880.75,2024-06-19 05:30:00,4963.7,4850.0,2024-06,4940.0,652617
C:\Users\v-dhramaraj\Desktop\Python\Projects\Assignment2_StockAnalysis\Data-20250430T011355Z-1-001\Data\data\2024-06,EICHERMOT,4876.9,2024-06-20 05:30:00,4924.9,4843.05,2024-06,4885.35,637364
C:\Users\v-dhramaraj\Desktop\Python\Projects\Assignment2_StockAnalysis\Data-20250430T011355Z-1-001\Data\data\2024-06,EICHERMOT,4845.5,2024-06-21 05:30:00,4925.3,4820.0,2024-06,4876.9,414677
C:\Users\v-dhramaraj\Desktop\Python\Projects\Assignment2_StockAnalysis\Data-20250430T011355Z-1-001\Data\data\2024-06,EICHERMOT,4870.9,2024-06-24 05:30:00,4888.7,4794.2,2024-06,4838.0,302473
C:\Users\v-dhramaraj\Desktop\Python\Projects\Assignment2_StockAnalysis\Data-20250430T011355Z-1-001\Data\data\2024-06,EICHERMOT,4775.05,2024-06-25 05:30:00,4896.0,4762.05,2024-06,4870.9,660144
C:\Users\v-dhramaraj\Desktop\Python\Projects\Assignment2_StockAnalysis\Data-20250430T011355Z-1-001\Data\data\2024-06,EICHERMOT,4739.7,2024-06-26 05:30:00,4807.4,4720.0,2024-06,4775.05,600784
C:\Users\v-dhramaraj\Desktop\Python\Projects\Assignment2_StockAnalysis\Data-20250430T011355Z-1-001\Data\data\2024-06,EICHERMOT,4713.8,2024-06-27 05:30:00,4766.45,4682.05,2024-06,4722.0,1087487
C:\Users\v-dhramaraj\Desktop\Python\Projects\Assignment2_StockAnalysis\Data-20250430T011355Z-1-001\Data\data\2024-06,EICHERMOT,4672.95,2024-06-28 05:30:00,4733.95,4655.3,2024-06,4713.8,939279
C:\Users\v-dhramaraj\Desktop\Python\Projects\Assignment2_StockAnalysis\Data-20250430T011355Z-1-001\Data\data\2024-07,EICHERMOT,4635.55,2024-07-01 05:30:00,4729.45,4626.0,2024-07,4640.0,1364796
C:\Users\v-dhramaraj\Desktop\Python\Projects\Assignment2_StockAnalysis\Data-20250430T011355Z-1-001\Data\data\2024-07,EICHERMOT,4625.75,2024-07-02 05:30:00,4699.1,4592.9,2024-07,4635.9,865321
C:\Users\v-dhramaraj\Desktop\Python\Projects\Assignment2_StockAnalysis\Data-20250430T011355Z-1-001\Data\data\2024-07,EICHERMOT,4692.3,2024-07-03 05:30:00,4703.75,4638.1,2024-07,4643.65,257361
C:\Users\v-dhramaraj\Desktop\Python\Projects\Assignment2_StockAnalysis\Data-20250430T011355Z-1-001\Data\data\2024-07,EICHERMOT,4689.5,2024-07-04 05:30:00,4725.0,4662.0,2024-07,4692.3,313153
C:\Users\v-dhramaraj\Desktop\Python\Projects\Assignment2_StockAnalysis\Data-20250430T011355Z-1-001\Data\data\2024-07,EICHERMOT,4737.3,2024-07-05 05:30:00,4748.8,4698.6,2024-07,4700.05,258687
C:\Users\v-dhramaraj\Desktop\Python\Projects\Assignment2_StockAnalysis\Data-20250430T011355Z-1-001\Data\data\2024-07,EICHERMOT,4754.45,2024-07-08 05:30:00,4775.0,4716.0,2024-07,4758.95,542470
C:\Users\v-dhramaraj\Desktop\Python\Projects\Assignment2_StockAnalysis\Data-20250430T011355Z-1-001\Data\data\2024-07,EICHERMOT,4828.7,2024-07-09 05:30:00,4838.0,4742.0,2024-07,4757.6,631367
C:\Users\v-dhramaraj\Desktop\Python\Projects\Assignment2_StockAnalysis\Data-20250430T011355Z-1-001\Data\data\2024-07,EICHERMOT,4849.15,2024-07-10 05:30:00,4955.0,4795.0,2024-07,4842.0,832007
C:\Users\v-dhramaraj\Desktop\Python\Projects\Assignment2_StockAnalysis\Data-20250430T011355Z-1-001\Data\data\2024-07,EICHERMOT,4828.65,2024-07-11 05:30:00,4885.0,4805.85,2024-07,4878.95,308708
C:\Users\v-dhramaraj\Desktop\Python\Projects\Assignment2_StockAnalysis\Data-20250430T011355Z-1-001\Data\data\2024-07,EICHERMOT,4860.7,2024-07-12 05:30:00,4879.2,4815.0,2024-07,4828.55,290823
C:\Users\v-dhramaraj\Desktop\Python\Projects\Assignment2_StockAnalysis\Data-20250430T011355Z-1-001\Data\data\2024-07,EICHERMOT,4881.35,2024-07-15 05:30:00,4917.0,4825.6,2024-07,4851.05,223485
C:\Users\v-dhramaraj\Desktop\Python\Projects\Assignment2_StockAnalysis\Data-20250430T011355Z-1-001\Data\data\2024-07,EICHERMOT,4916.1,2024-07-16 05:30:00,4935.65,4861.0,2024-07,4881.4,664540
C:\Users\v-dhramaraj\Desktop\Python\Projects\Assignment2_StockAnalysis\Data-20250430T011355Z-1-001\Data\data\2024-07,EICHERMOT,4941.1,2024-07-18 05:30:00,4965.0,4784.95,2024-07,4818.0,773064
C:\Users\v-dhramaraj\Desktop\Python\Projects\Assignment2_StockAnalysis\Data-20250430T011355Z-1-001\Data\data\2024-07,EICHERMOT,4850.7,2024-07-19 05:30:00,4925.0,4820.2,2024-07,4905.0,662969
C:\Users\v-dhramaraj\Desktop\Python\Projects\Assignment2_StockAnalysis\Data-20250430T011355Z-1-001\Data\data\2024-07,EICHERMOT,4857.35,2024-07-22 05:30:00,4869.9,4759.6,2024-07,4767.0,377893
C:\Users\v-dhramaraj\Desktop\Python\Projects\Assignment2_StockAnalysis\Data-20250430T011355Z-1-001\Data\data\2024-07,EICHERMOT,4919.55,2024-07-23 05:30:00,4975.0,4785.95,2024-07,4857.05,1128441
C:\Users\v-dhramaraj\Desktop\Python\Projects\Assignment2_StockAnalysis\Data-20250430T011355Z-1-001\Data\data\2024-07,EICHERMOT,4915.35,2024-07-24 05:30:00,4942.3,4879.0,2024-07,4918.0,400075
C:\Users\v-dhramaraj\Desktop\Python\Projects\Assignment2_StockAnalysis\Data-20250430T011355Z-1-001\Data\data\2024-07,EICHERMOT,4900.65,2024-07-25 05:30:00,4923.45,4872.35,2024-07,4900.0,413861
C:\Users\v-dhramaraj\Desktop\Python\Projects\Assignment2_StockAnalysis\Data-20250430T011355Z-1-001\Data\data\2024-07,EICHERMOT,5012.5,2024-07-26 05:30:00,5058.9,4863.75,2024-07,4896.8,625674
C:\Users\v-dhramaraj\Desktop\Python\Projects\Assignment2_StockAnalysis\Data-20250430T011355Z-1-001\Data\data\2024-07,EICHERMOT,4962.25,2024-07-29 05:30:00,5047.95,4931.15,2024-07,5034.0,338482
C:\Users\v-dhramaraj\Desktop\Python\Projects\Assignment2_StockAnalysis\Data-20250430T011355Z-1-001\Data\data\2024-07,EICHERMOT,4951.85,2024-07-30 05:30:00,4978.65,4904.15,2024-07,4950.05,683440
C:\Users\v-dhramaraj\Desktop\Python\Projects\Assignment2_StockAnalysis\Data-20250430T011355Z-1-001\Data\data\2024-07,EICHERMOT,4962.7,2024-07-31 05:30:00,4992.8,4939.95,2024-07,4951.85,567283
C:\Users\v-dhramaraj\Desktop\Python\Projects\Assignment2_StockAnalysis\Data-20250430T011355Z-1-001\Data\data\2024-08,EICHERMOT,4968.8,2024-08-01 05:30:00,5023.0,4903.5,2024-08,4970.5,654655
C:\Users\v-dhramaraj\Desktop\Python\Projects\Assignment2_StockAnalysis\Data-20250430T011355Z-1-001\Data\data\2024-08,EICHERMOT,4726.7,2024-08-02 05:30:00,4884.0,4691.55,2024-08,4884.0,2120560
C:\Users\v-dhramaraj\Desktop\Python\Projects\Assignment2_StockAnalysis\Data-20250430T011355Z-1-001\Data\data\2024-08,EICHERMOT,4675.75,2024-08-05 05:30:00,4693.35,4555.0,2024-08,4612.15,946316
C:\Users\v-dhramaraj\Desktop\Python\Projects\Assignment2_StockAnalysis\Data-20250430T011355Z-1-001\Data\data\2024-08,EICHERMOT,4653.9,2024-08-06 05:30:00,4752.0,4638.05,2024-08,4687.0,594238
C:\Users\v-dhramaraj\Desktop\Python\Projects\Assignment2_StockAnalysis\Data-20250430T011355Z-1-001\Data\data\2024-08,EICHERMOT,4597.15,2024-08-07 05:30:00,4690.0,4579.4,2024-08,4664.95,1093582
C:\Users\v-dhramaraj\Desktop\Python\Projects\Assignment2_StockAnalysis\Data-20250430T011355Z-1-001\Data\data\2024-08,EICHERMOT,4576.9,2024-08-08 05:30:00,4641.95,4548.0,2024-08,4624.0,979435
C:\Users\v-dhramaraj\Desktop\Python\Projects\Assignment2_StockAnalysis\Data-20250430T011355Z-1-001\Data\data\2024-08,EICHERMOT,4830.6,2024-08-09 05:30:00,4853.0,4716.95,2024-08,4805.65,1697560
C:\Users\v-dhramaraj\Desktop\Python\Projects\Assignment2_StockAnalysis\Data-20250430T011355Z-1-001\Data\data\2024-08,EICHERMOT,4808.8,2024-08-12 05:30:00,4852.05,4793.35,2024-08,4799.0,738630
C:\Users\v-dhramaraj\Desktop\Python\Projects\Assignment2_StockAnalysis\Data-20250430T011355Z-1-001\Data\data\2024-08,EICHERMOT,4802.25,2024-08-13 05:30:00,4834.9,4790.1,2024-08,4810.2,194849
C:\Users\v-dhramaraj\Desktop\Python\Projects\Assignment2_StockAnalysis\Data-20250430T011355Z-1-001\Data\data\2024-08,EICHERMOT,4733.25,2024-08-14 05:30:00,4820.0,4716.0,2024-08,4810.95,328795
C:\Users\v-dhramaraj\Desktop\Python\Projects\Assignment2_StockAnalysis\Data-20250430T011355Z-1-001\Data\data\2024-08,EICHERMOT,4818.0,2024-08-16 05:30:00,4825.0,4735.1,2024-08,4735.1,259101
C:\Users\v-dhramaraj\Desktop\Python\Projects\Assignment2_StockAnalysis\Data-20250430T011355Z-1-001\Data\data\2024-08,EICHERMOT,4813.3,2024-08-19 05:30:00,4848.0,4780.0,2024-08,4848.0,280722
C:\Users\v-dhramaraj\Desktop\Python\Projects\Assignment2_StockAnalysis\Data-20250430T011355Z-1-001\Data\data\2024-08,EICHERMOT,4883.25,2024-08-20 05:30:00,4898.0,4824.3,2024-08,4848.9,523506
C:\Users\v-dhramaraj\Desktop\Python\Projects\Assignment2_StockAnalysis\Data-20250430T011355Z-1-001\Data\data\2024-08,EICHERMOT,4913.55,2024-08-21 05:30:00,4925.0,4867.0,2024-08,4890.0,221438
C:\Users\v-dhramaraj\Desktop\Python\Projects\Assignment2_StockAnalysis\Data-20250430T011355Z-1-001\Data\data\2024-08,EICHERMOT,4933.55,2024-08-22 05:30:00,4949.0,4905.6,2024-08,4932.2,536373
C:\Users\v-dhramaraj\Desktop\Python\Projects\Assignment2_StockAnalysis\Data-20250430T011355Z-1-001\Data\data\2024-08,EICHERMOT,4898.1,2024-08-23 05:30:00,4967.85,4882.3,2024-08,4920.0,208413
C:\Users\v-dhramaraj\Desktop\Python\Projects\Assignment2_StockAnalysis\Data-20250430T011355Z-1-001\Data\data\2024-08,EICHERMOT,4875.2,2024-08-26 05:30:00,4915.95,4865.05,2024-08,4902.0,314431
C:\Users\v-dhramaraj\Desktop\Python\Projects\Assignment2_StockAnalysis\Data-20250430T011355Z-1-001\Data\data\2024-08,EICHERMOT,4868.85,2024-08-27 05:30:00,4887.25,4836.7,2024-08,4866.05,382109
C:\Users\v-dhramaraj\Desktop\Python\Projects\Assignment2_StockAnalysis\Data-20250430T011355Z-1-001\Data\data\2024-08,EICHERMOT,4946.85,2024-08-28 05:30:00,4975.75,4840.0,2024-08,4870.0,424484
C:\Users\v-dhramaraj\Desktop\Python\Projects\Assignment2_StockAnalysis\Data-20250430T011355Z-1-001\Data\data\2024-08,EICHERMOT,4915.9,2024-08-29 05:30:00,4994.4,4880.0,2024-08,4946.85,571335
C:\Users\v-dhramaraj\Desktop\Python\Projects\Assignment2_StockAnalysis\Data-20250430T011355Z-1-001\Data\data\2024-08,EICHERMOT,4960.5,2024-08-30 05:30:00,4979.5,4896.0,2024-08,4901.05,465200
C:\Users\v-dhramaraj\Desktop\Python\Projects\Assignment2_StockAnalysis\Data-20250430T011355Z-1-001\Data\data\2024-09,EICHERMOT,4911.95,2024-09-02 05:30:00,5011.0,4887.75,2024-09,4949.75,310778
C:\Users\v-dhramaraj\Desktop\Python\Projects\Assignment2_StockAnalysis\Data-20250430T011355Z-1-001\Data\data\2024-09,EICHERMOT,4865.8,2024-09-03 05:30:00,4940.0,4856.05,2024-09,4923.95,263404
C:\Users\v-dhramaraj\Desktop\Python\Projects\Assignment2_StockAnalysis\Data-20250430T011355Z-1-001\Data\data\2024-09,EICHERMOT,4833.55,2024-09-04 05:30:00,4877.45,4821.2,2024-09,4830.0,476838
C:\Users\v-dhramaraj\Desktop\Python\Projects\Assignment2_StockAnalysis\Data-20250430T011355Z-1-001\Data\data\2024-09,EICHERMOT,4800.1,2024-09-05 05:30:00,4863.1,4787.15,2024-09,4850.0,398344
C:\Users\v-dhramaraj\Desktop\Python\Projects\Assignment2_StockAnalysis\Data-20250430T011355Z-1-001\Data\data\2024-09,EICHERMOT,4752.5,2024-09-06 05:30:00,4830.0,4740.2,2024-09,4794.7,291111
C:\Users\v-dhramaraj\Desktop\Python\Projects\Assignment2_StockAnalysis\Data-20250430T011355Z-1-001\Data\data\2024-09,EICHERMOT,4747.35,2024-09-09 05:30:00,4780.0,4716.1,2024-09,4752.5,272444
C:\Users\v-dhramaraj\Desktop\Python\Projects\Assignment2_StockAnalysis\Data-20250430T011355Z-1-001\Data\data\2024-09,EICHERMOT,4737.2,2024-09-10 05:30:00,4767.5,4689.35,2024-09,4749.0,404100
C:\Users\v-dhramaraj\Desktop\Python\Projects\Assignment2_StockAnalysis\Data-20250430T011355Z-1-001\Data\data\2024-09,EICHERMOT,4726.65,2024-09-11 05:30:00,4779.5,4702.0,2024-09,4730.0,384214
C:\Users\v-dhramaraj\Desktop\Python\Projects\Assignment2_StockAnalysis\Data-20250430T011355Z-1-001\Data\data\2024-09,EICHERMOT,4875.0,2024-09-12 05:30:00,4895.0,4717.7,2024-09,4744.9,757317
C:\Users\v-dhramaraj\Desktop\Python\Projects\Assignment2_StockAnalysis\Data-20250430T011355Z-1-001\Data\data\2024-09,EICHERMOT,4858.3,2024-09-13 05:30:00,4881.4,4828.0,2024-09,4857.9,315869
C:\Users\v-dhramaraj\Desktop\Python\Projects\Assignment2_StockAnalysis\Data-20250430T011355Z-1-001\Data\data\2024-09,EICHERMOT,4899.2,2024-09-16 05:30:00,4938.75,4860.0,2024-09,4884.95,453831
C:\Users\v-dhramaraj\Desktop\Python\Projects\Assignment2_StockAnalysis\Data-20250430T011355Z-1-001\Data\data\2024-09,EICHERMOT,4850.2,2024-09-17 05:30:00,4898.5,4816.65,2024-09,4898.5,356442
C:\Users\v-dhramaraj\Desktop\Python\Projects\Assignment2_StockAnalysis\Data-20250430T011355Z-1-001\Data\data\2024-09,EICHERMOT,4850.35,2024-09-18 05:30:00,4878.7,4812.25,2024-09,4864.0,295359
C:\Users\v-dhramaraj\Desktop\Python\Projects\Assignment2_StockAnalysis\Data-20250430T011355Z-1-001\Data\data\2024-09,EICHERMOT,4864.9,2024-09-19 05:30:00,4923.8,4845.1,2024-09,4875.0,357206
C:\Users\v-dhramaraj\Desktop\Python\Projects\Assignment2_StockAnalysis\Data-20250430T011355Z-1-001\Data\data\2024-09,EICHERMOT,4963.15,2024-09-20 05:30:00,5062.2,4854.4,2024-09,4866.8,1332877
C:\Users\v-dhramaraj\Desktop\Python\Projects\Assignment2_StockAnalysis\Data-20250430T011355Z-1-001\Data\data\2024-09,EICHERMOT,4879.55,2024-09-23 05:30:00,4991.4,4854.65,2024-09,4990.0,899953
C:\Users\v-dhramaraj\Desktop\Python\Projects\Assignment2_StockAnalysis\Data-20250430T011355Z-1-001\Data\data\2024-09,EICHERMOT,4876.9,2024-09-24 05:30:00,4894.95,4855.0,2024-09,4887.5,481696
C:\Users\v-dhramaraj\Desktop\Python\Projects\Assignment2_StockAnalysis\Data-20250430T011355Z-1-001\Data\data\2024-09,EICHERMOT,4895.25,2024-09-25 05:30:00,4920.0,4851.0,2024-09,4851.0,665986
C:\Users\v-dhramaraj\Desktop\Python\Projects\Assignment2_StockAnalysis\Data-20250430T011355Z-1-001\Data\data\2024-09,EICHERMOT,4994.25,2024-09-26 05:30:00,4999.9,4890.0,2024-09,4915.0,790345
C:\Users\v-dhramaraj\Desktop\Python\Projects\Assignment2_StockAnalysis\Data-20250430T011355Z-1-001\Data\data\2024-09,EICHERMOT,5062.6,2024-09-27 05:30:00,5105.0,4953.35,2024-09,4990.0,1040624
C:\Users\v-dhramaraj\Desktop\Python\Projects\Assignment2_StockAnalysis\Data-20250430T011355Z-1-001\Data\data\2024-09,EICHERMOT,5026.25,2024-09-30 05:30:00,5085.0,4998.5,2024-09,5062.0,516973
C:\Users\v-dhramaraj\Desktop\Python\Projects\Assignment2_StockAnalysis\Data-20250430T011355Z-1-001\Data\data\2024-10,EICHERMOT,4972.65,2024-10-01 05:30:00,5045.95,4952.0,2024-10,5026.3,449002
C:\Users\v-dhramaraj\Desktop\Python\Projects\Assignment2_StockAnalysis\Data-20250430T011355Z-1-001\Data\data\2024-10,EICHERMOT,4782.5,2024-10-03 05:30:00,4950.0,4711.0,2024-10,4930.0,1337657
C:\Users\v-dhramaraj\Desktop\Python\Projects\Assignment2_StockAnalysis\Data-20250430T011355Z-1-001\Data\data\2024-10,EICHERMOT,4706.8,2024-10-04 05:30:00,4802.8,4690.85,2024-10,4782.0,466001
C:\Users\v-dhramaraj\Desktop\Python\Projects\Assignment2_StockAnalysis\Data-20250430T011355Z-1-001\Data\data\2024-10,EICHERMOT,4667.95,2024-10-07 05:30:00,4748.8,4650.0,2024-10,4748.8,447523
C:\Users\v-dhramaraj\Desktop\Python\Projects\Assignment2_StockAnalysis\Data-20250430T011355Z-1-001\Data\data\2024-10,EICHERMOT,4693.45,2024-10-08 05:30:00,4738.5,4586.2,2024-10,4650.0,661110
C:\Users\v-dhramaraj\Desktop\Python\Projects\Assignment2_StockAnalysis\Data-20250430T011355Z-1-001\Data\data\2024-10,EICHERMOT,4708.9,2024-10-09 05:30:00,4737.9,4660.0,2024-10,4698.9,930717
C:\Users\v-dhramaraj\Desktop\Python\Projects\Assignment2_StockAnalysis\Data-20250430T011355Z-1-001\Data\data\2024-10,EICHERMOT,4697.9,2024-10-10 05:30:00,4769.0,4690.0,2024-10,4737.8,305739
C:\Users\v-dhramaraj\Desktop\Python\Projects\Assignment2_StockAnalysis\Data-20250430T011355Z-1-001\Data\data\2024-10,EICHERMOT,4728.05,2024-10-11 05:30:00,4808.15,4660.0,2024-10,4704.0,844931
C:\Users\v-dhramaraj\Desktop\Python\Projects\Assignment2_StockAnalysis\Data-20250430T011355Z-1-001\Data\data\2024-10,EICHERMOT,4779.8,2024-10-14 05:30:00,4810.0,4730.65,2024-10,4749.0,346430
C:\Users\v-dhramaraj\Desktop\Python\Projects\Assignment2_StockAnalysis\Data-20250430T011355Z-1-001\Data\data\2024-10,EICHERMOT,4722.1,2024-10-15 05:30:00,4799.9,4695.9,2024-10,4779.75,370224
C:\Users\v-dhramaraj\Desktop\Python\Projects\Assignment2_StockAnalysis\Data-20250430T011355Z-1-001\Data\data\2024-10,EICHERMOT,4678.25,2024-10-16 05:30:00,4734.0,4641.0,2024-10,4724.0,380474
C:\Users\v-dhramaraj\Desktop\Python\Projects\Assignment2_StockAnalysis\Data-20250430T011355Z-1-001\Data\data\2024-10,EICHERMOT,4623.85,2024-10-17 05:30:00,4654.95,4521.0,2024-10,4645.0,514244
C:\Users\v-dhramaraj\Desktop\Python\Projects\Assignment2_StockAnalysis\Data-20250430T011355Z-1-001\Data\data\2024-10,EICHERMOT,4765.65,2024-10-18 05:30:00,4799.9,4612.05,2024-10,4613.9,778795
C:\Users\v-dhramaraj\Desktop\Python\Projects\Assignment2_StockAnalysis\Data-20250430T011355Z-1-001\Data\data\2024-10,EICHERMOT,4810.45,2024-10-21 05:30:00,4852.85,4743.0,2024-10,4765.0,745473
C:\Users\v-dhramaraj\Desktop\Python\Projects\Assignment2_StockAnalysis\Data-20250430T011355Z-1-001\Data\data\2024-10,EICHERMOT,4759.05,2024-10-22 05:30:00,4826.2,4749.65,2024-10,4810.45,528037
C:\Users\v-dhramaraj\Desktop\Python\Projects\Assignment2_StockAnalysis\Data-20250430T011355Z-1-001\Data\data\2024-10,EICHERMOT,4677.75,2024-10-23 05:30:00,4725.45,4653.15,2024-10,4722.55,655987
C:\Users\v-dhramaraj\Desktop\Python\Projects\Assignment2_StockAnalysis\Data-20250430T011355Z-1-001\Data\data\2024-10,EICHERMOT,4668.5,2024-10-24 05:30:00,4684.65,4630.15,2024-10,4665.0,288778
C:\Users\v-dhramaraj\Desktop\Python\Projects\Assignment2_StockAnalysis\Data-20250430T011355Z-1-001\Data\data\2024-10,EICHERMOT,4591.6,2024-10-25 05:30:00,4672.65,4508.75,2024-10,4650.0,446738
C:\Users\v-dhramaraj\Desktop\Python\Projects\Assignment2_StockAnalysis\Data-20250430T011355Z-1-001\Data\data\2024-10,EICHERMOT,4720.65,2024-10-28 05:30:00,4765.0,4533.65,2024-10,4591.6,989928
C:\Users\v-dhramaraj\Desktop\Python\Projects\Assignment2_StockAnalysis\Data-20250430T011355Z-1-001\Data\data\2024-10,EICHERMOT,4898.15,2024-10-29 05:30:00,4918.55,4685.45,2024-10,4688.0,1065819
C:\Users\v-dhramaraj\Desktop\Python\Projects\Assignment2_StockAnalysis\Data-20250430T011355Z-1-001\Data\data\2024-10,EICHERMOT,4869.25,2024-10-30 05:30:00,4947.75,4850.1,2024-10,4850.1,842334
C:\Users\v-dhramaraj\Desktop\Python\Projects\Assignment2_StockAnalysis\Data-20250430T011355Z-1-001\Data\data\2024-10,EICHERMOT,4894.65,2024-10-31 05:30:00,4915.0,4820.7,2024-10,4869.0,510074
C:\Users\v-dhramaraj\Desktop\Python\Projects\Assignment2_StockAnalysis\Data-20250430T011355Z-1-001\Data\data\2024-11,EICHERMOT,4953.6,2024-11-01 05:30:00,4990.0,4930.0,2024-11,4984.85,79729
C:\Users\v-dhramaraj\Desktop\Python\Projects\Assignment2_StockAnalysis\Data-20250430T011355Z-1-001\Data\data\2024-11,EICHERMOT,4831.85,2024-11-04 05:30:00,5015.0,4791.05,2024-11,5002.45,719165
C:\Users\v-dhramaraj\Desktop\Python\Projects\Assignment2_StockAnalysis\Data-20250430T011355Z-1-001\Data\data\2024-11,EICHERMOT,4899.8,2024-11-05 05:30:00,4910.0,4808.0,2024-11,4831.85,499976
C:\Users\v-dhramaraj\Desktop\Python\Projects\Assignment2_StockAnalysis\Data-20250430T011355Z-1-001\Data\data\2024-11,EICHERMOT,4917.15,2024-11-06 05:30:00,4960.4,4906.95,2024-11,4910.95,370356
C:\Users\v-dhramaraj\Desktop\Python\Projects\Assignment2_StockAnalysis\Data-20250430T011355Z-1-001\Data\data\2024-11,EICHERMOT,4878.0,2024-11-07 05:30:00,4920.95,4817.65,2024-11,4917.15,221554
C:\Users\v-dhramaraj\Desktop\Python\Projects\Assignment2_StockAnalysis\Data-20250430T011355Z-1-001\Data\data\2024-11,EICHERMOT,4785.25,2024-11-08 05:30:00,4877.95,4755.35,2024-11,4875.0,194765
C:\Users\v-dhramaraj\Desktop\Python\Projects\Assignment2_StockAnalysis\Data-20250430T011355Z-1-001\Data\data\2024-11,EICHERMOT,4793.45,2024-11-11 05:30:00,4832.6,4750.3,2024-11,4762.0,209237
C:\Users\v-dhramaraj\Desktop\Python\Projects\Assignment2_StockAnalysis\Data-20250430T011355Z-1-001\Data\data\2024-11,EICHERMOT,4738.2,2024-11-12 05:30:00,4807.25,4705.55,2024-11,4788.0,326018
C:\Users\v-dhramaraj\Desktop\Python\Projects\Assignment2_StockAnalysis\Data-20250430T011355Z-1-001\Data\data\2024-11,EICHERMOT,4588.7,2024-11-13 05:30:00,4719.95,4536.05,2024-11,4700.0,656931
C:\Users\v-dhramaraj\Desktop\Python\Projects\Assignment2_StockAnalysis\Data-20250430T011355Z-1-001\Data\data\2024-11,EICHERMOT,4883.7,2024-11-14 05:30:00,4973.0,4705.3,2024-11,4725.45,2874648
C:\Users\v-dhramaraj\Desktop\Python\Projects\Assignment2_StockAnalysis\Data-20250430T011355Z-1-001\Data\data\2024-11,EICHERMOT,4875.65,2024-11-18 05:30:00,4914.0,4863.0,2024-11,4879.95,494329
C:\Users\v-dhramaraj\Desktop\Python\Projects\Assignment2_StockAnalysis\Data-20250430T011355Z-1-001\Data\data\2024-11,EICHERMOT,4965.45,2024-11-19 05:30:00,5014.05,4880.0,2024-11,4880.0,452273
C:\Users\v-dhramaraj\Desktop\Python\Projects\Assignment2_StockAnalysis\Data-20250430T011355Z-1-001\Data\data\2024-11,EICHERMOT,4882.1,2024-11-21 05:30:00,4958.0,4867.4,2024-11,4890.3,593722
C:\Users\v-dhramaraj\Desktop\Python\Projects\Assignment2_StockAnalysis\Data-20250430T011355Z-1-001\Data\data\2024-11,EICHERMOT,4986.2,2024-11-22 05:30:00,5005.0,4882.0,2024-11,4913.0,339941
