Source Folder,Ticker,close,date,high,low,month,open,volume
C:\Users\v-dhramaraj\Desktop\Python\Projects\Assignment2_StockAnalysis\Data-20250430T011355Z-1-001\Data\data\2023-10,HCLTECH,1238.7,2023-10-03 05:30:00,1256.7,1222.7,2023-10,1232.5,2162636
C:\Users\v-dhramaraj\Desktop\Python\Projects\Assignment2_StockAnalysis\Data-20250430T011355Z-1-001\Data\data\2023-10,HCLTECH,1239.55,2023-10-04 05:30:00,1244.8,1225.0,2023-10,1234.0,2253785
C:\Users\v-dhramaraj\Desktop\Python\Projects\Assignment2_StockAnalysis\Data-20250430T011355Z-1-001\Data\data\2023-10,HCLTECH,1235.45,2023-10-05 05:30:00,1253.95,1227.8,2023-10,1249.0,2995200
C:\Users\v-dhramaraj\Desktop\Python\Projects\Assignment2_StockAnalysis\Data-20250430T011355Z-1-001\Data\data\2023-10,HCLTECH,1237.7,2023-10-06 05:30:00,1256.0,1230.1,2023-10,1252.0,2497711
C:\Users\v-dhramaraj\Desktop\Python\Projects\Assignment2_StockAnalysis\Data-20250430T011355Z-1-001\Data\data\2023-10,HCLTECH,1249.6,2023-10-09 05:30:00,1266.65,1231.15,2023-10,1236.0,3430211
C:\Users\v-dhramaraj\Desktop\Python\Projects\Assignment2_StockAnalysis\Data-20250430T011355Z-1-001\Data\data\2023-10,HCLTECH,1261.8,2023-10-10 05:30:00,1264.75,1248.2,2023-10,1255.55,1532394
C:\Users\v-dhramaraj\Desktop\Python\Projects\Assignment2_StockAnalysis\Data-20250430T011355Z-1-001\Data\data\2023-10,HCLTECH,1245.6,2023-10-11 05:30:00,1274.45,1241.0,2023-10,1266.0,2186131
C:\Users\v-dhramaraj\Desktop\Python\Projects\Assignment2_StockAnalysis\Data-20250430T011355Z-1-001\Data\data\2023-10,HCLTECH,1223.75,2023-10-12 05:30:00,1248.55,1215.15,2023-10,1245.0,3921609
C:\Users\v-dhramaraj\Desktop\Python\Projects\Assignment2_StockAnalysis\Data-20250430T011355Z-1-001\Data\data\2023-10,HCLTECH,1255.9,2023-10-13 05:30:00,1266.5,1208.55,2023-10,1211.0,5740821
C:\Users\v-dhramaraj\Desktop\Python\Projects\Assignment2_StockAnalysis\Data-20250430T011355Z-1-001\Data\data\2023-10,HCLTECH,1270.65,2023-10-16 05:30:00,1279.3,1260.3,2023-10,1263.0,2527113
C:\Users\v-dhramaraj\Desktop\Python\Projects\Assignment2_StockAnalysis\Data-20250430T011355Z-1-001\Data\data\2023-10,HCLTECH,1277.15,2023-10-17 05:30:00,1279.0,1271.0,2023-10,1278.9,1687345
C:\Users\v-dhramaraj\Desktop\Python\Projects\Assignment2_StockAnalysis\Data-20250430T011355Z-1-001\Data\data\2023-10,HCLTECH,1269.45,2023-10-18 05:30:00,1281.5,1267.4,2023-10,1278.0,1743126
C:\Users\v-dhramaraj\Desktop\Python\Projects\Assignment2_StockAnalysis\Data-20250430T011355Z-1-001\Data\data\2023-10,HCLTECH,1267.35,2023-10-19 05:30:00,1274.75,1264.9,2023-10,1266.8,2279726
C:\Users\v-dhramaraj\Desktop\Python\Projects\Assignment2_StockAnalysis\Data-20250430T011355Z-1-001\Data\data\2023-10,HCLTECH,1258.6,2023-10-20 05:30:00,1261.35,1245.45,2023-10,1252.0,1625449
C:\Users\v-dhramaraj\Desktop\Python\Projects\Assignment2_StockAnalysis\Data-20250430T011355Z-1-001\Data\data\2023-10,HCLTECH,1236.65,2023-10-23 05:30:00,1260.5,1232.3,2023-10,1248.0,1646367
C:\Users\v-dhramaraj\Desktop\Python\Projects\Assignment2_StockAnalysis\Data-20250430T011355Z-1-001\Data\data\2023-10,HCLTECH,1229.0,2023-10-25 05:30:00,1252.9,1225.3,2023-10,1231.2,1420065
C:\Users\v-dhramaraj\Desktop\Python\Projects\Assignment2_StockAnalysis\Data-20250430T011355Z-1-001\Data\data\2023-10,HCLTECH,1231.8,2023-10-26 05:30:00,1238.2,1212.05,2023-10,1215.0,4617424
C:\Users\v-dhramaraj\Desktop\Python\Projects\Assignment2_StockAnalysis\Data-20250430T011355Z-1-001\Data\data\2023-10,HCLTECH,1268.7,2023-10-27 05:30:00,1270.0,1233.45,2023-10,1237.0,2675348
C:\Users\v-dhramaraj\Desktop\Python\Projects\Assignment2_StockAnalysis\Data-20250430T011355Z-1-001\Data\data\2023-10,HCLTECH,1264.75,2023-10-30 05:30:00,1274.8,1256.0,2023-10,1270.0,1158770
C:\Users\v-dhramaraj\Desktop\Python\Projects\Assignment2_StockAnalysis\Data-20250430T011355Z-1-001\Data\data\2023-10,HCLTECH,1276.0,2023-10-31 05:30:00,1279.85,1256.7,2023-10,1272.0,2525870
C:\Users\v-dhramaraj\Desktop\Python\Projects\Assignment2_StockAnalysis\Data-20250430T011355Z-1-001\Data\data\2023-11,HCLTECH,1258.95,2023-11-01 05:30:00,1285.95,1255.3,2023-11,1280.0,1572719
C:\Users\v-dhramaraj\Desktop\Python\Projects\Assignment2_StockAnalysis\Data-20250430T011355Z-1-001\Data\data\2023-11,HCLTECH,1273.4,2023-11-02 05:30:00,1275.0,1265.0,2023-11,1266.0,1368604
C:\Users\v-dhramaraj\Desktop\Python\Projects\Assignment2_StockAnalysis\Data-20250430T011355Z-1-001\Data\data\2023-11,HCLTECH,1266.25,2023-11-03 05:30:00,1287.3,1263.0,2023-11,1282.6,2052536
C:\Users\v-dhramaraj\Desktop\Python\Projects\Assignment2_StockAnalysis\Data-20250430T011355Z-1-001\Data\data\2023-11,HCLTECH,1269.7,2023-11-06 05:30:00,1279.5,1265.15,2023-11,1276.25,1175823
C:\Users\v-dhramaraj\Desktop\Python\Projects\Assignment2_StockAnalysis\Data-20250430T011355Z-1-001\Data\data\2023-11,HCLTECH,1273.95,2023-11-07 05:30:00,1277.7,1267.1,2023-11,1269.0,1385282
C:\Users\v-dhramaraj\Desktop\Python\Projects\Assignment2_StockAnalysis\Data-20250430T011355Z-1-001\Data\data\2023-11,HCLTECH,1267.65,2023-11-08 05:30:00,1280.8,1265.9,2023-11,1280.0,937671
C:\Users\v-dhramaraj\Desktop\Python\Projects\Assignment2_StockAnalysis\Data-20250430T011355Z-1-001\Data\data\2023-11,HCLTECH,1267.5,2023-11-09 05:30:00,1275.8,1261.8,2023-11,1267.65,1483749
C:\Users\v-dhramaraj\Desktop\Python\Projects\Assignment2_StockAnalysis\Data-20250430T011355Z-1-001\Data\data\2023-11,HCLTECH,1255.45,2023-11-10 05:30:00,1271.0,1250.65,2023-11,1262.3,1469902
C:\Users\v-dhramaraj\Desktop\Python\Projects\Assignment2_StockAnalysis\Data-20250430T011355Z-1-001\Data\data\2023-11,HCLTECH,1260.2,2023-11-12 05:30:00,1265.45,1256.35,2023-11,1265.0,132650
C:\Users\v-dhramaraj\Desktop\Python\Projects\Assignment2_StockAnalysis\Data-20250430T011355Z-1-001\Data\data\2023-11,HCLTECH,1261.0,2023-11-13 05:30:00,1263.6,1253.3,2023-11,1260.0,730991
C:\Users\v-dhramaraj\Desktop\Python\Projects\Assignment2_StockAnalysis\Data-20250430T011355Z-1-001\Data\data\2023-11,HCLTECH,1276.65,2023-11-15 05:30:00,1283.0,1268.4,2023-11,1275.0,2410620
C:\Users\v-dhramaraj\Desktop\Python\Projects\Assignment2_StockAnalysis\Data-20250430T011355Z-1-001\Data\data\2023-11,HCLTECH,1311.05,2023-11-16 05:30:00,1317.95,1278.0,2023-11,1283.8,3936945
C:\Users\v-dhramaraj\Desktop\Python\Projects\Assignment2_StockAnalysis\Data-20250430T011355Z-1-001\Data\data\2023-11,HCLTECH,1309.15,2023-11-17 05:30:00,1325.75,1306.4,2023-11,1313.4,2882039
C:\Users\v-dhramaraj\Desktop\Python\Projects\Assignment2_StockAnalysis\Data-20250430T011355Z-1-001\Data\data\2023-11,HCLTECH,1325.4,2023-11-20 05:30:00,1331.7,1314.0,2023-11,1314.95,2831858
C:\Users\v-dhramaraj\Desktop\Python\Projects\Assignment2_StockAnalysis\Data-20250430T011355Z-1-001\Data\data\2023-11,HCLTECH,1326.6,2023-11-21 05:30:00,1336.0,1321.8,2023-11,1335.6,1514256
C:\Users\v-dhramaraj\Desktop\Python\Projects\Assignment2_StockAnalysis\Data-20250430T011355Z-1-001\Data\data\2023-11,HCLTECH,1329.7,2023-11-22 05:30:00,1335.75,1320.4,2023-11,1326.6,1535630
C:\Users\v-dhramaraj\Desktop\Python\Projects\Assignment2_StockAnalysis\Data-20250430T011355Z-1-001\Data\data\2023-11,HCLTECH,1329.0,2023-11-23 05:30:00,1335.25,1325.7,2023-11,1333.95,1307344
C:\Users\v-dhramaraj\Desktop\Python\Projects\Assignment2_StockAnalysis\Data-20250430T011355Z-1-001\Data\data\2023-11,HCLTECH,1309.15,2023-11-24 05:30:00,1332.65,1305.65,2023-11,1328.9,1795933
C:\Users\v-dhramaraj\Desktop\Python\Projects\Assignment2_StockAnalysis\Data-20250430T011355Z-1-001\Data\data\2023-11,HCLTECH,1316.65,2023-11-28 05:30:00,1319.9,1295.3,2023-11,1309.15,2152951
C:\Users\v-dhramaraj\Desktop\Python\Projects\Assignment2_StockAnalysis\Data-20250430T011355Z-1-001\Data\data\2023-11,HCLTECH,1333.95,2023-11-29 05:30:00,1338.8,1321.5,2023-11,1324.0,1835524
C:\Users\v-dhramaraj\Desktop\Python\Projects\Assignment2_StockAnalysis\Data-20250430T011355Z-1-001\Data\data\2023-11,HCLTECH,1340.9,2023-11-30 05:30:00,1346.8,1329.7,2023-11,1337.0,4104385
C:\Users\v-dhramaraj\Desktop\Python\Projects\Assignment2_StockAnalysis\Data-20250430T011355Z-1-001\Data\data\2023-12,HCLTECH,1336.7,2023-12-01 05:30:00,1349.0,1328.0,2023-12,1346.0,1854324
C:\Users\v-dhramaraj\Desktop\Python\Projects\Assignment2_StockAnalysis\Data-20250430T011355Z-1-001\Data\data\2023-12,HCLTECH,1337.95,2023-12-04 05:30:00,1350.0,1331.0,2023-12,1350.0,1547057
C:\Users\v-dhramaraj\Desktop\Python\Projects\Assignment2_StockAnalysis\Data-20250430T011355Z-1-001\Data\data\2023-12,HCLTECH,1317.55,2023-12-05 05:30:00,1347.0,1308.3,2023-12,1347.0,3932040
C:\Users\v-dhramaraj\Desktop\Python\Projects\Assignment2_StockAnalysis\Data-20250430T011355Z-1-001\Data\data\2023-12,HCLTECH,1329.55,2023-12-06 05:30:00,1339.95,1319.55,2023-12,1325.0,2077245
C:\Users\v-dhramaraj\Desktop\Python\Projects\Assignment2_StockAnalysis\Data-20250430T011355Z-1-001\Data\data\2023-12,HCLTECH,1328.0,2023-12-07 05:30:00,1337.0,1325.35,2023-12,1331.0,1985003
C:\Users\v-dhramaraj\Desktop\Python\Projects\Assignment2_StockAnalysis\Data-20250430T011355Z-1-001\Data\data\2023-12,HCLTECH,1364.1,2023-12-08 05:30:00,1369.95,1329.0,2023-12,1333.0,4509751
C:\Users\v-dhramaraj\Desktop\Python\Projects\Assignment2_StockAnalysis\Data-20250430T011355Z-1-001\Data\data\2023-12,HCLTECH,1375.3,2023-12-11 05:30:00,1383.0,1366.05,2023-12,1370.1,2824656
C:\Users\v-dhramaraj\Desktop\Python\Projects\Assignment2_StockAnalysis\Data-20250430T011355Z-1-001\Data\data\2023-12,HCLTECH,1375.3,2023-12-12 05:30:00,1387.0,1370.0,2023-12,1377.0,2730422
C:\Users\v-dhramaraj\Desktop\Python\Projects\Assignment2_StockAnalysis\Data-20250430T011355Z-1-001\Data\data\2023-12,HCLTECH,1369.2,2023-12-13 05:30:00,1382.8,1357.05,2023-12,1379.35,1896931
C:\Users\v-dhramaraj\Desktop\Python\Projects\Assignment2_StockAnalysis\Data-20250430T011355Z-1-001\Data\data\2023-12,HCLTECH,1414.6,2023-12-14 05:30:00,1419.25,1382.0,2023-12,1391.0,5145574
C:\Users\v-dhramaraj\Desktop\Python\Projects\Assignment2_StockAnalysis\Data-20250430T011355Z-1-001\Data\data\2023-12,HCLTECH,1491.3,2023-12-15 05:30:00,1497.0,1422.0,2023-12,1422.0,7374290
C:\Users\v-dhramaraj\Desktop\Python\Projects\Assignment2_StockAnalysis\Data-20250430T011355Z-1-001\Data\data\2023-12,HCLTECH,1504.3,2023-12-18 05:30:00,1509.9,1481.0,2023-12,1489.85,3075527
C:\Users\v-dhramaraj\Desktop\Python\Projects\Assignment2_StockAnalysis\Data-20250430T011355Z-1-001\Data\data\2023-12,HCLTECH,1488.3,2023-12-19 05:30:00,1504.65,1477.7,2023-12,1501.5,2590417
C:\Users\v-dhramaraj\Desktop\Python\Projects\Assignment2_StockAnalysis\Data-20250430T011355Z-1-001\Data\data\2023-12,HCLTECH,1439.95,2023-12-20 05:30:00,1503.05,1435.0,2023-12,1485.0,4368383
C:\Users\v-dhramaraj\Desktop\Python\Projects\Assignment2_StockAnalysis\Data-20250430T011355Z-1-001\Data\data\2023-12,HCLTECH,1422.05,2023-12-21 05:30:00,1447.05,1420.1,2023-12,1421.15,2841508
C:\Users\v-dhramaraj\Desktop\Python\Projects\Assignment2_StockAnalysis\Data-20250430T011355Z-1-001\Data\data\2023-12,HCLTECH,1462.7,2023-12-22 05:30:00,1467.35,1423.0,2023-12,1431.0,2303438
C:\Users\v-dhramaraj\Desktop\Python\Projects\Assignment2_StockAnalysis\Data-20250430T011355Z-1-001\Data\data\2023-12,HCLTECH,1458.15,2023-12-26 05:30:00,1467.35,1442.15,2023-12,1462.7,1363265
C:\Users\v-dhramaraj\Desktop\Python\Projects\Assignment2_StockAnalysis\Data-20250430T011355Z-1-001\Data\data\2023-12,HCLTECH,1472.05,2023-12-27 05:30:00,1476.0,1457.55,2023-12,1465.45,1402329
C:\Users\v-dhramaraj\Desktop\Python\Projects\Assignment2_StockAnalysis\Data-20250430T011355Z-1-001\Data\data\2023-12,HCLTECH,1472.45,2023-12-28 05:30:00,1482.7,1468.45,2023-12,1470.6,1928616
C:\Users\v-dhramaraj\Desktop\Python\Projects\Assignment2_StockAnalysis\Data-20250430T011355Z-1-001\Data\data\2023-12,HCLTECH,1466.1,2023-12-29 05:30:00,1481.85,1457.55,2023-12,1473.95,1481617
C:\Users\v-dhramaraj\Desktop\Python\Projects\Assignment2_StockAnalysis\Data-20250430T011355Z-1-001\Data\data\2024-01,HCLTECH,1483.75,2024-01-01 05:30:00,1495.75,1455.05,2024-01,1460.0,1222315
C:\Users\v-dhramaraj\Desktop\Python\Projects\Assignment2_StockAnalysis\Data-20250430T011355Z-1-001\Data\data\2024-01,HCLTECH,1469.55,2024-01-02 05:30:00,1488.8,1461.35,2024-01,1484.05,1440888
C:\Users\v-dhramaraj\Desktop\Python\Projects\Assignment2_StockAnalysis\Data-20250430T011355Z-1-001\Data\data\2024-01,HCLTECH,1437.75,2024-01-03 05:30:00,1465.0,1435.5,2024-01,1460.0,1651716
C:\Users\v-dhramaraj\Desktop\Python\Projects\Assignment2_StockAnalysis\Data-20250430T011355Z-1-001\Data\data\2024-01,HCLTECH,1419.95,2024-01-04 05:30:00,1444.8,1417.15,2024-01,1437.0,3392241
C:\Users\v-dhramaraj\Desktop\Python\Projects\Assignment2_StockAnalysis\Data-20250430T011355Z-1-001\Data\data\2024-01,HCLTECH,1432.8,2024-01-05 05:30:00,1438.85,1421.9,2024-01,1425.0,1776925
C:\Users\v-dhramaraj\Desktop\Python\Projects\Assignment2_StockAnalysis\Data-20250430T011355Z-1-001\Data\data\2024-01,HCLTECH,1447.9,2024-01-08 05:30:00,1452.6,1430.55,2024-01,1435.0,2025264
C:\Users\v-dhramaraj\Desktop\Python\Projects\Assignment2_StockAnalysis\Data-20250430T011355Z-1-001\Data\data\2024-01,HCLTECH,1460.4,2024-01-09 05:30:00,1480.95,1452.35,2024-01,1460.6,3119270
C:\Users\v-dhramaraj\Desktop\Python\Projects\Assignment2_StockAnalysis\Data-20250430T011355Z-1-001\Data\data\2024-01,HCLTECH,1492.1,2024-01-10 05:30:00,1508.0,1466.05,2024-01,1474.9,4368914
C:\Users\v-dhramaraj\Desktop\Python\Projects\Assignment2_StockAnalysis\Data-20250430T011355Z-1-001\Data\data\2024-01,HCLTECH,1484.8,2024-01-11 05:30:00,1500.0,1474.0,2024-01,1500.0,2271368
C:\Users\v-dhramaraj\Desktop\Python\Projects\Assignment2_StockAnalysis\Data-20250430T011355Z-1-001\Data\data\2024-01,HCLTECH,1540.8,2024-01-12 05:30:00,1555.0,1498.5,2024-01,1505.0,5862043
C:\Users\v-dhramaraj\Desktop\Python\Projects\Assignment2_StockAnalysis\Data-20250430T011355Z-1-001\Data\data\2024-01,HCLTECH,1588.2,2024-01-15 05:30:00,1619.6,1575.5,2024-01,1610.0,9712071
C:\Users\v-dhramaraj\Desktop\Python\Projects\Assignment2_StockAnalysis\Data-20250430T011355Z-1-001\Data\data\2024-01,HCLTECH,1555.45,2024-01-16 05:30:00,1587.0,1538.0,2024-01,1587.0,4459799
C:\Users\v-dhramaraj\Desktop\Python\Projects\Assignment2_StockAnalysis\Data-20250430T011355Z-1-001\Data\data\2024-01,HCLTECH,1575.9,2024-01-17 05:30:00,1585.0,1516.55,2024-01,1520.0,3846289
C:\Users\v-dhramaraj\Desktop\Python\Projects\Assignment2_StockAnalysis\Data-20250430T011355Z-1-001\Data\data\2024-01,HCLTECH,1567.55,2024-01-18 05:30:00,1584.2,1537.05,2024-01,1577.0,3205598
C:\Users\v-dhramaraj\Desktop\Python\Projects\Assignment2_StockAnalysis\Data-20250430T011355Z-1-001\Data\data\2024-01,HCLTECH,1567.95,2024-01-19 05:30:00,1590.0,1558.05,2024-01,1570.0,2374099
C:\Users\v-dhramaraj\Desktop\Python\Projects\Assignment2_StockAnalysis\Data-20250430T011355Z-1-001\Data\data\2024-01,HCLTECH,1544.0,2024-01-20 05:30:00,1580.0,1537.05,2024-01,1580.0,961332
C:\Users\v-dhramaraj\Desktop\Python\Projects\Assignment2_StockAnalysis\Data-20250430T011355Z-1-001\Data\data\2024-01,HCLTECH,1523.65,2024-01-23 05:30:00,1567.9,1517.05,2024-01,1558.9,3196630
C:\Users\v-dhramaraj\Desktop\Python\Projects\Assignment2_StockAnalysis\Data-20250430T011355Z-1-001\Data\data\2024-01,HCLTECH,1576.4,2024-01-24 05:30:00,1581.2,1523.7,2024-01,1530.1,2136023
C:\Users\v-dhramaraj\Desktop\Python\Projects\Assignment2_StockAnalysis\Data-20250430T011355Z-1-001\Data\data\2024-01,HCLTECH,1550.25,2024-01-25 05:30:00,1570.0,1536.75,2024-01,1570.0,2641656
C:\Users\v-dhramaraj\Desktop\Python\Projects\Assignment2_StockAnalysis\Data-20250430T011355Z-1-001\Data\data\2024-01,HCLTECH,1574.55,2024-01-29 05:30:00,1588.6,1550.25,2024-01,1565.0,2521598
C:\Users\v-dhramaraj\Desktop\Python\Projects\Assignment2_StockAnalysis\Data-20250430T011355Z-1-001\Data\data\2024-01,HCLTECH,1559.3,2024-01-30 05:30:00,1592.45,1555.0,2024-01,1580.0,1939386
C:\Users\v-dhramaraj\Desktop\Python\Projects\Assignment2_StockAnalysis\Data-20250430T011355Z-1-001\Data\data\2024-01,HCLTECH,1576.0,2024-01-31 05:30:00,1581.3,1546.35,2024-01,1559.3,7025931
C:\Users\v-dhramaraj\Desktop\Python\Projects\Assignment2_StockAnalysis\Data-20250430T011355Z-1-001\Data\data\2024-02,HCLTECH,1577.4,2024-02-01 05:30:00,1597.0,1566.35,2024-02,1576.0,2845408
C:\Users\v-dhramaraj\Desktop\Python\Projects\Assignment2_StockAnalysis\Data-20250430T011355Z-1-001\Data\data\2024-02,HCLTECH,1583.75,2024-02-02 05:30:00,1613.9,1575.0,2024-02,1584.8,2337374
C:\Users\v-dhramaraj\Desktop\Python\Projects\Assignment2_StockAnalysis\Data-20250430T011355Z-1-001\Data\data\2024-02,HCLTECH,1555.35,2024-02-05 05:30:00,1588.5,1551.45,2024-02,1584.95,1452864
C:\Users\v-dhramaraj\Desktop\Python\Projects\Assignment2_StockAnalysis\Data-20250430T011355Z-1-001\Data\data\2024-02,HCLTECH,1623.75,2024-02-06 05:30:00,1627.0,1558.05,2024-02,1566.0,4988311
C:\Users\v-dhramaraj\Desktop\Python\Projects\Assignment2_StockAnalysis\Data-20250430T011355Z-1-001\Data\data\2024-02,HCLTECH,1615.35,2024-02-07 05:30:00,1629.9,1598.95,2024-02,1628.0,3320199
C:\Users\v-dhramaraj\Desktop\Python\Projects\Assignment2_StockAnalysis\Data-20250430T011355Z-1-001\Data\data\2024-02,HCLTECH,1633.8,2024-02-08 05:30:00,1647.7,1617.3,2024-02,1626.0,3496692
C:\Users\v-dhramaraj\Desktop\Python\Projects\Assignment2_StockAnalysis\Data-20250430T011355Z-1-001\Data\data\2024-02,HCLTECH,1630.6,2024-02-09 05:30:00,1646.75,1614.65,2024-02,1640.0,3341297
C:\Users\v-dhramaraj\Desktop\Python\Projects\Assignment2_StockAnalysis\Data-20250430T011355Z-1-001\Data\data\2024-02,HCLTECH,1666.95,2024-02-12 05:30:00,1685.0,1639.0,2024-02,1639.0,4885445
C:\Users\v-dhramaraj\Desktop\Python\Projects\Assignment2_StockAnalysis\Data-20250430T011355Z-1-001\Data\data\2024-02,HCLTECH,1665.6,2024-02-13 05:30:00,1675.0,1648.6,2024-02,1675.0,3129897
C:\Users\v-dhramaraj\Desktop\Python\Projects\Assignment2_StockAnalysis\Data-20250430T011355Z-1-001\Data\data\2024-02,HCLTECH,1671.5,2024-02-14 05:30:00,1676.9,1625.45,2024-02,1649.75,1386643
C:\Users\v-dhramaraj\Desktop\Python\Projects\Assignment2_StockAnalysis\Data-20250430T011355Z-1-001\Data\data\2024-02,HCLTECH,1662.55,2024-02-15 05:30:00,1696.5,1650.1,2024-02,1678.0,2555162
C:\Users\v-dhramaraj\Desktop\Python\Projects\Assignment2_StockAnalysis\Data-20250430T011355Z-1-001\Data\data\2024-02,HCLTECH,1667.45,2024-02-16 05:30:00,1677.0,1650.05,2024-02,1675.0,1776881
C:\Users\v-dhramaraj\Desktop\Python\Projects\Assignment2_StockAnalysis\Data-20250430T011355Z-1-001\Data\data\2024-02,HCLTECH,1675.25,2024-02-19 05:30:00,1682.95,1659.65,2024-02,1670.0,762624
C:\Users\v-dhramaraj\Desktop\Python\Projects\Assignment2_StockAnalysis\Data-20250430T011355Z-1-001\Data\data\2024-02,HCLTECH,1663.05,2024-02-20 05:30:00,1672.75,1645.0,2024-02,1661.0,2240414
C:\Users\v-dhramaraj\Desktop\Python\Projects\Assignment2_StockAnalysis\Data-20250430T011355Z-1-001\Data\data\2024-02,HCLTECH,1636.3,2024-02-21 05:30:00,1664.8,1632.05,2024-02,1655.55,2890991
C:\Users\v-dhramaraj\Desktop\Python\Projects\Assignment2_StockAnalysis\Data-20250430T011355Z-1-001\Data\data\2024-02,HCLTECH,1686.4,2024-02-22 05:30:00,1691.4,1639.0,2024-02,1644.0,3820901
C:\Users\v-dhramaraj\Desktop\Python\Projects\Assignment2_StockAnalysis\Data-20250430T011355Z-1-001\Data\data\2024-02,HCLTECH,1665.75,2024-02-23 05:30:00,1697.35,1663.45,2024-02,1697.0,2191549
C:\Users\v-dhramaraj\Desktop\Python\Projects\Assignment2_StockAnalysis\Data-20250430T011355Z-1-001\Data\data\2024-02,HCLTECH,1649.8,2024-02-26 05:30:00,1668.85,1639.5,2024-02,1665.75,1844253
C:\Users\v-dhramaraj\Desktop\Python\Projects\Assignment2_StockAnalysis\Data-20250430T011355Z-1-001\Data\data\2024-02,HCLTECH,1658.8,2024-02-27 05:30:00,1673.4,1648.0,2024-02,1649.0,2049420
C:\Users\v-dhramaraj\Desktop\Python\Projects\Assignment2_StockAnalysis\Data-20250430T011355Z-1-001\Data\data\2024-02,HCLTECH,1651.9,2024-02-28 05:30:00,1672.0,1644.2,2024-02,1664.7,936575
C:\Users\v-dhramaraj\Desktop\Python\Projects\Assignment2_StockAnalysis\Data-20250430T011355Z-1-001\Data\data\2024-02,HCLTECH,1663.85,2024-02-29 05:30:00,1677.75,1636.65,2024-02,1642.15,3532888
C:\Users\v-dhramaraj\Desktop\Python\Projects\Assignment2_StockAnalysis\Data-20250430T011355Z-1-001\Data\data\2024-03,HCLTECH,1644.1,2024-03-01 05:30:00,1679.2,1639.1,2024-03,1675.45,2371138
C:\Users\v-dhramaraj\Desktop\Python\Projects\Assignment2_StockAnalysis\Data-20250430T011355Z-1-001\Data\data\2024-03,HCLTECH,1646.3,2024-03-02 05:30:00,1663.0,1643.0,2024-03,1656.0,74513
C:\Users\v-dhramaraj\Desktop\Python\Projects\Assignment2_StockAnalysis\Data-20250430T011355Z-1-001\Data\data\2024-03,HCLTECH,1637.95,2024-03-04 05:30:00,1654.0,1635.0,2024-03,1649.0,1788071
C:\Users\v-dhramaraj\Desktop\Python\Projects\Assignment2_StockAnalysis\Data-20250430T011355Z-1-001\Data\data\2024-03,HCLTECH,1619.35,2024-03-05 05:30:00,1629.95,1607.05,2024-03,1624.0,3339546
C:\Users\v-dhramaraj\Desktop\Python\Projects\Assignment2_StockAnalysis\Data-20250430T011355Z-1-001\Data\data\2024-03,HCLTECH,1644.2,2024-03-06 05:30:00,1650.0,1603.85,2024-03,1613.0,2366177
C:\Users\v-dhramaraj\Desktop\Python\Projects\Assignment2_StockAnalysis\Data-20250430T011355Z-1-001\Data\data\2024-03,HCLTECH,1637.65,2024-03-07 05:30:00,1654.55,1630.1,2024-03,1650.0,3181239
C:\Users\v-dhramaraj\Desktop\Python\Projects\Assignment2_StockAnalysis\Data-20250430T011355Z-1-001\Data\data\2024-03,HCLTECH,1638.65,2024-03-11 05:30:00,1659.8,1632.05,2024-03,1655.0,2970902
C:\Users\v-dhramaraj\Desktop\Python\Projects\Assignment2_StockAnalysis\Data-20250430T011355Z-1-001\Data\data\2024-03,HCLTECH,1635.6,2024-03-12 05:30:00,1665.0,1633.05,2024-03,1635.9,2414182
C:\Users\v-dhramaraj\Desktop\Python\Projects\Assignment2_StockAnalysis\Data-20250430T011355Z-1-001\Data\data\2024-03,HCLTECH,1631.5,2024-03-13 05:30:00,1651.25,1610.35,2024-03,1638.75,2564135
C:\Users\v-dhramaraj\Desktop\Python\Projects\Assignment2_StockAnalysis\Data-20250430T011355Z-1-001\Data\data\2024-03,HCLTECH,1679.25,2024-03-14 05:30:00,1683.0,1610.0,2024-03,1634.0,3513306
C:\Users\v-dhramaraj\Desktop\Python\Projects\Assignment2_StockAnalysis\Data-20250430T011355Z-1-001\Data\data\2024-03,HCLTECH,1647.3,2024-03-15 05:30:00,1677.0,1642.85,2024-03,1677.0,3931561
C:\Users\v-dhramaraj\Desktop\Python\Projects\Assignment2_StockAnalysis\Data-20250430T011355Z-1-001\Data\data\2024-03,HCLTECH,1643.4,2024-03-18 05:30:00,1663.3,1634.25,2024-03,1649.9,1183544
C:\Users\v-dhramaraj\Desktop\Python\Projects\Assignment2_StockAnalysis\Data-20250430T011355Z-1-001\Data\data\2024-03,HCLTECH,1599.15,2024-03-19 05:30:00,1641.55,1594.1,2024-03,1641.55,1915379
C:\Users\v-dhramaraj\Desktop\Python\Projects\Assignment2_StockAnalysis\Data-20250430T011355Z-1-001\Data\data\2024-03,HCLTECH,1587.1,2024-03-20 05:30:00,1619.1,1578.1,2024-03,1604.75,1815178
C:\Users\v-dhramaraj\Desktop\Python\Projects\Assignment2_StockAnalysis\Data-20250430T011355Z-1-001\Data\data\2024-03,HCLTECH,1595.8,2024-03-21 05:30:00,1619.95,1583.35,2024-03,1608.0,2684744
C:\Users\v-dhramaraj\Desktop\Python\Projects\Assignment2_StockAnalysis\Data-20250430T011355Z-1-001\Data\data\2024-03,HCLTECH,1557.85,2024-03-22 05:30:00,1571.45,1508.2,2024-03,1560.0,7468824
C:\Users\v-dhramaraj\Desktop\Python\Projects\Assignment2_StockAnalysis\Data-20250430T011355Z-1-001\Data\data\2024-03,HCLTECH,1562.25,2024-03-26 05:30:00,1592.55,1555.55,2024-03,1562.25,4496344
C:\Users\v-dhramaraj\Desktop\Python\Projects\Assignment2_StockAnalysis\Data-20250430T011355Z-1-001\Data\data\2024-03,HCLTECH,1546.2,2024-03-27 05:30:00,1576.85,1540.0,2024-03,1569.0,2589697
C:\Users\v-dhramaraj\Desktop\Python\Projects\Assignment2_StockAnalysis\Data-20250430T011355Z-1-001\Data\data\2024-03,HCLTECH,1543.55,2024-03-28 05:30:00,1561.05,1531.0,2024-03,1549.0,5301493
C:\Users\v-dhramaraj\Desktop\Python\Projects\Assignment2_StockAnalysis\Data-20250430T011355Z-1-001\Data\data\2024-04,HCLTECH,1556.7,2024-04-01 05:30:00,1569.0,1548.0,2024-04,1549.0,1014857
C:\Users\v-dhramaraj\Desktop\Python\Projects\Assignment2_StockAnalysis\Data-20250430T011355Z-1-001\Data\data\2024-04,HCLTECH,1528.3,2024-04-02 05:30:00,1565.0,1525.1,2024-04,1559.0,2031775
C:\Users\v-dhramaraj\Desktop\Python\Projects\Assignment2_StockAnalysis\Data-20250430T011355Z-1-001\Data\data\2024-04,HCLTECH,1535.85,2024-04-03 05:30:00,1558.45,1518.0,2024-04,1525.35,3343884
C:\Users\v-dhramaraj\Desktop\Python\Projects\Assignment2_StockAnalysis\Data-20250430T011355Z-1-001\Data\data\2024-04,HCLTECH,1539.65,2024-04-04 05:30:00,1552.5,1518.7,2024-04,1540.8,3388449
C:\Users\v-dhramaraj\Desktop\Python\Projects\Assignment2_StockAnalysis\Data-20250430T011355Z-1-001\Data\data\2024-04,HCLTECH,1545.25,2024-04-05 05:30:00,1547.7,1523.8,2024-04,1542.45,2773570
C:\Users\v-dhramaraj\Desktop\Python\Projects\Assignment2_StockAnalysis\Data-20250430T011355Z-1-001\Data\data\2024-04,HCLTECH,1540.05,2024-04-08 05:30:00,1554.0,1537.65,2024-04,1554.0,1820136
C:\Users\v-dhramaraj\Desktop\Python\Projects\Assignment2_StockAnalysis\Data-20250430T011355Z-1-001\Data\data\2024-04,HCLTECH,1540.5,2024-04-09 05:30:00,1561.8,1534.55,2024-04,1540.0,2432095
C:\Users\v-dhramaraj\Desktop\Python\Projects\Assignment2_StockAnalysis\Data-20250430T011355Z-1-001\Data\data\2024-04,HCLTECH,1539.15,2024-04-10 05:30:00,1552.15,1536.2,2024-04,1541.05,1829986
C:\Users\v-dhramaraj\Desktop\Python\Projects\Assignment2_StockAnalysis\Data-20250430T011355Z-1-001\Data\data\2024-04,HCLTECH,1521.5,2024-04-12 05:30:00,1542.95,1516.2,2024-04,1537.0,4319991
C:\Users\v-dhramaraj\Desktop\Python\Projects\Assignment2_StockAnalysis\Data-20250430T011355Z-1-001\Data\data\2024-04,HCLTECH,1505.05,2024-04-15 05:30:00,1530.5,1494.0,2024-04,1507.1,3295684
C:\Users\v-dhramaraj\Desktop\Python\Projects\Assignment2_StockAnalysis\Data-20250430T011355Z-1-001\Data\data\2024-04,HCLTECH,1477.3,2024-04-16 05:30:00,1501.6,1467.3,2024-04,1486.35,2446933
C:\Users\v-dhramaraj\Desktop\Python\Projects\Assignment2_StockAnalysis\Data-20250430T011355Z-1-001\Data\data\2024-04,HCLTECH,1466.85,2024-04-18 05:30:00,1480.9,1452.1,2024-04,1477.05,5180223
C:\Users\v-dhramaraj\Desktop\Python\Projects\Assignment2_StockAnalysis\Data-20250430T011355Z-1-001\Data\data\2024-04,HCLTECH,1447.5,2024-04-19 05:30:00,1455.5,1435.0,2024-04,1442.0,5219506
C:\Users\v-dhramaraj\Desktop\Python\Projects\Assignment2_StockAnalysis\Data-20250430T011355Z-1-001\Data\data\2024-04,HCLTECH,1465.9,2024-04-22 05:30:00,1473.3,1450.5,2024-04,1452.2,1939632
C:\Users\v-dhramaraj\Desktop\Python\Projects\Assignment2_StockAnalysis\Data-20250430T011355Z-1-001\Data\data\2024-04,HCLTECH,1486.65,2024-04-23 05:30:00,1501.45,1471.1,2024-04,1474.9,2783858
C:\Users\v-dhramaraj\Desktop\Python\Projects\Assignment2_StockAnalysis\Data-20250430T011355Z-1-001\Data\data\2024-04,HCLTECH,1479.25,2024-04-24 05:30:00,1496.95,1476.3,2024-04,1490.0,1321471
C:\Users\v-dhramaraj\Desktop\Python\Projects\Assignment2_StockAnalysis\Data-20250430T011355Z-1-001\Data\data\2024-04,HCLTECH,1504.15,2024-04-25 05:30:00,1515.05,1479.95,2024-04,1479.95,4558032
C:\Users\v-dhramaraj\Desktop\Python\Projects\Assignment2_StockAnalysis\Data-20250430T011355Z-1-001\Data\data\2024-04,HCLTECH,1473.85,2024-04-26 05:30:00,1531.45,1464.95,2024-04,1516.85,4328477
C:\Users\v-dhramaraj\Desktop\Python\Projects\Assignment2_StockAnalysis\Data-20250430T011355Z-1-001\Data\data\2024-04,HCLTECH,1387.4,2024-04-29 05:30:00,1436.0,1381.0,2024-04,1415.0,11493223
C:\Users\v-dhramaraj\Desktop\Python\Projects\Assignment2_StockAnalysis\Data-20250430T011355Z-1-001\Data\data\2024-04,HCLTECH,1366.6,2024-04-30 05:30:00,1397.9,1362.45,2024-04,1376.4,7606726
C:\Users\v-dhramaraj\Desktop\Python\Projects\Assignment2_StockAnalysis\Data-20250430T011355Z-1-001\Data\data\2024-05,HCLTECH,1360.7,2024-05-02 05:30:00,1377.9,1358.0,2024-05,1358.0,6555505
C:\Users\v-dhramaraj\Desktop\Python\Projects\Assignment2_StockAnalysis\Data-20250430T011355Z-1-001\Data\data\2024-05,HCLTECH,1348.05,2024-05-03 05:30:00,1370.0,1333.55,2024-05,1370.0,5964228
C:\Users\v-dhramaraj\Desktop\Python\Projects\Assignment2_StockAnalysis\Data-20250430T011355Z-1-001\Data\data\2024-05,HCLTECH,1358.8,2024-05-06 05:30:00,1365.0,1348.5,2024-05,1358.0,2504082
C:\Users\v-dhramaraj\Desktop\Python\Projects\Assignment2_StockAnalysis\Data-20250430T011355Z-1-001\Data\data\2024-05,HCLTECH,1330.95,2024-05-07 05:30:00,1348.9,1326.15,2024-05,1347.95,5096525
C:\Users\v-dhramaraj\Desktop\Python\Projects\Assignment2_StockAnalysis\Data-20250430T011355Z-1-001\Data\data\2024-05,HCLTECH,1313.65,2024-05-08 05:30:00,1334.0,1307.3,2024-05,1330.95,6832455
C:\Users\v-dhramaraj\Desktop\Python\Projects\Assignment2_StockAnalysis\Data-20250430T011355Z-1-001\Data\data\2024-05,HCLTECH,1320.05,2024-05-09 05:30:00,1339.0,1314.5,2024-05,1315.0,5653762
C:\Users\v-dhramaraj\Desktop\Python\Projects\Assignment2_StockAnalysis\Data-20250430T011355Z-1-001\Data\data\2024-05,HCLTECH,1316.2,2024-05-10 05:30:00,1322.9,1303.6,2024-05,1320.1,3357203
C:\Users\v-dhramaraj\Desktop\Python\Projects\Assignment2_StockAnalysis\Data-20250430T011355Z-1-001\Data\data\2024-05,HCLTECH,1312.9,2024-05-13 05:30:00,1321.9,1301.65,2024-05,1316.2,2316566
C:\Users\v-dhramaraj\Desktop\Python\Projects\Assignment2_StockAnalysis\Data-20250430T011355Z-1-001\Data\data\2024-05,HCLTECH,1321.05,2024-05-14 05:30:00,1326.95,1308.7,2024-05,1322.0,3200462
C:\Users\v-dhramaraj\Desktop\Python\Projects\Assignment2_StockAnalysis\Data-20250430T011355Z-1-001\Data\data\2024-05,HCLTECH,1332.9,2024-05-15 05:30:00,1340.3,1318.25,2024-05,1319.25,2975965
C:\Users\v-dhramaraj\Desktop\Python\Projects\Assignment2_StockAnalysis\Data-20250430T011355Z-1-001\Data\data\2024-05,HCLTECH,1348.15,2024-05-16 05:30:00,1357.8,1328.5,2024-05,1345.0,5055915
C:\Users\v-dhramaraj\Desktop\Python\Projects\Assignment2_StockAnalysis\Data-20250430T011355Z-1-001\Data\data\2024-05,HCLTECH,1333.2,2024-05-17 05:30:00,1351.0,1330.2,2024-05,1351.0,2487831
C:\Users\v-dhramaraj\Desktop\Python\Projects\Assignment2_StockAnalysis\Data-20250430T011355Z-1-001\Data\data\2024-05,HCLTECH,1338.9,2024-05-18 05:30:00,1340.0,1333.05,2024-05,1335.05,107491
C:\Users\v-dhramaraj\Desktop\Python\Projects\Assignment2_StockAnalysis\Data-20250430T011355Z-1-001\Data\data\2024-05,HCLTECH,1341.9,2024-05-21 05:30:00,1349.85,1314.0,2024-05,1314.0,4966721
C:\Users\v-dhramaraj\Desktop\Python\Projects\Assignment2_StockAnalysis\Data-20250430T011355Z-1-001\Data\data\2024-05,HCLTECH,1343.05,2024-05-22 05:30:00,1352.9,1340.0,2024-05,1348.95,2390777
C:\Users\v-dhramaraj\Desktop\Python\Projects\Assignment2_StockAnalysis\Data-20250430T011355Z-1-001\Data\data\2024-05,HCLTECH,1353.55,2024-05-23 05:30:00,1358.45,1338.0,2024-05,1346.65,3326149
C:\Users\v-dhramaraj\Desktop\Python\Projects\Assignment2_StockAnalysis\Data-20250430T011355Z-1-001\Data\data\2024-05,HCLTECH,1345.2,2024-05-24 05:30:00,1360.0,1340.85,2024-05,1360.0,1769966
C:\Users\v-dhramaraj\Desktop\Python\Projects\Assignment2_StockAnalysis\Data-20250430T011355Z-1-001\Data\data\2024-05,HCLTECH,1353.3,2024-05-27 05:30:00,1359.6,1338.0,2024-05,1351.0,1942325
C:\Users\v-dhramaraj\Desktop\Python\Projects\Assignment2_StockAnalysis\Data-20250430T011355Z-1-001\Data\data\2024-05,HCLTECH,1358.4,2024-05-28 05:30:00,1363.3,1345.6,2024-05,1357.85,2147233
C:\Users\v-dhramaraj\Desktop\Python\Projects\Assignment2_StockAnalysis\Data-20250430T011355Z-1-001\Data\data\2024-05,HCLTECH,1353.1,2024-05-29 05:30:00,1366.6,1346.95,2024-05,1366.0,3845920
C:\Users\v-dhramaraj\Desktop\Python\Projects\Assignment2_StockAnalysis\Data-20250430T011355Z-1-001\Data\data\2024-05,HCLTECH,1331.85,2024-05-30 05:30:00,1351.55,1325.1,2024-05,1346.0,4150461
C:\Users\v-dhramaraj\Desktop\Python\Projects\Assignment2_StockAnalysis\Data-20250430T011355Z-1-001\Data\data\2024-05,HCLTECH,1324.1,2024-05-31 05:30:00,1340.9,1315.75,2024-05,1331.85,10319045
C:\Users\v-dhramaraj\Desktop\Python\Projects\Assignment2_StockAnalysis\Data-20250430T011355Z-1-001\Data\data\2024-06,HCLTECH,1314.45,2024-06-03 05:30:00,1354.75,1309.85,2024-06,1350.55,5384064
C:\Users\v-dhramaraj\Desktop\Python\Projects\Assignment2_StockAnalysis\Data-20250430T011355Z-1-001\Data\data\2024-06,HCLTECH,1303.55,2024-06-04 05:30:00,1325.0,1235.0,2024-06,1325.0,5447244
C:\Users\v-dhramaraj\Desktop\Python\Projects\Assignment2_StockAnalysis\Data-20250430T011355Z-1-001\Data\data\2024-06,HCLTECH,1343.7,2024-06-05 05:30:00,1356.9,1316.1,2024-06,1320.0,3005139
C:\Users\v-dhramaraj\Desktop\Python\Projects\Assignment2_StockAnalysis\Data-20250430T011355Z-1-001\Data\data\2024-06,HCLTECH,1397.5,2024-06-06 05:30:00,1399.8,1350.9,2024-06,1354.0,5936709
C:\Users\v-dhramaraj\Desktop\Python\Projects\Assignment2_StockAnalysis\Data-20250430T011355Z-1-001\Data\data\2024-06,HCLTECH,1431.5,2024-06-07 05:30:00,1438.65,1398.0,2024-06,1407.0,5884025
C:\Users\v-dhramaraj\Desktop\Python\Projects\Assignment2_StockAnalysis\Data-20250430T011355Z-1-001\Data\data\2024-06,HCLTECH,1418.75,2024-06-10 05:30:00,1442.0,1397.5,2024-06,1440.0,3293739
C:\Users\v-dhramaraj\Desktop\Python\Projects\Assignment2_StockAnalysis\Data-20250430T011355Z-1-001\Data\data\2024-06,HCLTECH,1428.8,2024-06-11 05:30:00,1437.95,1415.4,2024-06,1425.0,2269082
C:\Users\v-dhramaraj\Desktop\Python\Projects\Assignment2_StockAnalysis\Data-20250430T011355Z-1-001\Data\data\2024-06,HCLTECH,1438.75,2024-06-12 05:30:00,1472.0,1434.5,2024-06,1472.0,5990861
C:\Users\v-dhramaraj\Desktop\Python\Projects\Assignment2_StockAnalysis\Data-20250430T011355Z-1-001\Data\data\2024-06,HCLTECH,1444.15,2024-06-13 05:30:00,1457.7,1437.1,2024-06,1447.75,4232861
C:\Users\v-dhramaraj\Desktop\Python\Projects\Assignment2_StockAnalysis\Data-20250430T011355Z-1-001\Data\data\2024-06,HCLTECH,1431.05,2024-06-14 05:30:00,1446.0,1424.4,2024-06,1444.15,3065114
C:\Users\v-dhramaraj\Desktop\Python\Projects\Assignment2_StockAnalysis\Data-20250430T011355Z-1-001\Data\data\2024-06,HCLTECH,1437.2,2024-06-18 05:30:00,1439.75,1427.05,2024-06,1431.05,2223029
C:\Users\v-dhramaraj\Desktop\Python\Projects\Assignment2_StockAnalysis\Data-20250430T011355Z-1-001\Data\data\2024-06,HCLTECH,1445.85,2024-06-19 05:30:00,1451.9,1430.3,2024-06,1440.05,3117522
C:\Users\v-dhramaraj\Desktop\Python\Projects\Assignment2_StockAnalysis\Data-20250430T011355Z-1-001\Data\data\2024-06,HCLTECH,1443.45,2024-06-20 05:30:00,1448.95,1429.55,2024-06,1448.95,3163919
C:\Users\v-dhramaraj\Desktop\Python\Projects\Assignment2_StockAnalysis\Data-20250430T011355Z-1-001\Data\data\2024-06,HCLTECH,1447.85,2024-06-21 05:30:00,1481.95,1439.2,2024-06,1462.0,6489262
C:\Users\v-dhramaraj\Desktop\Python\Projects\Assignment2_StockAnalysis\Data-20250430T011355Z-1-001\Data\data\2024-06,HCLTECH,1440.85,2024-06-24 05:30:00,1443.95,1426.6,2024-06,1437.85,1988692
C:\Users\v-dhramaraj\Desktop\Python\Projects\Assignment2_StockAnalysis\Data-20250430T011355Z-1-001\Data\data\2024-06,HCLTECH,1447.95,2024-06-25 05:30:00,1450.1,1426.45,2024-06,1440.95,2079037
C:\Users\v-dhramaraj\Desktop\Python\Projects\Assignment2_StockAnalysis\Data-20250430T011355Z-1-001\Data\data\2024-06,HCLTECH,1443.7,2024-06-26 05:30:00,1453.3,1438.2,2024-06,1447.95,1917424
C:\Users\v-dhramaraj\Desktop\Python\Projects\Assignment2_StockAnalysis\Data-20250430T011355Z-1-001\Data\data\2024-06,HCLTECH,1454.9,2024-06-27 05:30:00,1460.55,1423.5,2024-06,1435.0,6613193
C:\Users\v-dhramaraj\Desktop\Python\Projects\Assignment2_StockAnalysis\Data-20250430T011355Z-1-001\Data\data\2024-06,HCLTECH,1459.6,2024-06-28 05:30:00,1468.7,1442.0,2024-06,1468.0,4943575
C:\Users\v-dhramaraj\Desktop\Python\Projects\Assignment2_StockAnalysis\Data-20250430T011355Z-1-001\Data\data\2024-07,HCLTECH,1468.85,2024-07-01 05:30:00,1478.6,1455.0,2024-07,1465.0,3723295
C:\Users\v-dhramaraj\Desktop\Python\Projects\Assignment2_StockAnalysis\Data-20250430T011355Z-1-001\Data\data\2024-07,HCLTECH,1480.8,2024-07-02 05:30:00,1492.45,1473.0,2024-07,1475.0,3811366
C:\Users\v-dhramaraj\Desktop\Python\Projects\Assignment2_StockAnalysis\Data-20250430T011355Z-1-001\Data\data\2024-07,HCLTECH,1481.0,2024-07-03 05:30:00,1489.0,1471.2,2024-07,1489.0,2070876
C:\Users\v-dhramaraj\Desktop\Python\Projects\Assignment2_StockAnalysis\Data-20250430T011355Z-1-001\Data\data\2024-07,HCLTECH,1522.35,2024-07-04 05:30:00,1534.55,1485.0,2024-07,1485.0,6822557
C:\Users\v-dhramaraj\Desktop\Python\Projects\Assignment2_StockAnalysis\Data-20250430T011355Z-1-001\Data\data\2024-07,HCLTECH,1519.4,2024-07-05 05:30:00,1529.25,1505.55,2024-07,1523.0,3061687
C:\Users\v-dhramaraj\Desktop\Python\Projects\Assignment2_StockAnalysis\Data-20250430T011355Z-1-001\Data\data\2024-07,HCLTECH,1533.4,2024-07-08 05:30:00,1540.0,1506.2,2024-07,1528.0,2939620
C:\Users\v-dhramaraj\Desktop\Python\Projects\Assignment2_StockAnalysis\Data-20250430T011355Z-1-001\Data\data\2024-07,HCLTECH,1531.1,2024-07-09 05:30:00,1546.3,1525.0,2024-07,1533.4,2658608
C:\Users\v-dhramaraj\Desktop\Python\Projects\Assignment2_StockAnalysis\Data-20250430T011355Z-1-001\Data\data\2024-07,HCLTECH,1509.95,2024-07-10 05:30:00,1532.6,1487.85,2024-07,1531.1,3507096
C:\Users\v-dhramaraj\Desktop\Python\Projects\Assignment2_StockAnalysis\Data-20250430T011355Z-1-001\Data\data\2024-07,HCLTECH,1511.9,2024-07-11 05:30:00,1534.0,1508.05,2024-07,1515.0,3304053
C:\Users\v-dhramaraj\Desktop\Python\Projects\Assignment2_StockAnalysis\Data-20250430T011355Z-1-001\Data\data\2024-07,HCLTECH,1560.2,2024-07-12 05:30:00,1566.0,1510.5,2024-07,1530.0,6430647
C:\Users\v-dhramaraj\Desktop\Python\Projects\Assignment2_StockAnalysis\Data-20250430T011355Z-1-001\Data\data\2024-07,HCLTECH,1569.6,2024-07-15 05:30:00,1636.4,1567.4,2024-07,1580.0,10337489
C:\Users\v-dhramaraj\Desktop\Python\Projects\Assignment2_StockAnalysis\Data-20250430T011355Z-1-001\Data\data\2024-07,HCLTECH,1569.55,2024-07-16 05:30:00,1583.0,1555.0,2024-07,1565.0,3540661
C:\Users\v-dhramaraj\Desktop\Python\Projects\Assignment2_StockAnalysis\Data-20250430T011355Z-1-001\Data\data\2024-07,HCLTECH,1594.55,2024-07-18 05:30:00,1599.25,1557.0,2024-07,1558.05,4399468
C:\Users\v-dhramaraj\Desktop\Python\Projects\Assignment2_StockAnalysis\Data-20250430T011355Z-1-001\Data\data\2024-07,HCLTECH,1594.55,2024-07-19 05:30:00,1616.45,1588.6,2024-07,1610.5,5633838
C:\Users\v-dhramaraj\Desktop\Python\Projects\Assignment2_StockAnalysis\Data-20250430T011355Z-1-001\Data\data\2024-07,HCLTECH,1577.1,2024-07-22 05:30:00,1594.5,1570.9,2024-07,1588.6,2704495
C:\Users\v-dhramaraj\Desktop\Python\Projects\Assignment2_StockAnalysis\Data-20250430T011355Z-1-001\Data\data\2024-07,HCLTECH,1598.35,2024-07-23 05:30:00,1600.8,1551.1,2024-07,1574.0,2907674
C:\Users\v-dhramaraj\Desktop\Python\Projects\Assignment2_StockAnalysis\Data-20250430T011355Z-1-001\Data\data\2024-07,HCLTECH,1583.7,2024-07-24 05:30:00,1598.0,1576.85,2024-07,1594.0,2484299
C:\Users\v-dhramaraj\Desktop\Python\Projects\Assignment2_StockAnalysis\Data-20250430T011355Z-1-001\Data\data\2024-07,HCLTECH,1587.6,2024-07-25 05:30:00,1594.0,1562.85,2024-07,1570.0,2934731
C:\Users\v-dhramaraj\Desktop\Python\Projects\Assignment2_StockAnalysis\Data-20250430T011355Z-1-001\Data\data\2024-07,HCLTECH,1635.35,2024-07-26 05:30:00,1640.0,1594.0,2024-07,1602.8,2814159
C:\Users\v-dhramaraj\Desktop\Python\Projects\Assignment2_StockAnalysis\Data-20250430T011355Z-1-001\Data\data\2024-07,HCLTECH,1632.35,2024-07-29 05:30:00,1645.0,1620.0,2024-07,1640.2,1639491
C:\Users\v-dhramaraj\Desktop\Python\Projects\Assignment2_StockAnalysis\Data-20250430T011355Z-1-001\Data\data\2024-07,HCLTECH,1630.25,2024-07-30 05:30:00,1633.0,1618.0,2024-07,1629.0,1783877
C:\Users\v-dhramaraj\Desktop\Python\Projects\Assignment2_StockAnalysis\Data-20250430T011355Z-1-001\Data\data\2024-07,HCLTECH,1642.6,2024-07-31 05:30:00,1645.0,1619.2,2024-07,1621.0,1984986
C:\Users\v-dhramaraj\Desktop\Python\Projects\Assignment2_StockAnalysis\Data-20250430T011355Z-1-001\Data\data\2024-08,HCLTECH,1640.55,2024-08-01 05:30:00,1655.5,1636.1,2024-08,1640.05,1785188
C:\Users\v-dhramaraj\Desktop\Python\Projects\Assignment2_StockAnalysis\Data-20250430T011355Z-1-001\Data\data\2024-08,HCLTECH,1609.3,2024-08-02 05:30:00,1639.0,1601.15,2024-08,1620.05,1692851
C:\Users\v-dhramaraj\Desktop\Python\Projects\Assignment2_StockAnalysis\Data-20250430T011355Z-1-001\Data\data\2024-08,HCLTECH,1562.4,2024-08-05 05:30:00,1595.7,1537.0,2024-08,1575.0,3279717
C:\Users\v-dhramaraj\Desktop\Python\Projects\Assignment2_StockAnalysis\Data-20250430T011355Z-1-001\Data\data\2024-08,HCLTECH,1582.75,2024-08-06 05:30:00,1605.0,1563.0,2024-08,1563.0,2138704
C:\Users\v-dhramaraj\Desktop\Python\Projects\Assignment2_StockAnalysis\Data-20250430T011355Z-1-001\Data\data\2024-08,HCLTECH,1594.6,2024-08-07 05:30:00,1615.0,1590.0,2024-08,1605.0,1897787
C:\Users\v-dhramaraj\Desktop\Python\Projects\Assignment2_StockAnalysis\Data-20250430T011355Z-1-001\Data\data\2024-08,HCLTECH,1557.85,2024-08-08 05:30:00,1602.0,1554.55,2024-08,1597.0,2373805
C:\Users\v-dhramaraj\Desktop\Python\Projects\Assignment2_StockAnalysis\Data-20250430T011355Z-1-001\Data\data\2024-08,HCLTECH,1589.95,2024-08-09 05:30:00,1602.0,1575.85,2024-08,1584.9,2021762
C:\Users\v-dhramaraj\Desktop\Python\Projects\Assignment2_StockAnalysis\Data-20250430T011355Z-1-001\Data\data\2024-08,HCLTECH,1585.25,2024-08-12 05:30:00,1600.5,1573.85,2024-08,1590.0,1273739
C:\Users\v-dhramaraj\Desktop\Python\Projects\Assignment2_StockAnalysis\Data-20250430T011355Z-1-001\Data\data\2024-08,HCLTECH,1592.65,2024-08-13 05:30:00,1608.4,1577.65,2024-08,1578.0,1973825
C:\Users\v-dhramaraj\Desktop\Python\Projects\Assignment2_StockAnalysis\Data-20250430T011355Z-1-001\Data\data\2024-08,HCLTECH,1626.15,2024-08-14 05:30:00,1629.75,1598.25,2024-08,1600.1,3932148
C:\Users\v-dhramaraj\Desktop\Python\Projects\Assignment2_StockAnalysis\Data-20250430T011355Z-1-001\Data\data\2024-08,HCLTECH,1668.25,2024-08-16 05:30:00,1674.0,1632.7,2024-08,1635.0,3101056
C:\Users\v-dhramaraj\Desktop\Python\Projects\Assignment2_StockAnalysis\Data-20250430T011355Z-1-001\Data\data\2024-08,HCLTECH,1678.5,2024-08-19 05:30:00,1685.0,1659.05,2024-08,1665.0,1631947
C:\Users\v-dhramaraj\Desktop\Python\Projects\Assignment2_StockAnalysis\Data-20250430T011355Z-1-001\Data\data\2024-08,HCLTECH,1686.75,2024-08-20 05:30:00,1695.05,1669.2,2024-08,1680.0,2786109
C:\Users\v-dhramaraj\Desktop\Python\Projects\Assignment2_StockAnalysis\Data-20250430T011355Z-1-001\Data\data\2024-08,HCLTECH,1677.25,2024-08-21 05:30:00,1688.85,1673.75,2024-08,1686.0,1410370
C:\Users\v-dhramaraj\Desktop\Python\Projects\Assignment2_StockAnalysis\Data-20250430T011355Z-1-001\Data\data\2024-08,HCLTECH,1676.15,2024-08-22 05:30:00,1687.0,1673.0,2024-08,1687.0,1749127
C:\Users\v-dhramaraj\Desktop\Python\Projects\Assignment2_StockAnalysis\Data-20250430T011355Z-1-001\Data\data\2024-08,HCLTECH,1661.45,2024-08-23 05:30:00,1685.95,1657.15,2024-08,1676.05,2158185
C:\Users\v-dhramaraj\Desktop\Python\Projects\Assignment2_StockAnalysis\Data-20250430T011355Z-1-001\Data\data\2024-08,HCLTECH,1719.45,2024-08-26 05:30:00,1734.0,1667.1,2024-08,1671.0,2672708
C:\Users\v-dhramaraj\Desktop\Python\Projects\Assignment2_StockAnalysis\Data-20250430T011355Z-1-001\Data\data\2024-08,HCLTECH,1711.6,2024-08-27 05:30:00,1756.85,1705.1,2024-08,1725.85,3556487
C:\Users\v-dhramaraj\Desktop\Python\Projects\Assignment2_StockAnalysis\Data-20250430T011355Z-1-001\Data\data\2024-08,HCLTECH,1719.45,2024-08-28 05:30:00,1737.75,1693.05,2024-08,1712.55,2516461
C:\Users\v-dhramaraj\Desktop\Python\Projects\Assignment2_StockAnalysis\Data-20250430T011355Z-1-001\Data\data\2024-08,HCLTECH,1751.85,2024-08-29 05:30:00,1756.0,1697.25,2024-08,1714.0,5112407
C:\Users\v-dhramaraj\Desktop\Python\Projects\Assignment2_StockAnalysis\Data-20250430T011355Z-1-001\Data\data\2024-08,HCLTECH,1753.25,2024-08-30 05:30:00,1766.3,1742.2,2024-08,1751.85,4792561
C:\Users\v-dhramaraj\Desktop\Python\Projects\Assignment2_StockAnalysis\Data-20250430T011355Z-1-001\Data\data\2024-09,HCLTECH,1806.65,2024-09-02 05:30:00,1812.0,1760.0,2024-09,1764.2,4445349
C:\Users\v-dhramaraj\Desktop\Python\Projects\Assignment2_StockAnalysis\Data-20250430T011355Z-1-001\Data\data\2024-09,HCLTECH,1790.45,2024-09-03 05:30:00,1817.15,1787.05,2024-09,1806.0,2553290
C:\Users\v-dhramaraj\Desktop\Python\Projects\Assignment2_StockAnalysis\Data-20250430T011355Z-1-001\Data\data\2024-09,HCLTECH,1785.25,2024-09-04 05:30:00,1795.65,1765.0,2024-09,1765.1,2644961
C:\Users\v-dhramaraj\Desktop\Python\Projects\Assignment2_StockAnalysis\Data-20250430T011355Z-1-001\Data\data\2024-09,HCLTECH,1790.55,2024-09-05 05:30:00,1797.7,1767.3,2024-09,1792.0,2878565
C:\Users\v-dhramaraj\Desktop\Python\Projects\Assignment2_StockAnalysis\Data-20250430T011355Z-1-001\Data\data\2024-09,HCLTECH,1756.1,2024-09-06 05:30:00,1795.75,1740.05,2024-09,1788.0,3351716
C:\Users\v-dhramaraj\Desktop\Python\Projects\Assignment2_StockAnalysis\Data-20250430T011355Z-1-001\Data\data\2024-09,HCLTECH,1746.75,2024-09-09 05:30:00,1766.3,1741.15,2024-09,1758.35,1418238
C:\Users\v-dhramaraj\Desktop\Python\Projects\Assignment2_StockAnalysis\Data-20250430T011355Z-1-001\Data\data\2024-09,HCLTECH,1779.1,2024-09-10 05:30:00,1789.3,1747.15,2024-09,1749.45,2307528
C:\Users\v-dhramaraj\Desktop\Python\Projects\Assignment2_StockAnalysis\Data-20250430T011355Z-1-001\Data\data\2024-09,HCLTECH,1778.75,2024-09-11 05:30:00,1796.85,1773.7,2024-09,1778.2,2303930
C:\Users\v-dhramaraj\Desktop\Python\Projects\Assignment2_StockAnalysis\Data-20250430T011355Z-1-001\Data\data\2024-09,HCLTECH,1807.6,2024-09-12 05:30:00,1814.2,1777.1,2024-09,1800.0,3349489
C:\Users\v-dhramaraj\Desktop\Python\Projects\Assignment2_StockAnalysis\Data-20250430T011355Z-1-001\Data\data\2024-09,HCLTECH,1812.8,2024-09-13 05:30:00,1820.0,1795.65,2024-09,1805.0,1599349
C:\Users\v-dhramaraj\Desktop\Python\Projects\Assignment2_StockAnalysis\Data-20250430T011355Z-1-001\Data\data\2024-09,HCLTECH,1811.85,2024-09-16 05:30:00,1824.25,1808.2,2024-09,1819.0,836199
C:\Users\v-dhramaraj\Desktop\Python\Projects\Assignment2_StockAnalysis\Data-20250430T011355Z-1-001\Data\data\2024-09,HCLTECH,1813.75,2024-09-17 05:30:00,1828.0,1807.2,2024-09,1811.95,830317
C:\Users\v-dhramaraj\Desktop\Python\Projects\Assignment2_StockAnalysis\Data-20250430T011355Z-1-001\Data\data\2024-09,HCLTECH,1756.5,2024-09-18 05:30:00,1808.1,1740.1,2024-09,1808.1,2629136
C:\Users\v-dhramaraj\Desktop\Python\Projects\Assignment2_StockAnalysis\Data-20250430T011355Z-1-001\Data\data\2024-09,HCLTECH,1736.5,2024-09-19 05:30:00,1776.0,1721.5,2024-09,1776.0,4167373
C:\Users\v-dhramaraj\Desktop\Python\Projects\Assignment2_StockAnalysis\Data-20250430T011355Z-1-001\Data\data\2024-09,HCLTECH,1760.05,2024-09-20 05:30:00,1766.1,1721.4,2024-09,1748.0,4644317
C:\Users\v-dhramaraj\Desktop\Python\Projects\Assignment2_StockAnalysis\Data-20250430T011355Z-1-001\Data\data\2024-09,HCLTECH,1752.8,2024-09-23 05:30:00,1764.0,1732.5,2024-09,1764.0,1541597
C:\Users\v-dhramaraj\Desktop\Python\Projects\Assignment2_StockAnalysis\Data-20250430T011355Z-1-001\Data\data\2024-09,HCLTECH,1775.6,2024-09-24 05:30:00,1783.5,1738.35,2024-09,1750.0,1907389
C:\Users\v-dhramaraj\Desktop\Python\Projects\Assignment2_StockAnalysis\Data-20250430T011355Z-1-001\Data\data\2024-09,HCLTECH,1782.4,2024-09-25 05:30:00,1784.05,1755.0,2024-09,1778.8,2240579
C:\Users\v-dhramaraj\Desktop\Python\Projects\Assignment2_StockAnalysis\Data-20250430T011355Z-1-001\Data\data\2024-09,HCLTECH,1783.85,2024-09-26 05:30:00,1808.4,1778.9,2024-09,1782.25,4303250
C:\Users\v-dhramaraj\Desktop\Python\Projects\Assignment2_StockAnalysis\Data-20250430T011355Z-1-001\Data\data\2024-09,HCLTECH,1808.4,2024-09-27 05:30:00,1828.55,1796.55,2024-09,1810.0,4099016
C:\Users\v-dhramaraj\Desktop\Python\Projects\Assignment2_StockAnalysis\Data-20250430T011355Z-1-001\Data\data\2024-09,HCLTECH,1796.1,2024-09-30 05:30:00,1820.7,1789.15,2024-09,1808.0,2117894
C:\Users\v-dhramaraj\Desktop\Python\Projects\Assignment2_StockAnalysis\Data-20250430T011355Z-1-001\Data\data\2024-10,HCLTECH,1816.5,2024-10-01 05:30:00,1822.45,1790.0,2024-10,1790.0,1642542
C:\Users\v-dhramaraj\Desktop\Python\Projects\Assignment2_StockAnalysis\Data-20250430T011355Z-1-001\Data\data\2024-10,HCLTECH,1778.55,2024-10-03 05:30:00,1809.3,1770.0,2024-10,1778.0,3552386
C:\Users\v-dhramaraj\Desktop\Python\Projects\Assignment2_StockAnalysis\Data-20250430T011355Z-1-001\Data\data\2024-10,HCLTECH,1776.6,2024-10-04 05:30:00,1807.9,1767.25,2024-10,1778.0,2982759
C:\Users\v-dhramaraj\Desktop\Python\Projects\Assignment2_StockAnalysis\Data-20250430T011355Z-1-001\Data\data\2024-10,HCLTECH,1776.95,2024-10-07 05:30:00,1804.2,1767.9,2024-10,1784.95,3419048
C:\Users\v-dhramaraj\Desktop\Python\Projects\Assignment2_StockAnalysis\Data-20250430T011355Z-1-001\Data\data\2024-10,HCLTECH,1789.45,2024-10-08 05:30:00,1794.0,1743.0,2024-10,1774.0,2353030
C:\Users\v-dhramaraj\Desktop\Python\Projects\Assignment2_StockAnalysis\Data-20250430T011355Z-1-001\Data\data\2024-10,HCLTECH,1809.7,2024-10-09 05:30:00,1825.0,1790.15,2024-10,1793.05,2499596
C:\Users\v-dhramaraj\Desktop\Python\Projects\Assignment2_StockAnalysis\Data-20250430T011355Z-1-001\Data\data\2024-10,HCLTECH,1808.65,2024-10-10 05:30:00,1839.95,1797.0,2024-10,1820.0,3753869
C:\Users\v-dhramaraj\Desktop\Python\Projects\Assignment2_StockAnalysis\Data-20250430T011355Z-1-001\Data\data\2024-10,HCLTECH,1839.65,2024-10-11 05:30:00,1852.8,1800.65,2024-10,1804.0,2977110
C:\Users\v-dhramaraj\Desktop\Python\Projects\Assignment2_StockAnalysis\Data-20250430T011355Z-1-001\Data\data\2024-10,HCLTECH,1855.9,2024-10-14 05:30:00,1865.5,1832.4,2024-10,1846.05,1751092
C:\Users\v-dhramaraj\Desktop\Python\Projects\Assignment2_StockAnalysis\Data-20250430T011355Z-1-001\Data\data\2024-10,HCLTECH,1870.1,2024-10-15 05:30:00,1882.75,1829.95,2024-10,1830.0,5696544
C:\Users\v-dhramaraj\Desktop\Python\Projects\Assignment2_StockAnalysis\Data-20250430T011355Z-1-001\Data\data\2024-10,HCLTECH,1865.25,2024-10-16 05:30:00,1885.0,1854.05,2024-10,1869.0,2144442
C:\Users\v-dhramaraj\Desktop\Python\Projects\Assignment2_StockAnalysis\Data-20250430T011355Z-1-001\Data\data\2024-10,HCLTECH,1867.8,2024-10-17 05:30:00,1877.05,1851.45,2024-10,1869.9,2399099
C:\Users\v-dhramaraj\Desktop\Python\Projects\Assignment2_StockAnalysis\Data-20250430T011355Z-1-001\Data\data\2024-10,HCLTECH,1857.7,2024-10-18 05:30:00,1873.9,1843.0,2024-10,1867.0,2366406
C:\Users\v-dhramaraj\Desktop\Python\Projects\Assignment2_StockAnalysis\Data-20250430T011355Z-1-001\Data\data\2024-10,HCLTECH,1843.6,2024-10-21 05:30:00,1888.5,1840.0,2024-10,1875.3,1284980
C:\Users\v-dhramaraj\Desktop\Python\Projects\Assignment2_StockAnalysis\Data-20250430T011355Z-1-001\Data\data\2024-10,HCLTECH,1822.75,2024-10-22 05:30:00,1852.0,1819.5,2024-10,1829.8,2089660
C:\Users\v-dhramaraj\Desktop\Python\Projects\Assignment2_StockAnalysis\Data-20250430T011355Z-1-001\Data\data\2024-10,HCLTECH,1845.75,2024-10-23 05:30:00,1865.0,1793.5,2024-10,1793.5,2522186
C:\Users\v-dhramaraj\Desktop\Python\Projects\Assignment2_StockAnalysis\Data-20250430T011355Z-1-001\Data\data\2024-10,HCLTECH,1844.9,2024-10-24 05:30:00,1862.95,1837.7,2024-10,1845.0,1621637
C:\Users\v-dhramaraj\Desktop\Python\Projects\Assignment2_StockAnalysis\Data-20250430T011355Z-1-001\Data\data\2024-10,HCLTECH,1852.35,2024-10-25 05:30:00,1871.55,1840.2,2024-10,1860.0,4078295
C:\Users\v-dhramaraj\Desktop\Python\Projects\Assignment2_StockAnalysis\Data-20250430T011355Z-1-001\Data\data\2024-10,HCLTECH,1871.75,2024-10-28 05:30:00,1876.8,1845.1,2024-10,1845.1,2418907
C:\Users\v-dhramaraj\Desktop\Python\Projects\Assignment2_StockAnalysis\Data-20250430T011355Z-1-001\Data\data\2024-10,HCLTECH,1871.75,2024-10-29 05:30:00,1875.9,1851.2,2024-10,1871.75,1719955
C:\Users\v-dhramaraj\Desktop\Python\Projects\Assignment2_StockAnalysis\Data-20250430T011355Z-1-001\Data\data\2024-10,HCLTECH,1838.8,2024-10-30 05:30:00,1869.45,1835.3,2024-10,1861.0,1732047
C:\Users\v-dhramaraj\Desktop\Python\Projects\Assignment2_StockAnalysis\Data-20250430T011355Z-1-001\Data\data\2024-10,HCLTECH,1766.05,2024-10-31 05:30:00,1843.9,1756.55,2024-10,1840.0,3616088
C:\Users\v-dhramaraj\Desktop\Python\Projects\Assignment2_StockAnalysis\Data-20250430T011355Z-1-001\Data\data\2024-11,HCLTECH,1757.4,2024-11-01 05:30:00,1781.3,1751.0,2024-11,1777.0,242223
C:\Users\v-dhramaraj\Desktop\Python\Projects\Assignment2_StockAnalysis\Data-20250430T011355Z-1-001\Data\data\2024-11,HCLTECH,1762.95,2024-11-04 05:30:00,1782.1,1745.0,2024-11,1763.0,2843690
C:\Users\v-dhramaraj\Desktop\Python\Projects\Assignment2_StockAnalysis\Data-20250430T011355Z-1-001\Data\data\2024-11,HCLTECH,1773.55,2024-11-05 05:30:00,1783.35,1761.5,2024-11,1769.0,1818350
C:\Users\v-dhramaraj\Desktop\Python\Projects\Assignment2_StockAnalysis\Data-20250430T011355Z-1-001\Data\data\2024-11,HCLTECH,1838.4,2024-11-06 05:30:00,1853.0,1783.0,2024-11,1791.1,3477029
C:\Users\v-dhramaraj\Desktop\Python\Projects\Assignment2_StockAnalysis\Data-20250430T011355Z-1-001\Data\data\2024-11,HCLTECH,1831.95,2024-11-07 05:30:00,1862.55,1814.2,2024-11,1850.05,2173869
C:\Users\v-dhramaraj\Desktop\Python\Projects\Assignment2_StockAnalysis\Data-20250430T011355Z-1-001\Data\data\2024-11,HCLTECH,1837.5,2024-11-08 05:30:00,1854.15,1828.05,2024-11,1838.95,1521324
C:\Users\v-dhramaraj\Desktop\Python\Projects\Assignment2_StockAnalysis\Data-20250430T011355Z-1-001\Data\data\2024-11,HCLTECH,1867.3,2024-11-11 05:30:00,1874.0,1834.0,2024-11,1846.7,1679869
C:\Users\v-dhramaraj\Desktop\Python\Projects\Assignment2_StockAnalysis\Data-20250430T011355Z-1-001\Data\data\2024-11,HCLTECH,1872.85,2024-11-12 05:30:00,1892.95,1864.45,2024-11,1891.0,2711052
C:\Users\v-dhramaraj\Desktop\Python\Projects\Assignment2_StockAnalysis\Data-20250430T011355Z-1-001\Data\data\2024-11,HCLTECH,1864.75,2024-11-13 05:30:00,1879.6,1859.1,2024-11,1866.0,1254074
C:\Users\v-dhramaraj\Desktop\Python\Projects\Assignment2_StockAnalysis\Data-20250430T011355Z-1-001\Data\data\2024-11,HCLTECH,1858.95,2024-11-14 05:30:00,1897.0,1846.35,2024-11,1872.0,2462563
C:\Users\v-dhramaraj\Desktop\Python\Projects\Assignment2_StockAnalysis\Data-20250430T011355Z-1-001\Data\data\2024-11,HCLTECH,1835.0,2024-11-18 05:30:00,1865.05,1815.0,2024-11,1858.95,2483933
C:\Users\v-dhramaraj\Desktop\Python\Projects\Assignment2_StockAnalysis\Data-20250430T011355Z-1-001\Data\data\2024-11,HCLTECH,1820.55,2024-11-19 05:30:00,1865.0,1817.3,2024-11,1837.0,2354204
C:\Users\v-dhramaraj\Desktop\Python\Projects\Assignment2_StockAnalysis\Data-20250430T011355Z-1-001\Data\data\2024-11,HCLTECH,1836.35,2024-11-21 05:30:00,1839.55,1820.2,2024-11,1835.0,1841245
C:\Users\v-dhramaraj\Desktop\Python\Projects\Assignment2_StockAnalysis\Data-20250430T011355Z-1-001\Data\data\2024-11,HCLTECH,1898.4,2024-11-22 05:30:00,1902.0,1836.5,2024-11,1846.35,2765950
