Source Folder,Ticker,close,date,high,low,month,open,volume
C:\Users\v-dhramaraj\Desktop\Python\Projects\Assignment2_StockAnalysis\Data-20250430T011355Z-1-001\Data\data\2023-10,HDFCBANK,1508.05,2023-10-03 05:30:00,1527.0,1506.0,2023-10,1527.0,19485847
C:\Users\v-dhramaraj\Desktop\Python\Projects\Assignment2_StockAnalysis\Data-20250430T011355Z-1-001\Data\data\2023-10,HDFCBANK,1529.55,2023-10-04 05:30:00,1535.0,1489.25,2023-10,1495.0,27324715
C:\Users\v-dhramaraj\Desktop\Python\Projects\Assignment2_StockAnalysis\Data-20250430T011355Z-1-001\Data\data\2023-10,HDFCBANK,1535.75,2023-10-05 05:30:00,1551.55,1532.6,2023-10,1535.05,24256337
C:\Users\v-dhramaraj\Desktop\Python\Projects\Assignment2_StockAnalysis\Data-20250430T011355Z-1-001\Data\data\2023-10,HDFCBANK,1534.05,2023-10-06 05:30:00,1545.0,1529.85,2023-10,1544.0,8879678
C:\Users\v-dhramaraj\Desktop\Python\Projects\Assignment2_StockAnalysis\Data-20250430T011355Z-1-001\Data\data\2023-10,HDFCBANK,1516.25,2023-10-09 05:30:00,1530.0,1512.0,2023-10,1528.0,8227486
C:\Users\v-dhramaraj\Desktop\Python\Projects\Assignment2_StockAnalysis\Data-20250430T011355Z-1-001\Data\data\2023-10,HDFCBANK,1524.85,2023-10-10 05:30:00,1529.0,1515.2,2023-10,1520.55,16633146
C:\Users\v-dhramaraj\Desktop\Python\Projects\Assignment2_StockAnalysis\Data-20250430T011355Z-1-001\Data\data\2023-10,HDFCBANK,1539.6,2023-10-11 05:30:00,1542.15,1528.5,2023-10,1530.1,15666680
C:\Users\v-dhramaraj\Desktop\Python\Projects\Assignment2_StockAnalysis\Data-20250430T011355Z-1-001\Data\data\2023-10,HDFCBANK,1549.85,2023-10-12 05:30:00,1552.0,1531.6,2023-10,1536.1,11012668
C:\Users\v-dhramaraj\Desktop\Python\Projects\Assignment2_StockAnalysis\Data-20250430T011355Z-1-001\Data\data\2023-10,HDFCBANK,1535.75,2023-10-13 05:30:00,1548.8,1529.95,2023-10,1540.0,19872650
C:\Users\v-dhramaraj\Desktop\Python\Projects\Assignment2_StockAnalysis\Data-20250430T011355Z-1-001\Data\data\2023-10,HDFCBANK,1529.6,2023-10-16 05:30:00,1534.45,1520.5,2023-10,1531.5,8928042
C:\Users\v-dhramaraj\Desktop\Python\Projects\Assignment2_StockAnalysis\Data-20250430T011355Z-1-001\Data\data\2023-10,HDFCBANK,1541.2,2023-10-17 05:30:00,1555.75,1535.0,2023-10,1555.75,16451279
C:\Users\v-dhramaraj\Desktop\Python\Projects\Assignment2_StockAnalysis\Data-20250430T011355Z-1-001\Data\data\2023-10,HDFCBANK,1519.75,2023-10-18 05:30:00,1541.2,1518.1,2023-10,1541.2,15608100
C:\Users\v-dhramaraj\Desktop\Python\Projects\Assignment2_StockAnalysis\Data-20250430T011355Z-1-001\Data\data\2023-10,HDFCBANK,1514.95,2023-10-19 05:30:00,1526.25,1503.2,2023-10,1505.4,15126182
C:\Users\v-dhramaraj\Desktop\Python\Projects\Assignment2_StockAnalysis\Data-20250430T011355Z-1-001\Data\data\2023-10,HDFCBANK,1522.8,2023-10-20 05:30:00,1527.0,1505.0,2023-10,1505.0,10547005
C:\Users\v-dhramaraj\Desktop\Python\Projects\Assignment2_StockAnalysis\Data-20250430T011355Z-1-001\Data\data\2023-10,HDFCBANK,1506.05,2023-10-23 05:30:00,1528.75,1500.1,2023-10,1523.5,11188068
C:\Users\v-dhramaraj\Desktop\Python\Projects\Assignment2_StockAnalysis\Data-20250430T011355Z-1-001\Data\data\2023-10,HDFCBANK,1496.5,2023-10-25 05:30:00,1522.8,1491.45,2023-10,1521.0,14155998
C:\Users\v-dhramaraj\Desktop\Python\Projects\Assignment2_StockAnalysis\Data-20250430T011355Z-1-001\Data\data\2023-10,HDFCBANK,1463.4,2023-10-26 05:30:00,1492.0,1460.25,2023-10,1491.25,27780899
C:\Users\v-dhramaraj\Desktop\Python\Projects\Assignment2_StockAnalysis\Data-20250430T011355Z-1-001\Data\data\2023-10,HDFCBANK,1469.15,2023-10-27 05:30:00,1478.0,1466.9,2023-10,1469.5,15970266
C:\Users\v-dhramaraj\Desktop\Python\Projects\Assignment2_StockAnalysis\Data-20250430T011355Z-1-001\Data\data\2023-10,HDFCBANK,1485.1,2023-10-30 05:30:00,1489.95,1461.9,2023-10,1463.25,11655491
C:\Users\v-dhramaraj\Desktop\Python\Projects\Assignment2_StockAnalysis\Data-20250430T011355Z-1-001\Data\data\2023-10,HDFCBANK,1476.5,2023-10-31 05:30:00,1504.0,1474.0,2023-10,1504.0,16317412
C:\Users\v-dhramaraj\Desktop\Python\Projects\Assignment2_StockAnalysis\Data-20250430T011355Z-1-001\Data\data\2023-11,HDFCBANK,1474.5,2023-11-01 05:30:00,1477.45,1462.25,2023-11,1462.25,16938733
C:\Users\v-dhramaraj\Desktop\Python\Projects\Assignment2_StockAnalysis\Data-20250430T011355Z-1-001\Data\data\2023-11,HDFCBANK,1476.75,2023-11-02 05:30:00,1490.5,1467.15,2023-11,1485.0,22612577
C:\Users\v-dhramaraj\Desktop\Python\Projects\Assignment2_StockAnalysis\Data-20250430T011355Z-1-001\Data\data\2023-11,HDFCBANK,1483.75,2023-11-03 05:30:00,1491.4,1481.65,2023-11,1488.0,9047670
C:\Users\v-dhramaraj\Desktop\Python\Projects\Assignment2_StockAnalysis\Data-20250430T011355Z-1-001\Data\data\2023-11,HDFCBANK,1494.5,2023-11-06 05:30:00,1498.0,1483.0,2023-11,1498.0,12796865
C:\Users\v-dhramaraj\Desktop\Python\Projects\Assignment2_StockAnalysis\Data-20250430T011355Z-1-001\Data\data\2023-11,HDFCBANK,1487.25,2023-11-07 05:30:00,1494.0,1477.2,2023-11,1494.0,20976424
C:\Users\v-dhramaraj\Desktop\Python\Projects\Assignment2_StockAnalysis\Data-20250430T011355Z-1-001\Data\data\2023-11,HDFCBANK,1491.55,2023-11-08 05:30:00,1493.45,1481.0,2023-11,1483.95,15699773
C:\Users\v-dhramaraj\Desktop\Python\Projects\Assignment2_StockAnalysis\Data-20250430T011355Z-1-001\Data\data\2023-11,HDFCBANK,1485.65,2023-11-09 05:30:00,1492.6,1483.5,2023-11,1486.0,11058370
C:\Users\v-dhramaraj\Desktop\Python\Projects\Assignment2_StockAnalysis\Data-20250430T011355Z-1-001\Data\data\2023-11,HDFCBANK,1491.5,2023-11-10 05:30:00,1496.0,1480.05,2023-11,1480.1,7007593
C:\Users\v-dhramaraj\Desktop\Python\Projects\Assignment2_StockAnalysis\Data-20250430T011355Z-1-001\Data\data\2023-11,HDFCBANK,1500.0,2023-11-12 05:30:00,1502.0,1496.15,2023-11,1500.0,1975463
C:\Users\v-dhramaraj\Desktop\Python\Projects\Assignment2_StockAnalysis\Data-20250430T011355Z-1-001\Data\data\2023-11,HDFCBANK,1488.8,2023-11-13 05:30:00,1495.95,1485.9,2023-11,1492.1,10302957
C:\Users\v-dhramaraj\Desktop\Python\Projects\Assignment2_StockAnalysis\Data-20250430T011355Z-1-001\Data\data\2023-11,HDFCBANK,1504.4,2023-11-15 05:30:00,1510.95,1500.55,2023-11,1504.1,20622730
C:\Users\v-dhramaraj\Desktop\Python\Projects\Assignment2_StockAnalysis\Data-20250430T011355Z-1-001\Data\data\2023-11,HDFCBANK,1508.35,2023-11-16 05:30:00,1519.0,1503.75,2023-11,1509.7,14856919
C:\Users\v-dhramaraj\Desktop\Python\Projects\Assignment2_StockAnalysis\Data-20250430T011355Z-1-001\Data\data\2023-11,HDFCBANK,1505.1,2023-11-17 05:30:00,1507.5,1489.0,2023-11,1490.0,11850937
C:\Users\v-dhramaraj\Desktop\Python\Projects\Assignment2_StockAnalysis\Data-20250430T011355Z-1-001\Data\data\2023-11,HDFCBANK,1505.2,2023-11-20 05:30:00,1513.0,1501.55,2023-11,1513.0,9665726
C:\Users\v-dhramaraj\Desktop\Python\Projects\Assignment2_StockAnalysis\Data-20250430T011355Z-1-001\Data\data\2023-11,HDFCBANK,1517.95,2023-11-21 05:30:00,1522.0,1512.1,2023-11,1519.0,12479986
C:\Users\v-dhramaraj\Desktop\Python\Projects\Assignment2_StockAnalysis\Data-20250430T011355Z-1-001\Data\data\2023-11,HDFCBANK,1512.55,2023-11-22 05:30:00,1520.0,1503.55,2023-11,1520.0,14561825
C:\Users\v-dhramaraj\Desktop\Python\Projects\Assignment2_StockAnalysis\Data-20250430T011355Z-1-001\Data\data\2023-11,HDFCBANK,1521.3,2023-11-23 05:30:00,1523.85,1508.5,2023-11,1508.5,6523110
C:\Users\v-dhramaraj\Desktop\Python\Projects\Assignment2_StockAnalysis\Data-20250430T011355Z-1-001\Data\data\2023-11,HDFCBANK,1532.1,2023-11-24 05:30:00,1533.15,1519.85,2023-11,1521.2,8234596
C:\Users\v-dhramaraj\Desktop\Python\Projects\Assignment2_StockAnalysis\Data-20250430T011355Z-1-001\Data\data\2023-11,HDFCBANK,1528.65,2023-11-28 05:30:00,1537.25,1525.8,2023-11,1535.2,14244669
C:\Users\v-dhramaraj\Desktop\Python\Projects\Assignment2_StockAnalysis\Data-20250430T011355Z-1-001\Data\data\2023-11,HDFCBANK,1559.15,2023-11-29 05:30:00,1563.0,1533.0,2023-11,1533.9,17021244
C:\Users\v-dhramaraj\Desktop\Python\Projects\Assignment2_StockAnalysis\Data-20250430T011355Z-1-001\Data\data\2023-11,HDFCBANK,1558.8,2023-11-30 05:30:00,1572.45,1542.15,2023-11,1569.15,34745720
C:\Users\v-dhramaraj\Desktop\Python\Projects\Assignment2_StockAnalysis\Data-20250430T011355Z-1-001\Data\data\2023-12,HDFCBANK,1555.4,2023-12-01 05:30:00,1565.75,1552.1,2023-12,1557.9,11076768
C:\Users\v-dhramaraj\Desktop\Python\Projects\Assignment2_StockAnalysis\Data-20250430T011355Z-1-001\Data\data\2023-12,HDFCBANK,1609.4,2023-12-04 05:30:00,1612.0,1573.65,2023-12,1588.0,25331228
C:\Users\v-dhramaraj\Desktop\Python\Projects\Assignment2_StockAnalysis\Data-20250430T011355Z-1-001\Data\data\2023-12,HDFCBANK,1623.7,2023-12-05 05:30:00,1639.0,1616.5,2023-12,1636.5,26115410
C:\Users\v-dhramaraj\Desktop\Python\Projects\Assignment2_StockAnalysis\Data-20250430T011355Z-1-001\Data\data\2023-12,HDFCBANK,1627.8,2023-12-06 05:30:00,1638.45,1616.65,2023-12,1638.45,19306530
C:\Users\v-dhramaraj\Desktop\Python\Projects\Assignment2_StockAnalysis\Data-20250430T011355Z-1-001\Data\data\2023-12,HDFCBANK,1630.45,2023-12-07 05:30:00,1634.0,1616.2,2023-12,1625.0,10225193
C:\Users\v-dhramaraj\Desktop\Python\Projects\Assignment2_StockAnalysis\Data-20250430T011355Z-1-001\Data\data\2023-12,HDFCBANK,1653.2,2023-12-08 05:30:00,1655.0,1630.45,2023-12,1630.45,16864019
C:\Users\v-dhramaraj\Desktop\Python\Projects\Assignment2_StockAnalysis\Data-20250430T011355Z-1-001\Data\data\2023-12,HDFCBANK,1651.0,2023-12-11 05:30:00,1663.7,1647.0,2023-12,1650.05,11593810
C:\Users\v-dhramaraj\Desktop\Python\Projects\Assignment2_StockAnalysis\Data-20250430T011355Z-1-001\Data\data\2023-12,HDFCBANK,1634.6,2023-12-12 05:30:00,1656.25,1631.85,2023-12,1654.2,18290738
C:\Users\v-dhramaraj\Desktop\Python\Projects\Assignment2_StockAnalysis\Data-20250430T011355Z-1-001\Data\data\2023-12,HDFCBANK,1630.9,2023-12-13 05:30:00,1636.0,1615.1,2023-12,1632.45,14673457
C:\Users\v-dhramaraj\Desktop\Python\Projects\Assignment2_StockAnalysis\Data-20250430T011355Z-1-001\Data\data\2023-12,HDFCBANK,1650.15,2023-12-14 05:30:00,1658.95,1645.0,2023-12,1646.0,17586183
C:\Users\v-dhramaraj\Desktop\Python\Projects\Assignment2_StockAnalysis\Data-20250430T011355Z-1-001\Data\data\2023-12,HDFCBANK,1656.55,2023-12-15 05:30:00,1668.0,1646.6,2023-12,1650.0,69418565
C:\Users\v-dhramaraj\Desktop\Python\Projects\Assignment2_StockAnalysis\Data-20250430T011355Z-1-001\Data\data\2023-12,HDFCBANK,1655.7,2023-12-18 05:30:00,1664.7,1650.95,2023-12,1660.7,9007377
C:\Users\v-dhramaraj\Desktop\Python\Projects\Assignment2_StockAnalysis\Data-20250430T011355Z-1-001\Data\data\2023-12,HDFCBANK,1652.9,2023-12-19 05:30:00,1658.65,1644.05,2023-12,1650.0,12004223
C:\Users\v-dhramaraj\Desktop\Python\Projects\Assignment2_StockAnalysis\Data-20250430T011355Z-1-001\Data\data\2023-12,HDFCBANK,1657.0,2023-12-20 05:30:00,1668.95,1644.45,2023-12,1658.0,17116260
C:\Users\v-dhramaraj\Desktop\Python\Projects\Assignment2_StockAnalysis\Data-20250430T011355Z-1-001\Data\data\2023-12,HDFCBANK,1686.7,2023-12-21 05:30:00,1689.75,1650.25,2023-12,1657.0,18294620
C:\Users\v-dhramaraj\Desktop\Python\Projects\Assignment2_StockAnalysis\Data-20250430T011355Z-1-001\Data\data\2023-12,HDFCBANK,1670.85,2023-12-22 05:30:00,1685.9,1667.1,2023-12,1683.6,24289425
C:\Users\v-dhramaraj\Desktop\Python\Projects\Assignment2_StockAnalysis\Data-20250430T011355Z-1-001\Data\data\2023-12,HDFCBANK,1682.45,2023-12-26 05:30:00,1685.95,1668.55,2023-12,1673.25,9022928
C:\Users\v-dhramaraj\Desktop\Python\Projects\Assignment2_StockAnalysis\Data-20250430T011355Z-1-001\Data\data\2023-12,HDFCBANK,1703.3,2023-12-27 05:30:00,1706.5,1678.6,2023-12,1681.5,13504539
C:\Users\v-dhramaraj\Desktop\Python\Projects\Assignment2_StockAnalysis\Data-20250430T011355Z-1-001\Data\data\2023-12,HDFCBANK,1705.25,2023-12-28 05:30:00,1721.4,1702.0,2023-12,1709.3,22038235
C:\Users\v-dhramaraj\Desktop\Python\Projects\Assignment2_StockAnalysis\Data-20250430T011355Z-1-001\Data\data\2023-12,HDFCBANK,1709.25,2023-12-29 05:30:00,1714.9,1696.0,2023-12,1697.0,12505713
C:\Users\v-dhramaraj\Desktop\Python\Projects\Assignment2_StockAnalysis\Data-20250430T011355Z-1-001\Data\data\2024-01,HDFCBANK,1698.1,2024-01-01 05:30:00,1709.15,1692.0,2024-01,1706.0,7119843
C:\Users\v-dhramaraj\Desktop\Python\Projects\Assignment2_StockAnalysis\Data-20250430T011355Z-1-001\Data\data\2024-01,HDFCBANK,1699.1,2024-01-02 05:30:00,1702.8,1688.7,2024-01,1698.8,14621046
C:\Users\v-dhramaraj\Desktop\Python\Projects\Assignment2_StockAnalysis\Data-20250430T011355Z-1-001\Data\data\2024-01,HDFCBANK,1672.9,2024-01-03 05:30:00,1704.7,1668.95,2024-01,1702.0,14194881
C:\Users\v-dhramaraj\Desktop\Python\Projects\Assignment2_StockAnalysis\Data-20250430T011355Z-1-001\Data\data\2024-01,HDFCBANK,1690.85,2024-01-04 05:30:00,1694.95,1670.7,2024-01,1678.0,13367028
C:\Users\v-dhramaraj\Desktop\Python\Projects\Assignment2_StockAnalysis\Data-20250430T011355Z-1-001\Data\data\2024-01,HDFCBANK,1682.2,2024-01-05 05:30:00,1704.9,1668.1,2024-01,1687.15,15944735
C:\Users\v-dhramaraj\Desktop\Python\Projects\Assignment2_StockAnalysis\Data-20250430T011355Z-1-001\Data\data\2024-01,HDFCBANK,1663.45,2024-01-08 05:30:00,1682.35,1660.0,2024-01,1678.5,8999235
C:\Users\v-dhramaraj\Desktop\Python\Projects\Assignment2_StockAnalysis\Data-20250430T011355Z-1-001\Data\data\2024-01,HDFCBANK,1650.5,2024-01-09 05:30:00,1677.8,1646.75,2024-01,1667.15,12663444
C:\Users\v-dhramaraj\Desktop\Python\Projects\Assignment2_StockAnalysis\Data-20250430T011355Z-1-001\Data\data\2024-01,HDFCBANK,1655.95,2024-01-10 05:30:00,1659.95,1641.4,2024-01,1643.0,8057912
C:\Users\v-dhramaraj\Desktop\Python\Projects\Assignment2_StockAnalysis\Data-20250430T011355Z-1-001\Data\data\2024-01,HDFCBANK,1649.0,2024-01-11 05:30:00,1662.9,1643.0,2024-01,1660.0,9157005
C:\Users\v-dhramaraj\Desktop\Python\Projects\Assignment2_StockAnalysis\Data-20250430T011355Z-1-001\Data\data\2024-01,HDFCBANK,1641.2,2024-01-12 05:30:00,1656.0,1633.6,2024-01,1652.0,9886776
C:\Users\v-dhramaraj\Desktop\Python\Projects\Assignment2_StockAnalysis\Data-20250430T011355Z-1-001\Data\data\2024-01,HDFCBANK,1672.8,2024-01-15 05:30:00,1680.9,1643.6,2024-01,1647.7,14160178
C:\Users\v-dhramaraj\Desktop\Python\Projects\Assignment2_StockAnalysis\Data-20250430T011355Z-1-001\Data\data\2024-01,HDFCBANK,1679.15,2024-01-16 05:30:00,1683.65,1658.1,2024-01,1673.0,12661250
C:\Users\v-dhramaraj\Desktop\Python\Projects\Assignment2_StockAnalysis\Data-20250430T011355Z-1-001\Data\data\2024-01,HDFCBANK,1537.5,2024-01-17 05:30:00,1596.8,1528.4,2024-01,1570.0,85072618
C:\Users\v-dhramaraj\Desktop\Python\Projects\Assignment2_StockAnalysis\Data-20250430T011355Z-1-001\Data\data\2024-01,HDFCBANK,1486.15,2024-01-18 05:30:00,1515.0,1480.05,2024-01,1494.0,80535465
C:\Users\v-dhramaraj\Desktop\Python\Projects\Assignment2_StockAnalysis\Data-20250430T011355Z-1-001\Data\data\2024-01,HDFCBANK,1470.65,2024-01-19 05:30:00,1510.25,1468.4,2024-01,1505.95,54800269
C:\Users\v-dhramaraj\Desktop\Python\Projects\Assignment2_StockAnalysis\Data-20250430T011355Z-1-001\Data\data\2024-01,HDFCBANK,1478.85,2024-01-20 05:30:00,1495.7,1476.0,2024-01,1483.2,12920293
C:\Users\v-dhramaraj\Desktop\Python\Projects\Assignment2_StockAnalysis\Data-20250430T011355Z-1-001\Data\data\2024-01,HDFCBANK,1427.35,2024-01-23 05:30:00,1474.7,1425.0,2024-01,1465.0,57734701
C:\Users\v-dhramaraj\Desktop\Python\Projects\Assignment2_StockAnalysis\Data-20250430T011355Z-1-001\Data\data\2024-01,HDFCBANK,1455.9,2024-01-24 05:30:00,1458.45,1380.25,2024-01,1380.25,43002202
C:\Users\v-dhramaraj\Desktop\Python\Projects\Assignment2_StockAnalysis\Data-20250430T011355Z-1-001\Data\data\2024-01,HDFCBANK,1434.9,2024-01-25 05:30:00,1457.35,1419.4,2024-01,1452.5,49470926
C:\Users\v-dhramaraj\Desktop\Python\Projects\Assignment2_StockAnalysis\Data-20250430T011355Z-1-001\Data\data\2024-01,HDFCBANK,1454.65,2024-01-29 05:30:00,1462.8,1445.8,2024-01,1448.05,32822749
C:\Users\v-dhramaraj\Desktop\Python\Projects\Assignment2_StockAnalysis\Data-20250430T011355Z-1-001\Data\data\2024-01,HDFCBANK,1444.3,2024-01-30 05:30:00,1463.2,1440.9,2024-01,1454.55,20864384
C:\Users\v-dhramaraj\Desktop\Python\Projects\Assignment2_StockAnalysis\Data-20250430T011355Z-1-001\Data\data\2024-01,HDFCBANK,1462.55,2024-01-31 05:30:00,1474.95,1436.8,2024-01,1439.5,32880520
C:\Users\v-dhramaraj\Desktop\Python\Projects\Assignment2_StockAnalysis\Data-20250430T011355Z-1-001\Data\data\2024-02,HDFCBANK,1466.35,2024-02-01 05:30:00,1473.6,1456.05,2024-02,1465.05,16345370
C:\Users\v-dhramaraj\Desktop\Python\Projects\Assignment2_StockAnalysis\Data-20250430T011355Z-1-001\Data\data\2024-02,HDFCBANK,1446.15,2024-02-02 05:30:00,1480.85,1442.05,2024-02,1475.0,22433877
C:\Users\v-dhramaraj\Desktop\Python\Projects\Assignment2_StockAnalysis\Data-20250430T011355Z-1-001\Data\data\2024-02,HDFCBANK,1444.85,2024-02-05 05:30:00,1451.9,1434.05,2024-02,1446.0,19302523
C:\Users\v-dhramaraj\Desktop\Python\Projects\Assignment2_StockAnalysis\Data-20250430T011355Z-1-001\Data\data\2024-02,HDFCBANK,1444.1,2024-02-06 05:30:00,1449.7,1432.6,2024-02,1445.55,20537870
C:\Users\v-dhramaraj\Desktop\Python\Projects\Assignment2_StockAnalysis\Data-20250430T011355Z-1-001\Data\data\2024-02,HDFCBANK,1429.95,2024-02-07 05:30:00,1453.8,1426.65,2024-02,1453.0,27418543
C:\Users\v-dhramaraj\Desktop\Python\Projects\Assignment2_StockAnalysis\Data-20250430T011355Z-1-001\Data\data\2024-02,HDFCBANK,1403.05,2024-02-08 05:30:00,1438.95,1400.5,2024-02,1429.85,34553062
C:\Users\v-dhramaraj\Desktop\Python\Projects\Assignment2_StockAnalysis\Data-20250430T011355Z-1-001\Data\data\2024-02,HDFCBANK,1403.6,2024-02-09 05:30:00,1414.2,1387.0,2024-02,1392.15,28321062
C:\Users\v-dhramaraj\Desktop\Python\Projects\Assignment2_StockAnalysis\Data-20250430T011355Z-1-001\Data\data\2024-02,HDFCBANK,1390.0,2024-02-12 05:30:00,1413.65,1383.35,2024-02,1399.65,17223906
C:\Users\v-dhramaraj\Desktop\Python\Projects\Assignment2_StockAnalysis\Data-20250430T011355Z-1-001\Data\data\2024-02,HDFCBANK,1394.45,2024-02-13 05:30:00,1404.35,1384.35,2024-02,1391.95,28790497
C:\Users\v-dhramaraj\Desktop\Python\Projects\Assignment2_StockAnalysis\Data-20250430T011355Z-1-001\Data\data\2024-02,HDFCBANK,1384.05,2024-02-14 05:30:00,1391.5,1363.55,2024-02,1376.0,45660405
C:\Users\v-dhramaraj\Desktop\Python\Projects\Assignment2_StockAnalysis\Data-20250430T011355Z-1-001\Data\data\2024-02,HDFCBANK,1414.05,2024-02-15 05:30:00,1415.5,1384.35,2024-02,1385.0,20792472
C:\Users\v-dhramaraj\Desktop\Python\Projects\Assignment2_StockAnalysis\Data-20250430T011355Z-1-001\Data\data\2024-02,HDFCBANK,1419.9,2024-02-16 05:30:00,1427.7,1408.45,2024-02,1423.9,16087871
C:\Users\v-dhramaraj\Desktop\Python\Projects\Assignment2_StockAnalysis\Data-20250430T011355Z-1-001\Data\data\2024-02,HDFCBANK,1417.1,2024-02-19 05:30:00,1429.0,1415.2,2024-02,1429.0,17225878
C:\Users\v-dhramaraj\Desktop\Python\Projects\Assignment2_StockAnalysis\Data-20250430T011355Z-1-001\Data\data\2024-02,HDFCBANK,1454.3,2024-02-20 05:30:00,1457.25,1411.8,2024-02,1415.0,28066754
C:\Users\v-dhramaraj\Desktop\Python\Projects\Assignment2_StockAnalysis\Data-20250430T011355Z-1-001\Data\data\2024-02,HDFCBANK,1439.15,2024-02-21 05:30:00,1464.0,1435.0,2024-02,1464.0,22946568
C:\Users\v-dhramaraj\Desktop\Python\Projects\Assignment2_StockAnalysis\Data-20250430T011355Z-1-001\Data\data\2024-02,HDFCBANK,1419.55,2024-02-22 05:30:00,1428.8,1412.2,2024-02,1417.75,25280441
C:\Users\v-dhramaraj\Desktop\Python\Projects\Assignment2_StockAnalysis\Data-20250430T011355Z-1-001\Data\data\2024-02,HDFCBANK,1420.6,2024-02-23 05:30:00,1433.9,1418.0,2024-02,1422.55,14916726
C:\Users\v-dhramaraj\Desktop\Python\Projects\Assignment2_StockAnalysis\Data-20250430T011355Z-1-001\Data\data\2024-02,HDFCBANK,1422.3,2024-02-26 05:30:00,1434.85,1413.55,2024-02,1413.55,11753435
C:\Users\v-dhramaraj\Desktop\Python\Projects\Assignment2_StockAnalysis\Data-20250430T011355Z-1-001\Data\data\2024-02,HDFCBANK,1420.15,2024-02-27 05:30:00,1426.7,1413.05,2024-02,1413.55,16043575
C:\Users\v-dhramaraj\Desktop\Python\Projects\Assignment2_StockAnalysis\Data-20250430T011355Z-1-001\Data\data\2024-02,HDFCBANK,1409.4,2024-02-28 05:30:00,1424.2,1404.0,2024-02,1420.15,12660993
C:\Users\v-dhramaraj\Desktop\Python\Projects\Assignment2_StockAnalysis\Data-20250430T011355Z-1-001\Data\data\2024-02,HDFCBANK,1403.4,2024-02-29 05:30:00,1410.4,1397.3,2024-02,1402.1,26647850
C:\Users\v-dhramaraj\Desktop\Python\Projects\Assignment2_StockAnalysis\Data-20250430T011355Z-1-001\Data\data\2024-03,HDFCBANK,1430.75,2024-03-01 05:30:00,1432.75,1400.0,2024-03,1400.0,17369449
C:\Users\v-dhramaraj\Desktop\Python\Projects\Assignment2_StockAnalysis\Data-20250430T011355Z-1-001\Data\data\2024-03,HDFCBANK,1430.75,2024-03-02 05:30:00,1436.0,1428.1,2024-03,1434.55,895265
C:\Users\v-dhramaraj\Desktop\Python\Projects\Assignment2_StockAnalysis\Data-20250430T011355Z-1-001\Data\data\2024-03,HDFCBANK,1432.7,2024-03-04 05:30:00,1437.0,1424.3,2024-03,1430.95,17808237
C:\Users\v-dhramaraj\Desktop\Python\Projects\Assignment2_StockAnalysis\Data-20250430T011355Z-1-001\Data\data\2024-03,HDFCBANK,1440.85,2024-03-05 05:30:00,1443.0,1421.65,2024-03,1422.0,18995836
C:\Users\v-dhramaraj\Desktop\Python\Projects\Assignment2_StockAnalysis\Data-20250430T011355Z-1-001\Data\data\2024-03,HDFCBANK,1442.6,2024-03-06 05:30:00,1452.85,1433.55,2024-03,1433.55,21204765
C:\Users\v-dhramaraj\Desktop\Python\Projects\Assignment2_StockAnalysis\Data-20250430T011355Z-1-001\Data\data\2024-03,HDFCBANK,1446.1,2024-03-07 05:30:00,1451.05,1441.4,2024-03,1445.5,24674023
C:\Users\v-dhramaraj\Desktop\Python\Projects\Assignment2_StockAnalysis\Data-20250430T011355Z-1-001\Data\data\2024-03,HDFCBANK,1427.8,2024-03-11 05:30:00,1445.95,1423.0,2024-03,1430.0,25265547
C:\Users\v-dhramaraj\Desktop\Python\Projects\Assignment2_StockAnalysis\Data-20250430T011355Z-1-001\Data\data\2024-03,HDFCBANK,1459.55,2024-03-12 05:30:00,1464.0,1429.25,2024-03,1434.0,32709227
C:\Users\v-dhramaraj\Desktop\Python\Projects\Assignment2_StockAnalysis\Data-20250430T011355Z-1-001\Data\data\2024-03,HDFCBANK,1460.4,2024-03-13 05:30:00,1471.6,1450.1,2024-03,1465.5,31533727
C:\Users\v-dhramaraj\Desktop\Python\Projects\Assignment2_StockAnalysis\Data-20250430T011355Z-1-001\Data\data\2024-03,HDFCBANK,1455.45,2024-03-14 05:30:00,1466.0,1444.3,2024-03,1462.1,26216079
C:\Users\v-dhramaraj\Desktop\Python\Projects\Assignment2_StockAnalysis\Data-20250430T011355Z-1-001\Data\data\2024-03,HDFCBANK,1452.65,2024-03-15 05:30:00,1459.3,1442.25,2024-03,1450.0,71806902
C:\Users\v-dhramaraj\Desktop\Python\Projects\Assignment2_StockAnalysis\Data-20250430T011355Z-1-001\Data\data\2024-03,HDFCBANK,1446.05,2024-03-18 05:30:00,1456.0,1435.8,2024-03,1447.0,10718928
C:\Users\v-dhramaraj\Desktop\Python\Projects\Assignment2_StockAnalysis\Data-20250430T011355Z-1-001\Data\data\2024-03,HDFCBANK,1449.35,2024-03-19 05:30:00,1452.4,1435.5,2024-03,1435.5,18091797
C:\Users\v-dhramaraj\Desktop\Python\Projects\Assignment2_StockAnalysis\Data-20250430T011355Z-1-001\Data\data\2024-03,HDFCBANK,1431.05,2024-03-20 05:30:00,1451.65,1424.65,2024-03,1449.05,21803047
C:\Users\v-dhramaraj\Desktop\Python\Projects\Assignment2_StockAnalysis\Data-20250430T011355Z-1-001\Data\data\2024-03,HDFCBANK,1445.75,2024-03-21 05:30:00,1451.25,1438.3,2024-03,1442.6,14461430
C:\Users\v-dhramaraj\Desktop\Python\Projects\Assignment2_StockAnalysis\Data-20250430T011355Z-1-001\Data\data\2024-03,HDFCBANK,1442.85,2024-03-22 05:30:00,1450.75,1437.75,2024-03,1441.0,22990163
C:\Users\v-dhramaraj\Desktop\Python\Projects\Assignment2_StockAnalysis\Data-20250430T011355Z-1-001\Data\data\2024-03,HDFCBANK,1425.4,2024-03-26 05:30:00,1437.95,1422.15,2024-03,1427.2,28422145
C:\Users\v-dhramaraj\Desktop\Python\Projects\Assignment2_StockAnalysis\Data-20250430T011355Z-1-001\Data\data\2024-03,HDFCBANK,1440.7,2024-03-27 05:30:00,1447.95,1421.25,2024-03,1423.55,31084334
C:\Users\v-dhramaraj\Desktop\Python\Projects\Assignment2_StockAnalysis\Data-20250430T011355Z-1-001\Data\data\2024-03,HDFCBANK,1447.9,2024-03-28 05:30:00,1460.5,1440.7,2024-03,1440.7,27796071
C:\Users\v-dhramaraj\Desktop\Python\Projects\Assignment2_StockAnalysis\Data-20250430T011355Z-1-001\Data\data\2024-04,HDFCBANK,1470.5,2024-04-01 05:30:00,1473.8,1455.6,2024-04,1458.0,12599785
C:\Users\v-dhramaraj\Desktop\Python\Projects\Assignment2_StockAnalysis\Data-20250430T011355Z-1-001\Data\data\2024-04,HDFCBANK,1480.15,2024-04-02 05:30:00,1494.85,1463.25,2024-04,1465.15,20612723
C:\Users\v-dhramaraj\Desktop\Python\Projects\Assignment2_StockAnalysis\Data-20250430T011355Z-1-001\Data\data\2024-04,HDFCBANK,1482.3,2024-04-03 05:30:00,1495.65,1471.4,2024-04,1472.1,22792193
C:\Users\v-dhramaraj\Desktop\Python\Projects\Assignment2_StockAnalysis\Data-20250430T011355Z-1-001\Data\data\2024-04,HDFCBANK,1527.6,2024-04-04 05:30:00,1530.0,1504.0,2024-04,1504.0,44467533
C:\Users\v-dhramaraj\Desktop\Python\Projects\Assignment2_StockAnalysis\Data-20250430T011355Z-1-001\Data\data\2024-04,HDFCBANK,1549.55,2024-04-05 05:30:00,1554.5,1530.15,2024-04,1539.0,29527951
C:\Users\v-dhramaraj\Desktop\Python\Projects\Assignment2_StockAnalysis\Data-20250430T011355Z-1-001\Data\data\2024-04,HDFCBANK,1546.6,2024-04-08 05:30:00,1557.25,1541.55,2024-04,1554.95,10241470
C:\Users\v-dhramaraj\Desktop\Python\Projects\Assignment2_StockAnalysis\Data-20250430T011355Z-1-001\Data\data\2024-04,HDFCBANK,1548.55,2024-04-09 05:30:00,1554.85,1540.3,2024-04,1554.85,10942247
C:\Users\v-dhramaraj\Desktop\Python\Projects\Assignment2_StockAnalysis\Data-20250430T011355Z-1-001\Data\data\2024-04,HDFCBANK,1536.35,2024-04-10 05:30:00,1549.9,1532.95,2024-04,1549.9,13903700
C:\Users\v-dhramaraj\Desktop\Python\Projects\Assignment2_StockAnalysis\Data-20250430T011355Z-1-001\Data\data\2024-04,HDFCBANK,1518.95,2024-04-12 05:30:00,1529.85,1513.45,2024-04,1521.0,20542104
C:\Users\v-dhramaraj\Desktop\Python\Projects\Assignment2_StockAnalysis\Data-20250430T011355Z-1-001\Data\data\2024-04,HDFCBANK,1494.7,2024-04-15 05:30:00,1510.0,1492.05,2024-04,1497.55,11707624
C:\Users\v-dhramaraj\Desktop\Python\Projects\Assignment2_StockAnalysis\Data-20250430T011355Z-1-001\Data\data\2024-04,HDFCBANK,1509.25,2024-04-16 05:30:00,1512.9,1482.25,2024-04,1487.0,10372443
C:\Users\v-dhramaraj\Desktop\Python\Projects\Assignment2_StockAnalysis\Data-20250430T011355Z-1-001\Data\data\2024-04,HDFCBANK,1494.7,2024-04-18 05:30:00,1518.85,1491.05,2024-04,1509.8,17117442
C:\Users\v-dhramaraj\Desktop\Python\Projects\Assignment2_StockAnalysis\Data-20250430T011355Z-1-001\Data\data\2024-04,HDFCBANK,1531.3,2024-04-19 05:30:00,1534.95,1480.25,2024-04,1486.55,17288217
C:\Users\v-dhramaraj\Desktop\Python\Projects\Assignment2_StockAnalysis\Data-20250430T011355Z-1-001\Data\data\2024-04,HDFCBANK,1512.2,2024-04-22 05:30:00,1557.4,1508.3,2024-04,1557.4,21149219
C:\Users\v-dhramaraj\Desktop\Python\Projects\Assignment2_StockAnalysis\Data-20250430T011355Z-1-001\Data\data\2024-04,HDFCBANK,1507.6,2024-04-23 05:30:00,1526.5,1503.25,2024-04,1526.3,13413530
C:\Users\v-dhramaraj\Desktop\Python\Projects\Assignment2_StockAnalysis\Data-20250430T011355Z-1-001\Data\data\2024-04,HDFCBANK,1511.7,2024-04-24 05:30:00,1521.75,1509.05,2024-04,1515.0,11220790
C:\Users\v-dhramaraj\Desktop\Python\Projects\Assignment2_StockAnalysis\Data-20250430T011355Z-1-001\Data\data\2024-04,HDFCBANK,1510.75,2024-04-25 05:30:00,1519.7,1506.25,2024-04,1506.25,17722602
C:\Users\v-dhramaraj\Desktop\Python\Projects\Assignment2_StockAnalysis\Data-20250430T011355Z-1-001\Data\data\2024-04,HDFCBANK,1509.8,2024-04-26 05:30:00,1528.0,1505.55,2024-04,1519.8,12427347
C:\Users\v-dhramaraj\Desktop\Python\Projects\Assignment2_StockAnalysis\Data-20250430T011355Z-1-001\Data\data\2024-04,HDFCBANK,1529.5,2024-04-29 05:30:00,1534.45,1506.55,2024-04,1515.0,18046675
C:\Users\v-dhramaraj\Desktop\Python\Projects\Assignment2_StockAnalysis\Data-20250430T011355Z-1-001\Data\data\2024-04,HDFCBANK,1520.1,2024-04-30 05:30:00,1539.5,1514.9,2024-04,1529.2,26153691
C:\Users\v-dhramaraj\Desktop\Python\Projects\Assignment2_StockAnalysis\Data-20250430T011355Z-1-001\Data\data\2024-05,HDFCBANK,1532.25,2024-05-02 05:30:00,1537.0,1520.35,2024-05,1522.0,16737503
C:\Users\v-dhramaraj\Desktop\Python\Projects\Assignment2_StockAnalysis\Data-20250430T011355Z-1-001\Data\data\2024-05,HDFCBANK,1519.6,2024-05-03 05:30:00,1540.6,1507.2,2024-05,1533.25,15932621
C:\Users\v-dhramaraj\Desktop\Python\Projects\Assignment2_StockAnalysis\Data-20250430T011355Z-1-001\Data\data\2024-05,HDFCBANK,1522.65,2024-05-06 05:30:00,1534.5,1517.15,2024-05,1522.0,14396698
C:\Users\v-dhramaraj\Desktop\Python\Projects\Assignment2_StockAnalysis\Data-20250430T011355Z-1-001\Data\data\2024-05,HDFCBANK,1506.15,2024-05-07 05:30:00,1524.05,1504.15,2024-05,1521.95,14240301
C:\Users\v-dhramaraj\Desktop\Python\Projects\Assignment2_StockAnalysis\Data-20250430T011355Z-1-001\Data\data\2024-05,HDFCBANK,1482.65,2024-05-08 05:30:00,1496.95,1480.35,2024-05,1495.95,20843931
C:\Users\v-dhramaraj\Desktop\Python\Projects\Assignment2_StockAnalysis\Data-20250430T011355Z-1-001\Data\data\2024-05,HDFCBANK,1447.5,2024-05-09 05:30:00,1486.75,1445.3,2024-05,1474.95,23140639
C:\Users\v-dhramaraj\Desktop\Python\Projects\Assignment2_StockAnalysis\Data-20250430T011355Z-1-001\Data\data\2024-05,HDFCBANK,1437.9,2024-05-10 05:30:00,1451.95,1426.8,2024-05,1439.0,13638304
C:\Users\v-dhramaraj\Desktop\Python\Projects\Assignment2_StockAnalysis\Data-20250430T011355Z-1-001\Data\data\2024-05,HDFCBANK,1455.25,2024-05-13 05:30:00,1459.8,1430.3,2024-05,1432.0,13523601
C:\Users\v-dhramaraj\Desktop\Python\Projects\Assignment2_StockAnalysis\Data-20250430T011355Z-1-001\Data\data\2024-05,HDFCBANK,1460.95,2024-05-14 05:30:00,1465.5,1450.3,2024-05,1452.25,12832571
C:\Users\v-dhramaraj\Desktop\Python\Projects\Assignment2_StockAnalysis\Data-20250430T011355Z-1-001\Data\data\2024-05,HDFCBANK,1438.5,2024-05-15 05:30:00,1459.7,1435.8,2024-05,1459.7,19465998
C:\Users\v-dhramaraj\Desktop\Python\Projects\Assignment2_StockAnalysis\Data-20250430T011355Z-1-001\Data\data\2024-05,HDFCBANK,1460.25,2024-05-16 05:30:00,1462.55,1435.5,2024-05,1446.05,17472618
C:\Users\v-dhramaraj\Desktop\Python\Projects\Assignment2_StockAnalysis\Data-20250430T011355Z-1-001\Data\data\2024-05,HDFCBANK,1464.1,2024-05-17 05:30:00,1468.0,1446.2,2024-05,1446.2,10460095
C:\Users\v-dhramaraj\Desktop\Python\Projects\Assignment2_StockAnalysis\Data-20250430T011355Z-1-001\Data\data\2024-05,HDFCBANK,1466.05,2024-05-18 05:30:00,1467.1,1463.05,2024-05,1466.0,528557
C:\Users\v-dhramaraj\Desktop\Python\Projects\Assignment2_StockAnalysis\Data-20250430T011355Z-1-001\Data\data\2024-05,HDFCBANK,1458.8,2024-05-21 05:30:00,1469.7,1450.1,2024-05,1450.1,21884989
C:\Users\v-dhramaraj\Desktop\Python\Projects\Assignment2_StockAnalysis\Data-20250430T011355Z-1-001\Data\data\2024-05,HDFCBANK,1459.2,2024-05-22 05:30:00,1465.6,1448.15,2024-05,1457.85,19998139
C:\Users\v-dhramaraj\Desktop\Python\Projects\Assignment2_StockAnalysis\Data-20250430T011355Z-1-001\Data\data\2024-05,HDFCBANK,1492.6,2024-05-23 05:30:00,1495.65,1457.05,2024-05,1458.65,20430960
C:\Users\v-dhramaraj\Desktop\Python\Projects\Assignment2_StockAnalysis\Data-20250430T011355Z-1-001\Data\data\2024-05,HDFCBANK,1517.2,2024-05-24 05:30:00,1519.9,1486.0,2024-05,1487.5,15530103
C:\Users\v-dhramaraj\Desktop\Python\Projects\Assignment2_StockAnalysis\Data-20250430T011355Z-1-001\Data\data\2024-05,HDFCBANK,1527.7,2024-05-27 05:30:00,1545.0,1519.05,2024-05,1523.35,14692720
C:\Users\v-dhramaraj\Desktop\Python\Projects\Assignment2_StockAnalysis\Data-20250430T011355Z-1-001\Data\data\2024-05,HDFCBANK,1530.5,2024-05-28 05:30:00,1536.05,1524.8,2024-05,1530.1,13954452
C:\Users\v-dhramaraj\Desktop\Python\Projects\Assignment2_StockAnalysis\Data-20250430T011355Z-1-001\Data\data\2024-05,HDFCBANK,1508.3,2024-05-29 05:30:00,1523.85,1501.25,2024-05,1518.0,17573853
C:\Users\v-dhramaraj\Desktop\Python\Projects\Assignment2_StockAnalysis\Data-20250430T011355Z-1-001\Data\data\2024-05,HDFCBANK,1514.85,2024-05-30 05:30:00,1523.6,1497.65,2024-05,1499.2,16877675
C:\Users\v-dhramaraj\Desktop\Python\Projects\Assignment2_StockAnalysis\Data-20250430T011355Z-1-001\Data\data\2024-05,HDFCBANK,1531.55,2024-05-31 05:30:00,1536.0,1514.0,2024-05,1519.0,37039794
C:\Users\v-dhramaraj\Desktop\Python\Projects\Assignment2_StockAnalysis\Data-20250430T011355Z-1-001\Data\data\2024-06,HDFCBANK,1572.2,2024-06-03 05:30:00,1599.0,1550.0,2024-06,1599.0,36318628
C:\Users\v-dhramaraj\Desktop\Python\Projects\Assignment2_StockAnalysis\Data-20250430T011355Z-1-001\Data\data\2024-06,HDFCBANK,1483.15,2024-06-04 05:30:00,1559.0,1454.0,2024-06,1557.0,44765620
C:\Users\v-dhramaraj\Desktop\Python\Projects\Assignment2_StockAnalysis\Data-20250430T011355Z-1-001\Data\data\2024-06,HDFCBANK,1551.8,2024-06-05 05:30:00,1559.6,1482.35,2024-06,1494.05,40815825
C:\Users\v-dhramaraj\Desktop\Python\Projects\Assignment2_StockAnalysis\Data-20250430T011355Z-1-001\Data\data\2024-06,HDFCBANK,1559.7,2024-06-06 05:30:00,1565.45,1546.6,2024-06,1564.9,23211435
C:\Users\v-dhramaraj\Desktop\Python\Projects\Assignment2_StockAnalysis\Data-20250430T011355Z-1-001\Data\data\2024-06,HDFCBANK,1573.35,2024-06-07 05:30:00,1584.35,1552.05,2024-06,1561.05,18356108
C:\Users\v-dhramaraj\Desktop\Python\Projects\Assignment2_StockAnalysis\Data-20250430T011355Z-1-001\Data\data\2024-06,HDFCBANK,1561.3,2024-06-10 05:30:00,1580.65,1557.6,2024-06,1574.0,11227029
C:\Users\v-dhramaraj\Desktop\Python\Projects\Assignment2_StockAnalysis\Data-20250430T011355Z-1-001\Data\data\2024-06,HDFCBANK,1564.8,2024-06-11 05:30:00,1571.0,1552.2,2024-06,1556.0,14772663
C:\Users\v-dhramaraj\Desktop\Python\Projects\Assignment2_StockAnalysis\Data-20250430T011355Z-1-001\Data\data\2024-06,HDFCBANK,1574.15,2024-06-12 05:30:00,1588.3,1566.4,2024-06,1575.0,19640218
C:\Users\v-dhramaraj\Desktop\Python\Projects\Assignment2_StockAnalysis\Data-20250430T011355Z-1-001\Data\data\2024-06,HDFCBANK,1580.75,2024-06-13 05:30:00,1585.7,1574.0,2024-06,1581.75,12060096
C:\Users\v-dhramaraj\Desktop\Python\Projects\Assignment2_StockAnalysis\Data-20250430T011355Z-1-001\Data\data\2024-06,HDFCBANK,1596.9,2024-06-14 05:30:00,1599.0,1577.7,2024-06,1584.0,12770277
C:\Users\v-dhramaraj\Desktop\Python\Projects\Assignment2_StockAnalysis\Data-20250430T011355Z-1-001\Data\data\2024-06,HDFCBANK,1607.8,2024-06-18 05:30:00,1610.5,1589.45,2024-06,1596.9,16207857
C:\Users\v-dhramaraj\Desktop\Python\Projects\Assignment2_StockAnalysis\Data-20250430T011355Z-1-001\Data\data\2024-06,HDFCBANK,1657.85,2024-06-19 05:30:00,1669.9,1604.0,2024-06,1613.4,45065598
C:\Users\v-dhramaraj\Desktop\Python\Projects\Assignment2_StockAnalysis\Data-20250430T011355Z-1-001\Data\data\2024-06,HDFCBANK,1669.35,2024-06-20 05:30:00,1681.45,1652.0,2024-06,1669.8,20704371
C:\Users\v-dhramaraj\Desktop\Python\Projects\Assignment2_StockAnalysis\Data-20250430T011355Z-1-001\Data\data\2024-06,HDFCBANK,1665.75,2024-06-21 05:30:00,1672.85,1643.15,2024-06,1672.85,25815388
C:\Users\v-dhramaraj\Desktop\Python\Projects\Assignment2_StockAnalysis\Data-20250430T011355Z-1-001\Data\data\2024-06,HDFCBANK,1672.4,2024-06-24 05:30:00,1675.1,1645.75,2024-06,1647.0,14272497
C:\Users\v-dhramaraj\Desktop\Python\Projects\Assignment2_StockAnalysis\Data-20250430T011355Z-1-001\Data\data\2024-06,HDFCBANK,1711.35,2024-06-25 05:30:00,1716.95,1671.1,2024-06,1671.1,37260774
C:\Users\v-dhramaraj\Desktop\Python\Projects\Assignment2_StockAnalysis\Data-20250430T011355Z-1-001\Data\data\2024-06,HDFCBANK,1701.5,2024-06-26 05:30:00,1710.9,1691.1,2024-06,1707.95,23798333
C:\Users\v-dhramaraj\Desktop\Python\Projects\Assignment2_StockAnalysis\Data-20250430T011355Z-1-001\Data\data\2024-06,HDFCBANK,1696.15,2024-06-27 05:30:00,1713.0,1686.6,2024-06,1696.1,27537325
C:\Users\v-dhramaraj\Desktop\Python\Projects\Assignment2_StockAnalysis\Data-20250430T011355Z-1-001\Data\data\2024-06,HDFCBANK,1683.8,2024-06-28 05:30:00,1706.6,1679.0,2024-06,1697.6,13238023
C:\Users\v-dhramaraj\Desktop\Python\Projects\Assignment2_StockAnalysis\Data-20250430T011355Z-1-001\Data\data\2024-07,HDFCBANK,1705.2,2024-07-01 05:30:00,1707.3,1680.0,2024-07,1680.0,10593512
C:\Users\v-dhramaraj\Desktop\Python\Projects\Assignment2_StockAnalysis\Data-20250430T011355Z-1-001\Data\data\2024-07,HDFCBANK,1730.6,2024-07-02 05:30:00,1734.9,1702.75,2024-07,1715.0,22960845
C:\Users\v-dhramaraj\Desktop\Python\Projects\Assignment2_StockAnalysis\Data-20250430T011355Z-1-001\Data\data\2024-07,HDFCBANK,1768.65,2024-07-03 05:30:00,1794.0,1764.65,2024-07,1791.0,61608901
C:\Users\v-dhramaraj\Desktop\Python\Projects\Assignment2_StockAnalysis\Data-20250430T011355Z-1-001\Data\data\2024-07,HDFCBANK,1727.15,2024-07-04 05:30:00,1759.75,1724.85,2024-07,1759.75,22924329
C:\Users\v-dhramaraj\Desktop\Python\Projects\Assignment2_StockAnalysis\Data-20250430T011355Z-1-001\Data\data\2024-07,HDFCBANK,1648.1,2024-07-05 05:30:00,1685.0,1642.2,2024-07,1685.0,41121274
C:\Users\v-dhramaraj\Desktop\Python\Projects\Assignment2_StockAnalysis\Data-20250430T011355Z-1-001\Data\data\2024-07,HDFCBANK,1635.35,2024-07-08 05:30:00,1654.95,1627.15,2024-07,1645.3,19543900
C:\Users\v-dhramaraj\Desktop\Python\Projects\Assignment2_StockAnalysis\Data-20250430T011355Z-1-001\Data\data\2024-07,HDFCBANK,1636.5,2024-07-09 05:30:00,1646.7,1620.35,2024-07,1625.0,24275439
C:\Users\v-dhramaraj\Desktop\Python\Projects\Assignment2_StockAnalysis\Data-20250430T011355Z-1-001\Data\data\2024-07,HDFCBANK,1626.1,2024-07-10 05:30:00,1640.0,1620.75,2024-07,1629.95,22753591
C:\Users\v-dhramaraj\Desktop\Python\Projects\Assignment2_StockAnalysis\Data-20250430T011355Z-1-001\Data\data\2024-07,HDFCBANK,1621.9,2024-07-11 05:30:00,1625.85,1601.0,2024-07,1623.95,22088537
C:\Users\v-dhramaraj\Desktop\Python\Projects\Assignment2_StockAnalysis\Data-20250430T011355Z-1-001\Data\data\2024-07,HDFCBANK,1622.7,2024-07-12 05:30:00,1638.4,1611.15,2024-07,1622.0,28024980
C:\Users\v-dhramaraj\Desktop\Python\Projects\Assignment2_StockAnalysis\Data-20250430T011355Z-1-001\Data\data\2024-07,HDFCBANK,1622.1,2024-07-15 05:30:00,1629.8,1615.2,2024-07,1623.5,16687847
C:\Users\v-dhramaraj\Desktop\Python\Projects\Assignment2_StockAnalysis\Data-20250430T011355Z-1-001\Data\data\2024-07,HDFCBANK,1619.75,2024-07-16 05:30:00,1627.0,1616.8,2024-07,1620.75,14475162
C:\Users\v-dhramaraj\Desktop\Python\Projects\Assignment2_StockAnalysis\Data-20250430T011355Z-1-001\Data\data\2024-07,HDFCBANK,1614.8,2024-07-18 05:30:00,1623.95,1599.15,2024-07,1608.0,16858532
C:\Users\v-dhramaraj\Desktop\Python\Projects\Assignment2_StockAnalysis\Data-20250430T011355Z-1-001\Data\data\2024-07,HDFCBANK,1607.3,2024-07-19 05:30:00,1623.0,1603.5,2024-07,1616.0,13001076
C:\Users\v-dhramaraj\Desktop\Python\Projects\Assignment2_StockAnalysis\Data-20250430T011355Z-1-001\Data\data\2024-07,HDFCBANK,1642.55,2024-07-22 05:30:00,1651.0,1612.65,2024-07,1617.0,26872411
C:\Users\v-dhramaraj\Desktop\Python\Projects\Assignment2_StockAnalysis\Data-20250430T011355Z-1-001\Data\data\2024-07,HDFCBANK,1618.4,2024-07-23 05:30:00,1647.8,1605.0,2024-07,1647.55,26001076
C:\Users\v-dhramaraj\Desktop\Python\Projects\Assignment2_StockAnalysis\Data-20250430T011355Z-1-001\Data\data\2024-07,HDFCBANK,1604.05,2024-07-24 05:30:00,1621.0,1588.05,2024-07,1608.15,30864103
C:\Users\v-dhramaraj\Desktop\Python\Projects\Assignment2_StockAnalysis\Data-20250430T011355Z-1-001\Data\data\2024-07,HDFCBANK,1616.6,2024-07-25 05:30:00,1625.0,1593.0,2024-07,1593.0,12767866
C:\Users\v-dhramaraj\Desktop\Python\Projects\Assignment2_StockAnalysis\Data-20250430T011355Z-1-001\Data\data\2024-07,HDFCBANK,1618.15,2024-07-26 05:30:00,1621.75,1596.45,2024-07,1605.0,21905270
C:\Users\v-dhramaraj\Desktop\Python\Projects\Assignment2_StockAnalysis\Data-20250430T011355Z-1-001\Data\data\2024-07,HDFCBANK,1605.05,2024-07-29 05:30:00,1631.85,1598.3,2024-07,1615.0,25500574
C:\Users\v-dhramaraj\Desktop\Python\Projects\Assignment2_StockAnalysis\Data-20250430T011355Z-1-001\Data\data\2024-07,HDFCBANK,1615.55,2024-07-30 05:30:00,1634.75,1599.0,2024-07,1602.0,27297917
C:\Users\v-dhramaraj\Desktop\Python\Projects\Assignment2_StockAnalysis\Data-20250430T011355Z-1-001\Data\data\2024-07,HDFCBANK,1615.75,2024-07-31 05:30:00,1627.9,1609.2,2024-07,1614.0,18910242
C:\Users\v-dhramaraj\Desktop\Python\Projects\Assignment2_StockAnalysis\Data-20250430T011355Z-1-001\Data\data\2024-08,HDFCBANK,1638.8,2024-08-01 05:30:00,1650.05,1617.95,2024-08,1622.9,13107587
C:\Users\v-dhramaraj\Desktop\Python\Projects\Assignment2_StockAnalysis\Data-20250430T011355Z-1-001\Data\data\2024-08,HDFCBANK,1659.15,2024-08-02 05:30:00,1670.5,1631.0,2024-08,1631.0,22059619
C:\Users\v-dhramaraj\Desktop\Python\Projects\Assignment2_StockAnalysis\Data-20250430T011355Z-1-001\Data\data\2024-08,HDFCBANK,1615.75,2024-08-05 05:30:00,1646.0,1601.0,2024-08,1640.1,20666817
C:\Users\v-dhramaraj\Desktop\Python\Projects\Assignment2_StockAnalysis\Data-20250430T011355Z-1-001\Data\data\2024-08,HDFCBANK,1601.2,2024-08-06 05:30:00,1632.95,1593.3,2024-08,1630.0,22558025
C:\Users\v-dhramaraj\Desktop\Python\Projects\Assignment2_StockAnalysis\Data-20250430T011355Z-1-001\Data\data\2024-08,HDFCBANK,1623.5,2024-08-07 05:30:00,1630.0,1602.2,2024-08,1617.0,21173132
C:\Users\v-dhramaraj\Desktop\Python\Projects\Assignment2_StockAnalysis\Data-20250430T011355Z-1-001\Data\data\2024-08,HDFCBANK,1642.7,2024-08-08 05:30:00,1653.3,1619.25,2024-08,1624.0,16988475
C:\Users\v-dhramaraj\Desktop\Python\Projects\Assignment2_StockAnalysis\Data-20250430T011355Z-1-001\Data\data\2024-08,HDFCBANK,1650.2,2024-08-09 05:30:00,1662.55,1645.8,2024-08,1652.0,13322309
C:\Users\v-dhramaraj\Desktop\Python\Projects\Assignment2_StockAnalysis\Data-20250430T011355Z-1-001\Data\data\2024-08,HDFCBANK,1660.1,2024-08-12 05:30:00,1675.95,1647.35,2024-08,1652.0,19658098
C:\Users\v-dhramaraj\Desktop\Python\Projects\Assignment2_StockAnalysis\Data-20250430T011355Z-1-001\Data\data\2024-08,HDFCBANK,1603.2,2024-08-13 05:30:00,1632.4,1601.15,2024-08,1628.0,27027521
C:\Users\v-dhramaraj\Desktop\Python\Projects\Assignment2_StockAnalysis\Data-20250430T011355Z-1-001\Data\data\2024-08,HDFCBANK,1607.8,2024-08-14 05:30:00,1613.7,1603.2,2024-08,1606.5,16167214
C:\Users\v-dhramaraj\Desktop\Python\Projects\Assignment2_StockAnalysis\Data-20250430T011355Z-1-001\Data\data\2024-08,HDFCBANK,1632.1,2024-08-16 05:30:00,1634.15,1611.0,2024-08,1628.5,13924623
C:\Users\v-dhramaraj\Desktop\Python\Projects\Assignment2_StockAnalysis\Data-20250430T011355Z-1-001\Data\data\2024-08,HDFCBANK,1631.55,2024-08-19 05:30:00,1637.65,1623.7,2024-08,1637.65,9751082
C:\Users\v-dhramaraj\Desktop\Python\Projects\Assignment2_StockAnalysis\Data-20250430T011355Z-1-001\Data\data\2024-08,HDFCBANK,1637.7,2024-08-20 05:30:00,1646.0,1627.45,2024-08,1627.45,15567247
C:\Users\v-dhramaraj\Desktop\Python\Projects\Assignment2_StockAnalysis\Data-20250430T011355Z-1-001\Data\data\2024-08,HDFCBANK,1625.8,2024-08-21 05:30:00,1634.55,1617.8,2024-08,1628.1,23815452
C:\Users\v-dhramaraj\Desktop\Python\Projects\Assignment2_StockAnalysis\Data-20250430T011355Z-1-001\Data\data\2024-08,HDFCBANK,1631.3,2024-08-22 05:30:00,1638.3,1628.0,2024-08,1632.0,10650319
C:\Users\v-dhramaraj\Desktop\Python\Projects\Assignment2_StockAnalysis\Data-20250430T011355Z-1-001\Data\data\2024-08,HDFCBANK,1625.05,2024-08-23 05:30:00,1634.0,1623.0,2024-08,1634.0,10166711
C:\Users\v-dhramaraj\Desktop\Python\Projects\Assignment2_StockAnalysis\Data-20250430T011355Z-1-001\Data\data\2024-08,HDFCBANK,1639.95,2024-08-26 05:30:00,1647.95,1632.2,2024-08,1632.2,11182133
C:\Users\v-dhramaraj\Desktop\Python\Projects\Assignment2_StockAnalysis\Data-20250430T011355Z-1-001\Data\data\2024-08,HDFCBANK,1637.75,2024-08-27 05:30:00,1647.4,1632.2,2024-08,1643.4,17886622
C:\Users\v-dhramaraj\Desktop\Python\Projects\Assignment2_StockAnalysis\Data-20250430T011355Z-1-001\Data\data\2024-08,HDFCBANK,1637.1,2024-08-28 05:30:00,1639.75,1630.2,2024-08,1637.75,13460594
C:\Users\v-dhramaraj\Desktop\Python\Projects\Assignment2_StockAnalysis\Data-20250430T011355Z-1-001\Data\data\2024-08,HDFCBANK,1638.55,2024-08-29 05:30:00,1644.4,1631.15,2024-08,1642.0,24526302
C:\Users\v-dhramaraj\Desktop\Python\Projects\Assignment2_StockAnalysis\Data-20250430T011355Z-1-001\Data\data\2024-08,HDFCBANK,1636.9,2024-08-30 05:30:00,1662.0,1621.15,2024-08,1656.0,222671050
C:\Users\v-dhramaraj\Desktop\Python\Projects\Assignment2_StockAnalysis\Data-20250430T011355Z-1-001\Data\data\2024-09,HDFCBANK,1626.95,2024-09-02 05:30:00,1646.8,1623.2,2024-09,1646.8,17024840
C:\Users\v-dhramaraj\Desktop\Python\Projects\Assignment2_StockAnalysis\Data-20250430T011355Z-1-001\Data\data\2024-09,HDFCBANK,1637.35,2024-09-03 05:30:00,1639.95,1624.6,2024-09,1634.0,18641430
C:\Users\v-dhramaraj\Desktop\Python\Projects\Assignment2_StockAnalysis\Data-20250430T011355Z-1-001\Data\data\2024-09,HDFCBANK,1641.8,2024-09-04 05:30:00,1644.8,1632.0,2024-09,1639.0,12341372
C:\Users\v-dhramaraj\Desktop\Python\Projects\Assignment2_StockAnalysis\Data-20250430T011355Z-1-001\Data\data\2024-09,HDFCBANK,1645.45,2024-09-05 05:30:00,1649.9,1642.0,2024-09,1646.0,11438159
C:\Users\v-dhramaraj\Desktop\Python\Projects\Assignment2_StockAnalysis\Data-20250430T011355Z-1-001\Data\data\2024-09,HDFCBANK,1636.95,2024-09-06 05:30:00,1647.75,1634.1,2024-09,1638.3,13014801
C:\Users\v-dhramaraj\Desktop\Python\Projects\Assignment2_StockAnalysis\Data-20250430T011355Z-1-001\Data\data\2024-09,HDFCBANK,1646.5,2024-09-09 05:30:00,1648.5,1630.1,2024-09,1638.0,11896457
C:\Users\v-dhramaraj\Desktop\Python\Projects\Assignment2_StockAnalysis\Data-20250430T011355Z-1-001\Data\data\2024-09,HDFCBANK,1650.35,2024-09-10 05:30:00,1654.0,1638.0,2024-09,1654.0,13303323
C:\Users\v-dhramaraj\Desktop\Python\Projects\Assignment2_StockAnalysis\Data-20250430T011355Z-1-001\Data\data\2024-09,HDFCBANK,1643.9,2024-09-11 05:30:00,1652.5,1639.2,2024-09,1650.4,11113342
C:\Users\v-dhramaraj\Desktop\Python\Projects\Assignment2_StockAnalysis\Data-20250430T011355Z-1-001\Data\data\2024-09,HDFCBANK,1666.6,2024-09-12 05:30:00,1670.0,1647.05,2024-09,1654.0,16212023
C:\Users\v-dhramaraj\Desktop\Python\Projects\Assignment2_StockAnalysis\Data-20250430T011355Z-1-001\Data\data\2024-09,HDFCBANK,1665.95,2024-09-13 05:30:00,1674.0,1657.05,2024-09,1674.0,11930266
C:\Users\v-dhramaraj\Desktop\Python\Projects\Assignment2_StockAnalysis\Data-20250430T011355Z-1-001\Data\data\2024-09,HDFCBANK,1670.95,2024-09-16 05:30:00,1677.8,1664.05,2024-09,1667.0,7586410
C:\Users\v-dhramaraj\Desktop\Python\Projects\Assignment2_StockAnalysis\Data-20250430T011355Z-1-001\Data\data\2024-09,HDFCBANK,1668.8,2024-09-17 05:30:00,1678.0,1664.15,2024-09,1678.0,10063561
C:\Users\v-dhramaraj\Desktop\Python\Projects\Assignment2_StockAnalysis\Data-20250430T011355Z-1-001\Data\data\2024-09,HDFCBANK,1694.8,2024-09-18 05:30:00,1698.9,1671.1,2024-09,1671.85,20458671
C:\Users\v-dhramaraj\Desktop\Python\Projects\Assignment2_StockAnalysis\Data-20250430T011355Z-1-001\Data\data\2024-09,HDFCBANK,1708.5,2024-09-19 05:30:00,1719.0,1699.15,2024-09,1699.2,15325888
C:\Users\v-dhramaraj\Desktop\Python\Projects\Assignment2_StockAnalysis\Data-20250430T011355Z-1-001\Data\data\2024-09,HDFCBANK,1741.2,2024-09-20 05:30:00,1744.95,1707.55,2024-09,1716.5,30311693
C:\Users\v-dhramaraj\Desktop\Python\Projects\Assignment2_StockAnalysis\Data-20250430T011355Z-1-001\Data\data\2024-09,HDFCBANK,1759.8,2024-09-23 05:30:00,1766.35,1740.25,2024-09,1749.0,13482675
C:\Users\v-dhramaraj\Desktop\Python\Projects\Assignment2_StockAnalysis\Data-20250430T011355Z-1-001\Data\data\2024-09,HDFCBANK,1768.05,2024-09-24 05:30:00,1781.65,1754.25,2024-09,1765.0,16519518
C:\Users\v-dhramaraj\Desktop\Python\Projects\Assignment2_StockAnalysis\Data-20250430T011355Z-1-001\Data\data\2024-09,HDFCBANK,1779.1,2024-09-25 05:30:00,1788.0,1760.15,2024-09,1760.15,15982656
C:\Users\v-dhramaraj\Desktop\Python\Projects\Assignment2_StockAnalysis\Data-20250430T011355Z-1-001\Data\data\2024-09,HDFCBANK,1783.45,2024-09-26 05:30:00,1788.0,1768.05,2024-09,1773.05,15949822
C:\Users\v-dhramaraj\Desktop\Python\Projects\Assignment2_StockAnalysis\Data-20250430T011355Z-1-001\Data\data\2024-09,HDFCBANK,1752.65,2024-09-27 05:30:00,1778.2,1750.0,2024-09,1777.0,17806751
C:\Users\v-dhramaraj\Desktop\Python\Projects\Assignment2_StockAnalysis\Data-20250430T011355Z-1-001\Data\data\2024-09,HDFCBANK,1732.05,2024-09-30 05:30:00,1751.45,1724.4,2024-09,1748.8,13191767
C:\Users\v-dhramaraj\Desktop\Python\Projects\Assignment2_StockAnalysis\Data-20250430T011355Z-1-001\Data\data\2024-10,HDFCBANK,1726.2,2024-10-01 05:30:00,1742.0,1720.1,2024-10,1724.0,12286142
C:\Users\v-dhramaraj\Desktop\Python\Projects\Assignment2_StockAnalysis\Data-20250430T011355Z-1-001\Data\data\2024-10,HDFCBANK,1682.0,2024-10-03 05:30:00,1726.15,1673.35,2024-10,1715.65,24236699
C:\Users\v-dhramaraj\Desktop\Python\Projects\Assignment2_StockAnalysis\Data-20250430T011355Z-1-001\Data\data\2024-10,HDFCBANK,1657.65,2024-10-04 05:30:00,1690.65,1653.0,2024-10,1674.5,24341616
C:\Users\v-dhramaraj\Desktop\Python\Projects\Assignment2_StockAnalysis\Data-20250430T011355Z-1-001\Data\data\2024-10,HDFCBANK,1617.8,2024-10-07 05:30:00,1659.0,1613.0,2024-10,1652.2,47229148
C:\Users\v-dhramaraj\Desktop\Python\Projects\Assignment2_StockAnalysis\Data-20250430T011355Z-1-001\Data\data\2024-10,HDFCBANK,1651.05,2024-10-08 05:30:00,1656.8,1622.0,2024-10,1630.0,14867203
C:\Users\v-dhramaraj\Desktop\Python\Projects\Assignment2_StockAnalysis\Data-20250430T011355Z-1-001\Data\data\2024-10,HDFCBANK,1633.15,2024-10-09 05:30:00,1656.75,1628.7,2024-10,1649.5,20562821
C:\Users\v-dhramaraj\Desktop\Python\Projects\Assignment2_StockAnalysis\Data-20250430T011355Z-1-001\Data\data\2024-10,HDFCBANK,1662.4,2024-10-10 05:30:00,1665.45,1632.5,2024-10,1639.0,10877383
C:\Users\v-dhramaraj\Desktop\Python\Projects\Assignment2_StockAnalysis\Data-20250430T011355Z-1-001\Data\data\2024-10,HDFCBANK,1651.0,2024-10-11 05:30:00,1664.45,1643.25,2024-10,1664.45,11836297
C:\Users\v-dhramaraj\Desktop\Python\Projects\Assignment2_StockAnalysis\Data-20250430T011355Z-1-001\Data\data\2024-10,HDFCBANK,1688.1,2024-10-14 05:30:00,1692.05,1654.0,2024-10,1656.05,9263754
C:\Users\v-dhramaraj\Desktop\Python\Projects\Assignment2_StockAnalysis\Data-20250430T011355Z-1-001\Data\data\2024-10,HDFCBANK,1684.1,2024-10-15 05:30:00,1698.0,1675.5,2024-10,1694.0,9825565
C:\Users\v-dhramaraj\Desktop\Python\Projects\Assignment2_StockAnalysis\Data-20250430T011355Z-1-001\Data\data\2024-10,HDFCBANK,1699.8,2024-10-16 05:30:00,1707.95,1680.1,2024-10,1680.1,10235341
C:\Users\v-dhramaraj\Desktop\Python\Projects\Assignment2_StockAnalysis\Data-20250430T011355Z-1-001\Data\data\2024-10,HDFCBANK,1673.15,2024-10-17 05:30:00,1697.65,1665.2,2024-10,1694.95,7347866
C:\Users\v-dhramaraj\Desktop\Python\Projects\Assignment2_StockAnalysis\Data-20250430T011355Z-1-001\Data\data\2024-10,HDFCBANK,1681.85,2024-10-18 05:30:00,1691.0,1654.1,2024-10,1663.1,12404862
C:\Users\v-dhramaraj\Desktop\Python\Projects\Assignment2_StockAnalysis\Data-20250430T011355Z-1-001\Data\data\2024-10,HDFCBANK,1728.7,2024-10-21 05:30:00,1748.15,1711.05,2024-10,1715.0,23274177
C:\Users\v-dhramaraj\Desktop\Python\Projects\Assignment2_StockAnalysis\Data-20250430T011355Z-1-001\Data\data\2024-10,HDFCBANK,1714.55,2024-10-22 05:30:00,1740.0,1710.7,2024-10,1730.05,19437640
C:\Users\v-dhramaraj\Desktop\Python\Projects\Assignment2_StockAnalysis\Data-20250430T011355Z-1-001\Data\data\2024-10,HDFCBANK,1735.8,2024-10-23 05:30:00,1746.5,1705.05,2024-10,1705.05,19018045
C:\Users\v-dhramaraj\Desktop\Python\Projects\Assignment2_StockAnalysis\Data-20250430T011355Z-1-001\Data\data\2024-10,HDFCBANK,1749.65,2024-10-24 05:30:00,1768.65,1738.1,2024-10,1738.1,15416129
C:\Users\v-dhramaraj\Desktop\Python\Projects\Assignment2_StockAnalysis\Data-20250430T011355Z-1-001\Data\data\2024-10,HDFCBANK,1743.4,2024-10-25 05:30:00,1757.85,1728.7,2024-10,1755.0,13065239
C:\Users\v-dhramaraj\Desktop\Python\Projects\Assignment2_StockAnalysis\Data-20250430T011355Z-1-001\Data\data\2024-10,HDFCBANK,1734.2,2024-10-28 05:30:00,1751.0,1728.9,2024-10,1742.0,11006071
C:\Users\v-dhramaraj\Desktop\Python\Projects\Assignment2_StockAnalysis\Data-20250430T011355Z-1-001\Data\data\2024-10,HDFCBANK,1751.85,2024-10-29 05:30:00,1764.0,1725.1,2024-10,1726.15,17897463
C:\Users\v-dhramaraj\Desktop\Python\Projects\Assignment2_StockAnalysis\Data-20250430T011355Z-1-001\Data\data\2024-10,HDFCBANK,1734.6,2024-10-30 05:30:00,1754.75,1724.2,2024-10,1742.0,16357862
C:\Users\v-dhramaraj\Desktop\Python\Projects\Assignment2_StockAnalysis\Data-20250430T011355Z-1-001\Data\data\2024-10,HDFCBANK,1735.7,2024-10-31 05:30:00,1738.9,1719.4,2024-10,1728.0,11447956
C:\Users\v-dhramaraj\Desktop\Python\Projects\Assignment2_StockAnalysis\Data-20250430T011355Z-1-001\Data\data\2024-11,HDFCBANK,1737.3,2024-11-01 05:30:00,1744.1,1726.1,2024-11,1733.0,879846
C:\Users\v-dhramaraj\Desktop\Python\Projects\Assignment2_StockAnalysis\Data-20250430T011355Z-1-001\Data\data\2024-11,HDFCBANK,1714.1,2024-11-04 05:30:00,1745.0,1710.9,2024-11,1745.0,14044624
C:\Users\v-dhramaraj\Desktop\Python\Projects\Assignment2_StockAnalysis\Data-20250430T011355Z-1-001\Data\data\2024-11,HDFCBANK,1757.85,2024-11-05 05:30:00,1762.7,1697.9,2024-11,1703.0,22116203
C:\Users\v-dhramaraj\Desktop\Python\Projects\Assignment2_StockAnalysis\Data-20250430T011355Z-1-001\Data\data\2024-11,HDFCBANK,1755.25,2024-11-06 05:30:00,1771.5,1745.35,2024-11,1771.5,13893955
C:\Users\v-dhramaraj\Desktop\Python\Projects\Assignment2_StockAnalysis\Data-20250430T011355Z-1-001\Data\data\2024-11,HDFCBANK,1746.55,2024-11-07 05:30:00,1760.95,1738.0,2024-11,1744.3,9447728
C:\Users\v-dhramaraj\Desktop\Python\Projects\Assignment2_StockAnalysis\Data-20250430T011355Z-1-001\Data\data\2024-11,HDFCBANK,1754.45,2024-11-08 05:30:00,1761.8,1745.85,2024-11,1752.0,9951493
C:\Users\v-dhramaraj\Desktop\Python\Projects\Assignment2_StockAnalysis\Data-20250430T011355Z-1-001\Data\data\2024-11,HDFCBANK,1766.3,2024-11-11 05:30:00,1782.8,1751.2,2024-11,1754.55,12282681
C:\Users\v-dhramaraj\Desktop\Python\Projects\Assignment2_StockAnalysis\Data-20250430T011355Z-1-001\Data\data\2024-11,HDFCBANK,1718.2,2024-11-12 05:30:00,1775.0,1708.65,2024-11,1772.0,15697703
C:\Users\v-dhramaraj\Desktop\Python\Projects\Assignment2_StockAnalysis\Data-20250430T011355Z-1-001\Data\data\2024-11,HDFCBANK,1681.35,2024-11-13 05:30:00,1729.4,1673.0,2024-11,1716.75,17864250
C:\Users\v-dhramaraj\Desktop\Python\Projects\Assignment2_StockAnalysis\Data-20250430T011355Z-1-001\Data\data\2024-11,HDFCBANK,1692.75,2024-11-14 05:30:00,1704.85,1672.1,2024-11,1673.1,13573235
C:\Users\v-dhramaraj\Desktop\Python\Projects\Assignment2_StockAnalysis\Data-20250430T011355Z-1-001\Data\data\2024-11,HDFCBANK,1705.1,2024-11-18 05:30:00,1718.9,1695.0,2024-11,1700.0,13540984
C:\Users\v-dhramaraj\Desktop\Python\Projects\Assignment2_StockAnalysis\Data-20250430T011355Z-1-001\Data\data\2024-11,HDFCBANK,1742.25,2024-11-19 05:30:00,1753.75,1702.7,2024-11,1714.0,25490636
C:\Users\v-dhramaraj\Desktop\Python\Projects\Assignment2_StockAnalysis\Data-20250430T011355Z-1-001\Data\data\2024-11,HDFCBANK,1741.2,2024-11-21 05:30:00,1759.0,1734.2,2024-11,1749.4,17858256
C:\Users\v-dhramaraj\Desktop\Python\Projects\Assignment2_StockAnalysis\Data-20250430T011355Z-1-001\Data\data\2024-11,HDFCBANK,1745.6,2024-11-22 05:30:00,1754.3,1729.55,2024-11,1743.55,12386806
