Source Folder,Ticker,close,date,high,low,month,open,volume
C:\Users\v-dhramaraj\Desktop\Python\Projects\Assignment2_StockAnalysis\Data-20250430T011355Z-1-001\Data\data\2023-10,HINDUNILVR,2468.9,2023-10-03 05:30:00,2499.0,2461.8,2023-10,2490.0,1585626
C:\Users\v-dhramaraj\Desktop\Python\Projects\Assignment2_StockAnalysis\Data-20250430T011355Z-1-001\Data\data\2023-10,HINDUNILVR,2507.85,2023-10-04 05:30:00,2511.05,2465.15,2023-10,2467.05,1587335
C:\Users\v-dhramaraj\Desktop\Python\Projects\Assignment2_StockAnalysis\Data-20250430T011355Z-1-001\Data\data\2023-10,HINDUNILVR,2519.55,2023-10-05 05:30:00,2524.8,2495.35,2023-10,2518.0,1909928
C:\Users\v-dhramaraj\Desktop\Python\Projects\Assignment2_StockAnalysis\Data-20250430T011355Z-1-001\Data\data\2023-10,HINDUNILVR,2499.4,2023-10-06 05:30:00,2520.0,2494.0,2023-10,2519.95,1083342
C:\Users\v-dhramaraj\Desktop\Python\Projects\Assignment2_StockAnalysis\Data-20250430T011355Z-1-001\Data\data\2023-10,HINDUNILVR,2511.3,2023-10-09 05:30:00,2516.5,2481.0,2023-10,2485.0,1468771
C:\Users\v-dhramaraj\Desktop\Python\Projects\Assignment2_StockAnalysis\Data-20250430T011355Z-1-001\Data\data\2023-10,HINDUNILVR,2516.2,2023-10-10 05:30:00,2520.85,2503.35,2023-10,2512.2,1092373
C:\Users\v-dhramaraj\Desktop\Python\Projects\Assignment2_StockAnalysis\Data-20250430T011355Z-1-001\Data\data\2023-10,HINDUNILVR,2556.4,2023-10-11 05:30:00,2563.95,2516.25,2023-10,2518.35,1697398
C:\Users\v-dhramaraj\Desktop\Python\Projects\Assignment2_StockAnalysis\Data-20250430T011355Z-1-001\Data\data\2023-10,HINDUNILVR,2557.0,2023-10-12 05:30:00,2567.55,2539.2,2023-10,2555.0,1625010
C:\Users\v-dhramaraj\Desktop\Python\Projects\Assignment2_StockAnalysis\Data-20250430T011355Z-1-001\Data\data\2023-10,HINDUNILVR,2569.45,2023-10-13 05:30:00,2576.7,2542.7,2023-10,2553.05,1531977
C:\Users\v-dhramaraj\Desktop\Python\Projects\Assignment2_StockAnalysis\Data-20250430T011355Z-1-001\Data\data\2023-10,HINDUNILVR,2558.3,2023-10-16 05:30:00,2582.0,2552.6,2023-10,2560.0,954899
C:\Users\v-dhramaraj\Desktop\Python\Projects\Assignment2_StockAnalysis\Data-20250430T011355Z-1-001\Data\data\2023-10,HINDUNILVR,2556.15,2023-10-17 05:30:00,2570.0,2546.45,2023-10,2558.3,1253538
C:\Users\v-dhramaraj\Desktop\Python\Projects\Assignment2_StockAnalysis\Data-20250430T011355Z-1-001\Data\data\2023-10,HINDUNILVR,2548.25,2023-10-18 05:30:00,2571.25,2539.55,2023-10,2570.05,1084689
C:\Users\v-dhramaraj\Desktop\Python\Projects\Assignment2_StockAnalysis\Data-20250430T011355Z-1-001\Data\data\2023-10,HINDUNILVR,2548.1,2023-10-19 05:30:00,2554.4,2525.0,2023-10,2525.0,1272343
C:\Users\v-dhramaraj\Desktop\Python\Projects\Assignment2_StockAnalysis\Data-20250430T011355Z-1-001\Data\data\2023-10,HINDUNILVR,2495.15,2023-10-20 05:30:00,2543.55,2485.05,2023-10,2520.0,3608160
C:\Users\v-dhramaraj\Desktop\Python\Projects\Assignment2_StockAnalysis\Data-20250430T011355Z-1-001\Data\data\2023-10,HINDUNILVR,2483.5,2023-10-23 05:30:00,2509.95,2480.35,2023-10,2494.0,922707
C:\Users\v-dhramaraj\Desktop\Python\Projects\Assignment2_StockAnalysis\Data-20250430T011355Z-1-001\Data\data\2023-10,HINDUNILVR,2477.3,2023-10-25 05:30:00,2490.0,2465.0,2023-10,2475.05,1435836
C:\Users\v-dhramaraj\Desktop\Python\Projects\Assignment2_StockAnalysis\Data-20250430T011355Z-1-001\Data\data\2023-10,HINDUNILVR,2476.4,2023-10-26 05:30:00,2490.0,2455.65,2023-10,2461.0,2650560
C:\Users\v-dhramaraj\Desktop\Python\Projects\Assignment2_StockAnalysis\Data-20250430T011355Z-1-001\Data\data\2023-10,HINDUNILVR,2482.05,2023-10-27 05:30:00,2495.0,2463.85,2023-10,2467.3,1784812
C:\Users\v-dhramaraj\Desktop\Python\Projects\Assignment2_StockAnalysis\Data-20250430T011355Z-1-001\Data\data\2023-10,HINDUNILVR,2478.9,2023-10-30 05:30:00,2492.0,2462.4,2023-10,2471.0,875135
C:\Users\v-dhramaraj\Desktop\Python\Projects\Assignment2_StockAnalysis\Data-20250430T011355Z-1-001\Data\data\2023-10,HINDUNILVR,2484.0,2023-10-31 05:30:00,2492.0,2467.8,2023-10,2470.2,920414
C:\Users\v-dhramaraj\Desktop\Python\Projects\Assignment2_StockAnalysis\Data-20250430T011355Z-1-001\Data\data\2023-11,HINDUNILVR,2472.25,2023-11-01 05:30:00,2493.95,2466.8,2023-11,2485.0,1267131
C:\Users\v-dhramaraj\Desktop\Python\Projects\Assignment2_StockAnalysis\Data-20250430T011355Z-1-001\Data\data\2023-11,HINDUNILVR,2486.8,2023-11-02 05:30:00,2496.0,2463.3,2023-11,2475.0,1595123
C:\Users\v-dhramaraj\Desktop\Python\Projects\Assignment2_StockAnalysis\Data-20250430T011355Z-1-001\Data\data\2023-11,HINDUNILVR,2509.25,2023-11-03 05:30:00,2512.5,2485.8,2023-11,2497.0,1125583
C:\Users\v-dhramaraj\Desktop\Python\Projects\Assignment2_StockAnalysis\Data-20250430T011355Z-1-001\Data\data\2023-11,HINDUNILVR,2497.4,2023-11-06 05:30:00,2517.75,2491.1,2023-11,2515.0,1338677
C:\Users\v-dhramaraj\Desktop\Python\Projects\Assignment2_StockAnalysis\Data-20250430T011355Z-1-001\Data\data\2023-11,HINDUNILVR,2496.45,2023-11-07 05:30:00,2505.2,2485.25,2023-11,2496.0,1473411
C:\Users\v-dhramaraj\Desktop\Python\Projects\Assignment2_StockAnalysis\Data-20250430T011355Z-1-001\Data\data\2023-11,HINDUNILVR,2519.35,2023-11-08 05:30:00,2525.0,2497.7,2023-11,2498.0,745022
C:\Users\v-dhramaraj\Desktop\Python\Projects\Assignment2_StockAnalysis\Data-20250430T011355Z-1-001\Data\data\2023-11,HINDUNILVR,2476.7,2023-11-09 05:30:00,2522.0,2473.05,2023-11,2520.05,1823094
C:\Users\v-dhramaraj\Desktop\Python\Projects\Assignment2_StockAnalysis\Data-20250430T011355Z-1-001\Data\data\2023-11,HINDUNILVR,2486.55,2023-11-10 05:30:00,2488.6,2465.35,2023-11,2477.0,771062
C:\Users\v-dhramaraj\Desktop\Python\Projects\Assignment2_StockAnalysis\Data-20250430T011355Z-1-001\Data\data\2023-11,HINDUNILVR,2491.55,2023-11-12 05:30:00,2499.0,2486.0,2023-11,2494.05,82500
C:\Users\v-dhramaraj\Desktop\Python\Projects\Assignment2_StockAnalysis\Data-20250430T011355Z-1-001\Data\data\2023-11,HINDUNILVR,2478.15,2023-11-13 05:30:00,2487.2,2471.0,2023-11,2477.2,760809
C:\Users\v-dhramaraj\Desktop\Python\Projects\Assignment2_StockAnalysis\Data-20250430T011355Z-1-001\Data\data\2023-11,HINDUNILVR,2486.4,2023-11-15 05:30:00,2503.05,2476.0,2023-11,2501.9,1457029
C:\Users\v-dhramaraj\Desktop\Python\Projects\Assignment2_StockAnalysis\Data-20250430T011355Z-1-001\Data\data\2023-11,HINDUNILVR,2491.2,2023-11-16 05:30:00,2505.8,2475.35,2023-11,2480.2,1420578
C:\Users\v-dhramaraj\Desktop\Python\Projects\Assignment2_StockAnalysis\Data-20250430T011355Z-1-001\Data\data\2023-11,HINDUNILVR,2528.8,2023-11-17 05:30:00,2533.5,2465.0,2023-11,2465.0,1756043
C:\Users\v-dhramaraj\Desktop\Python\Projects\Assignment2_StockAnalysis\Data-20250430T011355Z-1-001\Data\data\2023-11,HINDUNILVR,2506.45,2023-11-20 05:30:00,2534.5,2500.0,2023-11,2534.45,944231
C:\Users\v-dhramaraj\Desktop\Python\Projects\Assignment2_StockAnalysis\Data-20250430T011355Z-1-001\Data\data\2023-11,HINDUNILVR,2505.25,2023-11-21 05:30:00,2517.0,2498.0,2023-11,2505.0,1088806
C:\Users\v-dhramaraj\Desktop\Python\Projects\Assignment2_StockAnalysis\Data-20250430T011355Z-1-001\Data\data\2023-11,HINDUNILVR,2521.9,2023-11-22 05:30:00,2524.25,2504.0,2023-11,2507.75,816610
C:\Users\v-dhramaraj\Desktop\Python\Projects\Assignment2_StockAnalysis\Data-20250430T011355Z-1-001\Data\data\2023-11,HINDUNILVR,2519.9,2023-11-23 05:30:00,2527.75,2506.2,2023-11,2506.2,1023670
C:\Users\v-dhramaraj\Desktop\Python\Projects\Assignment2_StockAnalysis\Data-20250430T011355Z-1-001\Data\data\2023-11,HINDUNILVR,2515.2,2023-11-24 05:30:00,2519.8,2507.45,2023-11,2515.1,735137
C:\Users\v-dhramaraj\Desktop\Python\Projects\Assignment2_StockAnalysis\Data-20250430T011355Z-1-001\Data\data\2023-11,HINDUNILVR,2510.55,2023-11-28 05:30:00,2531.75,2500.0,2023-11,2531.75,1880641
C:\Users\v-dhramaraj\Desktop\Python\Projects\Assignment2_StockAnalysis\Data-20250430T011355Z-1-001\Data\data\2023-11,HINDUNILVR,2525.05,2023-11-29 05:30:00,2528.65,2508.1,2023-11,2512.0,1265214
C:\Users\v-dhramaraj\Desktop\Python\Projects\Assignment2_StockAnalysis\Data-20250430T011355Z-1-001\Data\data\2023-11,HINDUNILVR,2545.55,2023-11-30 05:30:00,2554.5,2516.15,2023-11,2516.15,3095684
C:\Users\v-dhramaraj\Desktop\Python\Projects\Assignment2_StockAnalysis\Data-20250430T011355Z-1-001\Data\data\2023-12,HINDUNILVR,2563.65,2023-12-01 05:30:00,2581.95,2542.0,2023-12,2547.5,1345599
C:\Users\v-dhramaraj\Desktop\Python\Projects\Assignment2_StockAnalysis\Data-20250430T011355Z-1-001\Data\data\2023-12,HINDUNILVR,2602.3,2023-12-04 05:30:00,2608.4,2575.0,2023-12,2577.0,2188039
C:\Users\v-dhramaraj\Desktop\Python\Projects\Assignment2_StockAnalysis\Data-20250430T011355Z-1-001\Data\data\2023-12,HINDUNILVR,2563.25,2023-12-05 05:30:00,2637.0,2556.3,2023-12,2637.0,3108717
C:\Users\v-dhramaraj\Desktop\Python\Projects\Assignment2_StockAnalysis\Data-20250430T011355Z-1-001\Data\data\2023-12,HINDUNILVR,2567.65,2023-12-06 05:30:00,2583.7,2563.0,2023-12,2570.0,1573754
C:\Users\v-dhramaraj\Desktop\Python\Projects\Assignment2_StockAnalysis\Data-20250430T011355Z-1-001\Data\data\2023-12,HINDUNILVR,2518.25,2023-12-07 05:30:00,2559.8,2498.6,2023-12,2551.1,3925967
C:\Users\v-dhramaraj\Desktop\Python\Projects\Assignment2_StockAnalysis\Data-20250430T011355Z-1-001\Data\data\2023-12,HINDUNILVR,2522.3,2023-12-08 05:30:00,2533.95,2508.3,2023-12,2519.0,1605805
C:\Users\v-dhramaraj\Desktop\Python\Projects\Assignment2_StockAnalysis\Data-20250430T011355Z-1-001\Data\data\2023-12,HINDUNILVR,2503.65,2023-12-11 05:30:00,2529.95,2499.0,2023-12,2522.3,2012243
C:\Users\v-dhramaraj\Desktop\Python\Projects\Assignment2_StockAnalysis\Data-20250430T011355Z-1-001\Data\data\2023-12,HINDUNILVR,2502.75,2023-12-12 05:30:00,2518.0,2497.0,2023-12,2500.0,1677929
C:\Users\v-dhramaraj\Desktop\Python\Projects\Assignment2_StockAnalysis\Data-20250430T011355Z-1-001\Data\data\2023-12,HINDUNILVR,2511.9,2023-12-13 05:30:00,2516.7,2498.05,2023-12,2507.85,1513205
C:\Users\v-dhramaraj\Desktop\Python\Projects\Assignment2_StockAnalysis\Data-20250430T011355Z-1-001\Data\data\2023-12,HINDUNILVR,2516.35,2023-12-14 05:30:00,2524.8,2501.2,2023-12,2521.35,2166569
C:\Users\v-dhramaraj\Desktop\Python\Projects\Assignment2_StockAnalysis\Data-20250430T011355Z-1-001\Data\data\2023-12,HINDUNILVR,2522.9,2023-12-15 05:30:00,2532.0,2507.0,2023-12,2520.0,2543337
C:\Users\v-dhramaraj\Desktop\Python\Projects\Assignment2_StockAnalysis\Data-20250430T011355Z-1-001\Data\data\2023-12,HINDUNILVR,2535.5,2023-12-18 05:30:00,2544.5,2515.0,2023-12,2520.15,1969036
C:\Users\v-dhramaraj\Desktop\Python\Projects\Assignment2_StockAnalysis\Data-20250430T011355Z-1-001\Data\data\2023-12,HINDUNILVR,2560.7,2023-12-19 05:30:00,2566.95,2535.0,2023-12,2535.05,1656220
C:\Users\v-dhramaraj\Desktop\Python\Projects\Assignment2_StockAnalysis\Data-20250430T011355Z-1-001\Data\data\2023-12,HINDUNILVR,2557.5,2023-12-20 05:30:00,2572.95,2547.0,2023-12,2572.95,1468642
C:\Users\v-dhramaraj\Desktop\Python\Projects\Assignment2_StockAnalysis\Data-20250430T011355Z-1-001\Data\data\2023-12,HINDUNILVR,2553.2,2023-12-21 05:30:00,2580.0,2536.0,2023-12,2542.25,1945695
C:\Users\v-dhramaraj\Desktop\Python\Projects\Assignment2_StockAnalysis\Data-20250430T011355Z-1-001\Data\data\2023-12,HINDUNILVR,2575.6,2023-12-22 05:30:00,2579.75,2546.8,2023-12,2559.2,1174984
C:\Users\v-dhramaraj\Desktop\Python\Projects\Assignment2_StockAnalysis\Data-20250430T011355Z-1-001\Data\data\2023-12,HINDUNILVR,2584.75,2023-12-26 05:30:00,2591.65,2567.05,2023-12,2575.6,893776
C:\Users\v-dhramaraj\Desktop\Python\Projects\Assignment2_StockAnalysis\Data-20250430T011355Z-1-001\Data\data\2023-12,HINDUNILVR,2608.3,2023-12-27 05:30:00,2612.0,2580.9,2023-12,2586.0,1073278
C:\Users\v-dhramaraj\Desktop\Python\Projects\Assignment2_StockAnalysis\Data-20250430T011355Z-1-001\Data\data\2023-12,HINDUNILVR,2633.8,2023-12-28 05:30:00,2640.0,2606.85,2023-12,2613.85,1635216
C:\Users\v-dhramaraj\Desktop\Python\Projects\Assignment2_StockAnalysis\Data-20250430T011355Z-1-001\Data\data\2023-12,HINDUNILVR,2663.95,2023-12-29 05:30:00,2667.1,2621.25,2023-12,2633.8,1305681
C:\Users\v-dhramaraj\Desktop\Python\Projects\Assignment2_StockAnalysis\Data-20250430T011355Z-1-001\Data\data\2024-01,HINDUNILVR,2654.75,2024-01-01 05:30:00,2669.4,2638.0,2024-01,2663.85,526353
C:\Users\v-dhramaraj\Desktop\Python\Projects\Assignment2_StockAnalysis\Data-20250430T011355Z-1-001\Data\data\2024-01,HINDUNILVR,2613.8,2024-01-02 05:30:00,2653.95,2607.0,2024-01,2648.0,1310629
C:\Users\v-dhramaraj\Desktop\Python\Projects\Assignment2_StockAnalysis\Data-20250430T011355Z-1-001\Data\data\2024-01,HINDUNILVR,2606.55,2024-01-03 05:30:00,2628.6,2595.55,2024-01,2599.0,1008270
C:\Users\v-dhramaraj\Desktop\Python\Projects\Assignment2_StockAnalysis\Data-20250430T011355Z-1-001\Data\data\2024-01,HINDUNILVR,2592.55,2024-01-04 05:30:00,2623.0,2588.05,2024-01,2606.55,1376844
C:\Users\v-dhramaraj\Desktop\Python\Projects\Assignment2_StockAnalysis\Data-20250430T011355Z-1-001\Data\data\2024-01,HINDUNILVR,2620.05,2024-01-05 05:30:00,2629.9,2595.0,2024-01,2595.0,1150738
C:\Users\v-dhramaraj\Desktop\Python\Projects\Assignment2_StockAnalysis\Data-20250430T011355Z-1-001\Data\data\2024-01,HINDUNILVR,2578.25,2024-01-08 05:30:00,2626.0,2566.5,2024-01,2624.95,1189828
C:\Users\v-dhramaraj\Desktop\Python\Projects\Assignment2_StockAnalysis\Data-20250430T011355Z-1-001\Data\data\2024-01,HINDUNILVR,2579.75,2024-01-09 05:30:00,2589.0,2571.55,2024-01,2582.55,1017205
C:\Users\v-dhramaraj\Desktop\Python\Projects\Assignment2_StockAnalysis\Data-20250430T011355Z-1-001\Data\data\2024-01,HINDUNILVR,2577.4,2024-01-10 05:30:00,2594.3,2565.0,2024-01,2580.0,881278
C:\Users\v-dhramaraj\Desktop\Python\Projects\Assignment2_StockAnalysis\Data-20250430T011355Z-1-001\Data\data\2024-01,HINDUNILVR,2536.2,2024-01-11 05:30:00,2589.0,2531.85,2024-01,2580.0,2399600
C:\Users\v-dhramaraj\Desktop\Python\Projects\Assignment2_StockAnalysis\Data-20250430T011355Z-1-001\Data\data\2024-01,HINDUNILVR,2544.0,2024-01-12 05:30:00,2555.0,2511.85,2024-01,2533.5,2979841
C:\Users\v-dhramaraj\Desktop\Python\Projects\Assignment2_StockAnalysis\Data-20250430T011355Z-1-001\Data\data\2024-01,HINDUNILVR,2573.2,2024-01-15 05:30:00,2578.75,2531.0,2024-01,2546.0,1391204
C:\Users\v-dhramaraj\Desktop\Python\Projects\Assignment2_StockAnalysis\Data-20250430T011355Z-1-001\Data\data\2024-01,HINDUNILVR,2569.1,2024-01-16 05:30:00,2584.6,2556.35,2024-01,2573.2,1599406
C:\Users\v-dhramaraj\Desktop\Python\Projects\Assignment2_StockAnalysis\Data-20250430T011355Z-1-001\Data\data\2024-01,HINDUNILVR,2562.9,2024-01-17 05:30:00,2571.35,2539.75,2024-01,2549.0,3047652
C:\Users\v-dhramaraj\Desktop\Python\Projects\Assignment2_StockAnalysis\Data-20250430T011355Z-1-001\Data\data\2024-01,HINDUNILVR,2548.0,2024-01-18 05:30:00,2570.0,2537.55,2024-01,2570.0,1273095
C:\Users\v-dhramaraj\Desktop\Python\Projects\Assignment2_StockAnalysis\Data-20250430T011355Z-1-001\Data\data\2024-01,HINDUNILVR,2565.4,2024-01-19 05:30:00,2573.95,2532.0,2024-01,2565.0,1323064
C:\Users\v-dhramaraj\Desktop\Python\Projects\Assignment2_StockAnalysis\Data-20250430T011355Z-1-001\Data\data\2024-01,HINDUNILVR,2468.9,2024-01-20 05:30:00,2523.0,2466.1,2024-01,2519.95,2467648
C:\Users\v-dhramaraj\Desktop\Python\Projects\Assignment2_StockAnalysis\Data-20250430T011355Z-1-001\Data\data\2024-01,HINDUNILVR,2375.55,2024-01-23 05:30:00,2480.5,2365.45,2024-01,2451.0,4369332
C:\Users\v-dhramaraj\Desktop\Python\Projects\Assignment2_StockAnalysis\Data-20250430T011355Z-1-001\Data\data\2024-01,HINDUNILVR,2441.65,2024-01-24 05:30:00,2445.9,2367.15,2024-01,2388.0,1551469
C:\Users\v-dhramaraj\Desktop\Python\Projects\Assignment2_StockAnalysis\Data-20250430T011355Z-1-001\Data\data\2024-01,HINDUNILVR,2428.3,2024-01-25 05:30:00,2468.0,2420.2,2024-01,2454.8,2364765
C:\Users\v-dhramaraj\Desktop\Python\Projects\Assignment2_StockAnalysis\Data-20250430T011355Z-1-001\Data\data\2024-01,HINDUNILVR,2444.4,2024-01-29 05:30:00,2449.0,2410.0,2024-01,2410.0,1587091
C:\Users\v-dhramaraj\Desktop\Python\Projects\Assignment2_StockAnalysis\Data-20250430T011355Z-1-001\Data\data\2024-01,HINDUNILVR,2458.65,2024-01-30 05:30:00,2494.55,2447.3,2024-01,2454.0,1793711
C:\Users\v-dhramaraj\Desktop\Python\Projects\Assignment2_StockAnalysis\Data-20250430T011355Z-1-001\Data\data\2024-01,HINDUNILVR,2481.55,2024-01-31 05:30:00,2485.9,2441.75,2024-01,2450.0,1445004
C:\Users\v-dhramaraj\Desktop\Python\Projects\Assignment2_StockAnalysis\Data-20250430T011355Z-1-001\Data\data\2024-02,HINDUNILVR,2473.6,2024-02-01 05:30:00,2511.55,2468.35,2024-02,2475.1,1727534
C:\Users\v-dhramaraj\Desktop\Python\Projects\Assignment2_StockAnalysis\Data-20250430T011355Z-1-001\Data\data\2024-02,HINDUNILVR,2452.6,2024-02-02 05:30:00,2486.9,2442.0,2024-02,2477.0,1956115
C:\Users\v-dhramaraj\Desktop\Python\Projects\Assignment2_StockAnalysis\Data-20250430T011355Z-1-001\Data\data\2024-02,HINDUNILVR,2419.5,2024-02-05 05:30:00,2464.75,2412.75,2024-02,2464.0,1315445
C:\Users\v-dhramaraj\Desktop\Python\Projects\Assignment2_StockAnalysis\Data-20250430T011355Z-1-001\Data\data\2024-02,HINDUNILVR,2426.35,2024-02-06 05:30:00,2441.35,2418.05,2024-02,2424.95,1557511
C:\Users\v-dhramaraj\Desktop\Python\Projects\Assignment2_StockAnalysis\Data-20250430T011355Z-1-001\Data\data\2024-02,HINDUNILVR,2425.45,2024-02-07 05:30:00,2439.9,2411.55,2024-02,2439.9,1149076
C:\Users\v-dhramaraj\Desktop\Python\Projects\Assignment2_StockAnalysis\Data-20250430T011355Z-1-001\Data\data\2024-02,HINDUNILVR,2417.05,2024-02-08 05:30:00,2441.8,2399.0,2024-02,2441.8,1758661
C:\Users\v-dhramaraj\Desktop\Python\Projects\Assignment2_StockAnalysis\Data-20250430T011355Z-1-001\Data\data\2024-02,HINDUNILVR,2424.15,2024-02-09 05:30:00,2428.45,2406.1,2024-02,2417.05,886474
C:\Users\v-dhramaraj\Desktop\Python\Projects\Assignment2_StockAnalysis\Data-20250430T011355Z-1-001\Data\data\2024-02,HINDUNILVR,2385.65,2024-02-12 05:30:00,2429.85,2382.0,2024-02,2424.1,1292460
C:\Users\v-dhramaraj\Desktop\Python\Projects\Assignment2_StockAnalysis\Data-20250430T011355Z-1-001\Data\data\2024-02,HINDUNILVR,2394.0,2024-02-13 05:30:00,2400.95,2380.1,2024-02,2390.0,957865
C:\Users\v-dhramaraj\Desktop\Python\Projects\Assignment2_StockAnalysis\Data-20250430T011355Z-1-001\Data\data\2024-02,HINDUNILVR,2387.95,2024-02-14 05:30:00,2394.0,2370.0,2024-02,2385.0,1397975
C:\Users\v-dhramaraj\Desktop\Python\Projects\Assignment2_StockAnalysis\Data-20250430T011355Z-1-001\Data\data\2024-02,HINDUNILVR,2350.85,2024-02-15 05:30:00,2384.7,2346.75,2024-02,2368.35,2553695
C:\Users\v-dhramaraj\Desktop\Python\Projects\Assignment2_StockAnalysis\Data-20250430T011355Z-1-001\Data\data\2024-02,HINDUNILVR,2375.25,2024-02-16 05:30:00,2382.0,2357.6,2024-02,2369.95,2363302
C:\Users\v-dhramaraj\Desktop\Python\Projects\Assignment2_StockAnalysis\Data-20250430T011355Z-1-001\Data\data\2024-02,HINDUNILVR,2387.15,2024-02-19 05:30:00,2394.95,2373.8,2024-02,2389.5,576683
C:\Users\v-dhramaraj\Desktop\Python\Projects\Assignment2_StockAnalysis\Data-20250430T011355Z-1-001\Data\data\2024-02,HINDUNILVR,2404.1,2024-02-20 05:30:00,2408.45,2368.2,2024-02,2370.1,1032995
C:\Users\v-dhramaraj\Desktop\Python\Projects\Assignment2_StockAnalysis\Data-20250430T011355Z-1-001\Data\data\2024-02,HINDUNILVR,2407.1,2024-02-21 05:30:00,2422.8,2394.1,2024-02,2404.1,1127778
C:\Users\v-dhramaraj\Desktop\Python\Projects\Assignment2_StockAnalysis\Data-20250430T011355Z-1-001\Data\data\2024-02,HINDUNILVR,2388.1,2024-02-22 05:30:00,2420.3,2365.75,2024-02,2420.3,2258516
C:\Users\v-dhramaraj\Desktop\Python\Projects\Assignment2_StockAnalysis\Data-20250430T011355Z-1-001\Data\data\2024-02,HINDUNILVR,2394.1,2024-02-23 05:30:00,2405.5,2383.95,2024-02,2388.55,1210775
C:\Users\v-dhramaraj\Desktop\Python\Projects\Assignment2_StockAnalysis\Data-20250430T011355Z-1-001\Data\data\2024-02,HINDUNILVR,2404.25,2024-02-26 05:30:00,2406.55,2380.0,2024-02,2391.1,831596
C:\Users\v-dhramaraj\Desktop\Python\Projects\Assignment2_StockAnalysis\Data-20250430T011355Z-1-001\Data\data\2024-02,HINDUNILVR,2405.3,2024-02-27 05:30:00,2408.95,2389.15,2024-02,2404.05,1120424
C:\Users\v-dhramaraj\Desktop\Python\Projects\Assignment2_StockAnalysis\Data-20250430T011355Z-1-001\Data\data\2024-02,HINDUNILVR,2421.55,2024-02-28 05:30:00,2425.0,2401.0,2024-02,2411.1,629152
C:\Users\v-dhramaraj\Desktop\Python\Projects\Assignment2_StockAnalysis\Data-20250430T011355Z-1-001\Data\data\2024-02,HINDUNILVR,2412.3,2024-02-29 05:30:00,2428.8,2397.25,2024-02,2425.0,2848084
C:\Users\v-dhramaraj\Desktop\Python\Projects\Assignment2_StockAnalysis\Data-20250430T011355Z-1-001\Data\data\2024-03,HINDUNILVR,2409.7,2024-03-01 05:30:00,2438.8,2404.0,2024-03,2416.95,2326244
C:\Users\v-dhramaraj\Desktop\Python\Projects\Assignment2_StockAnalysis\Data-20250430T011355Z-1-001\Data\data\2024-03,HINDUNILVR,2416.2,2024-03-02 05:30:00,2421.4,2410.05,2024-03,2419.0,42905
C:\Users\v-dhramaraj\Desktop\Python\Projects\Assignment2_StockAnalysis\Data-20250430T011355Z-1-001\Data\data\2024-03,HINDUNILVR,2422.0,2024-03-04 05:30:00,2427.9,2404.4,2024-03,2416.2,1501261
C:\Users\v-dhramaraj\Desktop\Python\Projects\Assignment2_StockAnalysis\Data-20250430T011355Z-1-001\Data\data\2024-03,HINDUNILVR,2399.85,2024-03-05 05:30:00,2420.0,2391.1,2024-03,2405.0,1587199
C:\Users\v-dhramaraj\Desktop\Python\Projects\Assignment2_StockAnalysis\Data-20250430T011355Z-1-001\Data\data\2024-03,HINDUNILVR,2400.8,2024-03-06 05:30:00,2408.85,2375.3,2024-03,2404.0,1354111
C:\Users\v-dhramaraj\Desktop\Python\Projects\Assignment2_StockAnalysis\Data-20250430T011355Z-1-001\Data\data\2024-03,HINDUNILVR,2419.55,2024-03-07 05:30:00,2426.0,2403.0,2024-03,2404.95,1820704
C:\Users\v-dhramaraj\Desktop\Python\Projects\Assignment2_StockAnalysis\Data-20250430T011355Z-1-001\Data\data\2024-03,HINDUNILVR,2389.85,2024-03-11 05:30:00,2413.0,2383.55,2024-03,2409.0,2040761
C:\Users\v-dhramaraj\Desktop\Python\Projects\Assignment2_StockAnalysis\Data-20250430T011355Z-1-001\Data\data\2024-03,HINDUNILVR,2378.15,2024-03-12 05:30:00,2385.0,2360.8,2024-03,2380.0,1012157
C:\Users\v-dhramaraj\Desktop\Python\Projects\Assignment2_StockAnalysis\Data-20250430T011355Z-1-001\Data\data\2024-03,HINDUNILVR,2312.6,2024-03-13 05:30:00,2375.0,2303.85,2024-03,2375.0,2322669
C:\Users\v-dhramaraj\Desktop\Python\Projects\Assignment2_StockAnalysis\Data-20250430T011355Z-1-001\Data\data\2024-03,HINDUNILVR,2334.6,2024-03-14 05:30:00,2341.7,2301.85,2024-03,2304.85,2292515
C:\Users\v-dhramaraj\Desktop\Python\Projects\Assignment2_StockAnalysis\Data-20250430T011355Z-1-001\Data\data\2024-03,HINDUNILVR,2327.7,2024-03-15 05:30:00,2336.95,2315.9,2024-03,2330.05,2751403
C:\Users\v-dhramaraj\Desktop\Python\Projects\Assignment2_StockAnalysis\Data-20250430T011355Z-1-001\Data\data\2024-03,HINDUNILVR,2299.95,2024-03-18 05:30:00,2325.0,2297.0,2024-03,2320.8,2487402
C:\Users\v-dhramaraj\Desktop\Python\Projects\Assignment2_StockAnalysis\Data-20250430T011355Z-1-001\Data\data\2024-03,HINDUNILVR,2266.95,2024-03-19 05:30:00,2303.9,2246.85,2024-03,2283.25,4220638
C:\Users\v-dhramaraj\Desktop\Python\Projects\Assignment2_StockAnalysis\Data-20250430T011355Z-1-001\Data\data\2024-03,HINDUNILVR,2241.95,2024-03-20 05:30:00,2265.45,2240.0,2024-03,2250.0,2995013
C:\Users\v-dhramaraj\Desktop\Python\Projects\Assignment2_StockAnalysis\Data-20250430T011355Z-1-001\Data\data\2024-03,HINDUNILVR,2242.35,2024-03-21 05:30:00,2259.15,2234.0,2024-03,2234.0,3504486
C:\Users\v-dhramaraj\Desktop\Python\Projects\Assignment2_StockAnalysis\Data-20250430T011355Z-1-001\Data\data\2024-03,HINDUNILVR,2256.55,2024-03-22 05:30:00,2266.0,2232.05,2024-03,2239.05,3507809
C:\Users\v-dhramaraj\Desktop\Python\Projects\Assignment2_StockAnalysis\Data-20250430T011355Z-1-001\Data\data\2024-03,HINDUNILVR,2240.0,2024-03-26 05:30:00,2259.15,2232.0,2024-03,2232.1,3027027
C:\Users\v-dhramaraj\Desktop\Python\Projects\Assignment2_StockAnalysis\Data-20250430T011355Z-1-001\Data\data\2024-03,HINDUNILVR,2239.7,2024-03-27 05:30:00,2263.0,2236.0,2024-03,2250.0,2168861
C:\Users\v-dhramaraj\Desktop\Python\Projects\Assignment2_StockAnalysis\Data-20250430T011355Z-1-001\Data\data\2024-03,HINDUNILVR,2264.35,2024-03-28 05:30:00,2287.9,2240.1,2024-03,2245.0,3186360
C:\Users\v-dhramaraj\Desktop\Python\Projects\Assignment2_StockAnalysis\Data-20250430T011355Z-1-001\Data\data\2024-04,HINDUNILVR,2285.9,2024-04-01 05:30:00,2295.0,2262.0,2024-04,2270.0,1427873
C:\Users\v-dhramaraj\Desktop\Python\Projects\Assignment2_StockAnalysis\Data-20250430T011355Z-1-001\Data\data\2024-04,HINDUNILVR,2286.7,2024-04-02 05:30:00,2298.0,2277.05,2024-04,2298.0,1221495
C:\Users\v-dhramaraj\Desktop\Python\Projects\Assignment2_StockAnalysis\Data-20250430T011355Z-1-001\Data\data\2024-04,HINDUNILVR,2265.2,2024-04-03 05:30:00,2281.85,2261.05,2024-04,2281.85,1175309
C:\Users\v-dhramaraj\Desktop\Python\Projects\Assignment2_StockAnalysis\Data-20250430T011355Z-1-001\Data\data\2024-04,HINDUNILVR,2264.95,2024-04-04 05:30:00,2282.0,2249.25,2024-04,2270.0,1890255
C:\Users\v-dhramaraj\Desktop\Python\Projects\Assignment2_StockAnalysis\Data-20250430T011355Z-1-001\Data\data\2024-04,HINDUNILVR,2266.95,2024-04-05 05:30:00,2280.5,2258.1,2024-04,2264.95,1153449
C:\Users\v-dhramaraj\Desktop\Python\Projects\Assignment2_StockAnalysis\Data-20250430T011355Z-1-001\Data\data\2024-04,HINDUNILVR,2268.95,2024-04-08 05:30:00,2288.95,2267.2,2024-04,2277.0,1127294
C:\Users\v-dhramaraj\Desktop\Python\Projects\Assignment2_StockAnalysis\Data-20250430T011355Z-1-001\Data\data\2024-04,HINDUNILVR,2264.15,2024-04-09 05:30:00,2274.6,2255.75,2024-04,2271.0,1189343
C:\Users\v-dhramaraj\Desktop\Python\Projects\Assignment2_StockAnalysis\Data-20250430T011355Z-1-001\Data\data\2024-04,HINDUNILVR,2260.9,2024-04-10 05:30:00,2276.9,2257.7,2024-04,2276.9,2308993
C:\Users\v-dhramaraj\Desktop\Python\Projects\Assignment2_StockAnalysis\Data-20250430T011355Z-1-001\Data\data\2024-04,HINDUNILVR,2232.3,2024-04-12 05:30:00,2264.85,2228.6,2024-04,2260.9,3388551
C:\Users\v-dhramaraj\Desktop\Python\Projects\Assignment2_StockAnalysis\Data-20250430T011355Z-1-001\Data\data\2024-04,HINDUNILVR,2194.05,2024-04-15 05:30:00,2227.75,2190.0,2024-04,2227.7,4909564
C:\Users\v-dhramaraj\Desktop\Python\Projects\Assignment2_StockAnalysis\Data-20250430T011355Z-1-001\Data\data\2024-04,HINDUNILVR,2220.8,2024-04-16 05:30:00,2231.25,2172.05,2024-04,2183.0,2821129
C:\Users\v-dhramaraj\Desktop\Python\Projects\Assignment2_StockAnalysis\Data-20250430T011355Z-1-001\Data\data\2024-04,HINDUNILVR,2214.8,2024-04-18 05:30:00,2237.7,2209.05,2024-04,2215.05,3392171
C:\Users\v-dhramaraj\Desktop\Python\Projects\Assignment2_StockAnalysis\Data-20250430T011355Z-1-001\Data\data\2024-04,HINDUNILVR,2231.6,2024-04-19 05:30:00,2243.75,2196.0,2024-04,2220.0,2337694
C:\Users\v-dhramaraj\Desktop\Python\Projects\Assignment2_StockAnalysis\Data-20250430T011355Z-1-001\Data\data\2024-04,HINDUNILVR,2241.5,2024-04-22 05:30:00,2253.55,2229.05,2024-04,2250.0,1804108
C:\Users\v-dhramaraj\Desktop\Python\Projects\Assignment2_StockAnalysis\Data-20250430T011355Z-1-001\Data\data\2024-04,HINDUNILVR,2262.75,2024-04-23 05:30:00,2273.5,2248.7,2024-04,2253.0,1991778
C:\Users\v-dhramaraj\Desktop\Python\Projects\Assignment2_StockAnalysis\Data-20250430T011355Z-1-001\Data\data\2024-04,HINDUNILVR,2260.25,2024-04-24 05:30:00,2268.35,2245.65,2024-04,2266.05,1404398
C:\Users\v-dhramaraj\Desktop\Python\Projects\Assignment2_StockAnalysis\Data-20250430T011355Z-1-001\Data\data\2024-04,HINDUNILVR,2230.85,2024-04-25 05:30:00,2239.85,2215.1,2024-04,2238.05,4951866
C:\Users\v-dhramaraj\Desktop\Python\Projects\Assignment2_StockAnalysis\Data-20250430T011355Z-1-001\Data\data\2024-04,HINDUNILVR,2222.65,2024-04-26 05:30:00,2255.0,2218.6,2024-04,2245.0,2307512
C:\Users\v-dhramaraj\Desktop\Python\Projects\Assignment2_StockAnalysis\Data-20250430T011355Z-1-001\Data\data\2024-04,HINDUNILVR,2226.1,2024-04-29 05:30:00,2234.0,2220.0,2024-04,2234.0,1395292
C:\Users\v-dhramaraj\Desktop\Python\Projects\Assignment2_StockAnalysis\Data-20250430T011355Z-1-001\Data\data\2024-04,HINDUNILVR,2230.45,2024-04-30 05:30:00,2240.25,2225.0,2024-04,2232.05,2119102
C:\Users\v-dhramaraj\Desktop\Python\Projects\Assignment2_StockAnalysis\Data-20250430T011355Z-1-001\Data\data\2024-05,HINDUNILVR,2226.3,2024-05-02 05:30:00,2243.2,2205.05,2024-05,2205.05,2140383
C:\Users\v-dhramaraj\Desktop\Python\Projects\Assignment2_StockAnalysis\Data-20250430T011355Z-1-001\Data\data\2024-05,HINDUNILVR,2217.05,2024-05-03 05:30:00,2235.65,2204.0,2024-05,2232.0,2595307
C:\Users\v-dhramaraj\Desktop\Python\Projects\Assignment2_StockAnalysis\Data-20250430T011355Z-1-001\Data\data\2024-05,HINDUNILVR,2256.2,2024-05-06 05:30:00,2261.5,2212.0,2024-05,2225.0,1619256
C:\Users\v-dhramaraj\Desktop\Python\Projects\Assignment2_StockAnalysis\Data-20250430T011355Z-1-001\Data\data\2024-05,HINDUNILVR,2379.4,2024-05-07 05:30:00,2389.6,2259.0,2024-05,2266.0,8277810
C:\Users\v-dhramaraj\Desktop\Python\Projects\Assignment2_StockAnalysis\Data-20250430T011355Z-1-001\Data\data\2024-05,HINDUNILVR,2341.05,2024-05-08 05:30:00,2372.25,2325.0,2024-05,2366.4,1813439
C:\Users\v-dhramaraj\Desktop\Python\Projects\Assignment2_StockAnalysis\Data-20250430T011355Z-1-001\Data\data\2024-05,HINDUNILVR,2325.65,2024-05-09 05:30:00,2362.1,2319.45,2024-05,2340.6,1558987
C:\Users\v-dhramaraj\Desktop\Python\Projects\Assignment2_StockAnalysis\Data-20250430T011355Z-1-001\Data\data\2024-05,HINDUNILVR,2362.55,2024-05-10 05:30:00,2371.0,2321.0,2024-05,2321.0,2610266
C:\Users\v-dhramaraj\Desktop\Python\Projects\Assignment2_StockAnalysis\Data-20250430T011355Z-1-001\Data\data\2024-05,HINDUNILVR,2360.65,2024-05-13 05:30:00,2381.65,2347.9,2024-05,2374.0,1170617
C:\Users\v-dhramaraj\Desktop\Python\Projects\Assignment2_StockAnalysis\Data-20250430T011355Z-1-001\Data\data\2024-05,HINDUNILVR,2349.6,2024-05-14 05:30:00,2372.3,2346.75,2024-05,2360.6,689430
C:\Users\v-dhramaraj\Desktop\Python\Projects\Assignment2_StockAnalysis\Data-20250430T011355Z-1-001\Data\data\2024-05,HINDUNILVR,2323.3,2024-05-15 05:30:00,2355.8,2317.65,2024-05,2349.55,812282
C:\Users\v-dhramaraj\Desktop\Python\Projects\Assignment2_StockAnalysis\Data-20250430T011355Z-1-001\Data\data\2024-05,HINDUNILVR,2343.15,2024-05-16 05:30:00,2348.1,2301.35,2024-05,2337.0,1880021
C:\Users\v-dhramaraj\Desktop\Python\Projects\Assignment2_StockAnalysis\Data-20250430T011355Z-1-001\Data\data\2024-05,HINDUNILVR,2320.35,2024-05-17 05:30:00,2351.9,2315.1,2024-05,2351.9,1264582
C:\Users\v-dhramaraj\Desktop\Python\Projects\Assignment2_StockAnalysis\Data-20250430T011355Z-1-001\Data\data\2024-05,HINDUNILVR,2327.15,2024-05-18 05:30:00,2332.9,2321.1,2024-05,2325.0,73806
C:\Users\v-dhramaraj\Desktop\Python\Projects\Assignment2_StockAnalysis\Data-20250430T011355Z-1-001\Data\data\2024-05,HINDUNILVR,2310.7,2024-05-21 05:30:00,2324.8,2301.75,2024-05,2307.0,1663959
C:\Users\v-dhramaraj\Desktop\Python\Projects\Assignment2_StockAnalysis\Data-20250430T011355Z-1-001\Data\data\2024-05,HINDUNILVR,2366.9,2024-05-22 05:30:00,2374.0,2310.7,2024-05,2311.0,1914851
C:\Users\v-dhramaraj\Desktop\Python\Projects\Assignment2_StockAnalysis\Data-20250430T011355Z-1-001\Data\data\2024-05,HINDUNILVR,2382.5,2024-05-23 05:30:00,2386.8,2355.0,2024-05,2366.9,1614718
C:\Users\v-dhramaraj\Desktop\Python\Projects\Assignment2_StockAnalysis\Data-20250430T011355Z-1-001\Data\data\2024-05,HINDUNILVR,2369.05,2024-05-24 05:30:00,2383.25,2364.7,2024-05,2378.5,974100
C:\Users\v-dhramaraj\Desktop\Python\Projects\Assignment2_StockAnalysis\Data-20250430T011355Z-1-001\Data\data\2024-05,HINDUNILVR,2384.5,2024-05-27 05:30:00,2399.95,2362.5,2024-05,2369.05,1116934
C:\Users\v-dhramaraj\Desktop\Python\Projects\Assignment2_StockAnalysis\Data-20250430T011355Z-1-001\Data\data\2024-05,HINDUNILVR,2395.95,2024-05-28 05:30:00,2409.0,2378.55,2024-05,2390.0,1631747
C:\Users\v-dhramaraj\Desktop\Python\Projects\Assignment2_StockAnalysis\Data-20250430T011355Z-1-001\Data\data\2024-05,HINDUNILVR,2373.4,2024-05-29 05:30:00,2395.0,2369.4,2024-05,2381.2,1592495
C:\Users\v-dhramaraj\Desktop\Python\Projects\Assignment2_StockAnalysis\Data-20250430T011355Z-1-001\Data\data\2024-05,HINDUNILVR,2351.4,2024-05-30 05:30:00,2372.45,2334.05,2024-05,2368.0,1837380
C:\Users\v-dhramaraj\Desktop\Python\Projects\Assignment2_StockAnalysis\Data-20250430T011355Z-1-001\Data\data\2024-05,HINDUNILVR,2329.05,2024-05-31 05:30:00,2377.45,2317.6,2024-05,2353.0,5529186
C:\Users\v-dhramaraj\Desktop\Python\Projects\Assignment2_StockAnalysis\Data-20250430T011355Z-1-001\Data\data\2024-06,HINDUNILVR,2355.9,2024-06-03 05:30:00,2387.45,2344.3,2024-06,2381.0,1207445
C:\Users\v-dhramaraj\Desktop\Python\Projects\Assignment2_StockAnalysis\Data-20250430T011355Z-1-001\Data\data\2024-06,HINDUNILVR,2496.3,2024-06-04 05:30:00,2510.05,2342.1,2024-06,2374.0,7826048
C:\Users\v-dhramaraj\Desktop\Python\Projects\Assignment2_StockAnalysis\Data-20250430T011355Z-1-001\Data\data\2024-06,HINDUNILVR,2602.75,2024-06-05 05:30:00,2723.95,2525.0,2024-06,2533.55,11061076
C:\Users\v-dhramaraj\Desktop\Python\Projects\Assignment2_StockAnalysis\Data-20250430T011355Z-1-001\Data\data\2024-06,HINDUNILVR,2549.6,2024-06-06 05:30:00,2600.0,2518.0,2024-06,2600.0,4102547
C:\Users\v-dhramaraj\Desktop\Python\Projects\Assignment2_StockAnalysis\Data-20250430T011355Z-1-001\Data\data\2024-06,HINDUNILVR,2577.8,2024-06-07 05:30:00,2596.5,2525.0,2024-06,2555.3,3974253
C:\Users\v-dhramaraj\Desktop\Python\Projects\Assignment2_StockAnalysis\Data-20250430T011355Z-1-001\Data\data\2024-06,HINDUNILVR,2565.35,2024-06-10 05:30:00,2593.65,2546.0,2024-06,2579.0,1449122
C:\Users\v-dhramaraj\Desktop\Python\Projects\Assignment2_StockAnalysis\Data-20250430T011355Z-1-001\Data\data\2024-06,HINDUNILVR,2556.35,2024-06-11 05:30:00,2576.7,2551.3,2024-06,2566.0,1402423
C:\Users\v-dhramaraj\Desktop\Python\Projects\Assignment2_StockAnalysis\Data-20250430T011355Z-1-001\Data\data\2024-06,HINDUNILVR,2528.7,2024-06-12 05:30:00,2568.0,2517.0,2024-06,2568.0,1754677
C:\Users\v-dhramaraj\Desktop\Python\Projects\Assignment2_StockAnalysis\Data-20250430T011355Z-1-001\Data\data\2024-06,HINDUNILVR,2487.4,2024-06-13 05:30:00,2505.8,2446.45,2024-06,2487.95,3123098
C:\Users\v-dhramaraj\Desktop\Python\Projects\Assignment2_StockAnalysis\Data-20250430T011355Z-1-001\Data\data\2024-06,HINDUNILVR,2479.75,2024-06-14 05:30:00,2510.4,2470.4,2024-06,2473.0,1729552
C:\Users\v-dhramaraj\Desktop\Python\Projects\Assignment2_StockAnalysis\Data-20250430T011355Z-1-001\Data\data\2024-06,HINDUNILVR,2486.25,2024-06-18 05:30:00,2498.0,2473.15,2024-06,2479.9,1820933
C:\Users\v-dhramaraj\Desktop\Python\Projects\Assignment2_StockAnalysis\Data-20250430T011355Z-1-001\Data\data\2024-06,HINDUNILVR,2457.0,2024-06-19 05:30:00,2495.0,2451.5,2024-06,2495.0,986976
C:\Users\v-dhramaraj\Desktop\Python\Projects\Assignment2_StockAnalysis\Data-20250430T011355Z-1-001\Data\data\2024-06,HINDUNILVR,2482.2,2024-06-20 05:30:00,2490.0,2446.65,2024-06,2457.0,2163310
C:\Users\v-dhramaraj\Desktop\Python\Projects\Assignment2_StockAnalysis\Data-20250430T011355Z-1-001\Data\data\2024-06,HINDUNILVR,2441.3,2024-06-21 05:30:00,2478.0,2426.55,2024-06,2475.0,3646215
C:\Users\v-dhramaraj\Desktop\Python\Projects\Assignment2_StockAnalysis\Data-20250430T011355Z-1-001\Data\data\2024-06,HINDUNILVR,2442.2,2024-06-24 05:30:00,2467.85,2427.05,2024-06,2435.0,1945519
C:\Users\v-dhramaraj\Desktop\Python\Projects\Assignment2_StockAnalysis\Data-20250430T011355Z-1-001\Data\data\2024-06,HINDUNILVR,2432.2,2024-06-25 05:30:00,2446.7,2427.9,2024-06,2439.35,833789
C:\Users\v-dhramaraj\Desktop\Python\Projects\Assignment2_StockAnalysis\Data-20250430T011355Z-1-001\Data\data\2024-06,HINDUNILVR,2445.6,2024-06-26 05:30:00,2467.0,2432.4,2024-06,2437.0,1738656
C:\Users\v-dhramaraj\Desktop\Python\Projects\Assignment2_StockAnalysis\Data-20250430T011355Z-1-001\Data\data\2024-06,HINDUNILVR,2462.15,2024-06-27 05:30:00,2483.2,2436.0,2024-06,2449.95,3402726
C:\Users\v-dhramaraj\Desktop\Python\Projects\Assignment2_StockAnalysis\Data-20250430T011355Z-1-001\Data\data\2024-06,HINDUNILVR,2473.05,2024-06-28 05:30:00,2490.5,2462.85,2024-06,2463.0,2129791
C:\Users\v-dhramaraj\Desktop\Python\Projects\Assignment2_StockAnalysis\Data-20250430T011355Z-1-001\Data\data\2024-07,HINDUNILVR,2505.1,2024-07-01 05:30:00,2523.0,2450.1,2024-07,2461.05,3312865
C:\Users\v-dhramaraj\Desktop\Python\Projects\Assignment2_StockAnalysis\Data-20250430T011355Z-1-001\Data\data\2024-07,HINDUNILVR,2485.15,2024-07-02 05:30:00,2515.0,2479.35,2024-07,2515.0,1305210
C:\Users\v-dhramaraj\Desktop\Python\Projects\Assignment2_StockAnalysis\Data-20250430T011355Z-1-001\Data\data\2024-07,HINDUNILVR,2510.35,2024-07-03 05:30:00,2519.85,2474.3,2024-07,2486.65,1406405
C:\Users\v-dhramaraj\Desktop\Python\Projects\Assignment2_StockAnalysis\Data-20250430T011355Z-1-001\Data\data\2024-07,HINDUNILVR,2495.95,2024-07-04 05:30:00,2536.85,2492.9,2024-07,2515.05,1977010
C:\Users\v-dhramaraj\Desktop\Python\Projects\Assignment2_StockAnalysis\Data-20250430T011355Z-1-001\Data\data\2024-07,HINDUNILVR,2547.0,2024-07-05 05:30:00,2554.0,2495.95,2024-07,2495.95,1754286
C:\Users\v-dhramaraj\Desktop\Python\Projects\Assignment2_StockAnalysis\Data-20250430T011355Z-1-001\Data\data\2024-07,HINDUNILVR,2587.15,2024-07-08 05:30:00,2595.0,2536.25,2024-07,2560.0,2818809
C:\Users\v-dhramaraj\Desktop\Python\Projects\Assignment2_StockAnalysis\Data-20250430T011355Z-1-001\Data\data\2024-07,HINDUNILVR,2590.15,2024-07-09 05:30:00,2614.0,2568.0,2024-07,2587.15,1479529
C:\Users\v-dhramaraj\Desktop\Python\Projects\Assignment2_StockAnalysis\Data-20250430T011355Z-1-001\Data\data\2024-07,HINDUNILVR,2610.45,2024-07-10 05:30:00,2626.0,2573.0,2024-07,2581.0,1764036
C:\Users\v-dhramaraj\Desktop\Python\Projects\Assignment2_StockAnalysis\Data-20250430T011355Z-1-001\Data\data\2024-07,HINDUNILVR,2608.85,2024-07-11 05:30:00,2617.05,2590.05,2024-07,2617.0,1432671
C:\Users\v-dhramaraj\Desktop\Python\Projects\Assignment2_StockAnalysis\Data-20250430T011355Z-1-001\Data\data\2024-07,HINDUNILVR,2622.25,2024-07-12 05:30:00,2639.5,2601.0,2024-07,2601.0,1912642
C:\Users\v-dhramaraj\Desktop\Python\Projects\Assignment2_StockAnalysis\Data-20250430T011355Z-1-001\Data\data\2024-07,HINDUNILVR,2620.3,2024-07-15 05:30:00,2629.25,2613.65,2024-07,2628.0,920101
C:\Users\v-dhramaraj\Desktop\Python\Projects\Assignment2_StockAnalysis\Data-20250430T011355Z-1-001\Data\data\2024-07,HINDUNILVR,2688.45,2024-07-16 05:30:00,2725.0,2624.55,2024-07,2625.95,3298003
C:\Users\v-dhramaraj\Desktop\Python\Projects\Assignment2_StockAnalysis\Data-20250430T011355Z-1-001\Data\data\2024-07,HINDUNILVR,2738.4,2024-07-18 05:30:00,2751.2,2655.0,2024-07,2700.0,5569762
C:\Users\v-dhramaraj\Desktop\Python\Projects\Assignment2_StockAnalysis\Data-20250430T011355Z-1-001\Data\data\2024-07,HINDUNILVR,2727.0,2024-07-19 05:30:00,2743.0,2715.95,2024-07,2739.0,1668862
C:\Users\v-dhramaraj\Desktop\Python\Projects\Assignment2_StockAnalysis\Data-20250430T011355Z-1-001\Data\data\2024-07,HINDUNILVR,2735.3,2024-07-22 05:30:00,2749.95,2705.65,2024-07,2705.7,1911629
C:\Users\v-dhramaraj\Desktop\Python\Projects\Assignment2_StockAnalysis\Data-20250430T011355Z-1-001\Data\data\2024-07,HINDUNILVR,2766.35,2024-07-23 05:30:00,2811.3,2732.0,2024-07,2746.0,3906259
C:\Users\v-dhramaraj\Desktop\Python\Projects\Assignment2_StockAnalysis\Data-20250430T011355Z-1-001\Data\data\2024-07,HINDUNILVR,2717.05,2024-07-24 05:30:00,2757.45,2675.1,2024-07,2748.0,3611927
C:\Users\v-dhramaraj\Desktop\Python\Projects\Assignment2_StockAnalysis\Data-20250430T011355Z-1-001\Data\data\2024-07,HINDUNILVR,2707.2,2024-07-25 05:30:00,2724.85,2670.0,2024-07,2717.05,2166670
C:\Users\v-dhramaraj\Desktop\Python\Projects\Assignment2_StockAnalysis\Data-20250430T011355Z-1-001\Data\data\2024-07,HINDUNILVR,2711.05,2024-07-26 05:30:00,2727.0,2687.25,2024-07,2724.0,2135309
C:\Users\v-dhramaraj\Desktop\Python\Projects\Assignment2_StockAnalysis\Data-20250430T011355Z-1-001\Data\data\2024-07,HINDUNILVR,2711.6,2024-07-29 05:30:00,2720.0,2692.8,2024-07,2711.2,957011
C:\Users\v-dhramaraj\Desktop\Python\Projects\Assignment2_StockAnalysis\Data-20250430T011355Z-1-001\Data\data\2024-07,HINDUNILVR,2691.4,2024-07-30 05:30:00,2754.35,2685.4,2024-07,2715.6,1560399
C:\Users\v-dhramaraj\Desktop\Python\Projects\Assignment2_StockAnalysis\Data-20250430T011355Z-1-001\Data\data\2024-07,HINDUNILVR,2705.65,2024-07-31 05:30:00,2709.65,2675.05,2024-07,2705.0,1751085
C:\Users\v-dhramaraj\Desktop\Python\Projects\Assignment2_StockAnalysis\Data-20250430T011355Z-1-001\Data\data\2024-08,HINDUNILVR,2715.55,2024-08-01 05:30:00,2724.95,2695.2,2024-08,2714.0,1886392
C:\Users\v-dhramaraj\Desktop\Python\Projects\Assignment2_StockAnalysis\Data-20250430T011355Z-1-001\Data\data\2024-08,HINDUNILVR,2692.55,2024-08-02 05:30:00,2759.5,2681.15,2024-08,2712.0,1738872
C:\Users\v-dhramaraj\Desktop\Python\Projects\Assignment2_StockAnalysis\Data-20250430T011355Z-1-001\Data\data\2024-08,HINDUNILVR,2715.9,2024-08-05 05:30:00,2742.0,2666.2,2024-08,2675.95,3118731
C:\Users\v-dhramaraj\Desktop\Python\Projects\Assignment2_StockAnalysis\Data-20250430T011355Z-1-001\Data\data\2024-08,HINDUNILVR,2750.05,2024-08-06 05:30:00,2771.75,2708.65,2024-08,2720.1,2296031
C:\Users\v-dhramaraj\Desktop\Python\Projects\Assignment2_StockAnalysis\Data-20250430T011355Z-1-001\Data\data\2024-08,HINDUNILVR,2744.05,2024-08-07 05:30:00,2781.85,2735.5,2024-08,2781.7,1713875
C:\Users\v-dhramaraj\Desktop\Python\Projects\Assignment2_StockAnalysis\Data-20250430T011355Z-1-001\Data\data\2024-08,HINDUNILVR,2733.2,2024-08-08 05:30:00,2759.25,2720.4,2024-08,2754.0,1464161
C:\Users\v-dhramaraj\Desktop\Python\Projects\Assignment2_StockAnalysis\Data-20250430T011355Z-1-001\Data\data\2024-08,HINDUNILVR,2747.2,2024-08-09 05:30:00,2758.0,2718.6,2024-08,2756.0,1284031
C:\Users\v-dhramaraj\Desktop\Python\Projects\Assignment2_StockAnalysis\Data-20250430T011355Z-1-001\Data\data\2024-08,HINDUNILVR,2748.7,2024-08-12 05:30:00,2763.4,2722.4,2024-08,2738.0,1297178
C:\Users\v-dhramaraj\Desktop\Python\Projects\Assignment2_StockAnalysis\Data-20250430T011355Z-1-001\Data\data\2024-08,HINDUNILVR,2741.4,2024-08-13 05:30:00,2757.65,2730.1,2024-08,2742.0,1051237
C:\Users\v-dhramaraj\Desktop\Python\Projects\Assignment2_StockAnalysis\Data-20250430T011355Z-1-001\Data\data\2024-08,HINDUNILVR,2722.05,2024-08-14 05:30:00,2742.55,2706.6,2024-08,2741.0,946995
C:\Users\v-dhramaraj\Desktop\Python\Projects\Assignment2_StockAnalysis\Data-20250430T011355Z-1-001\Data\data\2024-08,HINDUNILVR,2748.25,2024-08-16 05:30:00,2753.6,2710.7,2024-08,2737.9,1727926
C:\Users\v-dhramaraj\Desktop\Python\Projects\Assignment2_StockAnalysis\Data-20250430T011355Z-1-001\Data\data\2024-08,HINDUNILVR,2742.55,2024-08-19 05:30:00,2759.75,2737.05,2024-08,2750.05,1130327
C:\Users\v-dhramaraj\Desktop\Python\Projects\Assignment2_StockAnalysis\Data-20250430T011355Z-1-001\Data\data\2024-08,HINDUNILVR,2751.05,2024-08-20 05:30:00,2756.25,2735.05,2024-08,2742.55,1097889
C:\Users\v-dhramaraj\Desktop\Python\Projects\Assignment2_StockAnalysis\Data-20250430T011355Z-1-001\Data\data\2024-08,HINDUNILVR,2791.2,2024-08-21 05:30:00,2795.1,2742.95,2024-08,2749.5,1417729
C:\Users\v-dhramaraj\Desktop\Python\Projects\Assignment2_StockAnalysis\Data-20250430T011355Z-1-001\Data\data\2024-08,HINDUNILVR,2792.8,2024-08-22 05:30:00,2810.0,2782.1,2024-08,2802.95,1552947
C:\Users\v-dhramaraj\Desktop\Python\Projects\Assignment2_StockAnalysis\Data-20250430T011355Z-1-001\Data\data\2024-08,HINDUNILVR,2815.6,2024-08-23 05:30:00,2821.0,2771.35,2024-08,2799.2,2111401
C:\Users\v-dhramaraj\Desktop\Python\Projects\Assignment2_StockAnalysis\Data-20250430T011355Z-1-001\Data\data\2024-08,HINDUNILVR,2821.15,2024-08-26 05:30:00,2834.95,2803.6,2024-08,2815.6,1152244
C:\Users\v-dhramaraj\Desktop\Python\Projects\Assignment2_StockAnalysis\Data-20250430T011355Z-1-001\Data\data\2024-08,HINDUNILVR,2766.9,2024-08-27 05:30:00,2824.1,2759.55,2024-08,2809.0,1357212
C:\Users\v-dhramaraj\Desktop\Python\Projects\Assignment2_StockAnalysis\Data-20250430T011355Z-1-001\Data\data\2024-08,HINDUNILVR,2764.35,2024-08-28 05:30:00,2781.75,2745.75,2024-08,2760.0,1723549
C:\Users\v-dhramaraj\Desktop\Python\Projects\Assignment2_StockAnalysis\Data-20250430T011355Z-1-001\Data\data\2024-08,HINDUNILVR,2785.25,2024-08-29 05:30:00,2810.0,2745.0,2024-08,2769.95,2129934
C:\Users\v-dhramaraj\Desktop\Python\Projects\Assignment2_StockAnalysis\Data-20250430T011355Z-1-001\Data\data\2024-08,HINDUNILVR,2778.0,2024-08-30 05:30:00,2816.3,2760.1,2024-08,2795.7,4029712
C:\Users\v-dhramaraj\Desktop\Python\Projects\Assignment2_StockAnalysis\Data-20250430T011355Z-1-001\Data\data\2024-09,HINDUNILVR,2789.05,2024-09-02 05:30:00,2808.9,2779.0,2024-09,2794.0,957950
C:\Users\v-dhramaraj\Desktop\Python\Projects\Assignment2_StockAnalysis\Data-20250430T011355Z-1-001\Data\data\2024-09,HINDUNILVR,2794.3,2024-09-03 05:30:00,2827.95,2775.0,2024-09,2780.0,2022116
C:\Users\v-dhramaraj\Desktop\Python\Projects\Assignment2_StockAnalysis\Data-20250430T011355Z-1-001\Data\data\2024-09,HINDUNILVR,2841.25,2024-09-04 05:30:00,2843.85,2771.65,2024-09,2780.0,1640986
C:\Users\v-dhramaraj\Desktop\Python\Projects\Assignment2_StockAnalysis\Data-20250430T011355Z-1-001\Data\data\2024-09,HINDUNILVR,2838.45,2024-09-05 05:30:00,2855.0,2823.65,2024-09,2840.05,1945173
C:\Users\v-dhramaraj\Desktop\Python\Projects\Assignment2_StockAnalysis\Data-20250430T011355Z-1-001\Data\data\2024-09,HINDUNILVR,2838.95,2024-09-06 05:30:00,2866.45,2828.1,2024-09,2828.1,1672730
C:\Users\v-dhramaraj\Desktop\Python\Projects\Assignment2_StockAnalysis\Data-20250430T011355Z-1-001\Data\data\2024-09,HINDUNILVR,2921.8,2024-09-09 05:30:00,2938.2,2843.2,2024-09,2853.1,3342754
C:\Users\v-dhramaraj\Desktop\Python\Projects\Assignment2_StockAnalysis\Data-20250430T011355Z-1-001\Data\data\2024-09,HINDUNILVR,2898.6,2024-09-10 05:30:00,2937.6,2887.5,2024-09,2934.0,1536584
C:\Users\v-dhramaraj\Desktop\Python\Projects\Assignment2_StockAnalysis\Data-20250430T011355Z-1-001\Data\data\2024-09,HINDUNILVR,2904.15,2024-09-11 05:30:00,2950.0,2898.1,2024-09,2911.6,1913665
C:\Users\v-dhramaraj\Desktop\Python\Projects\Assignment2_StockAnalysis\Data-20250430T011355Z-1-001\Data\data\2024-09,HINDUNILVR,2956.4,2024-09-12 05:30:00,2963.4,2894.2,2024-09,2911.0,2454564
C:\Users\v-dhramaraj\Desktop\Python\Projects\Assignment2_StockAnalysis\Data-20250430T011355Z-1-001\Data\data\2024-09,HINDUNILVR,2932.95,2024-09-13 05:30:00,2956.4,2918.5,2024-09,2956.4,1902001
C:\Users\v-dhramaraj\Desktop\Python\Projects\Assignment2_StockAnalysis\Data-20250430T011355Z-1-001\Data\data\2024-09,HINDUNILVR,2867.1,2024-09-16 05:30:00,2910.0,2807.4,2024-09,2910.0,1489057
C:\Users\v-dhramaraj\Desktop\Python\Projects\Assignment2_StockAnalysis\Data-20250430T011355Z-1-001\Data\data\2024-09,HINDUNILVR,2873.5,2024-09-17 05:30:00,2913.9,2860.1,2024-09,2867.1,1098661
C:\Users\v-dhramaraj\Desktop\Python\Projects\Assignment2_StockAnalysis\Data-20250430T011355Z-1-001\Data\data\2024-09,HINDUNILVR,2875.85,2024-09-18 05:30:00,2893.55,2861.7,2024-09,2874.0,464796
C:\Users\v-dhramaraj\Desktop\Python\Projects\Assignment2_StockAnalysis\Data-20250430T011355Z-1-001\Data\data\2024-09,HINDUNILVR,2911.75,2024-09-19 05:30:00,2934.3,2873.35,2024-09,2876.25,1713010
C:\Users\v-dhramaraj\Desktop\Python\Projects\Assignment2_StockAnalysis\Data-20250430T011355Z-1-001\Data\data\2024-09,HINDUNILVR,2977.6,2024-09-20 05:30:00,2989.35,2895.4,2024-09,2924.8,3641632
C:\Users\v-dhramaraj\Desktop\Python\Projects\Assignment2_StockAnalysis\Data-20250430T011355Z-1-001\Data\data\2024-09,HINDUNILVR,3028.55,2024-09-23 05:30:00,3035.0,2969.95,2024-09,2980.0,1300470
C:\Users\v-dhramaraj\Desktop\Python\Projects\Assignment2_StockAnalysis\Data-20250430T011355Z-1-001\Data\data\2024-09,HINDUNILVR,2950.55,2024-09-24 05:30:00,3020.0,2946.1,2024-09,3020.0,1929308
C:\Users\v-dhramaraj\Desktop\Python\Projects\Assignment2_StockAnalysis\Data-20250430T011355Z-1-001\Data\data\2024-09,HINDUNILVR,2948.95,2024-09-25 05:30:00,2960.35,2905.1,2024-09,2950.55,1055354
C:\Users\v-dhramaraj\Desktop\Python\Projects\Assignment2_StockAnalysis\Data-20250430T011355Z-1-001\Data\data\2024-09,HINDUNILVR,2986.1,2024-09-26 05:30:00,2992.85,2941.2,2024-09,2951.1,1902889
C:\Users\v-dhramaraj\Desktop\Python\Projects\Assignment2_StockAnalysis\Data-20250430T011355Z-1-001\Data\data\2024-09,HINDUNILVR,2966.25,2024-09-27 05:30:00,3030.0,2952.75,2024-09,2986.1,2977081
C:\Users\v-dhramaraj\Desktop\Python\Projects\Assignment2_StockAnalysis\Data-20250430T011355Z-1-001\Data\data\2024-09,HINDUNILVR,2958.3,2024-09-30 05:30:00,2997.9,2942.6,2024-09,2964.2,1627702
C:\Users\v-dhramaraj\Desktop\Python\Projects\Assignment2_StockAnalysis\Data-20250430T011355Z-1-001\Data\data\2024-10,HINDUNILVR,2923.75,2024-10-01 05:30:00,2962.7,2891.4,2024-10,2962.7,1184642
C:\Users\v-dhramaraj\Desktop\Python\Projects\Assignment2_StockAnalysis\Data-20250430T011355Z-1-001\Data\data\2024-10,HINDUNILVR,2893.35,2024-10-03 05:30:00,2923.1,2861.1,2024-10,2908.75,1233447
C:\Users\v-dhramaraj\Desktop\Python\Projects\Assignment2_StockAnalysis\Data-20250430T011355Z-1-001\Data\data\2024-10,HINDUNILVR,2848.75,2024-10-04 05:30:00,2914.0,2817.05,2024-10,2891.0,2456486
C:\Users\v-dhramaraj\Desktop\Python\Projects\Assignment2_StockAnalysis\Data-20250430T011355Z-1-001\Data\data\2024-10,HINDUNILVR,2833.4,2024-10-07 05:30:00,2866.45,2825.05,2024-10,2845.0,1280975
C:\Users\v-dhramaraj\Desktop\Python\Projects\Assignment2_StockAnalysis\Data-20250430T011355Z-1-001\Data\data\2024-10,HINDUNILVR,2818.8,2024-10-08 05:30:00,2886.0,2798.7,2024-10,2844.0,1761488
C:\Users\v-dhramaraj\Desktop\Python\Projects\Assignment2_StockAnalysis\Data-20250430T011355Z-1-001\Data\data\2024-10,HINDUNILVR,2768.95,2024-10-09 05:30:00,2825.85,2760.7,2024-10,2823.4,1476282
C:\Users\v-dhramaraj\Desktop\Python\Projects\Assignment2_StockAnalysis\Data-20250430T011355Z-1-001\Data\data\2024-10,HINDUNILVR,2754.7,2024-10-10 05:30:00,2787.4,2733.2,2024-10,2770.0,2065078
C:\Users\v-dhramaraj\Desktop\Python\Projects\Assignment2_StockAnalysis\Data-20250430T011355Z-1-001\Data\data\2024-10,HINDUNILVR,2783.2,2024-10-11 05:30:00,2790.0,2737.05,2024-10,2764.8,679307
C:\Users\v-dhramaraj\Desktop\Python\Projects\Assignment2_StockAnalysis\Data-20250430T011355Z-1-001\Data\data\2024-10,HINDUNILVR,2789.1,2024-10-14 05:30:00,2804.7,2765.0,2024-10,2791.6,874010
C:\Users\v-dhramaraj\Desktop\Python\Projects\Assignment2_StockAnalysis\Data-20250430T011355Z-1-001\Data\data\2024-10,HINDUNILVR,2781.45,2024-10-15 05:30:00,2799.3,2765.25,2024-10,2793.1,1082666
C:\Users\v-dhramaraj\Desktop\Python\Projects\Assignment2_StockAnalysis\Data-20250430T011355Z-1-001\Data\data\2024-10,HINDUNILVR,2781.25,2024-10-16 05:30:00,2797.55,2755.6,2024-10,2789.15,1170797
C:\Users\v-dhramaraj\Desktop\Python\Projects\Assignment2_StockAnalysis\Data-20250430T011355Z-1-001\Data\data\2024-10,HINDUNILVR,2738.65,2024-10-17 05:30:00,2782.0,2723.45,2024-10,2779.45,1368242
C:\Users\v-dhramaraj\Desktop\Python\Projects\Assignment2_StockAnalysis\Data-20250430T011355Z-1-001\Data\data\2024-10,HINDUNILVR,2717.1,2024-10-18 05:30:00,2740.0,2693.45,2024-10,2738.65,1137277
C:\Users\v-dhramaraj\Desktop\Python\Projects\Assignment2_StockAnalysis\Data-20250430T011355Z-1-001\Data\data\2024-10,HINDUNILVR,2693.55,2024-10-21 05:30:00,2738.0,2680.45,2024-10,2715.0,792345
C:\Users\v-dhramaraj\Desktop\Python\Projects\Assignment2_StockAnalysis\Data-20250430T011355Z-1-001\Data\data\2024-10,HINDUNILVR,2681.7,2024-10-22 05:30:00,2710.0,2673.75,2024-10,2685.1,1272253
C:\Users\v-dhramaraj\Desktop\Python\Projects\Assignment2_StockAnalysis\Data-20250430T011355Z-1-001\Data\data\2024-10,HINDUNILVR,2659.3,2024-10-23 05:30:00,2693.05,2621.0,2024-10,2621.0,1431962
C:\Users\v-dhramaraj\Desktop\Python\Projects\Assignment2_StockAnalysis\Data-20250430T011355Z-1-001\Data\data\2024-10,HINDUNILVR,2505.1,2024-10-24 05:30:00,2647.0,2452.6,2024-10,2647.0,9216267
C:\Users\v-dhramaraj\Desktop\Python\Projects\Assignment2_StockAnalysis\Data-20250430T011355Z-1-001\Data\data\2024-10,HINDUNILVR,2528.05,2024-10-25 05:30:00,2540.0,2500.1,2024-10,2502.3,2761166
C:\Users\v-dhramaraj\Desktop\Python\Projects\Assignment2_StockAnalysis\Data-20250430T011355Z-1-001\Data\data\2024-10,HINDUNILVR,2575.8,2024-10-28 05:30:00,2589.6,2520.1,2024-10,2544.0,852829
C:\Users\v-dhramaraj\Desktop\Python\Projects\Assignment2_StockAnalysis\Data-20250430T011355Z-1-001\Data\data\2024-10,HINDUNILVR,2547.65,2024-10-29 05:30:00,2585.7,2536.0,2024-10,2585.7,1695654
C:\Users\v-dhramaraj\Desktop\Python\Projects\Assignment2_StockAnalysis\Data-20250430T011355Z-1-001\Data\data\2024-10,HINDUNILVR,2554.95,2024-10-30 05:30:00,2563.3,2533.4,2024-10,2557.0,1200637
C:\Users\v-dhramaraj\Desktop\Python\Projects\Assignment2_StockAnalysis\Data-20250430T011355Z-1-001\Data\data\2024-10,HINDUNILVR,2528.25,2024-10-31 05:30:00,2563.5,2524.1,2024-10,2554.95,1901355
C:\Users\v-dhramaraj\Desktop\Python\Projects\Assignment2_StockAnalysis\Data-20250430T011355Z-1-001\Data\data\2024-11,HINDUNILVR,2537.5,2024-11-01 05:30:00,2545.95,2511.35,2024-11,2543.95,118532
C:\Users\v-dhramaraj\Desktop\Python\Projects\Assignment2_StockAnalysis\Data-20250430T011355Z-1-001\Data\data\2024-11,HINDUNILVR,2524.8,2024-11-04 05:30:00,2547.0,2503.5,2024-11,2547.0,1097260
C:\Users\v-dhramaraj\Desktop\Python\Projects\Assignment2_StockAnalysis\Data-20250430T011355Z-1-001\Data\data\2024-11,HINDUNILVR,2521.35,2024-11-05 05:30:00,2530.25,2507.0,2024-11,2520.0,702046
C:\Users\v-dhramaraj\Desktop\Python\Projects\Assignment2_StockAnalysis\Data-20250430T011355Z-1-001\Data\data\2024-11,HINDUNILVR,2500.7,2024-11-06 05:30:00,2522.1,2495.0,2024-11,2515.2,1219166
C:\Users\v-dhramaraj\Desktop\Python\Projects\Assignment2_StockAnalysis\Data-20250430T011355Z-1-001\Data\data\2024-11,HINDUNILVR,2475.5,2024-11-07 05:30:00,2509.9,2466.1,2024-11,2500.7,1322446
C:\Users\v-dhramaraj\Desktop\Python\Projects\Assignment2_StockAnalysis\Data-20250430T011355Z-1-001\Data\data\2024-11,HINDUNILVR,2507.7,2024-11-08 05:30:00,2515.25,2467.3,2024-11,2483.95,1700877
C:\Users\v-dhramaraj\Desktop\Python\Projects\Assignment2_StockAnalysis\Data-20250430T011355Z-1-001\Data\data\2024-11,HINDUNILVR,2491.05,2024-11-11 05:30:00,2514.9,2475.05,2024-11,2509.0,1175577
C:\Users\v-dhramaraj\Desktop\Python\Projects\Assignment2_StockAnalysis\Data-20250430T011355Z-1-001\Data\data\2024-11,HINDUNILVR,2461.5,2024-11-12 05:30:00,2496.95,2456.0,2024-11,2495.0,1624222
C:\Users\v-dhramaraj\Desktop\Python\Projects\Assignment2_StockAnalysis\Data-20250430T011355Z-1-001\Data\data\2024-11,HINDUNILVR,2464.95,2024-11-13 05:30:00,2472.8,2450.4,2024-11,2462.1,1262017
C:\Users\v-dhramaraj\Desktop\Python\Projects\Assignment2_StockAnalysis\Data-20250430T011355Z-1-001\Data\data\2024-11,HINDUNILVR,2389.2,2024-11-14 05:30:00,2464.7,2383.7,2024-11,2460.4,2443393
C:\Users\v-dhramaraj\Desktop\Python\Projects\Assignment2_StockAnalysis\Data-20250430T011355Z-1-001\Data\data\2024-11,HINDUNILVR,2422.9,2024-11-18 05:30:00,2425.0,2375.75,2024-11,2401.15,1374215
C:\Users\v-dhramaraj\Desktop\Python\Projects\Assignment2_StockAnalysis\Data-20250430T011355Z-1-001\Data\data\2024-11,HINDUNILVR,2410.35,2024-11-19 05:30:00,2440.2,2405.1,2024-11,2431.9,1133370
C:\Users\v-dhramaraj\Desktop\Python\Projects\Assignment2_StockAnalysis\Data-20250430T011355Z-1-001\Data\data\2024-11,HINDUNILVR,2382.8,2024-11-21 05:30:00,2424.75,2376.1,2024-11,2424.75,1291829
C:\Users\v-dhramaraj\Desktop\Python\Projects\Assignment2_StockAnalysis\Data-20250430T011355Z-1-001\Data\data\2024-11,HINDUNILVR,2445.25,2024-11-22 05:30:00,2452.1,2377.85,2024-11,2390.95,1696471
