Source Folder,Ticker,close,date,high,low,month,open,volume
C:\Users\v-dhramaraj\Desktop\Python\Projects\Assignment2_StockAnalysis\Data-20250430T011355Z-1-001\Data\data\2023-10,HINDALCO,479.95,2023-10-03 05:30:00,484.55,476.6,2023-10,483.1,4657602
C:\Users\v-dhramaraj\Desktop\Python\Projects\Assignment2_StockAnalysis\Data-20250430T011355Z-1-001\Data\data\2023-10,HINDALCO,473.4,2023-10-04 05:30:00,477.9,470.0,2023-10,474.0,3302259
C:\Users\v-dhramaraj\Desktop\Python\Projects\Assignment2_StockAnalysis\Data-20250430T011355Z-1-001\Data\data\2023-10,HINDALCO,470.55,2023-10-05 05:30:00,482.4,468.35,2023-10,473.4,4801287
C:\Users\v-dhramaraj\Desktop\Python\Projects\Assignment2_StockAnalysis\Data-20250430T011355Z-1-001\Data\data\2023-10,HINDALCO,472.6,2023-10-06 05:30:00,476.45,469.35,2023-10,475.0,3134022
C:\Users\v-dhramaraj\Desktop\Python\Projects\Assignment2_StockAnalysis\Data-20250430T011355Z-1-001\Data\data\2023-10,HINDALCO,469.8,2023-10-09 05:30:00,473.5,464.6,2023-10,472.45,2681298
C:\Users\v-dhramaraj\Desktop\Python\Projects\Assignment2_StockAnalysis\Data-20250430T011355Z-1-001\Data\data\2023-10,HINDALCO,480.65,2023-10-10 05:30:00,484.8,467.0,2023-10,473.0,7863825
C:\Users\v-dhramaraj\Desktop\Python\Projects\Assignment2_StockAnalysis\Data-20250430T011355Z-1-001\Data\data\2023-10,HINDALCO,483.9,2023-10-11 05:30:00,485.95,480.1,2023-10,485.65,7006735
C:\Users\v-dhramaraj\Desktop\Python\Projects\Assignment2_StockAnalysis\Data-20250430T011355Z-1-001\Data\data\2023-10,HINDALCO,484.4,2023-10-12 05:30:00,494.0,482.55,2023-10,483.1,6895255
C:\Users\v-dhramaraj\Desktop\Python\Projects\Assignment2_StockAnalysis\Data-20250430T011355Z-1-001\Data\data\2023-10,HINDALCO,480.6,2023-10-13 05:30:00,487.5,477.5,2023-10,479.0,4652247
C:\Users\v-dhramaraj\Desktop\Python\Projects\Assignment2_StockAnalysis\Data-20250430T011355Z-1-001\Data\data\2023-10,HINDALCO,483.4,2023-10-16 05:30:00,486.5,475.3,2023-10,479.75,5043158
C:\Users\v-dhramaraj\Desktop\Python\Projects\Assignment2_StockAnalysis\Data-20250430T011355Z-1-001\Data\data\2023-10,HINDALCO,484.35,2023-10-17 05:30:00,488.45,480.7,2023-10,486.5,4495043
C:\Users\v-dhramaraj\Desktop\Python\Projects\Assignment2_StockAnalysis\Data-20250430T011355Z-1-001\Data\data\2023-10,HINDALCO,485.05,2023-10-18 05:30:00,494.8,483.55,2023-10,487.8,7437952
C:\Users\v-dhramaraj\Desktop\Python\Projects\Assignment2_StockAnalysis\Data-20250430T011355Z-1-001\Data\data\2023-10,HINDALCO,479.95,2023-10-19 05:30:00,482.25,471.0,2023-10,478.45,6035837
C:\Users\v-dhramaraj\Desktop\Python\Projects\Assignment2_StockAnalysis\Data-20250430T011355Z-1-001\Data\data\2023-10,HINDALCO,471.75,2023-10-20 05:30:00,479.85,470.0,2023-10,475.0,2777724
C:\Users\v-dhramaraj\Desktop\Python\Projects\Assignment2_StockAnalysis\Data-20250430T011355Z-1-001\Data\data\2023-10,HINDALCO,456.7,2023-10-23 05:30:00,473.95,455.0,2023-10,470.8,2994345
C:\Users\v-dhramaraj\Desktop\Python\Projects\Assignment2_StockAnalysis\Data-20250430T011355Z-1-001\Data\data\2023-10,HINDALCO,461.2,2023-10-25 05:30:00,473.0,459.4,2023-10,466.0,7854105
C:\Users\v-dhramaraj\Desktop\Python\Projects\Assignment2_StockAnalysis\Data-20250430T011355Z-1-001\Data\data\2023-10,HINDALCO,456.65,2023-10-26 05:30:00,458.45,448.75,2023-10,456.7,6625855
C:\Users\v-dhramaraj\Desktop\Python\Projects\Assignment2_StockAnalysis\Data-20250430T011355Z-1-001\Data\data\2023-10,HINDALCO,456.15,2023-10-27 05:30:00,464.4,454.45,2023-10,458.0,6193726
C:\Users\v-dhramaraj\Desktop\Python\Projects\Assignment2_StockAnalysis\Data-20250430T011355Z-1-001\Data\data\2023-10,HINDALCO,456.65,2023-10-30 05:30:00,461.75,454.0,2023-10,458.75,7523779
C:\Users\v-dhramaraj\Desktop\Python\Projects\Assignment2_StockAnalysis\Data-20250430T011355Z-1-001\Data\data\2023-10,HINDALCO,459.5,2023-10-31 05:30:00,465.0,453.25,2023-10,465.0,5236060
C:\Users\v-dhramaraj\Desktop\Python\Projects\Assignment2_StockAnalysis\Data-20250430T011355Z-1-001\Data\data\2023-11,HINDALCO,462.7,2023-11-01 05:30:00,466.0,456.0,2023-11,458.5,4931538
C:\Users\v-dhramaraj\Desktop\Python\Projects\Assignment2_StockAnalysis\Data-20250430T011355Z-1-001\Data\data\2023-11,HINDALCO,474.2,2023-11-02 05:30:00,475.8,463.25,2023-11,463.25,3933951
C:\Users\v-dhramaraj\Desktop\Python\Projects\Assignment2_StockAnalysis\Data-20250430T011355Z-1-001\Data\data\2023-11,HINDALCO,475.2,2023-11-03 05:30:00,481.45,474.25,2023-11,478.95,3274345
C:\Users\v-dhramaraj\Desktop\Python\Projects\Assignment2_StockAnalysis\Data-20250430T011355Z-1-001\Data\data\2023-11,HINDALCO,481.95,2023-11-06 05:30:00,484.8,478.25,2023-11,480.0,4294682
C:\Users\v-dhramaraj\Desktop\Python\Projects\Assignment2_StockAnalysis\Data-20250430T011355Z-1-001\Data\data\2023-11,HINDALCO,484.55,2023-11-07 05:30:00,491.5,480.3,2023-11,482.0,5425669
C:\Users\v-dhramaraj\Desktop\Python\Projects\Assignment2_StockAnalysis\Data-20250430T011355Z-1-001\Data\data\2023-11,HINDALCO,488.05,2023-11-08 05:30:00,491.45,478.15,2023-11,491.45,8220612
C:\Users\v-dhramaraj\Desktop\Python\Projects\Assignment2_StockAnalysis\Data-20250430T011355Z-1-001\Data\data\2023-11,HINDALCO,484.45,2023-11-09 05:30:00,488.8,483.15,2023-11,488.8,3271496
C:\Users\v-dhramaraj\Desktop\Python\Projects\Assignment2_StockAnalysis\Data-20250430T011355Z-1-001\Data\data\2023-11,HINDALCO,481.3,2023-11-10 05:30:00,488.25,479.55,2023-11,482.05,3498064
C:\Users\v-dhramaraj\Desktop\Python\Projects\Assignment2_StockAnalysis\Data-20250430T011355Z-1-001\Data\data\2023-11,HINDALCO,482.45,2023-11-12 05:30:00,486.0,480.65,2023-11,485.0,302230
C:\Users\v-dhramaraj\Desktop\Python\Projects\Assignment2_StockAnalysis\Data-20250430T011355Z-1-001\Data\data\2023-11,HINDALCO,487.5,2023-11-13 05:30:00,492.35,481.1,2023-11,482.0,4918873
C:\Users\v-dhramaraj\Desktop\Python\Projects\Assignment2_StockAnalysis\Data-20250430T011355Z-1-001\Data\data\2023-11,HINDALCO,505.4,2023-11-15 05:30:00,513.5,494.2,2023-11,497.0,11674265
C:\Users\v-dhramaraj\Desktop\Python\Projects\Assignment2_StockAnalysis\Data-20250430T011355Z-1-001\Data\data\2023-11,HINDALCO,504.3,2023-11-16 05:30:00,507.45,497.15,2023-11,504.0,4171759
C:\Users\v-dhramaraj\Desktop\Python\Projects\Assignment2_StockAnalysis\Data-20250430T011355Z-1-001\Data\data\2023-11,HINDALCO,497.75,2023-11-17 05:30:00,506.45,496.85,2023-11,503.05,3595049
C:\Users\v-dhramaraj\Desktop\Python\Projects\Assignment2_StockAnalysis\Data-20250430T011355Z-1-001\Data\data\2023-11,HINDALCO,497.3,2023-11-20 05:30:00,505.95,496.55,2023-11,500.15,4305637
C:\Users\v-dhramaraj\Desktop\Python\Projects\Assignment2_StockAnalysis\Data-20250430T011355Z-1-001\Data\data\2023-11,HINDALCO,506.85,2023-11-21 05:30:00,510.95,501.9,2023-11,502.8,7154476
C:\Users\v-dhramaraj\Desktop\Python\Projects\Assignment2_StockAnalysis\Data-20250430T011355Z-1-001\Data\data\2023-11,HINDALCO,500.25,2023-11-22 05:30:00,506.85,498.95,2023-11,504.9,4337970
C:\Users\v-dhramaraj\Desktop\Python\Projects\Assignment2_StockAnalysis\Data-20250430T011355Z-1-001\Data\data\2023-11,HINDALCO,501.95,2023-11-23 05:30:00,503.0,491.65,2023-11,499.0,6628259
C:\Users\v-dhramaraj\Desktop\Python\Projects\Assignment2_StockAnalysis\Data-20250430T011355Z-1-001\Data\data\2023-11,HINDALCO,507.8,2023-11-24 05:30:00,512.75,502.55,2023-11,504.85,5973059
C:\Users\v-dhramaraj\Desktop\Python\Projects\Assignment2_StockAnalysis\Data-20250430T011355Z-1-001\Data\data\2023-11,HINDALCO,515.6,2023-11-28 05:30:00,518.25,509.8,2023-11,511.75,7804926
C:\Users\v-dhramaraj\Desktop\Python\Projects\Assignment2_StockAnalysis\Data-20250430T011355Z-1-001\Data\data\2023-11,HINDALCO,517.45,2023-11-29 05:30:00,523.35,513.9,2023-11,519.0,6275280
C:\Users\v-dhramaraj\Desktop\Python\Projects\Assignment2_StockAnalysis\Data-20250430T011355Z-1-001\Data\data\2023-11,HINDALCO,515.65,2023-11-30 05:30:00,519.75,511.35,2023-11,519.3,7599701
C:\Users\v-dhramaraj\Desktop\Python\Projects\Assignment2_StockAnalysis\Data-20250430T011355Z-1-001\Data\data\2023-12,HINDALCO,517.2,2023-12-01 05:30:00,524.8,515.3,2023-12,520.05,4933886
C:\Users\v-dhramaraj\Desktop\Python\Projects\Assignment2_StockAnalysis\Data-20250430T011355Z-1-001\Data\data\2023-12,HINDALCO,519.25,2023-12-04 05:30:00,526.65,516.55,2023-12,524.05,5985489
C:\Users\v-dhramaraj\Desktop\Python\Projects\Assignment2_StockAnalysis\Data-20250430T011355Z-1-001\Data\data\2023-12,HINDALCO,520.65,2023-12-05 05:30:00,528.8,515.45,2023-12,518.35,6399021
C:\Users\v-dhramaraj\Desktop\Python\Projects\Assignment2_StockAnalysis\Data-20250430T011355Z-1-001\Data\data\2023-12,HINDALCO,523.0,2023-12-06 05:30:00,526.95,515.6,2023-12,521.0,4831956
C:\Users\v-dhramaraj\Desktop\Python\Projects\Assignment2_StockAnalysis\Data-20250430T011355Z-1-001\Data\data\2023-12,HINDALCO,516.05,2023-12-07 05:30:00,522.4,515.1,2023-12,521.0,4628885
C:\Users\v-dhramaraj\Desktop\Python\Projects\Assignment2_StockAnalysis\Data-20250430T011355Z-1-001\Data\data\2023-12,HINDALCO,520.35,2023-12-08 05:30:00,525.05,514.0,2023-12,519.5,3733998
C:\Users\v-dhramaraj\Desktop\Python\Projects\Assignment2_StockAnalysis\Data-20250430T011355Z-1-001\Data\data\2023-12,HINDALCO,522.4,2023-12-11 05:30:00,523.8,517.1,2023-12,520.3,2597347
C:\Users\v-dhramaraj\Desktop\Python\Projects\Assignment2_StockAnalysis\Data-20250430T011355Z-1-001\Data\data\2023-12,HINDALCO,527.45,2023-12-12 05:30:00,538.5,522.15,2023-12,525.0,9498031
C:\Users\v-dhramaraj\Desktop\Python\Projects\Assignment2_StockAnalysis\Data-20250430T011355Z-1-001\Data\data\2023-12,HINDALCO,532.85,2023-12-13 05:30:00,535.25,523.3,2023-12,528.95,4000017
C:\Users\v-dhramaraj\Desktop\Python\Projects\Assignment2_StockAnalysis\Data-20250430T011355Z-1-001\Data\data\2023-12,HINDALCO,543.1,2023-12-14 05:30:00,545.95,537.25,2023-12,540.0,7190654
C:\Users\v-dhramaraj\Desktop\Python\Projects\Assignment2_StockAnalysis\Data-20250430T011355Z-1-001\Data\data\2023-12,HINDALCO,557.25,2023-12-15 05:30:00,559.05,548.2,2023-12,556.0,8191005
C:\Users\v-dhramaraj\Desktop\Python\Projects\Assignment2_StockAnalysis\Data-20250430T011355Z-1-001\Data\data\2023-12,HINDALCO,566.4,2023-12-18 05:30:00,567.4,551.5,2023-12,557.0,5076184
C:\Users\v-dhramaraj\Desktop\Python\Projects\Assignment2_StockAnalysis\Data-20250430T011355Z-1-001\Data\data\2023-12,HINDALCO,564.85,2023-12-19 05:30:00,567.95,555.7,2023-12,567.95,4484733
C:\Users\v-dhramaraj\Desktop\Python\Projects\Assignment2_StockAnalysis\Data-20250430T011355Z-1-001\Data\data\2023-12,HINDALCO,548.2,2023-12-20 05:30:00,570.9,546.25,2023-12,569.5,6959868
C:\Users\v-dhramaraj\Desktop\Python\Projects\Assignment2_StockAnalysis\Data-20250430T011355Z-1-001\Data\data\2023-12,HINDALCO,556.25,2023-12-21 05:30:00,561.65,541.65,2023-12,544.0,4591119
C:\Users\v-dhramaraj\Desktop\Python\Projects\Assignment2_StockAnalysis\Data-20250430T011355Z-1-001\Data\data\2023-12,HINDALCO,570.45,2023-12-22 05:30:00,572.0,559.0,2023-12,559.4,7865384
C:\Users\v-dhramaraj\Desktop\Python\Projects\Assignment2_StockAnalysis\Data-20250430T011355Z-1-001\Data\data\2023-12,HINDALCO,579.85,2023-12-26 05:30:00,580.85,570.5,2023-12,574.95,4649730
C:\Users\v-dhramaraj\Desktop\Python\Projects\Assignment2_StockAnalysis\Data-20250430T011355Z-1-001\Data\data\2023-12,HINDALCO,605.6,2023-12-27 05:30:00,607.65,580.3,2023-12,582.0,12430827
C:\Users\v-dhramaraj\Desktop\Python\Projects\Assignment2_StockAnalysis\Data-20250430T011355Z-1-001\Data\data\2023-12,HINDALCO,614.3,2023-12-28 05:30:00,616.5,605.2,2023-12,608.0,7139743
C:\Users\v-dhramaraj\Desktop\Python\Projects\Assignment2_StockAnalysis\Data-20250430T011355Z-1-001\Data\data\2023-12,HINDALCO,614.85,2023-12-29 05:30:00,618.0,608.1,2023-12,614.3,3995822
C:\Users\v-dhramaraj\Desktop\Python\Projects\Assignment2_StockAnalysis\Data-20250430T011355Z-1-001\Data\data\2024-01,HINDALCO,610.4,2024-01-01 05:30:00,620.5,606.95,2024-01,614.5,2961919
C:\Users\v-dhramaraj\Desktop\Python\Projects\Assignment2_StockAnalysis\Data-20250430T011355Z-1-001\Data\data\2024-01,HINDALCO,617.0,2024-01-02 05:30:00,620.0,607.4,2024-01,610.4,4975013
C:\Users\v-dhramaraj\Desktop\Python\Projects\Assignment2_StockAnalysis\Data-20250430T011355Z-1-001\Data\data\2024-01,HINDALCO,593.05,2024-01-03 05:30:00,611.4,592.0,2024-01,608.25,7226455
C:\Users\v-dhramaraj\Desktop\Python\Projects\Assignment2_StockAnalysis\Data-20250430T011355Z-1-001\Data\data\2024-01,HINDALCO,590.5,2024-01-04 05:30:00,595.85,587.65,2024-01,594.0,6592370
C:\Users\v-dhramaraj\Desktop\Python\Projects\Assignment2_StockAnalysis\Data-20250430T011355Z-1-001\Data\data\2024-01,HINDALCO,587.0,2024-01-05 05:30:00,597.6,581.55,2024-01,590.6,2990123
C:\Users\v-dhramaraj\Desktop\Python\Projects\Assignment2_StockAnalysis\Data-20250430T011355Z-1-001\Data\data\2024-01,HINDALCO,577.65,2024-01-08 05:30:00,592.5,576.45,2024-01,587.0,4425767
C:\Users\v-dhramaraj\Desktop\Python\Projects\Assignment2_StockAnalysis\Data-20250430T011355Z-1-001\Data\data\2024-01,HINDALCO,575.95,2024-01-09 05:30:00,584.9,573.6,2024-01,581.95,5314029
C:\Users\v-dhramaraj\Desktop\Python\Projects\Assignment2_StockAnalysis\Data-20250430T011355Z-1-001\Data\data\2024-01,HINDALCO,580.05,2024-01-10 05:30:00,582.0,570.65,2024-01,576.0,2408792
C:\Users\v-dhramaraj\Desktop\Python\Projects\Assignment2_StockAnalysis\Data-20250430T011355Z-1-001\Data\data\2024-01,HINDALCO,576.95,2024-01-11 05:30:00,587.0,575.5,2024-01,582.95,3899383
C:\Users\v-dhramaraj\Desktop\Python\Projects\Assignment2_StockAnalysis\Data-20250430T011355Z-1-001\Data\data\2024-01,HINDALCO,582.05,2024-01-12 05:30:00,585.5,575.75,2024-01,581.0,2440863
C:\Users\v-dhramaraj\Desktop\Python\Projects\Assignment2_StockAnalysis\Data-20250430T011355Z-1-001\Data\data\2024-01,HINDALCO,574.65,2024-01-15 05:30:00,586.0,572.25,2024-01,585.85,3778987
C:\Users\v-dhramaraj\Desktop\Python\Projects\Assignment2_StockAnalysis\Data-20250430T011355Z-1-001\Data\data\2024-01,HINDALCO,579.55,2024-01-16 05:30:00,584.85,569.45,2024-01,575.95,5187155
C:\Users\v-dhramaraj\Desktop\Python\Projects\Assignment2_StockAnalysis\Data-20250430T011355Z-1-001\Data\data\2024-01,HINDALCO,560.25,2024-01-17 05:30:00,572.7,558.1,2024-01,570.95,6148035
C:\Users\v-dhramaraj\Desktop\Python\Projects\Assignment2_StockAnalysis\Data-20250430T011355Z-1-001\Data\data\2024-01,HINDALCO,554.9,2024-01-18 05:30:00,561.35,547.8,2024-01,560.25,3784905
C:\Users\v-dhramaraj\Desktop\Python\Projects\Assignment2_StockAnalysis\Data-20250430T011355Z-1-001\Data\data\2024-01,HINDALCO,557.1,2024-01-19 05:30:00,561.0,554.5,2024-01,556.5,4451789
C:\Users\v-dhramaraj\Desktop\Python\Projects\Assignment2_StockAnalysis\Data-20250430T011355Z-1-001\Data\data\2024-01,HINDALCO,561.05,2024-01-20 05:30:00,566.75,558.35,2024-01,561.0,1502352
C:\Users\v-dhramaraj\Desktop\Python\Projects\Assignment2_StockAnalysis\Data-20250430T011355Z-1-001\Data\data\2024-01,HINDALCO,541.4,2024-01-23 05:30:00,561.8,537.6,2024-01,558.0,7867972
C:\Users\v-dhramaraj\Desktop\Python\Projects\Assignment2_StockAnalysis\Data-20250430T011355Z-1-001\Data\data\2024-01,HINDALCO,565.15,2024-01-24 05:30:00,566.8,547.0,2024-01,550.0,8619429
C:\Users\v-dhramaraj\Desktop\Python\Projects\Assignment2_StockAnalysis\Data-20250430T011355Z-1-001\Data\data\2024-01,HINDALCO,567.2,2024-01-25 05:30:00,570.0,558.4,2024-01,566.5,5366990
C:\Users\v-dhramaraj\Desktop\Python\Projects\Assignment2_StockAnalysis\Data-20250430T011355Z-1-001\Data\data\2024-01,HINDALCO,567.9,2024-01-29 05:30:00,571.95,562.0,2024-01,568.0,5126212
C:\Users\v-dhramaraj\Desktop\Python\Projects\Assignment2_StockAnalysis\Data-20250430T011355Z-1-001\Data\data\2024-01,HINDALCO,569.25,2024-01-30 05:30:00,584.3,567.25,2024-01,569.95,7968815
C:\Users\v-dhramaraj\Desktop\Python\Projects\Assignment2_StockAnalysis\Data-20250430T011355Z-1-001\Data\data\2024-01,HINDALCO,579.35,2024-01-31 05:30:00,580.6,568.25,2024-01,569.2,5644545
C:\Users\v-dhramaraj\Desktop\Python\Projects\Assignment2_StockAnalysis\Data-20250430T011355Z-1-001\Data\data\2024-02,HINDALCO,571.25,2024-02-01 05:30:00,581.8,570.3,2024-02,578.0,3509803
C:\Users\v-dhramaraj\Desktop\Python\Projects\Assignment2_StockAnalysis\Data-20250430T011355Z-1-001\Data\data\2024-02,HINDALCO,583.5,2024-02-02 05:30:00,589.0,573.1,2024-02,577.0,7145858
C:\Users\v-dhramaraj\Desktop\Python\Projects\Assignment2_StockAnalysis\Data-20250430T011355Z-1-001\Data\data\2024-02,HINDALCO,579.9,2024-02-05 05:30:00,590.9,576.05,2024-02,583.5,4801118
C:\Users\v-dhramaraj\Desktop\Python\Projects\Assignment2_StockAnalysis\Data-20250430T011355Z-1-001\Data\data\2024-02,HINDALCO,584.9,2024-02-06 05:30:00,587.75,569.25,2024-02,578.6,4099573
C:\Users\v-dhramaraj\Desktop\Python\Projects\Assignment2_StockAnalysis\Data-20250430T011355Z-1-001\Data\data\2024-02,HINDALCO,592.25,2024-02-07 05:30:00,602.15,584.65,2024-02,590.4,9415146
C:\Users\v-dhramaraj\Desktop\Python\Projects\Assignment2_StockAnalysis\Data-20250430T011355Z-1-001\Data\data\2024-02,HINDALCO,601.3,2024-02-08 05:30:00,608.95,587.85,2024-02,592.0,11844758
C:\Users\v-dhramaraj\Desktop\Python\Projects\Assignment2_StockAnalysis\Data-20250430T011355Z-1-001\Data\data\2024-02,HINDALCO,591.3,2024-02-09 05:30:00,602.0,576.3,2024-02,601.0,5105348
C:\Users\v-dhramaraj\Desktop\Python\Projects\Assignment2_StockAnalysis\Data-20250430T011355Z-1-001\Data\data\2024-02,HINDALCO,582.45,2024-02-12 05:30:00,601.8,579.75,2024-02,591.9,4595403
C:\Users\v-dhramaraj\Desktop\Python\Projects\Assignment2_StockAnalysis\Data-20250430T011355Z-1-001\Data\data\2024-02,HINDALCO,510.1,2024-02-13 05:30:00,540.0,496.35,2024-02,539.0,46100123
C:\Users\v-dhramaraj\Desktop\Python\Projects\Assignment2_StockAnalysis\Data-20250430T011355Z-1-001\Data\data\2024-02,HINDALCO,507.8,2024-02-14 05:30:00,516.9,503.15,2024-02,515.0,16634538
C:\Users\v-dhramaraj\Desktop\Python\Projects\Assignment2_StockAnalysis\Data-20250430T011355Z-1-001\Data\data\2024-02,HINDALCO,513.2,2024-02-15 05:30:00,518.5,507.6,2024-02,512.7,13303658
C:\Users\v-dhramaraj\Desktop\Python\Projects\Assignment2_StockAnalysis\Data-20250430T011355Z-1-001\Data\data\2024-02,HINDALCO,515.7,2024-02-16 05:30:00,519.95,510.95,2024-02,519.95,12066565
C:\Users\v-dhramaraj\Desktop\Python\Projects\Assignment2_StockAnalysis\Data-20250430T011355Z-1-001\Data\data\2024-02,HINDALCO,512.3,2024-02-19 05:30:00,518.9,511.8,2024-02,518.75,5580597
C:\Users\v-dhramaraj\Desktop\Python\Projects\Assignment2_StockAnalysis\Data-20250430T011355Z-1-001\Data\data\2024-02,HINDALCO,511.6,2024-02-20 05:30:00,515.9,507.15,2024-02,512.6,5186970
C:\Users\v-dhramaraj\Desktop\Python\Projects\Assignment2_StockAnalysis\Data-20250430T011355Z-1-001\Data\data\2024-02,HINDALCO,511.8,2024-02-21 05:30:00,538.0,510.0,2024-02,535.0,18106978
C:\Users\v-dhramaraj\Desktop\Python\Projects\Assignment2_StockAnalysis\Data-20250430T011355Z-1-001\Data\data\2024-02,HINDALCO,521.15,2024-02-22 05:30:00,522.15,514.25,2024-02,516.3,8727844
C:\Users\v-dhramaraj\Desktop\Python\Projects\Assignment2_StockAnalysis\Data-20250430T011355Z-1-001\Data\data\2024-02,HINDALCO,518.35,2024-02-23 05:30:00,524.8,517.0,2024-02,524.7,6445580
C:\Users\v-dhramaraj\Desktop\Python\Projects\Assignment2_StockAnalysis\Data-20250430T011355Z-1-001\Data\data\2024-02,HINDALCO,505.05,2024-02-26 05:30:00,519.75,504.0,2024-02,519.4,7605543
C:\Users\v-dhramaraj\Desktop\Python\Projects\Assignment2_StockAnalysis\Data-20250430T011355Z-1-001\Data\data\2024-02,HINDALCO,509.65,2024-02-27 05:30:00,512.2,504.7,2024-02,505.5,6741206
C:\Users\v-dhramaraj\Desktop\Python\Projects\Assignment2_StockAnalysis\Data-20250430T011355Z-1-001\Data\data\2024-02,HINDALCO,504.4,2024-02-28 05:30:00,514.45,501.75,2024-02,512.5,4406098
C:\Users\v-dhramaraj\Desktop\Python\Projects\Assignment2_StockAnalysis\Data-20250430T011355Z-1-001\Data\data\2024-02,HINDALCO,503.85,2024-02-29 05:30:00,508.0,499.0,2024-02,506.5,16860796
C:\Users\v-dhramaraj\Desktop\Python\Projects\Assignment2_StockAnalysis\Data-20250430T011355Z-1-001\Data\data\2024-03,HINDALCO,519.1,2024-03-01 05:30:00,522.5,510.0,2024-03,510.0,9882296
C:\Users\v-dhramaraj\Desktop\Python\Projects\Assignment2_StockAnalysis\Data-20250430T011355Z-1-001\Data\data\2024-03,HINDALCO,522.85,2024-03-02 05:30:00,524.0,518.0,2024-03,523.0,623929
C:\Users\v-dhramaraj\Desktop\Python\Projects\Assignment2_StockAnalysis\Data-20250430T011355Z-1-001\Data\data\2024-03,HINDALCO,524.95,2024-03-04 05:30:00,529.85,520.05,2024-03,524.0,5989974
C:\Users\v-dhramaraj\Desktop\Python\Projects\Assignment2_StockAnalysis\Data-20250430T011355Z-1-001\Data\data\2024-03,HINDALCO,522.1,2024-03-05 05:30:00,528.3,520.2,2024-03,524.0,5729926
C:\Users\v-dhramaraj\Desktop\Python\Projects\Assignment2_StockAnalysis\Data-20250430T011355Z-1-001\Data\data\2024-03,HINDALCO,526.95,2024-03-06 05:30:00,527.9,513.95,2024-03,522.05,4637732
C:\Users\v-dhramaraj\Desktop\Python\Projects\Assignment2_StockAnalysis\Data-20250430T011355Z-1-001\Data\data\2024-03,HINDALCO,536.7,2024-03-07 05:30:00,540.85,529.25,2024-03,530.8,7909060
C:\Users\v-dhramaraj\Desktop\Python\Projects\Assignment2_StockAnalysis\Data-20250430T011355Z-1-001\Data\data\2024-03,HINDALCO,533.7,2024-03-11 05:30:00,543.25,532.1,2024-03,540.0,5527908
C:\Users\v-dhramaraj\Desktop\Python\Projects\Assignment2_StockAnalysis\Data-20250430T011355Z-1-001\Data\data\2024-03,HINDALCO,528.95,2024-03-12 05:30:00,536.85,525.3,2024-03,533.1,3703670
C:\Users\v-dhramaraj\Desktop\Python\Projects\Assignment2_StockAnalysis\Data-20250430T011355Z-1-001\Data\data\2024-03,HINDALCO,507.0,2024-03-13 05:30:00,530.0,501.2,2024-03,529.35,5712435
C:\Users\v-dhramaraj\Desktop\Python\Projects\Assignment2_StockAnalysis\Data-20250430T011355Z-1-001\Data\data\2024-03,HINDALCO,525.25,2024-03-14 05:30:00,526.35,507.0,2024-03,512.0,10349338
C:\Users\v-dhramaraj\Desktop\Python\Projects\Assignment2_StockAnalysis\Data-20250430T011355Z-1-001\Data\data\2024-03,HINDALCO,532.55,2024-03-15 05:30:00,534.05,517.5,2024-03,522.0,8467660
C:\Users\v-dhramaraj\Desktop\Python\Projects\Assignment2_StockAnalysis\Data-20250430T011355Z-1-001\Data\data\2024-03,HINDALCO,531.15,2024-03-18 05:30:00,535.55,527.0,2024-03,532.0,4282437
C:\Users\v-dhramaraj\Desktop\Python\Projects\Assignment2_StockAnalysis\Data-20250430T011355Z-1-001\Data\data\2024-03,HINDALCO,533.65,2024-03-19 05:30:00,539.75,529.25,2024-03,532.0,7119131
C:\Users\v-dhramaraj\Desktop\Python\Projects\Assignment2_StockAnalysis\Data-20250430T011355Z-1-001\Data\data\2024-03,HINDALCO,527.85,2024-03-20 05:30:00,535.5,516.35,2024-03,533.0,5005234
C:\Users\v-dhramaraj\Desktop\Python\Projects\Assignment2_StockAnalysis\Data-20250430T011355Z-1-001\Data\data\2024-03,HINDALCO,539.7,2024-03-21 05:30:00,545.75,534.25,2024-03,538.4,8795679
C:\Users\v-dhramaraj\Desktop\Python\Projects\Assignment2_StockAnalysis\Data-20250430T011355Z-1-001\Data\data\2024-03,HINDALCO,547.75,2024-03-22 05:30:00,550.65,537.35,2024-03,539.7,5518261
C:\Users\v-dhramaraj\Desktop\Python\Projects\Assignment2_StockAnalysis\Data-20250430T011355Z-1-001\Data\data\2024-03,HINDALCO,558.65,2024-03-26 05:30:00,561.0,545.0,2024-03,545.65,7198061
C:\Users\v-dhramaraj\Desktop\Python\Projects\Assignment2_StockAnalysis\Data-20250430T011355Z-1-001\Data\data\2024-03,HINDALCO,557.65,2024-03-27 05:30:00,564.65,556.8,2024-03,564.2,5320703
C:\Users\v-dhramaraj\Desktop\Python\Projects\Assignment2_StockAnalysis\Data-20250430T011355Z-1-001\Data\data\2024-03,HINDALCO,560.25,2024-03-28 05:30:00,566.65,555.3,2024-03,561.0,8326754
C:\Users\v-dhramaraj\Desktop\Python\Projects\Assignment2_StockAnalysis\Data-20250430T011355Z-1-001\Data\data\2024-04,HINDALCO,568.6,2024-04-01 05:30:00,574.0,564.1,2024-04,570.0,6192790
C:\Users\v-dhramaraj\Desktop\Python\Projects\Assignment2_StockAnalysis\Data-20250430T011355Z-1-001\Data\data\2024-04,HINDALCO,571.2,2024-04-02 05:30:00,572.3,561.55,2024-04,571.0,4626877
C:\Users\v-dhramaraj\Desktop\Python\Projects\Assignment2_StockAnalysis\Data-20250430T011355Z-1-001\Data\data\2024-04,HINDALCO,576.6,2024-04-03 05:30:00,584.1,567.15,2024-04,570.2,7514291
C:\Users\v-dhramaraj\Desktop\Python\Projects\Assignment2_StockAnalysis\Data-20250430T011355Z-1-001\Data\data\2024-04,HINDALCO,577.75,2024-04-04 05:30:00,590.0,568.95,2024-04,590.0,7246259
C:\Users\v-dhramaraj\Desktop\Python\Projects\Assignment2_StockAnalysis\Data-20250430T011355Z-1-001\Data\data\2024-04,HINDALCO,570.05,2024-04-05 05:30:00,575.0,567.6,2024-04,572.5,4884617
C:\Users\v-dhramaraj\Desktop\Python\Projects\Assignment2_StockAnalysis\Data-20250430T011355Z-1-001\Data\data\2024-04,HINDALCO,576.8,2024-04-08 05:30:00,579.7,570.5,2024-04,572.0,3276169
C:\Users\v-dhramaraj\Desktop\Python\Projects\Assignment2_StockAnalysis\Data-20250430T011355Z-1-001\Data\data\2024-04,HINDALCO,588.6,2024-04-09 05:30:00,595.45,574.0,2024-04,578.1,7829711
C:\Users\v-dhramaraj\Desktop\Python\Projects\Assignment2_StockAnalysis\Data-20250430T011355Z-1-001\Data\data\2024-04,HINDALCO,603.05,2024-04-10 05:30:00,604.9,591.05,2024-04,596.2,11748104
C:\Users\v-dhramaraj\Desktop\Python\Projects\Assignment2_StockAnalysis\Data-20250430T011355Z-1-001\Data\data\2024-04,HINDALCO,598.65,2024-04-12 05:30:00,609.05,595.3,2024-04,609.05,15994496
C:\Users\v-dhramaraj\Desktop\Python\Projects\Assignment2_StockAnalysis\Data-20250430T011355Z-1-001\Data\data\2024-04,HINDALCO,612.7,2024-04-15 05:30:00,625.4,605.7,2024-04,615.0,27067692
C:\Users\v-dhramaraj\Desktop\Python\Projects\Assignment2_StockAnalysis\Data-20250430T011355Z-1-001\Data\data\2024-04,HINDALCO,608.85,2024-04-16 05:30:00,621.4,606.8,2024-04,612.7,10722248
C:\Users\v-dhramaraj\Desktop\Python\Projects\Assignment2_StockAnalysis\Data-20250430T011355Z-1-001\Data\data\2024-04,HINDALCO,612.8,2024-04-18 05:30:00,625.0,609.8,2024-04,616.4,9953539
C:\Users\v-dhramaraj\Desktop\Python\Projects\Assignment2_StockAnalysis\Data-20250430T011355Z-1-001\Data\data\2024-04,HINDALCO,614.75,2024-04-19 05:30:00,616.3,600.7,2024-04,609.0,6443897
C:\Users\v-dhramaraj\Desktop\Python\Projects\Assignment2_StockAnalysis\Data-20250430T011355Z-1-001\Data\data\2024-04,HINDALCO,618.55,2024-04-22 05:30:00,622.45,612.7,2024-04,620.65,6503652
C:\Users\v-dhramaraj\Desktop\Python\Projects\Assignment2_StockAnalysis\Data-20250430T011355Z-1-001\Data\data\2024-04,HINDALCO,611.8,2024-04-23 05:30:00,618.75,610.4,2024-04,618.5,6154126
C:\Users\v-dhramaraj\Desktop\Python\Projects\Assignment2_StockAnalysis\Data-20250430T011355Z-1-001\Data\data\2024-04,HINDALCO,636.1,2024-04-24 05:30:00,637.65,608.7,2024-04,611.8,11775700
C:\Users\v-dhramaraj\Desktop\Python\Projects\Assignment2_StockAnalysis\Data-20250430T011355Z-1-001\Data\data\2024-04,HINDALCO,646.8,2024-04-25 05:30:00,648.25,628.1,2024-04,635.7,11897458
C:\Users\v-dhramaraj\Desktop\Python\Projects\Assignment2_StockAnalysis\Data-20250430T011355Z-1-001\Data\data\2024-04,HINDALCO,649.3,2024-04-26 05:30:00,661.6,643.0,2024-04,650.95,7545608
C:\Users\v-dhramaraj\Desktop\Python\Projects\Assignment2_StockAnalysis\Data-20250430T011355Z-1-001\Data\data\2024-04,HINDALCO,650.05,2024-04-29 05:30:00,655.4,641.2,2024-04,654.95,4157501
C:\Users\v-dhramaraj\Desktop\Python\Projects\Assignment2_StockAnalysis\Data-20250430T011355Z-1-001\Data\data\2024-04,HINDALCO,644.4,2024-04-30 05:30:00,653.7,642.3,2024-04,653.6,4771959
C:\Users\v-dhramaraj\Desktop\Python\Projects\Assignment2_StockAnalysis\Data-20250430T011355Z-1-001\Data\data\2024-05,HINDALCO,641.45,2024-05-02 05:30:00,646.9,628.65,2024-05,635.9,17929526
C:\Users\v-dhramaraj\Desktop\Python\Projects\Assignment2_StockAnalysis\Data-20250430T011355Z-1-001\Data\data\2024-05,HINDALCO,647.1,2024-05-03 05:30:00,655.05,638.4,2024-05,655.05,10633995
C:\Users\v-dhramaraj\Desktop\Python\Projects\Assignment2_StockAnalysis\Data-20250430T011355Z-1-001\Data\data\2024-05,HINDALCO,638.8,2024-05-06 05:30:00,655.0,629.3,2024-05,650.0,10094421
C:\Users\v-dhramaraj\Desktop\Python\Projects\Assignment2_StockAnalysis\Data-20250430T011355Z-1-001\Data\data\2024-05,HINDALCO,620.2,2024-05-07 05:30:00,646.9,611.75,2024-05,646.9,10787196
C:\Users\v-dhramaraj\Desktop\Python\Projects\Assignment2_StockAnalysis\Data-20250430T011355Z-1-001\Data\data\2024-05,HINDALCO,633.5,2024-05-08 05:30:00,634.45,615.1,2024-05,615.1,7683352
C:\Users\v-dhramaraj\Desktop\Python\Projects\Assignment2_StockAnalysis\Data-20250430T011355Z-1-001\Data\data\2024-05,HINDALCO,619.4,2024-05-09 05:30:00,637.75,615.0,2024-05,634.0,6588118
C:\Users\v-dhramaraj\Desktop\Python\Projects\Assignment2_StockAnalysis\Data-20250430T011355Z-1-001\Data\data\2024-05,HINDALCO,625.6,2024-05-10 05:30:00,629.55,618.0,2024-05,620.1,4364788
C:\Users\v-dhramaraj\Desktop\Python\Projects\Assignment2_StockAnalysis\Data-20250430T011355Z-1-001\Data\data\2024-05,HINDALCO,633.5,2024-05-13 05:30:00,636.15,614.3,2024-05,625.1,3582386
C:\Users\v-dhramaraj\Desktop\Python\Projects\Assignment2_StockAnalysis\Data-20250430T011355Z-1-001\Data\data\2024-05,HINDALCO,646.65,2024-05-14 05:30:00,649.5,638.2,2024-05,644.35,8339846
C:\Users\v-dhramaraj\Desktop\Python\Projects\Assignment2_StockAnalysis\Data-20250430T011355Z-1-001\Data\data\2024-05,HINDALCO,653.7,2024-05-15 05:30:00,659.0,648.7,2024-05,653.0,6764257
C:\Users\v-dhramaraj\Desktop\Python\Projects\Assignment2_StockAnalysis\Data-20250430T011355Z-1-001\Data\data\2024-05,HINDALCO,653.35,2024-05-16 05:30:00,666.0,643.25,2024-05,660.0,8781056
C:\Users\v-dhramaraj\Desktop\Python\Projects\Assignment2_StockAnalysis\Data-20250430T011355Z-1-001\Data\data\2024-05,HINDALCO,655.45,2024-05-17 05:30:00,658.8,650.4,2024-05,653.0,5026205
C:\Users\v-dhramaraj\Desktop\Python\Projects\Assignment2_StockAnalysis\Data-20250430T011355Z-1-001\Data\data\2024-05,HINDALCO,660.35,2024-05-18 05:30:00,662.9,657.5,2024-05,662.0,467849
C:\Users\v-dhramaraj\Desktop\Python\Projects\Assignment2_StockAnalysis\Data-20250430T011355Z-1-001\Data\data\2024-05,HINDALCO,693.6,2024-05-21 05:30:00,695.4,663.2,2024-05,666.3,15976672
C:\Users\v-dhramaraj\Desktop\Python\Projects\Assignment2_StockAnalysis\Data-20250430T011355Z-1-001\Data\data\2024-05,HINDALCO,684.55,2024-05-22 05:30:00,698.7,677.4,2024-05,698.55,8004434
C:\Users\v-dhramaraj\Desktop\Python\Projects\Assignment2_StockAnalysis\Data-20250430T011355Z-1-001\Data\data\2024-05,HINDALCO,676.8,2024-05-23 05:30:00,678.55,665.95,2024-05,675.15,9749101
C:\Users\v-dhramaraj\Desktop\Python\Projects\Assignment2_StockAnalysis\Data-20250430T011355Z-1-001\Data\data\2024-05,HINDALCO,673.25,2024-05-24 05:30:00,690.45,671.05,2024-05,679.25,15930052
C:\Users\v-dhramaraj\Desktop\Python\Projects\Assignment2_StockAnalysis\Data-20250430T011355Z-1-001\Data\data\2024-05,HINDALCO,677.85,2024-05-27 05:30:00,689.5,675.5,2024-05,685.05,10475785
C:\Users\v-dhramaraj\Desktop\Python\Projects\Assignment2_StockAnalysis\Data-20250430T011355Z-1-001\Data\data\2024-05,HINDALCO,681.3,2024-05-28 05:30:00,698.0,678.35,2024-05,682.0,12925385
C:\Users\v-dhramaraj\Desktop\Python\Projects\Assignment2_StockAnalysis\Data-20250430T011355Z-1-001\Data\data\2024-05,HINDALCO,705.3,2024-05-29 05:30:00,713.5,682.3,2024-05,695.0,22684652
C:\Users\v-dhramaraj\Desktop\Python\Projects\Assignment2_StockAnalysis\Data-20250430T011355Z-1-001\Data\data\2024-05,HINDALCO,695.15,2024-05-30 05:30:00,713.05,693.35,2024-05,704.85,10361716
C:\Users\v-dhramaraj\Desktop\Python\Projects\Assignment2_StockAnalysis\Data-20250430T011355Z-1-001\Data\data\2024-05,HINDALCO,689.35,2024-05-31 05:30:00,703.45,684.35,2024-05,698.9,13620282
C:\Users\v-dhramaraj\Desktop\Python\Projects\Assignment2_StockAnalysis\Data-20250430T011355Z-1-001\Data\data\2024-06,HINDALCO,695.95,2024-06-03 05:30:00,715.25,692.8,2024-06,715.0,7081956
C:\Users\v-dhramaraj\Desktop\Python\Projects\Assignment2_StockAnalysis\Data-20250430T011355Z-1-001\Data\data\2024-06,HINDALCO,649.05,2024-06-04 05:30:00,697.0,594.25,2024-06,697.0,24250212
C:\Users\v-dhramaraj\Desktop\Python\Projects\Assignment2_StockAnalysis\Data-20250430T011355Z-1-001\Data\data\2024-06,HINDALCO,695.25,2024-06-05 05:30:00,700.65,607.0,2024-06,627.0,25836374
C:\Users\v-dhramaraj\Desktop\Python\Projects\Assignment2_StockAnalysis\Data-20250430T011355Z-1-001\Data\data\2024-06,HINDALCO,677.5,2024-06-06 05:30:00,695.0,673.0,2024-06,695.0,10420244
C:\Users\v-dhramaraj\Desktop\Python\Projects\Assignment2_StockAnalysis\Data-20250430T011355Z-1-001\Data\data\2024-06,HINDALCO,680.35,2024-06-07 05:30:00,687.0,672.45,2024-06,677.5,7172942
C:\Users\v-dhramaraj\Desktop\Python\Projects\Assignment2_StockAnalysis\Data-20250430T011355Z-1-001\Data\data\2024-06,HINDALCO,676.4,2024-06-10 05:30:00,684.85,673.05,2024-06,677.05,4054802
C:\Users\v-dhramaraj\Desktop\Python\Projects\Assignment2_StockAnalysis\Data-20250430T011355Z-1-001\Data\data\2024-06,HINDALCO,672.95,2024-06-11 05:30:00,681.25,672.05,2024-06,680.0,5157918
C:\Users\v-dhramaraj\Desktop\Python\Projects\Assignment2_StockAnalysis\Data-20250430T011355Z-1-001\Data\data\2024-06,HINDALCO,673.9,2024-06-12 05:30:00,683.0,671.85,2024-06,674.0,10783822
C:\Users\v-dhramaraj\Desktop\Python\Projects\Assignment2_StockAnalysis\Data-20250430T011355Z-1-001\Data\data\2024-06,HINDALCO,680.7,2024-06-13 05:30:00,684.65,676.05,2024-06,678.0,9555904
C:\Users\v-dhramaraj\Desktop\Python\Projects\Assignment2_StockAnalysis\Data-20250430T011355Z-1-001\Data\data\2024-06,HINDALCO,683.6,2024-06-14 05:30:00,690.0,677.4,2024-06,690.0,8326865
C:\Users\v-dhramaraj\Desktop\Python\Projects\Assignment2_StockAnalysis\Data-20250430T011355Z-1-001\Data\data\2024-06,HINDALCO,678.75,2024-06-18 05:30:00,688.0,677.0,2024-06,683.6,4013739
C:\Users\v-dhramaraj\Desktop\Python\Projects\Assignment2_StockAnalysis\Data-20250430T011355Z-1-001\Data\data\2024-06,HINDALCO,662.4,2024-06-19 05:30:00,682.0,660.4,2024-06,680.05,4770356
C:\Users\v-dhramaraj\Desktop\Python\Projects\Assignment2_StockAnalysis\Data-20250430T011355Z-1-001\Data\data\2024-06,HINDALCO,676.5,2024-06-20 05:30:00,684.35,661.75,2024-06,665.0,6646966
C:\Users\v-dhramaraj\Desktop\Python\Projects\Assignment2_StockAnalysis\Data-20250430T011355Z-1-001\Data\data\2024-06,HINDALCO,684.5,2024-06-21 05:30:00,691.2,677.0,2024-06,680.0,11973903
C:\Users\v-dhramaraj\Desktop\Python\Projects\Assignment2_StockAnalysis\Data-20250430T011355Z-1-001\Data\data\2024-06,HINDALCO,685.25,2024-06-24 05:30:00,687.7,675.1,2024-06,679.6,8014595
C:\Users\v-dhramaraj\Desktop\Python\Projects\Assignment2_StockAnalysis\Data-20250430T011355Z-1-001\Data\data\2024-06,HINDALCO,685.5,2024-06-25 05:30:00,696.0,680.9,2024-06,688.8,5778636
C:\Users\v-dhramaraj\Desktop\Python\Projects\Assignment2_StockAnalysis\Data-20250430T011355Z-1-001\Data\data\2024-06,HINDALCO,674.7,2024-06-26 05:30:00,683.55,671.35,2024-06,683.55,6069407
C:\Users\v-dhramaraj\Desktop\Python\Projects\Assignment2_StockAnalysis\Data-20250430T011355Z-1-001\Data\data\2024-06,HINDALCO,685.25,2024-06-27 05:30:00,687.7,672.1,2024-06,678.0,7135387
C:\Users\v-dhramaraj\Desktop\Python\Projects\Assignment2_StockAnalysis\Data-20250430T011355Z-1-001\Data\data\2024-06,HINDALCO,693.55,2024-06-28 05:30:00,697.5,686.0,2024-06,690.25,6101211
C:\Users\v-dhramaraj\Desktop\Python\Projects\Assignment2_StockAnalysis\Data-20250430T011355Z-1-001\Data\data\2024-07,HINDALCO,689.85,2024-07-01 05:30:00,701.85,688.4,2024-07,699.0,4870114
C:\Users\v-dhramaraj\Desktop\Python\Projects\Assignment2_StockAnalysis\Data-20250430T011355Z-1-001\Data\data\2024-07,HINDALCO,694.75,2024-07-02 05:30:00,703.3,688.4,2024-07,689.9,5482768
C:\Users\v-dhramaraj\Desktop\Python\Projects\Assignment2_StockAnalysis\Data-20250430T011355Z-1-001\Data\data\2024-07,HINDALCO,691.65,2024-07-03 05:30:00,703.0,683.4,2024-07,698.9,5875690
C:\Users\v-dhramaraj\Desktop\Python\Projects\Assignment2_StockAnalysis\Data-20250430T011355Z-1-001\Data\data\2024-07,HINDALCO,691.85,2024-07-04 05:30:00,705.75,690.55,2024-07,697.7,5924057
C:\Users\v-dhramaraj\Desktop\Python\Projects\Assignment2_StockAnalysis\Data-20250430T011355Z-1-001\Data\data\2024-07,HINDALCO,699.15,2024-07-05 05:30:00,702.5,693.5,2024-07,694.0,5174673
C:\Users\v-dhramaraj\Desktop\Python\Projects\Assignment2_StockAnalysis\Data-20250430T011355Z-1-001\Data\data\2024-07,HINDALCO,697.2,2024-07-08 05:30:00,705.9,691.65,2024-07,703.65,2636146
C:\Users\v-dhramaraj\Desktop\Python\Projects\Assignment2_StockAnalysis\Data-20250430T011355Z-1-001\Data\data\2024-07,HINDALCO,707.0,2024-07-09 05:30:00,710.65,695.55,2024-07,702.0,5507357
C:\Users\v-dhramaraj\Desktop\Python\Projects\Assignment2_StockAnalysis\Data-20250430T011355Z-1-001\Data\data\2024-07,HINDALCO,693.3,2024-07-10 05:30:00,712.1,685.3,2024-07,708.0,5327276
C:\Users\v-dhramaraj\Desktop\Python\Projects\Assignment2_StockAnalysis\Data-20250430T011355Z-1-001\Data\data\2024-07,HINDALCO,696.3,2024-07-11 05:30:00,702.0,692.0,2024-07,702.0,6856272
C:\Users\v-dhramaraj\Desktop\Python\Projects\Assignment2_StockAnalysis\Data-20250430T011355Z-1-001\Data\data\2024-07,HINDALCO,692.05,2024-07-12 05:30:00,702.45,686.1,2024-07,697.5,3839953
C:\Users\v-dhramaraj\Desktop\Python\Projects\Assignment2_StockAnalysis\Data-20250430T011355Z-1-001\Data\data\2024-07,HINDALCO,700.1,2024-07-15 05:30:00,701.6,688.45,2024-07,692.05,2848268
C:\Users\v-dhramaraj\Desktop\Python\Projects\Assignment2_StockAnalysis\Data-20250430T011355Z-1-001\Data\data\2024-07,HINDALCO,690.8,2024-07-16 05:30:00,703.15,689.0,2024-07,700.3,4570179
C:\Users\v-dhramaraj\Desktop\Python\Projects\Assignment2_StockAnalysis\Data-20250430T011355Z-1-001\Data\data\2024-07,HINDALCO,689.95,2024-07-18 05:30:00,695.85,684.1,2024-07,686.0,7841505
C:\Users\v-dhramaraj\Desktop\Python\Projects\Assignment2_StockAnalysis\Data-20250430T011355Z-1-001\Data\data\2024-07,HINDALCO,663.0,2024-07-19 05:30:00,685.7,658.65,2024-07,683.9,6207375
C:\Users\v-dhramaraj\Desktop\Python\Projects\Assignment2_StockAnalysis\Data-20250430T011355Z-1-001\Data\data\2024-07,HINDALCO,672.3,2024-07-22 05:30:00,675.0,650.85,2024-07,655.0,3291634
C:\Users\v-dhramaraj\Desktop\Python\Projects\Assignment2_StockAnalysis\Data-20250430T011355Z-1-001\Data\data\2024-07,HINDALCO,653.5,2024-07-23 05:30:00,673.2,638.7,2024-07,672.3,9602846
C:\Users\v-dhramaraj\Desktop\Python\Projects\Assignment2_StockAnalysis\Data-20250430T011355Z-1-001\Data\data\2024-07,HINDALCO,651.6,2024-07-24 05:30:00,656.65,645.0,2024-07,653.0,2610134
C:\Users\v-dhramaraj\Desktop\Python\Projects\Assignment2_StockAnalysis\Data-20250430T011355Z-1-001\Data\data\2024-07,HINDALCO,646.55,2024-07-25 05:30:00,649.0,633.3,2024-07,641.95,6171776
C:\Users\v-dhramaraj\Desktop\Python\Projects\Assignment2_StockAnalysis\Data-20250430T011355Z-1-001\Data\data\2024-07,HINDALCO,667.6,2024-07-26 05:30:00,668.5,655.0,2024-07,660.0,4730539
C:\Users\v-dhramaraj\Desktop\Python\Projects\Assignment2_StockAnalysis\Data-20250430T011355Z-1-001\Data\data\2024-07,HINDALCO,666.85,2024-07-29 05:30:00,676.75,665.0,2024-07,676.75,6032470
C:\Users\v-dhramaraj\Desktop\Python\Projects\Assignment2_StockAnalysis\Data-20250430T011355Z-1-001\Data\data\2024-07,HINDALCO,660.5,2024-07-30 05:30:00,665.0,654.6,2024-07,665.0,6714850
C:\Users\v-dhramaraj\Desktop\Python\Projects\Assignment2_StockAnalysis\Data-20250430T011355Z-1-001\Data\data\2024-07,HINDALCO,669.6,2024-07-31 05:30:00,674.0,664.25,2024-07,667.0,8551592
C:\Users\v-dhramaraj\Desktop\Python\Projects\Assignment2_StockAnalysis\Data-20250430T011355Z-1-001\Data\data\2024-08,HINDALCO,673.5,2024-08-01 05:30:00,690.9,667.35,2024-08,680.0,8831127
C:\Users\v-dhramaraj\Desktop\Python\Projects\Assignment2_StockAnalysis\Data-20250430T011355Z-1-001\Data\data\2024-08,HINDALCO,648.05,2024-08-02 05:30:00,665.6,646.55,2024-08,659.8,6717210
C:\Users\v-dhramaraj\Desktop\Python\Projects\Assignment2_StockAnalysis\Data-20250430T011355Z-1-001\Data\data\2024-08,HINDALCO,614.3,2024-08-05 05:30:00,633.85,609.25,2024-08,628.05,13451475
C:\Users\v-dhramaraj\Desktop\Python\Projects\Assignment2_StockAnalysis\Data-20250430T011355Z-1-001\Data\data\2024-08,HINDALCO,610.3,2024-08-06 05:30:00,629.0,608.0,2024-08,625.0,7063441
C:\Users\v-dhramaraj\Desktop\Python\Projects\Assignment2_StockAnalysis\Data-20250430T011355Z-1-001\Data\data\2024-08,HINDALCO,623.7,2024-08-07 05:30:00,629.45,616.75,2024-08,625.0,4839670
C:\Users\v-dhramaraj\Desktop\Python\Projects\Assignment2_StockAnalysis\Data-20250430T011355Z-1-001\Data\data\2024-08,HINDALCO,614.05,2024-08-08 05:30:00,631.0,613.0,2024-08,625.0,5396272
C:\Users\v-dhramaraj\Desktop\Python\Projects\Assignment2_StockAnalysis\Data-20250430T011355Z-1-001\Data\data\2024-08,HINDALCO,622.9,2024-08-09 05:30:00,626.5,614.8,2024-08,622.0,3629264
C:\Users\v-dhramaraj\Desktop\Python\Projects\Assignment2_StockAnalysis\Data-20250430T011355Z-1-001\Data\data\2024-08,HINDALCO,629.35,2024-08-12 05:30:00,634.4,616.5,2024-08,619.0,3586449
C:\Users\v-dhramaraj\Desktop\Python\Projects\Assignment2_StockAnalysis\Data-20250430T011355Z-1-001\Data\data\2024-08,HINDALCO,621.4,2024-08-13 05:30:00,634.4,619.2,2024-08,634.4,6793767
C:\Users\v-dhramaraj\Desktop\Python\Projects\Assignment2_StockAnalysis\Data-20250430T011355Z-1-001\Data\data\2024-08,HINDALCO,621.45,2024-08-14 05:30:00,633.95,611.6,2024-08,626.85,8646288
C:\Users\v-dhramaraj\Desktop\Python\Projects\Assignment2_StockAnalysis\Data-20250430T011355Z-1-001\Data\data\2024-08,HINDALCO,634.15,2024-08-16 05:30:00,642.0,630.2,2024-08,633.95,6566337
C:\Users\v-dhramaraj\Desktop\Python\Projects\Assignment2_StockAnalysis\Data-20250430T011355Z-1-001\Data\data\2024-08,HINDALCO,658.85,2024-08-19 05:30:00,660.3,636.5,2024-08,636.5,9510274
C:\Users\v-dhramaraj\Desktop\Python\Projects\Assignment2_StockAnalysis\Data-20250430T011355Z-1-001\Data\data\2024-08,HINDALCO,672.9,2024-08-20 05:30:00,674.3,661.05,2024-08,663.0,10295836
C:\Users\v-dhramaraj\Desktop\Python\Projects\Assignment2_StockAnalysis\Data-20250430T011355Z-1-001\Data\data\2024-08,HINDALCO,685.6,2024-08-21 05:30:00,696.6,667.8,2024-08,668.9,7815238
C:\Users\v-dhramaraj\Desktop\Python\Projects\Assignment2_StockAnalysis\Data-20250430T011355Z-1-001\Data\data\2024-08,HINDALCO,685.55,2024-08-22 05:30:00,692.0,677.2,2024-08,691.5,6188728
C:\Users\v-dhramaraj\Desktop\Python\Projects\Assignment2_StockAnalysis\Data-20250430T011355Z-1-001\Data\data\2024-08,HINDALCO,685.1,2024-08-23 05:30:00,694.7,677.8,2024-08,690.05,7774920
C:\Users\v-dhramaraj\Desktop\Python\Projects\Assignment2_StockAnalysis\Data-20250430T011355Z-1-001\Data\data\2024-08,HINDALCO,711.85,2024-08-26 05:30:00,712.9,689.5,2024-08,694.4,11517668
C:\Users\v-dhramaraj\Desktop\Python\Projects\Assignment2_StockAnalysis\Data-20250430T011355Z-1-001\Data\data\2024-08,HINDALCO,703.5,2024-08-27 05:30:00,712.95,702.75,2024-08,711.9,6465241
C:\Users\v-dhramaraj\Desktop\Python\Projects\Assignment2_StockAnalysis\Data-20250430T011355Z-1-001\Data\data\2024-08,HINDALCO,705.05,2024-08-28 05:30:00,710.7,701.15,2024-08,706.0,3599946
C:\Users\v-dhramaraj\Desktop\Python\Projects\Assignment2_StockAnalysis\Data-20250430T011355Z-1-001\Data\data\2024-08,HINDALCO,700.5,2024-08-29 05:30:00,702.35,691.4,2024-08,697.65,5728640
C:\Users\v-dhramaraj\Desktop\Python\Projects\Assignment2_StockAnalysis\Data-20250430T011355Z-1-001\Data\data\2024-08,HINDALCO,701.35,2024-08-30 05:30:00,708.5,695.1,2024-08,699.0,7404373
C:\Users\v-dhramaraj\Desktop\Python\Projects\Assignment2_StockAnalysis\Data-20250430T011355Z-1-001\Data\data\2024-09,HINDALCO,683.9,2024-09-02 05:30:00,706.7,683.2,2024-09,706.7,6186645
C:\Users\v-dhramaraj\Desktop\Python\Projects\Assignment2_StockAnalysis\Data-20250430T011355Z-1-001\Data\data\2024-09,HINDALCO,678.9,2024-09-03 05:30:00,692.7,677.55,2024-09,687.65,4457291
C:\Users\v-dhramaraj\Desktop\Python\Projects\Assignment2_StockAnalysis\Data-20250430T011355Z-1-001\Data\data\2024-09,HINDALCO,666.8,2024-09-04 05:30:00,673.8,661.25,2024-09,666.65,5816848
C:\Users\v-dhramaraj\Desktop\Python\Projects\Assignment2_StockAnalysis\Data-20250430T011355Z-1-001\Data\data\2024-09,HINDALCO,669.95,2024-09-05 05:30:00,672.4,667.25,2024-09,670.0,3749608
C:\Users\v-dhramaraj\Desktop\Python\Projects\Assignment2_StockAnalysis\Data-20250430T011355Z-1-001\Data\data\2024-09,HINDALCO,667.1,2024-09-06 05:30:00,677.0,665.45,2024-09,668.25,6311131
C:\Users\v-dhramaraj\Desktop\Python\Projects\Assignment2_StockAnalysis\Data-20250430T011355Z-1-001\Data\data\2024-09,HINDALCO,658.55,2024-09-09 05:30:00,664.0,651.0,2024-09,664.0,5144488
C:\Users\v-dhramaraj\Desktop\Python\Projects\Assignment2_StockAnalysis\Data-20250430T011355Z-1-001\Data\data\2024-09,HINDALCO,659.5,2024-09-10 05:30:00,666.8,653.7,2024-09,664.9,3304741
C:\Users\v-dhramaraj\Desktop\Python\Projects\Assignment2_StockAnalysis\Data-20250430T011355Z-1-001\Data\data\2024-09,HINDALCO,647.7,2024-09-11 05:30:00,658.6,645.4,2024-09,658.6,3825823
C:\Users\v-dhramaraj\Desktop\Python\Projects\Assignment2_StockAnalysis\Data-20250430T011355Z-1-001\Data\data\2024-09,HINDALCO,676.2,2024-09-12 05:30:00,677.9,651.5,2024-09,658.0,8594764
C:\Users\v-dhramaraj\Desktop\Python\Projects\Assignment2_StockAnalysis\Data-20250430T011355Z-1-001\Data\data\2024-09,HINDALCO,673.25,2024-09-13 05:30:00,686.4,670.6,2024-09,686.0,5977861
C:\Users\v-dhramaraj\Desktop\Python\Projects\Assignment2_StockAnalysis\Data-20250430T011355Z-1-001\Data\data\2024-09,HINDALCO,685.15,2024-09-16 05:30:00,687.55,676.55,2024-09,680.1,4258546
C:\Users\v-dhramaraj\Desktop\Python\Projects\Assignment2_StockAnalysis\Data-20250430T011355Z-1-001\Data\data\2024-09,HINDALCO,683.0,2024-09-17 05:30:00,692.0,681.1,2024-09,689.0,3395470
C:\Users\v-dhramaraj\Desktop\Python\Projects\Assignment2_StockAnalysis\Data-20250430T011355Z-1-001\Data\data\2024-09,HINDALCO,685.25,2024-09-18 05:30:00,687.95,673.35,2024-09,685.0,3404940
C:\Users\v-dhramaraj\Desktop\Python\Projects\Assignment2_StockAnalysis\Data-20250430T011355Z-1-001\Data\data\2024-09,HINDALCO,684.2,2024-09-19 05:30:00,690.85,668.2,2024-09,690.0,5134590
C:\Users\v-dhramaraj\Desktop\Python\Projects\Assignment2_StockAnalysis\Data-20250430T011355Z-1-001\Data\data\2024-09,HINDALCO,694.4,2024-09-20 05:30:00,698.8,688.75,2024-09,692.1,9753966
C:\Users\v-dhramaraj\Desktop\Python\Projects\Assignment2_StockAnalysis\Data-20250430T011355Z-1-001\Data\data\2024-09,HINDALCO,690.55,2024-09-23 05:30:00,698.0,687.95,2024-09,695.5,2808114
C:\Users\v-dhramaraj\Desktop\Python\Projects\Assignment2_StockAnalysis\Data-20250430T011355Z-1-001\Data\data\2024-09,HINDALCO,717.85,2024-09-24 05:30:00,719.7,693.0,2024-09,697.6,15201960
C:\Users\v-dhramaraj\Desktop\Python\Projects\Assignment2_StockAnalysis\Data-20250430T011355Z-1-001\Data\data\2024-09,HINDALCO,718.45,2024-09-25 05:30:00,730.9,715.55,2024-09,725.0,9525319
C:\Users\v-dhramaraj\Desktop\Python\Projects\Assignment2_StockAnalysis\Data-20250430T011355Z-1-001\Data\data\2024-09,HINDALCO,734.65,2024-09-26 05:30:00,736.15,710.7,2024-09,718.45,10573166
C:\Users\v-dhramaraj\Desktop\Python\Projects\Assignment2_StockAnalysis\Data-20250430T011355Z-1-001\Data\data\2024-09,HINDALCO,747.15,2024-09-27 05:30:00,757.7,742.1,2024-09,746.95,12936973
C:\Users\v-dhramaraj\Desktop\Python\Projects\Assignment2_StockAnalysis\Data-20250430T011355Z-1-001\Data\data\2024-09,HINDALCO,756.2,2024-09-30 05:30:00,764.45,749.45,2024-09,750.0,8566640
C:\Users\v-dhramaraj\Desktop\Python\Projects\Assignment2_StockAnalysis\Data-20250430T011355Z-1-001\Data\data\2024-10,HINDALCO,761.55,2024-10-01 05:30:00,765.5,745.2,2024-10,755.0,4402151
C:\Users\v-dhramaraj\Desktop\Python\Projects\Assignment2_StockAnalysis\Data-20250430T011355Z-1-001\Data\data\2024-10,HINDALCO,747.1,2024-10-03 05:30:00,772.65,744.7,2024-10,750.0,5649089
C:\Users\v-dhramaraj\Desktop\Python\Projects\Assignment2_StockAnalysis\Data-20250430T011355Z-1-001\Data\data\2024-10,HINDALCO,747.9,2024-10-04 05:30:00,757.55,740.05,2024-10,742.65,4624509
C:\Users\v-dhramaraj\Desktop\Python\Projects\Assignment2_StockAnalysis\Data-20250430T011355Z-1-001\Data\data\2024-10,HINDALCO,731.3,2024-10-07 05:30:00,753.0,722.5,2024-10,753.0,5862059
C:\Users\v-dhramaraj\Desktop\Python\Projects\Assignment2_StockAnalysis\Data-20250430T011355Z-1-001\Data\data\2024-10,HINDALCO,721.8,2024-10-08 05:30:00,732.0,708.0,2024-10,723.5,5418558
C:\Users\v-dhramaraj\Desktop\Python\Projects\Assignment2_StockAnalysis\Data-20250430T011355Z-1-001\Data\data\2024-10,HINDALCO,727.55,2024-10-09 05:30:00,735.75,710.0,2024-10,710.0,3733320
C:\Users\v-dhramaraj\Desktop\Python\Projects\Assignment2_StockAnalysis\Data-20250430T011355Z-1-001\Data\data\2024-10,HINDALCO,730.15,2024-10-10 05:30:00,738.2,726.3,2024-10,731.9,3890250
C:\Users\v-dhramaraj\Desktop\Python\Projects\Assignment2_StockAnalysis\Data-20250430T011355Z-1-001\Data\data\2024-10,HINDALCO,747.35,2024-10-11 05:30:00,749.95,733.05,2024-10,736.0,5224383
C:\Users\v-dhramaraj\Desktop\Python\Projects\Assignment2_StockAnalysis\Data-20250430T011355Z-1-001\Data\data\2024-10,HINDALCO,743.0,2024-10-14 05:30:00,755.0,739.45,2024-10,746.0,2540789
C:\Users\v-dhramaraj\Desktop\Python\Projects\Assignment2_StockAnalysis\Data-20250430T011355Z-1-001\Data\data\2024-10,HINDALCO,726.95,2024-10-15 05:30:00,750.0,720.65,2024-10,746.0,3056619
C:\Users\v-dhramaraj\Desktop\Python\Projects\Assignment2_StockAnalysis\Data-20250430T011355Z-1-001\Data\data\2024-10,HINDALCO,733.1,2024-10-16 05:30:00,738.9,726.05,2024-10,728.5,3207796
C:\Users\v-dhramaraj\Desktop\Python\Projects\Assignment2_StockAnalysis\Data-20250430T011355Z-1-001\Data\data\2024-10,HINDALCO,734.8,2024-10-17 05:30:00,747.3,732.35,2024-10,741.1,6213860
C:\Users\v-dhramaraj\Desktop\Python\Projects\Assignment2_StockAnalysis\Data-20250430T011355Z-1-001\Data\data\2024-10,HINDALCO,753.5,2024-10-18 05:30:00,756.45,725.05,2024-10,734.8,5474367
C:\Users\v-dhramaraj\Desktop\Python\Projects\Assignment2_StockAnalysis\Data-20250430T011355Z-1-001\Data\data\2024-10,HINDALCO,739.6,2024-10-21 05:30:00,765.45,737.0,2024-10,760.0,2981749
C:\Users\v-dhramaraj\Desktop\Python\Projects\Assignment2_StockAnalysis\Data-20250430T011355Z-1-001\Data\data\2024-10,HINDALCO,720.25,2024-10-22 05:30:00,745.8,718.3,2024-10,733.0,5672302
C:\Users\v-dhramaraj\Desktop\Python\Projects\Assignment2_StockAnalysis\Data-20250430T011355Z-1-001\Data\data\2024-10,HINDALCO,717.1,2024-10-23 05:30:00,731.15,713.3,2024-10,716.0,6522834
C:\Users\v-dhramaraj\Desktop\Python\Projects\Assignment2_StockAnalysis\Data-20250430T011355Z-1-001\Data\data\2024-10,HINDALCO,690.7,2024-10-24 05:30:00,715.0,666.75,2024-10,715.0,14909729
C:\Users\v-dhramaraj\Desktop\Python\Projects\Assignment2_StockAnalysis\Data-20250430T011355Z-1-001\Data\data\2024-10,HINDALCO,678.75,2024-10-25 05:30:00,694.9,668.45,2024-10,694.5,4091651
C:\Users\v-dhramaraj\Desktop\Python\Projects\Assignment2_StockAnalysis\Data-20250430T011355Z-1-001\Data\data\2024-10,HINDALCO,692.9,2024-10-28 05:30:00,697.0,680.8,2024-10,681.0,2587719
C:\Users\v-dhramaraj\Desktop\Python\Projects\Assignment2_StockAnalysis\Data-20250430T011355Z-1-001\Data\data\2024-10,HINDALCO,693.6,2024-10-29 05:30:00,696.2,676.45,2024-10,692.9,4293867
C:\Users\v-dhramaraj\Desktop\Python\Projects\Assignment2_StockAnalysis\Data-20250430T011355Z-1-001\Data\data\2024-10,HINDALCO,688.4,2024-10-30 05:30:00,698.8,685.4,2024-10,690.95,3284187
C:\Users\v-dhramaraj\Desktop\Python\Projects\Assignment2_StockAnalysis\Data-20250430T011355Z-1-001\Data\data\2024-10,HINDALCO,686.05,2024-10-31 05:30:00,689.55,679.25,2024-10,686.85,4478581
C:\Users\v-dhramaraj\Desktop\Python\Projects\Assignment2_StockAnalysis\Data-20250430T011355Z-1-001\Data\data\2024-11,HINDALCO,690.9,2024-11-01 05:30:00,693.9,687.2,2024-11,687.5,472898
C:\Users\v-dhramaraj\Desktop\Python\Projects\Assignment2_StockAnalysis\Data-20250430T011355Z-1-001\Data\data\2024-11,HINDALCO,674.3,2024-11-04 05:30:00,689.9,661.6,2024-11,689.0,5245661
C:\Users\v-dhramaraj\Desktop\Python\Projects\Assignment2_StockAnalysis\Data-20250430T011355Z-1-001\Data\data\2024-11,HINDALCO,697.55,2024-11-05 05:30:00,701.45,674.8,2024-11,675.6,4931994
C:\Users\v-dhramaraj\Desktop\Python\Projects\Assignment2_StockAnalysis\Data-20250430T011355Z-1-001\Data\data\2024-11,HINDALCO,708.2,2024-11-06 05:30:00,714.25,687.85,2024-11,706.0,5500043
C:\Users\v-dhramaraj\Desktop\Python\Projects\Assignment2_StockAnalysis\Data-20250430T011355Z-1-001\Data\data\2024-11,HINDALCO,648.1,2024-11-07 05:30:00,687.7,646.3,2024-11,682.0,26671445
C:\Users\v-dhramaraj\Desktop\Python\Projects\Assignment2_StockAnalysis\Data-20250430T011355Z-1-001\Data\data\2024-11,HINDALCO,650.45,2024-11-08 05:30:00,660.45,647.0,2024-11,654.75,7886228
C:\Users\v-dhramaraj\Desktop\Python\Projects\Assignment2_StockAnalysis\Data-20250430T011355Z-1-001\Data\data\2024-11,HINDALCO,655.35,2024-11-11 05:30:00,657.6,638.7,2024-11,647.45,4933389
C:\Users\v-dhramaraj\Desktop\Python\Projects\Assignment2_StockAnalysis\Data-20250430T011355Z-1-001\Data\data\2024-11,HINDALCO,651.65,2024-11-12 05:30:00,673.5,648.15,2024-11,668.0,12009560
C:\Users\v-dhramaraj\Desktop\Python\Projects\Assignment2_StockAnalysis\Data-20250430T011355Z-1-001\Data\data\2024-11,HINDALCO,626.6,2024-11-13 05:30:00,649.9,622.55,2024-11,648.0,7867492
C:\Users\v-dhramaraj\Desktop\Python\Projects\Assignment2_StockAnalysis\Data-20250430T011355Z-1-001\Data\data\2024-11,HINDALCO,627.35,2024-11-14 05:30:00,636.45,625.15,2024-11,630.0,6937416
C:\Users\v-dhramaraj\Desktop\Python\Projects\Assignment2_StockAnalysis\Data-20250430T011355Z-1-001\Data\data\2024-11,HINDALCO,651.05,2024-11-18 05:30:00,663.1,639.9,2024-11,641.9,13618683
C:\Users\v-dhramaraj\Desktop\Python\Projects\Assignment2_StockAnalysis\Data-20250430T011355Z-1-001\Data\data\2024-11,HINDALCO,640.0,2024-11-19 05:30:00,655.55,637.65,2024-11,651.1,5015887
C:\Users\v-dhramaraj\Desktop\Python\Projects\Assignment2_StockAnalysis\Data-20250430T011355Z-1-001\Data\data\2024-11,HINDALCO,648.05,2024-11-21 05:30:00,653.9,634.3,2024-11,641.0,7910597
C:\Users\v-dhramaraj\Desktop\Python\Projects\Assignment2_StockAnalysis\Data-20250430T011355Z-1-001\Data\data\2024-11,HINDALCO,652.1,2024-11-22 05:30:00,657.3,647.4,2024-11,652.95,3586402
