Source Folder,Ticker,close,date,high,low,month,open,volume
C:\Users\v-dhramaraj\Desktop\Python\Projects\Assignment2_StockAnalysis\Data-20250430T011355Z-1-001\Data\data\2023-10,ICICIBANK,940.3,2023-10-03 05:30:00,951.6,939.0,2023-10,951.6,11131636
C:\Users\v-dhramaraj\Desktop\Python\Projects\Assignment2_StockAnalysis\Data-20250430T011355Z-1-001\Data\data\2023-10,ICICIBANK,930.05,2023-10-04 05:30:00,935.5,925.0,2023-10,935.0,17334739
C:\Users\v-dhramaraj\Desktop\Python\Projects\Assignment2_StockAnalysis\Data-20250430T011355Z-1-001\Data\data\2023-10,ICICIBANK,940.85,2023-10-05 05:30:00,943.95,934.55,2023-10,935.2,10478856
C:\Users\v-dhramaraj\Desktop\Python\Projects\Assignment2_StockAnalysis\Data-20250430T011355Z-1-001\Data\data\2023-10,ICICIBANK,945.2,2023-10-06 05:30:00,946.55,938.0,2023-10,946.0,6355755
C:\Users\v-dhramaraj\Desktop\Python\Projects\Assignment2_StockAnalysis\Data-20250430T011355Z-1-001\Data\data\2023-10,ICICIBANK,938.6,2023-10-09 05:30:00,942.05,936.3,2023-10,940.25,6725306
C:\Users\v-dhramaraj\Desktop\Python\Projects\Assignment2_StockAnalysis\Data-20250430T011355Z-1-001\Data\data\2023-10,ICICIBANK,951.2,2023-10-10 05:30:00,957.5,940.35,2023-10,940.4,11452715
C:\Users\v-dhramaraj\Desktop\Python\Projects\Assignment2_StockAnalysis\Data-20250430T011355Z-1-001\Data\data\2023-10,ICICIBANK,953.1,2023-10-11 05:30:00,962.05,950.75,2023-10,954.9,12233117
C:\Users\v-dhramaraj\Desktop\Python\Projects\Assignment2_StockAnalysis\Data-20250430T011355Z-1-001\Data\data\2023-10,ICICIBANK,954.25,2023-10-12 05:30:00,960.1,948.4,2023-10,952.85,7836818
C:\Users\v-dhramaraj\Desktop\Python\Projects\Assignment2_StockAnalysis\Data-20250430T011355Z-1-001\Data\data\2023-10,ICICIBANK,951.3,2023-10-13 05:30:00,957.4,944.55,2023-10,949.95,6650442
C:\Users\v-dhramaraj\Desktop\Python\Projects\Assignment2_StockAnalysis\Data-20250430T011355Z-1-001\Data\data\2023-10,ICICIBANK,951.4,2023-10-16 05:30:00,954.85,946.15,2023-10,948.5,5763024
C:\Users\v-dhramaraj\Desktop\Python\Projects\Assignment2_StockAnalysis\Data-20250430T011355Z-1-001\Data\data\2023-10,ICICIBANK,953.9,2023-10-17 05:30:00,960.95,951.5,2023-10,955.4,7747527
C:\Users\v-dhramaraj\Desktop\Python\Projects\Assignment2_StockAnalysis\Data-20250430T011355Z-1-001\Data\data\2023-10,ICICIBANK,943.75,2023-10-18 05:30:00,950.65,939.1,2023-10,949.2,12000153
C:\Users\v-dhramaraj\Desktop\Python\Projects\Assignment2_StockAnalysis\Data-20250430T011355Z-1-001\Data\data\2023-10,ICICIBANK,935.75,2023-10-19 05:30:00,945.0,934.0,2023-10,936.0,8612676
C:\Users\v-dhramaraj\Desktop\Python\Projects\Assignment2_StockAnalysis\Data-20250430T011355Z-1-001\Data\data\2023-10,ICICIBANK,932.75,2023-10-20 05:30:00,940.0,930.0,2023-10,932.0,6586576
C:\Users\v-dhramaraj\Desktop\Python\Projects\Assignment2_StockAnalysis\Data-20250430T011355Z-1-001\Data\data\2023-10,ICICIBANK,929.95,2023-10-23 05:30:00,944.8,925.4,2023-10,942.0,11856890
C:\Users\v-dhramaraj\Desktop\Python\Projects\Assignment2_StockAnalysis\Data-20250430T011355Z-1-001\Data\data\2023-10,ICICIBANK,916.1,2023-10-25 05:30:00,933.8,911.4,2023-10,926.05,12593434
C:\Users\v-dhramaraj\Desktop\Python\Projects\Assignment2_StockAnalysis\Data-20250430T011355Z-1-001\Data\data\2023-10,ICICIBANK,908.65,2023-10-26 05:30:00,916.6,899.0,2023-10,914.3,21693345
C:\Users\v-dhramaraj\Desktop\Python\Projects\Assignment2_StockAnalysis\Data-20250430T011355Z-1-001\Data\data\2023-10,ICICIBANK,912.75,2023-10-27 05:30:00,918.15,911.3,2023-10,916.0,8645505
C:\Users\v-dhramaraj\Desktop\Python\Projects\Assignment2_StockAnalysis\Data-20250430T011355Z-1-001\Data\data\2023-10,ICICIBANK,924.9,2023-10-30 05:30:00,926.3,908.2,2023-10,909.1,7687791
C:\Users\v-dhramaraj\Desktop\Python\Projects\Assignment2_StockAnalysis\Data-20250430T011355Z-1-001\Data\data\2023-10,ICICIBANK,915.35,2023-10-31 05:30:00,931.0,914.1,2023-10,929.3,17211107
C:\Users\v-dhramaraj\Desktop\Python\Projects\Assignment2_StockAnalysis\Data-20250430T011355Z-1-001\Data\data\2023-11,ICICIBANK,914.05,2023-11-01 05:30:00,917.6,909.3,2023-11,913.8,12927203
C:\Users\v-dhramaraj\Desktop\Python\Projects\Assignment2_StockAnalysis\Data-20250430T011355Z-1-001\Data\data\2023-11,ICICIBANK,919.95,2023-11-02 05:30:00,924.8,912.8,2023-11,920.05,9747311
C:\Users\v-dhramaraj\Desktop\Python\Projects\Assignment2_StockAnalysis\Data-20250430T011355Z-1-001\Data\data\2023-11,ICICIBANK,933.8,2023-11-03 05:30:00,934.5,926.8,2023-11,928.55,7146961
C:\Users\v-dhramaraj\Desktop\Python\Projects\Assignment2_StockAnalysis\Data-20250430T011355Z-1-001\Data\data\2023-11,ICICIBANK,945.45,2023-11-06 05:30:00,947.75,937.4,2023-11,941.0,10338367
C:\Users\v-dhramaraj\Desktop\Python\Projects\Assignment2_StockAnalysis\Data-20250430T011355Z-1-001\Data\data\2023-11,ICICIBANK,948.1,2023-11-07 05:30:00,950.45,930.45,2023-11,943.6,15704942
C:\Users\v-dhramaraj\Desktop\Python\Projects\Assignment2_StockAnalysis\Data-20250430T011355Z-1-001\Data\data\2023-11,ICICIBANK,935.75,2023-11-08 05:30:00,948.45,934.1,2023-11,948.45,17606074
C:\Users\v-dhramaraj\Desktop\Python\Projects\Assignment2_StockAnalysis\Data-20250430T011355Z-1-001\Data\data\2023-11,ICICIBANK,937.35,2023-11-09 05:30:00,942.35,933.0,2023-11,934.0,9406117
C:\Users\v-dhramaraj\Desktop\Python\Projects\Assignment2_StockAnalysis\Data-20250430T011355Z-1-001\Data\data\2023-11,ICICIBANK,938.6,2023-11-10 05:30:00,941.45,932.4,2023-11,934.9,9560455
C:\Users\v-dhramaraj\Desktop\Python\Projects\Assignment2_StockAnalysis\Data-20250430T011355Z-1-001\Data\data\2023-11,ICICIBANK,942.35,2023-11-12 05:30:00,943.2,939.6,2023-11,942.0,1561479
C:\Users\v-dhramaraj\Desktop\Python\Projects\Assignment2_StockAnalysis\Data-20250430T011355Z-1-001\Data\data\2023-11,ICICIBANK,934.45,2023-11-13 05:30:00,940.9,932.0,2023-11,940.9,11470096
C:\Users\v-dhramaraj\Desktop\Python\Projects\Assignment2_StockAnalysis\Data-20250430T011355Z-1-001\Data\data\2023-11,ICICIBANK,941.1,2023-11-15 05:30:00,944.4,938.75,2023-11,944.4,19492138
C:\Users\v-dhramaraj\Desktop\Python\Projects\Assignment2_StockAnalysis\Data-20250430T011355Z-1-001\Data\data\2023-11,ICICIBANK,936.0,2023-11-16 05:30:00,946.2,934.0,2023-11,939.0,19706373
C:\Users\v-dhramaraj\Desktop\Python\Projects\Assignment2_StockAnalysis\Data-20250430T011355Z-1-001\Data\data\2023-11,ICICIBANK,921.85,2023-11-17 05:30:00,938.4,920.15,2023-11,926.55,10956653
C:\Users\v-dhramaraj\Desktop\Python\Projects\Assignment2_StockAnalysis\Data-20250430T011355Z-1-001\Data\data\2023-11,ICICIBANK,921.45,2023-11-20 05:30:00,926.75,917.5,2023-11,922.0,10562301
C:\Users\v-dhramaraj\Desktop\Python\Projects\Assignment2_StockAnalysis\Data-20250430T011355Z-1-001\Data\data\2023-11,ICICIBANK,926.1,2023-11-21 05:30:00,928.05,922.0,2023-11,924.4,8989572
C:\Users\v-dhramaraj\Desktop\Python\Projects\Assignment2_StockAnalysis\Data-20250430T011355Z-1-001\Data\data\2023-11,ICICIBANK,922.75,2023-11-22 05:30:00,925.2,914.75,2023-11,923.25,12197979
C:\Users\v-dhramaraj\Desktop\Python\Projects\Assignment2_StockAnalysis\Data-20250430T011355Z-1-001\Data\data\2023-11,ICICIBANK,923.0,2023-11-23 05:30:00,925.35,918.5,2023-11,923.0,5534614
C:\Users\v-dhramaraj\Desktop\Python\Projects\Assignment2_StockAnalysis\Data-20250430T011355Z-1-001\Data\data\2023-11,ICICIBANK,929.4,2023-11-24 05:30:00,930.4,920.2,2023-11,921.5,7452002
C:\Users\v-dhramaraj\Desktop\Python\Projects\Assignment2_StockAnalysis\Data-20250430T011355Z-1-001\Data\data\2023-11,ICICIBANK,925.5,2023-11-28 05:30:00,931.05,921.7,2023-11,928.9,14231987
C:\Users\v-dhramaraj\Desktop\Python\Projects\Assignment2_StockAnalysis\Data-20250430T011355Z-1-001\Data\data\2023-11,ICICIBANK,939.6,2023-11-29 05:30:00,941.1,926.0,2023-11,930.9,11680078
C:\Users\v-dhramaraj\Desktop\Python\Projects\Assignment2_StockAnalysis\Data-20250430T011355Z-1-001\Data\data\2023-11,ICICIBANK,934.95,2023-11-30 05:30:00,940.85,928.2,2023-11,938.95,23950292
C:\Users\v-dhramaraj\Desktop\Python\Projects\Assignment2_StockAnalysis\Data-20250430T011355Z-1-001\Data\data\2023-12,ICICIBANK,946.7,2023-12-01 05:30:00,952.0,933.0,2023-12,935.95,16986046
C:\Users\v-dhramaraj\Desktop\Python\Projects\Assignment2_StockAnalysis\Data-20250430T011355Z-1-001\Data\data\2023-12,ICICIBANK,991.2,2023-12-04 05:30:00,994.85,961.4,2023-12,963.7,33131257
C:\Users\v-dhramaraj\Desktop\Python\Projects\Assignment2_StockAnalysis\Data-20250430T011355Z-1-001\Data\data\2023-12,ICICIBANK,1013.45,2023-12-05 05:30:00,1015.75,995.05,2023-12,1002.5,31378461
C:\Users\v-dhramaraj\Desktop\Python\Projects\Assignment2_StockAnalysis\Data-20250430T011355Z-1-001\Data\data\2023-12,ICICIBANK,1003.25,2023-12-06 05:30:00,1016.25,1000.25,2023-12,1014.0,18786590
C:\Users\v-dhramaraj\Desktop\Python\Projects\Assignment2_StockAnalysis\Data-20250430T011355Z-1-001\Data\data\2023-12,ICICIBANK,999.0,2023-12-07 05:30:00,1002.2,988.15,2023-12,996.35,11841945
C:\Users\v-dhramaraj\Desktop\Python\Projects\Assignment2_StockAnalysis\Data-20250430T011355Z-1-001\Data\data\2023-12,ICICIBANK,1010.85,2023-12-08 05:30:00,1012.85,993.25,2023-12,994.5,16116363
C:\Users\v-dhramaraj\Desktop\Python\Projects\Assignment2_StockAnalysis\Data-20250430T011355Z-1-001\Data\data\2023-12,ICICIBANK,1017.1,2023-12-11 05:30:00,1020.0,1004.65,2023-12,1007.1,11714606
C:\Users\v-dhramaraj\Desktop\Python\Projects\Assignment2_StockAnalysis\Data-20250430T011355Z-1-001\Data\data\2023-12,ICICIBANK,1015.7,2023-12-12 05:30:00,1021.0,1008.6,2023-12,1017.1,12380856
C:\Users\v-dhramaraj\Desktop\Python\Projects\Assignment2_StockAnalysis\Data-20250430T011355Z-1-001\Data\data\2023-12,ICICIBANK,1013.9,2023-12-13 05:30:00,1020.7,1009.2,2023-12,1014.8,15887040
C:\Users\v-dhramaraj\Desktop\Python\Projects\Assignment2_StockAnalysis\Data-20250430T011355Z-1-001\Data\data\2023-12,ICICIBANK,1033.65,2023-12-14 05:30:00,1040.0,1021.25,2023-12,1022.25,16317672
C:\Users\v-dhramaraj\Desktop\Python\Projects\Assignment2_StockAnalysis\Data-20250430T011355Z-1-001\Data\data\2023-12,ICICIBANK,1037.4,2023-12-15 05:30:00,1043.7,1025.7,2023-12,1043.65,14306067
C:\Users\v-dhramaraj\Desktop\Python\Projects\Assignment2_StockAnalysis\Data-20250430T011355Z-1-001\Data\data\2023-12,ICICIBANK,1021.45,2023-12-18 05:30:00,1029.95,1018.0,2023-12,1029.95,8592711
C:\Users\v-dhramaraj\Desktop\Python\Projects\Assignment2_StockAnalysis\Data-20250430T011355Z-1-001\Data\data\2023-12,ICICIBANK,1015.45,2023-12-19 05:30:00,1025.5,1012.6,2023-12,1025.5,10094256
C:\Users\v-dhramaraj\Desktop\Python\Projects\Assignment2_StockAnalysis\Data-20250430T011355Z-1-001\Data\data\2023-12,ICICIBANK,1006.65,2023-12-20 05:30:00,1022.0,1002.0,2023-12,1022.0,16490281
C:\Users\v-dhramaraj\Desktop\Python\Projects\Assignment2_StockAnalysis\Data-20250430T011355Z-1-001\Data\data\2023-12,ICICIBANK,1004.4,2023-12-21 05:30:00,1010.9,989.2,2023-12,996.55,18064916
C:\Users\v-dhramaraj\Desktop\Python\Projects\Assignment2_StockAnalysis\Data-20250430T011355Z-1-001\Data\data\2023-12,ICICIBANK,994.3,2023-12-22 05:30:00,1009.55,991.6,2023-12,1002.95,20881976
C:\Users\v-dhramaraj\Desktop\Python\Projects\Assignment2_StockAnalysis\Data-20250430T011355Z-1-001\Data\data\2023-12,ICICIBANK,995.1,2023-12-26 05:30:00,997.5,989.9,2023-12,994.9,14339699
C:\Users\v-dhramaraj\Desktop\Python\Projects\Assignment2_StockAnalysis\Data-20250430T011355Z-1-001\Data\data\2023-12,ICICIBANK,1002.25,2023-12-27 05:30:00,1004.9,992.0,2023-12,997.95,12996468
C:\Users\v-dhramaraj\Desktop\Python\Projects\Assignment2_StockAnalysis\Data-20250430T011355Z-1-001\Data\data\2023-12,ICICIBANK,1005.9,2023-12-28 05:30:00,1011.7,999.1,2023-12,1008.0,24915990
C:\Users\v-dhramaraj\Desktop\Python\Projects\Assignment2_StockAnalysis\Data-20250430T011355Z-1-001\Data\data\2023-12,ICICIBANK,996.6,2023-12-29 05:30:00,1008.55,993.7,2023-12,1004.05,12280140
C:\Users\v-dhramaraj\Desktop\Python\Projects\Assignment2_StockAnalysis\Data-20250430T011355Z-1-001\Data\data\2024-01,ICICIBANK,999.4,2024-01-01 05:30:00,1004.85,991.0,2024-01,991.55,7683792
C:\Users\v-dhramaraj\Desktop\Python\Projects\Assignment2_StockAnalysis\Data-20250430T011355Z-1-001\Data\data\2024-01,ICICIBANK,982.25,2024-01-02 05:30:00,997.65,980.25,2024-01,997.0,16263825
C:\Users\v-dhramaraj\Desktop\Python\Projects\Assignment2_StockAnalysis\Data-20250430T011355Z-1-001\Data\data\2024-01,ICICIBANK,984.05,2024-01-03 05:30:00,988.0,975.1,2024-01,984.7,16826752
C:\Users\v-dhramaraj\Desktop\Python\Projects\Assignment2_StockAnalysis\Data-20250430T011355Z-1-001\Data\data\2024-01,ICICIBANK,987.15,2024-01-04 05:30:00,989.15,981.9,2024-01,986.4,22789140
C:\Users\v-dhramaraj\Desktop\Python\Projects\Assignment2_StockAnalysis\Data-20250430T011355Z-1-001\Data\data\2024-01,ICICIBANK,993.7,2024-01-05 05:30:00,998.3,983.8,2024-01,988.0,14875499
C:\Users\v-dhramaraj\Desktop\Python\Projects\Assignment2_StockAnalysis\Data-20250430T011355Z-1-001\Data\data\2024-01,ICICIBANK,982.0,2024-01-08 05:30:00,998.2,980.3,2024-01,994.0,8393164
C:\Users\v-dhramaraj\Desktop\Python\Projects\Assignment2_StockAnalysis\Data-20250430T011355Z-1-001\Data\data\2024-01,ICICIBANK,979.75,2024-01-09 05:30:00,995.0,975.4,2024-01,986.25,14660414
C:\Users\v-dhramaraj\Desktop\Python\Projects\Assignment2_StockAnalysis\Data-20250430T011355Z-1-001\Data\data\2024-01,ICICIBANK,993.05,2024-01-10 05:30:00,994.95,974.3,2024-01,974.3,9409181
C:\Users\v-dhramaraj\Desktop\Python\Projects\Assignment2_StockAnalysis\Data-20250430T011355Z-1-001\Data\data\2024-01,ICICIBANK,991.15,2024-01-11 05:30:00,998.5,986.85,2024-01,995.3,6451345
C:\Users\v-dhramaraj\Desktop\Python\Projects\Assignment2_StockAnalysis\Data-20250430T011355Z-1-001\Data\data\2024-01,ICICIBANK,1003.5,2024-01-12 05:30:00,1008.7,991.75,2024-01,994.8,12255743
C:\Users\v-dhramaraj\Desktop\Python\Projects\Assignment2_StockAnalysis\Data-20250430T011355Z-1-001\Data\data\2024-01,ICICIBANK,1009.85,2024-01-15 05:30:00,1011.65,999.25,2024-01,1003.5,12388044
C:\Users\v-dhramaraj\Desktop\Python\Projects\Assignment2_StockAnalysis\Data-20250430T011355Z-1-001\Data\data\2024-01,ICICIBANK,1009.05,2024-01-16 05:30:00,1015.8,1004.6,2024-01,1006.1,11505126
C:\Users\v-dhramaraj\Desktop\Python\Projects\Assignment2_StockAnalysis\Data-20250430T011355Z-1-001\Data\data\2024-01,ICICIBANK,981.75,2024-01-17 05:30:00,1007.8,976.75,2024-01,987.9,41914771
C:\Users\v-dhramaraj\Desktop\Python\Projects\Assignment2_StockAnalysis\Data-20250430T011355Z-1-001\Data\data\2024-01,ICICIBANK,986.35,2024-01-18 05:30:00,994.3,970.15,2024-01,973.95,17902484
C:\Users\v-dhramaraj\Desktop\Python\Projects\Assignment2_StockAnalysis\Data-20250430T011355Z-1-001\Data\data\2024-01,ICICIBANK,999.2,2024-01-19 05:30:00,1010.9,987.55,2024-01,991.3,23271148
C:\Users\v-dhramaraj\Desktop\Python\Projects\Assignment2_StockAnalysis\Data-20250430T011355Z-1-001\Data\data\2024-01,ICICIBANK,1008.7,2024-01-20 05:30:00,1014.7,995.3,2024-01,1005.95,8788873
C:\Users\v-dhramaraj\Desktop\Python\Projects\Assignment2_StockAnalysis\Data-20250430T011355Z-1-001\Data\data\2024-01,ICICIBANK,1029.05,2024-01-23 05:30:00,1059.4,1021.2,2024-01,1059.1,50797448
C:\Users\v-dhramaraj\Desktop\Python\Projects\Assignment2_StockAnalysis\Data-20250430T011355Z-1-001\Data\data\2024-01,ICICIBANK,999.2,2024-01-24 05:30:00,1035.95,996.65,2024-01,1029.45,34578943
C:\Users\v-dhramaraj\Desktop\Python\Projects\Assignment2_StockAnalysis\Data-20250430T011355Z-1-001\Data\data\2024-01,ICICIBANK,1009.95,2024-01-25 05:30:00,1015.1,988.15,2024-01,998.4,28315035
C:\Users\v-dhramaraj\Desktop\Python\Projects\Assignment2_StockAnalysis\Data-20250430T011355Z-1-001\Data\data\2024-01,ICICIBANK,1016.4,2024-01-29 05:30:00,1032.0,1010.0,2024-01,1020.0,14078922
C:\Users\v-dhramaraj\Desktop\Python\Projects\Assignment2_StockAnalysis\Data-20250430T011355Z-1-001\Data\data\2024-01,ICICIBANK,1016.9,2024-01-30 05:30:00,1023.85,1008.0,2024-01,1014.95,16085742
C:\Users\v-dhramaraj\Desktop\Python\Projects\Assignment2_StockAnalysis\Data-20250430T011355Z-1-001\Data\data\2024-01,ICICIBANK,1028.15,2024-01-31 05:30:00,1039.0,1003.25,2024-01,1016.8,25627447
C:\Users\v-dhramaraj\Desktop\Python\Projects\Assignment2_StockAnalysis\Data-20250430T011355Z-1-001\Data\data\2024-02,ICICIBANK,1025.15,2024-02-01 05:30:00,1033.95,1017.4,2024-02,1033.95,13058880
C:\Users\v-dhramaraj\Desktop\Python\Projects\Assignment2_StockAnalysis\Data-20250430T011355Z-1-001\Data\data\2024-02,ICICIBANK,1024.0,2024-02-02 05:30:00,1050.0,1021.65,2024-02,1037.1,14774650
C:\Users\v-dhramaraj\Desktop\Python\Projects\Assignment2_StockAnalysis\Data-20250430T011355Z-1-001\Data\data\2024-02,ICICIBANK,1023.5,2024-02-05 05:30:00,1026.45,1012.1,2024-02,1022.5,12948430
C:\Users\v-dhramaraj\Desktop\Python\Projects\Assignment2_StockAnalysis\Data-20250430T011355Z-1-001\Data\data\2024-02,ICICIBANK,1026.4,2024-02-06 05:30:00,1034.9,1016.7,2024-02,1023.55,12886927
C:\Users\v-dhramaraj\Desktop\Python\Projects\Assignment2_StockAnalysis\Data-20250430T011355Z-1-001\Data\data\2024-02,ICICIBANK,1022.15,2024-02-07 05:30:00,1031.55,1013.0,2024-02,1028.0,16410895
C:\Users\v-dhramaraj\Desktop\Python\Projects\Assignment2_StockAnalysis\Data-20250430T011355Z-1-001\Data\data\2024-02,ICICIBANK,989.3,2024-02-08 05:30:00,1028.25,985.25,2024-02,1024.1,20565502
C:\Users\v-dhramaraj\Desktop\Python\Projects\Assignment2_StockAnalysis\Data-20250430T011355Z-1-001\Data\data\2024-02,ICICIBANK,1010.7,2024-02-09 05:30:00,1013.75,985.5,2024-02,988.85,12799837
C:\Users\v-dhramaraj\Desktop\Python\Projects\Assignment2_StockAnalysis\Data-20250430T011355Z-1-001\Data\data\2024-02,ICICIBANK,996.1,2024-02-12 05:30:00,1012.2,985.25,2024-02,1010.4,8050066
C:\Users\v-dhramaraj\Desktop\Python\Projects\Assignment2_StockAnalysis\Data-20250430T011355Z-1-001\Data\data\2024-02,ICICIBANK,1019.8,2024-02-13 05:30:00,1027.05,1000.3,2024-02,1006.0,18706292
C:\Users\v-dhramaraj\Desktop\Python\Projects\Assignment2_StockAnalysis\Data-20250430T011355Z-1-001\Data\data\2024-02,ICICIBANK,1022.7,2024-02-14 05:30:00,1035.7,1007.55,2024-02,1009.55,17878720
C:\Users\v-dhramaraj\Desktop\Python\Projects\Assignment2_StockAnalysis\Data-20250430T011355Z-1-001\Data\data\2024-02,ICICIBANK,1016.65,2024-02-15 05:30:00,1026.65,1006.6,2024-02,1022.85,10069878
C:\Users\v-dhramaraj\Desktop\Python\Projects\Assignment2_StockAnalysis\Data-20250430T011355Z-1-001\Data\data\2024-02,ICICIBANK,1023.25,2024-02-16 05:30:00,1026.2,1016.9,2024-02,1023.2,7159395
C:\Users\v-dhramaraj\Desktop\Python\Projects\Assignment2_StockAnalysis\Data-20250430T011355Z-1-001\Data\data\2024-02,ICICIBANK,1043.75,2024-02-19 05:30:00,1046.0,1023.35,2024-02,1023.35,9388255
C:\Users\v-dhramaraj\Desktop\Python\Projects\Assignment2_StockAnalysis\Data-20250430T011355Z-1-001\Data\data\2024-02,ICICIBANK,1048.75,2024-02-20 05:30:00,1052.65,1033.25,2024-02,1041.05,11293528
C:\Users\v-dhramaraj\Desktop\Python\Projects\Assignment2_StockAnalysis\Data-20250430T011355Z-1-001\Data\data\2024-02,ICICIBANK,1051.95,2024-02-21 05:30:00,1064.0,1048.0,2024-02,1056.8,15946325
C:\Users\v-dhramaraj\Desktop\Python\Projects\Assignment2_StockAnalysis\Data-20250430T011355Z-1-001\Data\data\2024-02,ICICIBANK,1062.7,2024-02-22 05:30:00,1066.0,1040.3,2024-02,1056.0,13432573
C:\Users\v-dhramaraj\Desktop\Python\Projects\Assignment2_StockAnalysis\Data-20250430T011355Z-1-001\Data\data\2024-02,ICICIBANK,1061.3,2024-02-23 05:30:00,1070.0,1057.65,2024-02,1070.0,13142759
C:\Users\v-dhramaraj\Desktop\Python\Projects\Assignment2_StockAnalysis\Data-20250430T011355Z-1-001\Data\data\2024-02,ICICIBANK,1054.2,2024-02-26 05:30:00,1062.3,1050.5,2024-02,1053.1,7875941
C:\Users\v-dhramaraj\Desktop\Python\Projects\Assignment2_StockAnalysis\Data-20250430T011355Z-1-001\Data\data\2024-02,ICICIBANK,1060.2,2024-02-27 05:30:00,1066.2,1046.5,2024-02,1050.75,10580973
C:\Users\v-dhramaraj\Desktop\Python\Projects\Assignment2_StockAnalysis\Data-20250430T011355Z-1-001\Data\data\2024-02,ICICIBANK,1046.2,2024-02-28 05:30:00,1064.85,1042.15,2024-02,1063.0,7730332
C:\Users\v-dhramaraj\Desktop\Python\Projects\Assignment2_StockAnalysis\Data-20250430T011355Z-1-001\Data\data\2024-02,ICICIBANK,1052.2,2024-02-29 05:30:00,1060.7,1038.5,2024-02,1043.05,20944844
C:\Users\v-dhramaraj\Desktop\Python\Projects\Assignment2_StockAnalysis\Data-20250430T011355Z-1-001\Data\data\2024-03,ICICIBANK,1086.9,2024-03-01 05:30:00,1089.95,1054.0,2024-03,1055.0,14909562
C:\Users\v-dhramaraj\Desktop\Python\Projects\Assignment2_StockAnalysis\Data-20250430T011355Z-1-001\Data\data\2024-03,ICICIBANK,1084.65,2024-03-02 05:30:00,1089.45,1080.5,2024-03,1087.25,481475
C:\Users\v-dhramaraj\Desktop\Python\Projects\Assignment2_StockAnalysis\Data-20250430T011355Z-1-001\Data\data\2024-03,ICICIBANK,1092.35,2024-03-04 05:30:00,1095.0,1080.1,2024-03,1081.0,11424581
C:\Users\v-dhramaraj\Desktop\Python\Projects\Assignment2_StockAnalysis\Data-20250430T011355Z-1-001\Data\data\2024-03,ICICIBANK,1088.05,2024-03-05 05:30:00,1099.5,1076.5,2024-03,1086.2,9222544
C:\Users\v-dhramaraj\Desktop\Python\Projects\Assignment2_StockAnalysis\Data-20250430T011355Z-1-001\Data\data\2024-03,ICICIBANK,1097.1,2024-03-06 05:30:00,1113.55,1080.3,2024-03,1080.3,21796484
C:\Users\v-dhramaraj\Desktop\Python\Projects\Assignment2_StockAnalysis\Data-20250430T011355Z-1-001\Data\data\2024-03,ICICIBANK,1087.95,2024-03-07 05:30:00,1095.0,1082.7,2024-03,1094.95,9963926
C:\Users\v-dhramaraj\Desktop\Python\Projects\Assignment2_StockAnalysis\Data-20250430T011355Z-1-001\Data\data\2024-03,ICICIBANK,1078.7,2024-03-11 05:30:00,1087.95,1076.75,2024-03,1087.95,13310362
C:\Users\v-dhramaraj\Desktop\Python\Projects\Assignment2_StockAnalysis\Data-20250430T011355Z-1-001\Data\data\2024-03,ICICIBANK,1076.85,2024-03-12 05:30:00,1094.8,1055.65,2024-03,1077.05,21785435
C:\Users\v-dhramaraj\Desktop\Python\Projects\Assignment2_StockAnalysis\Data-20250430T011355Z-1-001\Data\data\2024-03,ICICIBANK,1083.95,2024-03-13 05:30:00,1089.65,1073.15,2024-03,1077.15,24855870
C:\Users\v-dhramaraj\Desktop\Python\Projects\Assignment2_StockAnalysis\Data-20250430T011355Z-1-001\Data\data\2024-03,ICICIBANK,1083.6,2024-03-14 05:30:00,1097.1,1075.05,2024-03,1080.0,14231421
C:\Users\v-dhramaraj\Desktop\Python\Projects\Assignment2_StockAnalysis\Data-20250430T011355Z-1-001\Data\data\2024-03,ICICIBANK,1080.35,2024-03-15 05:30:00,1086.25,1070.0,2024-03,1072.0,66192734
C:\Users\v-dhramaraj\Desktop\Python\Projects\Assignment2_StockAnalysis\Data-20250430T011355Z-1-001\Data\data\2024-03,ICICIBANK,1081.2,2024-03-18 05:30:00,1084.8,1060.05,2024-03,1075.05,8769440
C:\Users\v-dhramaraj\Desktop\Python\Projects\Assignment2_StockAnalysis\Data-20250430T011355Z-1-001\Data\data\2024-03,ICICIBANK,1083.95,2024-03-19 05:30:00,1088.75,1075.25,2024-03,1078.45,16708715
C:\Users\v-dhramaraj\Desktop\Python\Projects\Assignment2_StockAnalysis\Data-20250430T011355Z-1-001\Data\data\2024-03,ICICIBANK,1084.5,2024-03-20 05:30:00,1090.0,1067.5,2024-03,1080.0,18725251
C:\Users\v-dhramaraj\Desktop\Python\Projects\Assignment2_StockAnalysis\Data-20250430T011355Z-1-001\Data\data\2024-03,ICICIBANK,1081.8,2024-03-21 05:30:00,1100.0,1079.15,2024-03,1092.0,19992607
C:\Users\v-dhramaraj\Desktop\Python\Projects\Assignment2_StockAnalysis\Data-20250430T011355Z-1-001\Data\data\2024-03,ICICIBANK,1090.3,2024-03-22 05:30:00,1093.7,1078.7,2024-03,1081.15,17214415
C:\Users\v-dhramaraj\Desktop\Python\Projects\Assignment2_StockAnalysis\Data-20250430T011355Z-1-001\Data\data\2024-03,ICICIBANK,1083.7,2024-03-26 05:30:00,1089.15,1076.95,2024-03,1081.0,13367635
C:\Users\v-dhramaraj\Desktop\Python\Projects\Assignment2_StockAnalysis\Data-20250430T011355Z-1-001\Data\data\2024-03,ICICIBANK,1083.75,2024-03-27 05:30:00,1092.5,1079.55,2024-03,1083.7,26907245
C:\Users\v-dhramaraj\Desktop\Python\Projects\Assignment2_StockAnalysis\Data-20250430T011355Z-1-001\Data\data\2024-03,ICICIBANK,1093.3,2024-03-28 05:30:00,1105.05,1085.0,2024-03,1085.0,22070566
C:\Users\v-dhramaraj\Desktop\Python\Projects\Assignment2_StockAnalysis\Data-20250430T011355Z-1-001\Data\data\2024-04,ICICIBANK,1099.65,2024-04-01 05:30:00,1102.95,1094.45,2024-04,1096.05,10848191
C:\Users\v-dhramaraj\Desktop\Python\Projects\Assignment2_StockAnalysis\Data-20250430T011355Z-1-001\Data\data\2024-04,ICICIBANK,1081.2,2024-04-02 05:30:00,1094.45,1079.25,2024-04,1094.45,14380396
C:\Users\v-dhramaraj\Desktop\Python\Projects\Assignment2_StockAnalysis\Data-20250430T011355Z-1-001\Data\data\2024-04,ICICIBANK,1077.2,2024-04-03 05:30:00,1083.65,1072.25,2024-04,1075.0,15477184
C:\Users\v-dhramaraj\Desktop\Python\Projects\Assignment2_StockAnalysis\Data-20250430T011355Z-1-001\Data\data\2024-04,ICICIBANK,1078.85,2024-04-04 05:30:00,1085.8,1063.45,2024-04,1084.75,21419689
C:\Users\v-dhramaraj\Desktop\Python\Projects\Assignment2_StockAnalysis\Data-20250430T011355Z-1-001\Data\data\2024-04,ICICIBANK,1083.4,2024-04-05 05:30:00,1086.0,1067.45,2024-04,1070.0,15340637
C:\Users\v-dhramaraj\Desktop\Python\Projects\Assignment2_StockAnalysis\Data-20250430T011355Z-1-001\Data\data\2024-04,ICICIBANK,1087.15,2024-04-08 05:30:00,1091.75,1076.3,2024-04,1078.35,8023461
C:\Users\v-dhramaraj\Desktop\Python\Projects\Assignment2_StockAnalysis\Data-20250430T011355Z-1-001\Data\data\2024-04,ICICIBANK,1107.05,2024-04-09 05:30:00,1115.25,1088.3,2024-04,1091.95,12298463
C:\Users\v-dhramaraj\Desktop\Python\Projects\Assignment2_StockAnalysis\Data-20250430T011355Z-1-001\Data\data\2024-04,ICICIBANK,1109.4,2024-04-10 05:30:00,1116.55,1105.15,2024-04,1110.95,10598000
C:\Users\v-dhramaraj\Desktop\Python\Projects\Assignment2_StockAnalysis\Data-20250430T011355Z-1-001\Data\data\2024-04,ICICIBANK,1104.4,2024-04-12 05:30:00,1111.85,1095.8,2024-04,1103.5,12216657
C:\Users\v-dhramaraj\Desktop\Python\Projects\Assignment2_StockAnalysis\Data-20250430T011355Z-1-001\Data\data\2024-04,ICICIBANK,1078.35,2024-04-15 05:30:00,1106.15,1076.6,2024-04,1100.2,10526597
C:\Users\v-dhramaraj\Desktop\Python\Projects\Assignment2_StockAnalysis\Data-20250430T011355Z-1-001\Data\data\2024-04,ICICIBANK,1067.05,2024-04-16 05:30:00,1074.6,1062.7,2024-04,1070.55,11278092
C:\Users\v-dhramaraj\Desktop\Python\Projects\Assignment2_StockAnalysis\Data-20250430T011355Z-1-001\Data\data\2024-04,ICICIBANK,1055.45,2024-04-18 05:30:00,1078.05,1050.45,2024-04,1074.0,16564216
C:\Users\v-dhramaraj\Desktop\Python\Projects\Assignment2_StockAnalysis\Data-20250430T011355Z-1-001\Data\data\2024-04,ICICIBANK,1067.25,2024-04-19 05:30:00,1072.0,1048.1,2024-04,1052.95,11284433
C:\Users\v-dhramaraj\Desktop\Python\Projects\Assignment2_StockAnalysis\Data-20250430T011355Z-1-001\Data\data\2024-04,ICICIBANK,1086.65,2024-04-22 05:30:00,1088.7,1070.35,2024-04,1078.8,10346714
C:\Users\v-dhramaraj\Desktop\Python\Projects\Assignment2_StockAnalysis\Data-20250430T011355Z-1-001\Data\data\2024-04,ICICIBANK,1090.25,2024-04-23 05:30:00,1100.0,1082.7,2024-04,1100.0,9848215
C:\Users\v-dhramaraj\Desktop\Python\Projects\Assignment2_StockAnalysis\Data-20250430T011355Z-1-001\Data\data\2024-04,ICICIBANK,1096.75,2024-04-24 05:30:00,1098.4,1089.0,2024-04,1092.25,5461309
C:\Users\v-dhramaraj\Desktop\Python\Projects\Assignment2_StockAnalysis\Data-20250430T011355Z-1-001\Data\data\2024-04,ICICIBANK,1113.75,2024-04-25 05:30:00,1125.65,1089.95,2024-04,1090.0,19905338
C:\Users\v-dhramaraj\Desktop\Python\Projects\Assignment2_StockAnalysis\Data-20250430T011355Z-1-001\Data\data\2024-04,ICICIBANK,1107.9,2024-04-26 05:30:00,1120.0,1102.75,2024-04,1112.15,14190059
C:\Users\v-dhramaraj\Desktop\Python\Projects\Assignment2_StockAnalysis\Data-20250430T011355Z-1-001\Data\data\2024-04,ICICIBANK,1160.15,2024-04-29 05:30:00,1163.45,1107.9,2024-04,1108.0,28578063
C:\Users\v-dhramaraj\Desktop\Python\Projects\Assignment2_StockAnalysis\Data-20250430T011355Z-1-001\Data\data\2024-04,ICICIBANK,1150.4,2024-04-30 05:30:00,1169.55,1146.75,2024-04,1159.95,29568491
C:\Users\v-dhramaraj\Desktop\Python\Projects\Assignment2_StockAnalysis\Data-20250430T011355Z-1-001\Data\data\2024-05,ICICIBANK,1139.45,2024-05-02 05:30:00,1155.5,1133.25,2024-05,1143.0,25118334
C:\Users\v-dhramaraj\Desktop\Python\Projects\Assignment2_StockAnalysis\Data-20250430T011355Z-1-001\Data\data\2024-05,ICICIBANK,1142.05,2024-05-03 05:30:00,1157.4,1135.45,2024-05,1141.3,19933604
C:\Users\v-dhramaraj\Desktop\Python\Projects\Assignment2_StockAnalysis\Data-20250430T011355Z-1-001\Data\data\2024-05,ICICIBANK,1146.3,2024-05-06 05:30:00,1158.45,1138.1,2024-05,1141.55,14970524
C:\Users\v-dhramaraj\Desktop\Python\Projects\Assignment2_StockAnalysis\Data-20250430T011355Z-1-001\Data\data\2024-05,ICICIBANK,1131.9,2024-05-07 05:30:00,1152.75,1126.3,2024-05,1147.95,15097728
C:\Users\v-dhramaraj\Desktop\Python\Projects\Assignment2_StockAnalysis\Data-20250430T011355Z-1-001\Data\data\2024-05,ICICIBANK,1123.0,2024-05-08 05:30:00,1132.0,1116.05,2024-05,1126.55,19913090
C:\Users\v-dhramaraj\Desktop\Python\Projects\Assignment2_StockAnalysis\Data-20250430T011355Z-1-001\Data\data\2024-05,ICICIBANK,1115.7,2024-05-09 05:30:00,1128.85,1110.0,2024-05,1120.55,12229853
C:\Users\v-dhramaraj\Desktop\Python\Projects\Assignment2_StockAnalysis\Data-20250430T011355Z-1-001\Data\data\2024-05,ICICIBANK,1117.05,2024-05-10 05:30:00,1128.9,1112.05,2024-05,1118.0,8573656
C:\Users\v-dhramaraj\Desktop\Python\Projects\Assignment2_StockAnalysis\Data-20250430T011355Z-1-001\Data\data\2024-05,ICICIBANK,1128.0,2024-05-13 05:30:00,1130.65,1106.7,2024-05,1112.4,9707983
C:\Users\v-dhramaraj\Desktop\Python\Projects\Assignment2_StockAnalysis\Data-20250430T011355Z-1-001\Data\data\2024-05,ICICIBANK,1120.55,2024-05-14 05:30:00,1127.9,1118.55,2024-05,1125.9,8944262
C:\Users\v-dhramaraj\Desktop\Python\Projects\Assignment2_StockAnalysis\Data-20250430T011355Z-1-001\Data\data\2024-05,ICICIBANK,1124.35,2024-05-15 05:30:00,1127.8,1113.5,2024-05,1122.1,10743423
C:\Users\v-dhramaraj\Desktop\Python\Projects\Assignment2_StockAnalysis\Data-20250430T011355Z-1-001\Data\data\2024-05,ICICIBANK,1131.05,2024-05-16 05:30:00,1136.55,1112.8,2024-05,1133.0,14265565
C:\Users\v-dhramaraj\Desktop\Python\Projects\Assignment2_StockAnalysis\Data-20250430T011355Z-1-001\Data\data\2024-05,ICICIBANK,1130.5,2024-05-17 05:30:00,1144.0,1120.6,2024-05,1131.05,8641784
C:\Users\v-dhramaraj\Desktop\Python\Projects\Assignment2_StockAnalysis\Data-20250430T011355Z-1-001\Data\data\2024-05,ICICIBANK,1130.75,2024-05-18 05:30:00,1133.0,1126.9,2024-05,1131.0,312750
C:\Users\v-dhramaraj\Desktop\Python\Projects\Assignment2_StockAnalysis\Data-20250430T011355Z-1-001\Data\data\2024-05,ICICIBANK,1120.95,2024-05-21 05:30:00,1133.8,1116.25,2024-05,1122.2,10452900
C:\Users\v-dhramaraj\Desktop\Python\Projects\Assignment2_StockAnalysis\Data-20250430T011355Z-1-001\Data\data\2024-05,ICICIBANK,1111.1,2024-05-22 05:30:00,1125.9,1098.1,2024-05,1125.0,17527411
C:\Users\v-dhramaraj\Desktop\Python\Projects\Assignment2_StockAnalysis\Data-20250430T011355Z-1-001\Data\data\2024-05,ICICIBANK,1134.5,2024-05-23 05:30:00,1137.0,1111.4,2024-05,1115.55,13787687
C:\Users\v-dhramaraj\Desktop\Python\Projects\Assignment2_StockAnalysis\Data-20250430T011355Z-1-001\Data\data\2024-05,ICICIBANK,1131.95,2024-05-24 05:30:00,1135.0,1124.15,2024-05,1130.0,6312670
C:\Users\v-dhramaraj\Desktop\Python\Projects\Assignment2_StockAnalysis\Data-20250430T011355Z-1-001\Data\data\2024-05,ICICIBANK,1129.8,2024-05-27 05:30:00,1147.8,1121.55,2024-05,1131.9,11599857
C:\Users\v-dhramaraj\Desktop\Python\Projects\Assignment2_StockAnalysis\Data-20250430T011355Z-1-001\Data\data\2024-05,ICICIBANK,1126.95,2024-05-28 05:30:00,1135.2,1125.0,2024-05,1132.5,9311718
C:\Users\v-dhramaraj\Desktop\Python\Projects\Assignment2_StockAnalysis\Data-20250430T011355Z-1-001\Data\data\2024-05,ICICIBANK,1102.0,2024-05-29 05:30:00,1123.55,1098.5,2024-05,1115.05,19268547
C:\Users\v-dhramaraj\Desktop\Python\Projects\Assignment2_StockAnalysis\Data-20250430T011355Z-1-001\Data\data\2024-05,ICICIBANK,1113.7,2024-05-30 05:30:00,1121.0,1096.9,2024-05,1097.0,15255387
C:\Users\v-dhramaraj\Desktop\Python\Projects\Assignment2_StockAnalysis\Data-20250430T011355Z-1-001\Data\data\2024-05,ICICIBANK,1121.05,2024-05-31 05:30:00,1130.6,1111.25,2024-05,1118.0,26197718
C:\Users\v-dhramaraj\Desktop\Python\Projects\Assignment2_StockAnalysis\Data-20250430T011355Z-1-001\Data\data\2024-06,ICICIBANK,1160.0,2024-06-03 05:30:00,1173.0,1136.3,2024-06,1170.0,25699977
C:\Users\v-dhramaraj\Desktop\Python\Projects\Assignment2_StockAnalysis\Data-20250430T011355Z-1-001\Data\data\2024-06,ICICIBANK,1071.45,2024-06-04 05:30:00,1159.4,1053.55,2024-06,1157.9,43476837
C:\Users\v-dhramaraj\Desktop\Python\Projects\Assignment2_StockAnalysis\Data-20250430T011355Z-1-001\Data\data\2024-06,ICICIBANK,1108.65,2024-06-05 05:30:00,1123.25,1051.05,2024-06,1085.0,42172104
C:\Users\v-dhramaraj\Desktop\Python\Projects\Assignment2_StockAnalysis\Data-20250430T011355Z-1-001\Data\data\2024-06,ICICIBANK,1110.4,2024-06-06 05:30:00,1118.0,1096.6,2024-06,1118.0,18574162
C:\Users\v-dhramaraj\Desktop\Python\Projects\Assignment2_StockAnalysis\Data-20250430T011355Z-1-001\Data\data\2024-06,ICICIBANK,1121.7,2024-06-07 05:30:00,1128.3,1103.6,2024-06,1110.4,17197635
C:\Users\v-dhramaraj\Desktop\Python\Projects\Assignment2_StockAnalysis\Data-20250430T011355Z-1-001\Data\data\2024-06,ICICIBANK,1123.8,2024-06-10 05:30:00,1133.2,1115.1,2024-06,1116.0,10851455
C:\Users\v-dhramaraj\Desktop\Python\Projects\Assignment2_StockAnalysis\Data-20250430T011355Z-1-001\Data\data\2024-06,ICICIBANK,1118.2,2024-06-11 05:30:00,1129.05,1111.0,2024-06,1119.75,12250002
C:\Users\v-dhramaraj\Desktop\Python\Projects\Assignment2_StockAnalysis\Data-20250430T011355Z-1-001\Data\data\2024-06,ICICIBANK,1119.55,2024-06-12 05:30:00,1133.4,1112.0,2024-06,1121.0,16096514
C:\Users\v-dhramaraj\Desktop\Python\Projects\Assignment2_StockAnalysis\Data-20250430T011355Z-1-001\Data\data\2024-06,ICICIBANK,1107.35,2024-06-13 05:30:00,1123.2,1105.0,2024-06,1122.2,12494254
C:\Users\v-dhramaraj\Desktop\Python\Projects\Assignment2_StockAnalysis\Data-20250430T011355Z-1-001\Data\data\2024-06,ICICIBANK,1105.65,2024-06-14 05:30:00,1114.0,1099.45,2024-06,1114.0,11377979
C:\Users\v-dhramaraj\Desktop\Python\Projects\Assignment2_StockAnalysis\Data-20250430T011355Z-1-001\Data\data\2024-06,ICICIBANK,1122.85,2024-06-18 05:30:00,1135.05,1101.2,2024-06,1113.95,18306176
C:\Users\v-dhramaraj\Desktop\Python\Projects\Assignment2_StockAnalysis\Data-20250430T011355Z-1-001\Data\data\2024-06,ICICIBANK,1144.45,2024-06-19 05:30:00,1165.55,1126.15,2024-06,1127.95,34309514
C:\Users\v-dhramaraj\Desktop\Python\Projects\Assignment2_StockAnalysis\Data-20250430T011355Z-1-001\Data\data\2024-06,ICICIBANK,1156.8,2024-06-20 05:30:00,1160.0,1135.5,2024-06,1154.05,15475933
C:\Users\v-dhramaraj\Desktop\Python\Projects\Assignment2_StockAnalysis\Data-20250430T011355Z-1-001\Data\data\2024-06,ICICIBANK,1158.65,2024-06-21 05:30:00,1169.9,1150.65,2024-06,1163.55,69259425
C:\Users\v-dhramaraj\Desktop\Python\Projects\Assignment2_StockAnalysis\Data-20250430T011355Z-1-001\Data\data\2024-06,ICICIBANK,1170.1,2024-06-24 05:30:00,1175.65,1152.65,2024-06,1154.65,12210295
C:\Users\v-dhramaraj\Desktop\Python\Projects\Assignment2_StockAnalysis\Data-20250430T011355Z-1-001\Data\data\2024-06,ICICIBANK,1197.95,2024-06-25 05:30:00,1206.0,1167.65,2024-06,1170.25,27309845
C:\Users\v-dhramaraj\Desktop\Python\Projects\Assignment2_StockAnalysis\Data-20250430T011355Z-1-001\Data\data\2024-06,ICICIBANK,1218.0,2024-06-26 05:30:00,1222.85,1193.85,2024-06,1202.0,25403461
C:\Users\v-dhramaraj\Desktop\Python\Projects\Assignment2_StockAnalysis\Data-20250430T011355Z-1-001\Data\data\2024-06,ICICIBANK,1219.9,2024-06-27 05:30:00,1235.0,1209.1,2024-06,1228.35,20516632
C:\Users\v-dhramaraj\Desktop\Python\Projects\Assignment2_StockAnalysis\Data-20250430T011355Z-1-001\Data\data\2024-06,ICICIBANK,1199.6,2024-06-28 05:30:00,1227.0,1196.35,2024-06,1227.0,12507092
C:\Users\v-dhramaraj\Desktop\Python\Projects\Assignment2_StockAnalysis\Data-20250430T011355Z-1-001\Data\data\2024-07,ICICIBANK,1211.85,2024-07-01 05:30:00,1215.35,1192.05,2024-07,1199.6,8636894
C:\Users\v-dhramaraj\Desktop\Python\Projects\Assignment2_StockAnalysis\Data-20250430T011355Z-1-001\Data\data\2024-07,ICICIBANK,1190.6,2024-07-02 05:30:00,1217.0,1185.55,2024-07,1217.0,16153925
C:\Users\v-dhramaraj\Desktop\Python\Projects\Assignment2_StockAnalysis\Data-20250430T011355Z-1-001\Data\data\2024-07,ICICIBANK,1201.6,2024-07-03 05:30:00,1215.85,1179.45,2024-07,1196.85,22330897
C:\Users\v-dhramaraj\Desktop\Python\Projects\Assignment2_StockAnalysis\Data-20250430T011355Z-1-001\Data\data\2024-07,ICICIBANK,1233.0,2024-07-04 05:30:00,1234.95,1214.3,2024-07,1229.0,15275791
C:\Users\v-dhramaraj\Desktop\Python\Projects\Assignment2_StockAnalysis\Data-20250430T011355Z-1-001\Data\data\2024-07,ICICIBANK,1233.4,2024-07-05 05:30:00,1242.6,1220.85,2024-07,1225.0,9535575
C:\Users\v-dhramaraj\Desktop\Python\Projects\Assignment2_StockAnalysis\Data-20250430T011355Z-1-001\Data\data\2024-07,ICICIBANK,1235.05,2024-07-08 05:30:00,1239.5,1216.9,2024-07,1228.9,6617190
C:\Users\v-dhramaraj\Desktop\Python\Projects\Assignment2_StockAnalysis\Data-20250430T011355Z-1-001\Data\data\2024-07,ICICIBANK,1248.25,2024-07-09 05:30:00,1250.2,1229.3,2024-07,1234.95,13366874
C:\Users\v-dhramaraj\Desktop\Python\Projects\Assignment2_StockAnalysis\Data-20250430T011355Z-1-001\Data\data\2024-07,ICICIBANK,1243.2,2024-07-10 05:30:00,1252.75,1236.35,2024-07,1252.75,18226503
C:\Users\v-dhramaraj\Desktop\Python\Projects\Assignment2_StockAnalysis\Data-20250430T011355Z-1-001\Data\data\2024-07,ICICIBANK,1238.45,2024-07-11 05:30:00,1257.8,1225.05,2024-07,1246.35,11307116
C:\Users\v-dhramaraj\Desktop\Python\Projects\Assignment2_StockAnalysis\Data-20250430T011355Z-1-001\Data\data\2024-07,ICICIBANK,1232.9,2024-07-12 05:30:00,1252.9,1230.1,2024-07,1235.9,12208290
C:\Users\v-dhramaraj\Desktop\Python\Projects\Assignment2_StockAnalysis\Data-20250430T011355Z-1-001\Data\data\2024-07,ICICIBANK,1229.95,2024-07-15 05:30:00,1238.45,1224.05,2024-07,1233.1,15612671
C:\Users\v-dhramaraj\Desktop\Python\Projects\Assignment2_StockAnalysis\Data-20250430T011355Z-1-001\Data\data\2024-07,ICICIBANK,1239.9,2024-07-16 05:30:00,1245.0,1229.0,2024-07,1230.0,12320605
C:\Users\v-dhramaraj\Desktop\Python\Projects\Assignment2_StockAnalysis\Data-20250430T011355Z-1-001\Data\data\2024-07,ICICIBANK,1250.3,2024-07-18 05:30:00,1256.45,1231.7,2024-07,1234.9,10999632
C:\Users\v-dhramaraj\Desktop\Python\Projects\Assignment2_StockAnalysis\Data-20250430T011355Z-1-001\Data\data\2024-07,ICICIBANK,1248.65,2024-07-19 05:30:00,1250.5,1240.25,2024-07,1244.0,7958817
C:\Users\v-dhramaraj\Desktop\Python\Projects\Assignment2_StockAnalysis\Data-20250430T011355Z-1-001\Data\data\2024-07,ICICIBANK,1241.15,2024-07-22 05:30:00,1245.3,1232.9,2024-07,1240.0,9958965
C:\Users\v-dhramaraj\Desktop\Python\Projects\Assignment2_StockAnalysis\Data-20250430T011355Z-1-001\Data\data\2024-07,ICICIBANK,1226.75,2024-07-23 05:30:00,1248.65,1212.5,2024-07,1241.15,19369832
C:\Users\v-dhramaraj\Desktop\Python\Projects\Assignment2_StockAnalysis\Data-20250430T011355Z-1-001\Data\data\2024-07,ICICIBANK,1223.0,2024-07-24 05:30:00,1233.65,1202.05,2024-07,1225.0,20122521
C:\Users\v-dhramaraj\Desktop\Python\Projects\Assignment2_StockAnalysis\Data-20250430T011355Z-1-001\Data\data\2024-07,ICICIBANK,1197.9,2024-07-25 05:30:00,1218.25,1190.6,2024-07,1205.5,14154461
C:\Users\v-dhramaraj\Desktop\Python\Projects\Assignment2_StockAnalysis\Data-20250430T011355Z-1-001\Data\data\2024-07,ICICIBANK,1207.2,2024-07-26 05:30:00,1220.0,1185.95,2024-07,1190.0,19309265
C:\Users\v-dhramaraj\Desktop\Python\Projects\Assignment2_StockAnalysis\Data-20250430T011355Z-1-001\Data\data\2024-07,ICICIBANK,1212.7,2024-07-29 05:30:00,1242.75,1204.15,2024-07,1215.15,28458261
C:\Users\v-dhramaraj\Desktop\Python\Projects\Assignment2_StockAnalysis\Data-20250430T011355Z-1-001\Data\data\2024-07,ICICIBANK,1209.45,2024-07-30 05:30:00,1230.85,1204.4,2024-07,1213.0,23972277
C:\Users\v-dhramaraj\Desktop\Python\Projects\Assignment2_StockAnalysis\Data-20250430T011355Z-1-001\Data\data\2024-07,ICICIBANK,1214.9,2024-07-31 05:30:00,1224.65,1211.0,2024-07,1219.0,22297629
C:\Users\v-dhramaraj\Desktop\Python\Projects\Assignment2_StockAnalysis\Data-20250430T011355Z-1-001\Data\data\2024-08,ICICIBANK,1210.1,2024-08-01 05:30:00,1222.65,1206.9,2024-08,1212.5,8725046
C:\Users\v-dhramaraj\Desktop\Python\Projects\Assignment2_StockAnalysis\Data-20250430T011355Z-1-001\Data\data\2024-08,ICICIBANK,1196.55,2024-08-02 05:30:00,1201.65,1190.1,2024-08,1197.0,10735395
C:\Users\v-dhramaraj\Desktop\Python\Projects\Assignment2_StockAnalysis\Data-20250430T011355Z-1-001\Data\data\2024-08,ICICIBANK,1172.6,2024-08-05 05:30:00,1188.9,1167.0,2024-08,1182.0,14306771
C:\Users\v-dhramaraj\Desktop\Python\Projects\Assignment2_StockAnalysis\Data-20250430T011355Z-1-001\Data\data\2024-08,ICICIBANK,1166.85,2024-08-06 05:30:00,1187.7,1161.5,2024-08,1175.0,13575619
C:\Users\v-dhramaraj\Desktop\Python\Projects\Assignment2_StockAnalysis\Data-20250430T011355Z-1-001\Data\data\2024-08,ICICIBANK,1172.45,2024-08-07 05:30:00,1179.8,1161.6,2024-08,1178.95,15753644
C:\Users\v-dhramaraj\Desktop\Python\Projects\Assignment2_StockAnalysis\Data-20250430T011355Z-1-001\Data\data\2024-08,ICICIBANK,1164.6,2024-08-08 05:30:00,1174.4,1158.9,2024-08,1166.95,10806438
C:\Users\v-dhramaraj\Desktop\Python\Projects\Assignment2_StockAnalysis\Data-20250430T011355Z-1-001\Data\data\2024-08,ICICIBANK,1171.6,2024-08-09 05:30:00,1180.95,1169.0,2024-08,1176.55,8687307
C:\Users\v-dhramaraj\Desktop\Python\Projects\Assignment2_StockAnalysis\Data-20250430T011355Z-1-001\Data\data\2024-08,ICICIBANK,1172.8,2024-08-12 05:30:00,1178.25,1156.0,2024-08,1171.0,10860455
C:\Users\v-dhramaraj\Desktop\Python\Projects\Assignment2_StockAnalysis\Data-20250430T011355Z-1-001\Data\data\2024-08,ICICIBANK,1168.35,2024-08-13 05:30:00,1189.25,1163.6,2024-08,1183.2,13117927
C:\Users\v-dhramaraj\Desktop\Python\Projects\Assignment2_StockAnalysis\Data-20250430T011355Z-1-001\Data\data\2024-08,ICICIBANK,1161.65,2024-08-14 05:30:00,1170.05,1153.0,2024-08,1167.0,13431801
C:\Users\v-dhramaraj\Desktop\Python\Projects\Assignment2_StockAnalysis\Data-20250430T011355Z-1-001\Data\data\2024-08,ICICIBANK,1187.25,2024-08-16 05:30:00,1193.0,1165.65,2024-08,1170.0,10961370
C:\Users\v-dhramaraj\Desktop\Python\Projects\Assignment2_StockAnalysis\Data-20250430T011355Z-1-001\Data\data\2024-08,ICICIBANK,1175.9,2024-08-19 05:30:00,1195.75,1173.3,2024-08,1191.0,6686394
C:\Users\v-dhramaraj\Desktop\Python\Projects\Assignment2_StockAnalysis\Data-20250430T011355Z-1-001\Data\data\2024-08,ICICIBANK,1179.45,2024-08-20 05:30:00,1189.8,1170.0,2024-08,1174.2,10427061
C:\Users\v-dhramaraj\Desktop\Python\Projects\Assignment2_StockAnalysis\Data-20250430T011355Z-1-001\Data\data\2024-08,ICICIBANK,1174.85,2024-08-21 05:30:00,1178.65,1165.1,2024-08,1177.0,17234142
C:\Users\v-dhramaraj\Desktop\Python\Projects\Assignment2_StockAnalysis\Data-20250430T011355Z-1-001\Data\data\2024-08,ICICIBANK,1191.1,2024-08-22 05:30:00,1192.6,1176.6,2024-08,1182.0,8564142
C:\Users\v-dhramaraj\Desktop\Python\Projects\Assignment2_StockAnalysis\Data-20250430T011355Z-1-001\Data\data\2024-08,ICICIBANK,1203.5,2024-08-23 05:30:00,1205.0,1188.55,2024-08,1193.0,7518309
C:\Users\v-dhramaraj\Desktop\Python\Projects\Assignment2_StockAnalysis\Data-20250430T011355Z-1-001\Data\data\2024-08,ICICIBANK,1213.3,2024-08-26 05:30:00,1214.95,1201.05,2024-08,1205.55,10920226
C:\Users\v-dhramaraj\Desktop\Python\Projects\Assignment2_StockAnalysis\Data-20250430T011355Z-1-001\Data\data\2024-08,ICICIBANK,1226.35,2024-08-27 05:30:00,1232.5,1208.9,2024-08,1213.3,16295325
C:\Users\v-dhramaraj\Desktop\Python\Projects\Assignment2_StockAnalysis\Data-20250430T011355Z-1-001\Data\data\2024-08,ICICIBANK,1223.85,2024-08-28 05:30:00,1226.4,1217.3,2024-08,1222.65,12291305
C:\Users\v-dhramaraj\Desktop\Python\Projects\Assignment2_StockAnalysis\Data-20250430T011355Z-1-001\Data\data\2024-08,ICICIBANK,1221.9,2024-08-29 05:30:00,1235.0,1217.0,2024-08,1218.95,10806748
C:\Users\v-dhramaraj\Desktop\Python\Projects\Assignment2_StockAnalysis\Data-20250430T011355Z-1-001\Data\data\2024-08,ICICIBANK,1229.2,2024-08-30 05:30:00,1235.55,1218.9,2024-08,1230.0,21211148
C:\Users\v-dhramaraj\Desktop\Python\Projects\Assignment2_StockAnalysis\Data-20250430T011355Z-1-001\Data\data\2024-09,ICICIBANK,1229.95,2024-09-02 05:30:00,1239.2,1222.5,2024-09,1239.0,12516759
C:\Users\v-dhramaraj\Desktop\Python\Projects\Assignment2_StockAnalysis\Data-20250430T011355Z-1-001\Data\data\2024-09,ICICIBANK,1247.7,2024-09-03 05:30:00,1250.95,1220.4,2024-09,1227.2,19114907
C:\Users\v-dhramaraj\Desktop\Python\Projects\Assignment2_StockAnalysis\Data-20250430T011355Z-1-001\Data\data\2024-09,ICICIBANK,1236.35,2024-09-04 05:30:00,1243.7,1232.8,2024-09,1239.85,13505843
C:\Users\v-dhramaraj\Desktop\Python\Projects\Assignment2_StockAnalysis\Data-20250430T011355Z-1-001\Data\data\2024-09,ICICIBANK,1235.95,2024-09-05 05:30:00,1244.85,1231.3,2024-09,1238.0,9142811
C:\Users\v-dhramaraj\Desktop\Python\Projects\Assignment2_StockAnalysis\Data-20250430T011355Z-1-001\Data\data\2024-09,ICICIBANK,1208.15,2024-09-06 05:30:00,1233.9,1205.0,2024-09,1225.95,10170479
C:\Users\v-dhramaraj\Desktop\Python\Projects\Assignment2_StockAnalysis\Data-20250430T011355Z-1-001\Data\data\2024-09,ICICIBANK,1235.0,2024-09-09 05:30:00,1238.3,1200.45,2024-09,1202.9,13863250
C:\Users\v-dhramaraj\Desktop\Python\Projects\Assignment2_StockAnalysis\Data-20250430T011355Z-1-001\Data\data\2024-09,ICICIBANK,1237.3,2024-09-10 05:30:00,1241.35,1227.0,2024-09,1236.95,15545130
C:\Users\v-dhramaraj\Desktop\Python\Projects\Assignment2_StockAnalysis\Data-20250430T011355Z-1-001\Data\data\2024-09,ICICIBANK,1236.35,2024-09-11 05:30:00,1239.3,1226.4,2024-09,1231.5,11993242
C:\Users\v-dhramaraj\Desktop\Python\Projects\Assignment2_StockAnalysis\Data-20250430T011355Z-1-001\Data\data\2024-09,ICICIBANK,1252.15,2024-09-12 05:30:00,1257.0,1226.35,2024-09,1238.0,15376442
C:\Users\v-dhramaraj\Desktop\Python\Projects\Assignment2_StockAnalysis\Data-20250430T011355Z-1-001\Data\data\2024-09,ICICIBANK,1250.35,2024-09-13 05:30:00,1255.95,1242.05,2024-09,1252.0,9877288
C:\Users\v-dhramaraj\Desktop\Python\Projects\Assignment2_StockAnalysis\Data-20250430T011355Z-1-001\Data\data\2024-09,ICICIBANK,1262.85,2024-09-16 05:30:00,1265.6,1244.7,2024-09,1251.0,8973335
C:\Users\v-dhramaraj\Desktop\Python\Projects\Assignment2_StockAnalysis\Data-20250430T011355Z-1-001\Data\data\2024-09,ICICIBANK,1268.1,2024-09-17 05:30:00,1272.25,1258.4,2024-09,1259.95,11513121
C:\Users\v-dhramaraj\Desktop\Python\Projects\Assignment2_StockAnalysis\Data-20250430T011355Z-1-001\Data\data\2024-09,ICICIBANK,1288.35,2024-09-18 05:30:00,1295.35,1262.0,2024-09,1262.0,12466597
C:\Users\v-dhramaraj\Desktop\Python\Projects\Assignment2_StockAnalysis\Data-20250430T011355Z-1-001\Data\data\2024-09,ICICIBANK,1292.0,2024-09-19 05:30:00,1300.0,1285.35,2024-09,1288.35,13172268
C:\Users\v-dhramaraj\Desktop\Python\Projects\Assignment2_StockAnalysis\Data-20250430T011355Z-1-001\Data\data\2024-09,ICICIBANK,1338.45,2024-09-20 05:30:00,1362.35,1291.55,2024-09,1295.0,73257767
C:\Users\v-dhramaraj\Desktop\Python\Projects\Assignment2_StockAnalysis\Data-20250430T011355Z-1-001\Data\data\2024-09,ICICIBANK,1321.9,2024-09-23 05:30:00,1331.8,1308.5,2024-09,1331.0,11380409
C:\Users\v-dhramaraj\Desktop\Python\Projects\Assignment2_StockAnalysis\Data-20250430T011355Z-1-001\Data\data\2024-09,ICICIBANK,1318.6,2024-09-24 05:30:00,1331.4,1315.45,2024-09,1321.0,13886037
C:\Users\v-dhramaraj\Desktop\Python\Projects\Assignment2_StockAnalysis\Data-20250430T011355Z-1-001\Data\data\2024-09,ICICIBANK,1323.85,2024-09-25 05:30:00,1327.75,1310.1,2024-09,1310.75,8728019
C:\Users\v-dhramaraj\Desktop\Python\Projects\Assignment2_StockAnalysis\Data-20250430T011355Z-1-001\Data\data\2024-09,ICICIBANK,1329.05,2024-09-26 05:30:00,1333.35,1316.9,2024-09,1320.0,11100869
C:\Users\v-dhramaraj\Desktop\Python\Projects\Assignment2_StockAnalysis\Data-20250430T011355Z-1-001\Data\data\2024-09,ICICIBANK,1306.6,2024-09-27 05:30:00,1333.0,1303.85,2024-09,1333.0,17117379
C:\Users\v-dhramaraj\Desktop\Python\Projects\Assignment2_StockAnalysis\Data-20250430T011355Z-1-001\Data\data\2024-09,ICICIBANK,1273.0,2024-09-30 05:30:00,1296.8,1270.9,2024-09,1292.1,12622212
C:\Users\v-dhramaraj\Desktop\Python\Projects\Assignment2_StockAnalysis\Data-20250430T011355Z-1-001\Data\data\2024-10,ICICIBANK,1274.4,2024-10-01 05:30:00,1280.25,1267.6,2024-10,1269.8,10972413
C:\Users\v-dhramaraj\Desktop\Python\Projects\Assignment2_StockAnalysis\Data-20250430T011355Z-1-001\Data\data\2024-10,ICICIBANK,1256.35,2024-10-03 05:30:00,1265.75,1248.15,2024-10,1253.6,17648551
C:\Users\v-dhramaraj\Desktop\Python\Projects\Assignment2_StockAnalysis\Data-20250430T011355Z-1-001\Data\data\2024-10,ICICIBANK,1239.75,2024-10-04 05:30:00,1264.4,1236.2,2024-10,1247.1,13488887
C:\Users\v-dhramaraj\Desktop\Python\Projects\Assignment2_StockAnalysis\Data-20250430T011355Z-1-001\Data\data\2024-10,ICICIBANK,1233.9,2024-10-07 05:30:00,1262.95,1225.0,2024-10,1241.55,20667247
C:\Users\v-dhramaraj\Desktop\Python\Projects\Assignment2_StockAnalysis\Data-20250430T011355Z-1-001\Data\data\2024-10,ICICIBANK,1236.6,2024-10-08 05:30:00,1247.8,1229.75,2024-10,1241.0,12219259
C:\Users\v-dhramaraj\Desktop\Python\Projects\Assignment2_StockAnalysis\Data-20250430T011355Z-1-001\Data\data\2024-10,ICICIBANK,1244.15,2024-10-09 05:30:00,1265.1,1232.65,2024-10,1243.05,14765997
C:\Users\v-dhramaraj\Desktop\Python\Projects\Assignment2_StockAnalysis\Data-20250430T011355Z-1-001\Data\data\2024-10,ICICIBANK,1243.5,2024-10-10 05:30:00,1254.7,1238.0,2024-10,1246.75,9118195
C:\Users\v-dhramaraj\Desktop\Python\Projects\Assignment2_StockAnalysis\Data-20250430T011355Z-1-001\Data\data\2024-10,ICICIBANK,1223.0,2024-10-11 05:30:00,1240.8,1222.0,2024-10,1237.0,8472512
C:\Users\v-dhramaraj\Desktop\Python\Projects\Assignment2_StockAnalysis\Data-20250430T011355Z-1-001\Data\data\2024-10,ICICIBANK,1231.75,2024-10-14 05:30:00,1237.9,1217.4,2024-10,1221.0,11833929
C:\Users\v-dhramaraj\Desktop\Python\Projects\Assignment2_StockAnalysis\Data-20250430T011355Z-1-001\Data\data\2024-10,ICICIBANK,1255.5,2024-10-15 05:30:00,1258.3,1235.4,2024-10,1238.95,11657338
C:\Users\v-dhramaraj\Desktop\Python\Projects\Assignment2_StockAnalysis\Data-20250430T011355Z-1-001\Data\data\2024-10,ICICIBANK,1243.15,2024-10-16 05:30:00,1254.95,1241.6,2024-10,1248.5,7869727
C:\Users\v-dhramaraj\Desktop\Python\Projects\Assignment2_StockAnalysis\Data-20250430T011355Z-1-001\Data\data\2024-10,ICICIBANK,1231.25,2024-10-17 05:30:00,1256.95,1224.4,2024-10,1249.45,8459497
C:\Users\v-dhramaraj\Desktop\Python\Projects\Assignment2_StockAnalysis\Data-20250430T011355Z-1-001\Data\data\2024-10,ICICIBANK,1264.5,2024-10-18 05:30:00,1268.9,1225.25,2024-10,1227.95,11018126
C:\Users\v-dhramaraj\Desktop\Python\Projects\Assignment2_StockAnalysis\Data-20250430T011355Z-1-001\Data\data\2024-10,ICICIBANK,1259.05,2024-10-21 05:30:00,1272.35,1250.55,2024-10,1264.5,7742775
C:\Users\v-dhramaraj\Desktop\Python\Projects\Assignment2_StockAnalysis\Data-20250430T011355Z-1-001\Data\data\2024-10,ICICIBANK,1267.5,2024-10-22 05:30:00,1284.9,1259.75,2024-10,1266.6,20090801
C:\Users\v-dhramaraj\Desktop\Python\Projects\Assignment2_StockAnalysis\Data-20250430T011355Z-1-001\Data\data\2024-10,ICICIBANK,1251.6,2024-10-23 05:30:00,1267.95,1243.05,2024-10,1261.0,14055447
C:\Users\v-dhramaraj\Desktop\Python\Projects\Assignment2_StockAnalysis\Data-20250430T011355Z-1-001\Data\data\2024-10,ICICIBANK,1252.75,2024-10-24 05:30:00,1260.45,1241.05,2024-10,1250.25,12223031
C:\Users\v-dhramaraj\Desktop\Python\Projects\Assignment2_StockAnalysis\Data-20250430T011355Z-1-001\Data\data\2024-10,ICICIBANK,1255.45,2024-10-25 05:30:00,1268.9,1234.2,2024-10,1247.25,13546055
C:\Users\v-dhramaraj\Desktop\Python\Projects\Assignment2_StockAnalysis\Data-20250430T011355Z-1-001\Data\data\2024-10,ICICIBANK,1292.85,2024-10-28 05:30:00,1307.8,1280.6,2024-10,1285.5,24096412
C:\Users\v-dhramaraj\Desktop\Python\Projects\Assignment2_StockAnalysis\Data-20250430T011355Z-1-001\Data\data\2024-10,ICICIBANK,1331.85,2024-10-29 05:30:00,1335.35,1299.25,2024-10,1301.35,20656117
C:\Users\v-dhramaraj\Desktop\Python\Projects\Assignment2_StockAnalysis\Data-20250430T011355Z-1-001\Data\data\2024-10,ICICIBANK,1312.15,2024-10-30 05:30:00,1330.9,1305.6,2024-10,1324.0,15055031
C:\Users\v-dhramaraj\Desktop\Python\Projects\Assignment2_StockAnalysis\Data-20250430T011355Z-1-001\Data\data\2024-10,ICICIBANK,1292.25,2024-10-31 05:30:00,1318.95,1288.55,2024-10,1307.25,23497314
C:\Users\v-dhramaraj\Desktop\Python\Projects\Assignment2_StockAnalysis\Data-20250430T011355Z-1-001\Data\data\2024-11,ICICIBANK,1291.8,2024-11-01 05:30:00,1296.2,1286.25,2024-11,1289.95,1007022
C:\Users\v-dhramaraj\Desktop\Python\Projects\Assignment2_StockAnalysis\Data-20250430T011355Z-1-001\Data\data\2024-11,ICICIBANK,1277.2,2024-11-04 05:30:00,1291.8,1270.05,2024-11,1290.1,14309121
C:\Users\v-dhramaraj\Desktop\Python\Projects\Assignment2_StockAnalysis\Data-20250430T011355Z-1-001\Data\data\2024-11,ICICIBANK,1296.7,2024-11-05 05:30:00,1301.3,1263.1,2024-11,1273.0,16431920
C:\Users\v-dhramaraj\Desktop\Python\Projects\Assignment2_StockAnalysis\Data-20250430T011355Z-1-001\Data\data\2024-11,ICICIBANK,1302.35,2024-11-06 05:30:00,1315.0,1292.7,2024-11,1300.25,12037405
C:\Users\v-dhramaraj\Desktop\Python\Projects\Assignment2_StockAnalysis\Data-20250430T011355Z-1-001\Data\data\2024-11,ICICIBANK,1278.7,2024-11-07 05:30:00,1302.8,1275.25,2024-11,1297.15,9909035
C:\Users\v-dhramaraj\Desktop\Python\Projects\Assignment2_StockAnalysis\Data-20250430T011355Z-1-001\Data\data\2024-11,ICICIBANK,1258.85,2024-11-08 05:30:00,1275.0,1252.7,2024-11,1270.0,11195808
C:\Users\v-dhramaraj\Desktop\Python\Projects\Assignment2_StockAnalysis\Data-20250430T011355Z-1-001\Data\data\2024-11,ICICIBANK,1269.3,2024-11-11 05:30:00,1275.9,1246.65,2024-11,1262.0,8387780
C:\Users\v-dhramaraj\Desktop\Python\Projects\Assignment2_StockAnalysis\Data-20250430T011355Z-1-001\Data\data\2024-11,ICICIBANK,1270.6,2024-11-12 05:30:00,1295.0,1264.5,2024-11,1276.15,13486168
C:\Users\v-dhramaraj\Desktop\Python\Projects\Assignment2_StockAnalysis\Data-20250430T011355Z-1-001\Data\data\2024-11,ICICIBANK,1253.7,2024-11-13 05:30:00,1276.25,1250.0,2024-11,1270.6,12260404
C:\Users\v-dhramaraj\Desktop\Python\Projects\Assignment2_StockAnalysis\Data-20250430T011355Z-1-001\Data\data\2024-11,ICICIBANK,1256.95,2024-11-14 05:30:00,1267.7,1243.05,2024-11,1253.75,9506892
C:\Users\v-dhramaraj\Desktop\Python\Projects\Assignment2_StockAnalysis\Data-20250430T011355Z-1-001\Data\data\2024-11,ICICIBANK,1253.45,2024-11-18 05:30:00,1262.6,1249.4,2024-11,1260.0,6195554
C:\Users\v-dhramaraj\Desktop\Python\Projects\Assignment2_StockAnalysis\Data-20250430T011355Z-1-001\Data\data\2024-11,ICICIBANK,1249.1,2024-11-19 05:30:00,1261.0,1240.85,2024-11,1257.05,11537317
C:\Users\v-dhramaraj\Desktop\Python\Projects\Assignment2_StockAnalysis\Data-20250430T011355Z-1-001\Data\data\2024-11,ICICIBANK,1250.55,2024-11-21 05:30:00,1256.9,1232.55,2024-11,1248.55,9593870
C:\Users\v-dhramaraj\Desktop\Python\Projects\Assignment2_StockAnalysis\Data-20250430T011355Z-1-001\Data\data\2024-11,ICICIBANK,1278.05,2024-11-22 05:30:00,1281.4,1256.0,2024-11,1258.0,11604338
