Source Folder,Ticker,close,date,high,low,month,open,volume
C:\Users\v-dhramaraj\Desktop\Python\Projects\Assignment2_StockAnalysis\Data-20250430T011355Z-1-001\Data\data\2023-10,INDUSINDBK,1435.4,2023-10-03 05:30:00,1438.4,1420.0,2023-10,1432.0,1442499
C:\Users\v-dhramaraj\Desktop\Python\Projects\Assignment2_StockAnalysis\Data-20250430T011355Z-1-001\Data\data\2023-10,INDUSINDBK,1401.3,2023-10-04 05:30:00,1428.5,1386.2,2023-10,1424.85,3978667
C:\Users\v-dhramaraj\Desktop\Python\Projects\Assignment2_StockAnalysis\Data-20250430T011355Z-1-001\Data\data\2023-10,INDUSINDBK,1401.85,2023-10-05 05:30:00,1415.4,1394.3,2023-10,1408.7,1647175
C:\Users\v-dhramaraj\Desktop\Python\Projects\Assignment2_StockAnalysis\Data-20250430T011355Z-1-001\Data\data\2023-10,INDUSINDBK,1434.8,2023-10-06 05:30:00,1438.0,1401.1,2023-10,1404.95,2167139
C:\Users\v-dhramaraj\Desktop\Python\Projects\Assignment2_StockAnalysis\Data-20250430T011355Z-1-001\Data\data\2023-10,INDUSINDBK,1428.55,2023-10-09 05:30:00,1445.0,1410.0,2023-10,1420.1,1613546
C:\Users\v-dhramaraj\Desktop\Python\Projects\Assignment2_StockAnalysis\Data-20250430T011355Z-1-001\Data\data\2023-10,INDUSINDBK,1420.55,2023-10-10 05:30:00,1436.35,1412.05,2023-10,1434.0,1874201
C:\Users\v-dhramaraj\Desktop\Python\Projects\Assignment2_StockAnalysis\Data-20250430T011355Z-1-001\Data\data\2023-10,INDUSINDBK,1421.2,2023-10-11 05:30:00,1431.9,1414.55,2023-10,1430.95,1855211
C:\Users\v-dhramaraj\Desktop\Python\Projects\Assignment2_StockAnalysis\Data-20250430T011355Z-1-001\Data\data\2023-10,INDUSINDBK,1424.25,2023-10-12 05:30:00,1444.0,1421.0,2023-10,1433.3,2069952
C:\Users\v-dhramaraj\Desktop\Python\Projects\Assignment2_StockAnalysis\Data-20250430T011355Z-1-001\Data\data\2023-10,INDUSINDBK,1463.7,2023-10-13 05:30:00,1466.3,1420.0,2023-10,1421.2,4480890
C:\Users\v-dhramaraj\Desktop\Python\Projects\Assignment2_StockAnalysis\Data-20250430T011355Z-1-001\Data\data\2023-10,INDUSINDBK,1446.4,2023-10-16 05:30:00,1462.85,1444.45,2023-10,1462.85,1913782
C:\Users\v-dhramaraj\Desktop\Python\Projects\Assignment2_StockAnalysis\Data-20250430T011355Z-1-001\Data\data\2023-10,INDUSINDBK,1436.0,2023-10-17 05:30:00,1458.45,1425.55,2023-10,1454.9,1373704
C:\Users\v-dhramaraj\Desktop\Python\Projects\Assignment2_StockAnalysis\Data-20250430T011355Z-1-001\Data\data\2023-10,INDUSINDBK,1420.35,2023-10-18 05:30:00,1444.0,1415.6,2023-10,1437.0,3067244
C:\Users\v-dhramaraj\Desktop\Python\Projects\Assignment2_StockAnalysis\Data-20250430T011355Z-1-001\Data\data\2023-10,INDUSINDBK,1450.35,2023-10-19 05:30:00,1464.7,1423.05,2023-10,1451.5,13948984
C:\Users\v-dhramaraj\Desktop\Python\Projects\Assignment2_StockAnalysis\Data-20250430T011355Z-1-001\Data\data\2023-10,INDUSINDBK,1469.1,2023-10-20 05:30:00,1471.8,1443.1,2023-10,1448.0,5135316
C:\Users\v-dhramaraj\Desktop\Python\Projects\Assignment2_StockAnalysis\Data-20250430T011355Z-1-001\Data\data\2023-10,INDUSINDBK,1435.0,2023-10-23 05:30:00,1469.75,1430.05,2023-10,1469.0,3319090
C:\Users\v-dhramaraj\Desktop\Python\Projects\Assignment2_StockAnalysis\Data-20250430T011355Z-1-001\Data\data\2023-10,INDUSINDBK,1412.7,2023-10-25 05:30:00,1446.95,1410.05,2023-10,1444.95,4045910
C:\Users\v-dhramaraj\Desktop\Python\Projects\Assignment2_StockAnalysis\Data-20250430T011355Z-1-001\Data\data\2023-10,INDUSINDBK,1414.65,2023-10-26 05:30:00,1429.3,1393.65,2023-10,1412.65,4194418
C:\Users\v-dhramaraj\Desktop\Python\Projects\Assignment2_StockAnalysis\Data-20250430T011355Z-1-001\Data\data\2023-10,INDUSINDBK,1441.3,2023-10-27 05:30:00,1444.5,1412.7,2023-10,1420.0,2424655
C:\Users\v-dhramaraj\Desktop\Python\Projects\Assignment2_StockAnalysis\Data-20250430T011355Z-1-001\Data\data\2023-10,INDUSINDBK,1454.65,2023-10-30 05:30:00,1460.9,1428.0,2023-10,1440.0,2255111
C:\Users\v-dhramaraj\Desktop\Python\Projects\Assignment2_StockAnalysis\Data-20250430T011355Z-1-001\Data\data\2023-10,INDUSINDBK,1441.3,2023-10-31 05:30:00,1460.0,1436.55,2023-10,1456.0,1454345
C:\Users\v-dhramaraj\Desktop\Python\Projects\Assignment2_StockAnalysis\Data-20250430T011355Z-1-001\Data\data\2023-11,INDUSINDBK,1432.6,2023-11-01 05:30:00,1445.6,1427.15,2023-11,1443.9,2658439
C:\Users\v-dhramaraj\Desktop\Python\Projects\Assignment2_StockAnalysis\Data-20250430T011355Z-1-001\Data\data\2023-11,INDUSINDBK,1461.2,2023-11-02 05:30:00,1479.95,1439.1,2023-11,1447.0,4524652
C:\Users\v-dhramaraj\Desktop\Python\Projects\Assignment2_StockAnalysis\Data-20250430T011355Z-1-001\Data\data\2023-11,INDUSINDBK,1450.25,2023-11-03 05:30:00,1475.0,1448.0,2023-11,1471.0,3052041
C:\Users\v-dhramaraj\Desktop\Python\Projects\Assignment2_StockAnalysis\Data-20250430T011355Z-1-001\Data\data\2023-11,INDUSINDBK,1470.25,2023-11-06 05:30:00,1471.9,1456.0,2023-11,1463.0,2090640
C:\Users\v-dhramaraj\Desktop\Python\Projects\Assignment2_StockAnalysis\Data-20250430T011355Z-1-001\Data\data\2023-11,INDUSINDBK,1486.4,2023-11-07 05:30:00,1490.45,1464.25,2023-11,1469.55,2830149
C:\Users\v-dhramaraj\Desktop\Python\Projects\Assignment2_StockAnalysis\Data-20250430T011355Z-1-001\Data\data\2023-11,INDUSINDBK,1488.95,2023-11-08 05:30:00,1495.95,1481.25,2023-11,1493.95,3210977
C:\Users\v-dhramaraj\Desktop\Python\Projects\Assignment2_StockAnalysis\Data-20250430T011355Z-1-001\Data\data\2023-11,INDUSINDBK,1507.35,2023-11-09 05:30:00,1516.3,1484.85,2023-11,1488.95,3207721
C:\Users\v-dhramaraj\Desktop\Python\Projects\Assignment2_StockAnalysis\Data-20250430T011355Z-1-001\Data\data\2023-11,INDUSINDBK,1498.8,2023-11-10 05:30:00,1509.45,1493.15,2023-11,1499.95,2247500
C:\Users\v-dhramaraj\Desktop\Python\Projects\Assignment2_StockAnalysis\Data-20250430T011355Z-1-001\Data\data\2023-11,INDUSINDBK,1502.1,2023-11-12 05:30:00,1507.9,1495.4,2023-11,1503.55,145114
C:\Users\v-dhramaraj\Desktop\Python\Projects\Assignment2_StockAnalysis\Data-20250430T011355Z-1-001\Data\data\2023-11,INDUSINDBK,1509.6,2023-11-13 05:30:00,1516.0,1496.15,2023-11,1502.0,2026629
C:\Users\v-dhramaraj\Desktop\Python\Projects\Assignment2_StockAnalysis\Data-20250430T011355Z-1-001\Data\data\2023-11,INDUSINDBK,1493.95,2023-11-15 05:30:00,1538.5,1490.25,2023-11,1538.5,6293703
C:\Users\v-dhramaraj\Desktop\Python\Projects\Assignment2_StockAnalysis\Data-20250430T011355Z-1-001\Data\data\2023-11,INDUSINDBK,1498.65,2023-11-16 05:30:00,1506.6,1493.0,2023-11,1500.0,2728834
C:\Users\v-dhramaraj\Desktop\Python\Projects\Assignment2_StockAnalysis\Data-20250430T011355Z-1-001\Data\data\2023-11,INDUSINDBK,1498.45,2023-11-17 05:30:00,1509.0,1485.55,2023-11,1490.55,4182376
C:\Users\v-dhramaraj\Desktop\Python\Projects\Assignment2_StockAnalysis\Data-20250430T011355Z-1-001\Data\data\2023-11,INDUSINDBK,1504.8,2023-11-20 05:30:00,1509.45,1490.7,2023-11,1498.9,2125867
C:\Users\v-dhramaraj\Desktop\Python\Projects\Assignment2_StockAnalysis\Data-20250430T011355Z-1-001\Data\data\2023-11,INDUSINDBK,1502.05,2023-11-21 05:30:00,1507.45,1494.1,2023-11,1505.5,1661103
C:\Users\v-dhramaraj\Desktop\Python\Projects\Assignment2_StockAnalysis\Data-20250430T011355Z-1-001\Data\data\2023-11,INDUSINDBK,1470.4,2023-11-22 05:30:00,1505.5,1458.95,2023-11,1500.0,3914008
C:\Users\v-dhramaraj\Desktop\Python\Projects\Assignment2_StockAnalysis\Data-20250430T011355Z-1-001\Data\data\2023-11,INDUSINDBK,1486.1,2023-11-23 05:30:00,1496.25,1470.45,2023-11,1475.0,3832098
C:\Users\v-dhramaraj\Desktop\Python\Projects\Assignment2_StockAnalysis\Data-20250430T011355Z-1-001\Data\data\2023-11,INDUSINDBK,1476.2,2023-11-24 05:30:00,1491.9,1474.0,2023-11,1491.45,2813844
C:\Users\v-dhramaraj\Desktop\Python\Projects\Assignment2_StockAnalysis\Data-20250430T011355Z-1-001\Data\data\2023-11,INDUSINDBK,1477.55,2023-11-28 05:30:00,1486.8,1468.0,2023-11,1480.0,4305915
C:\Users\v-dhramaraj\Desktop\Python\Projects\Assignment2_StockAnalysis\Data-20250430T011355Z-1-001\Data\data\2023-11,INDUSINDBK,1483.55,2023-11-29 05:30:00,1489.55,1471.25,2023-11,1484.0,3477076
C:\Users\v-dhramaraj\Desktop\Python\Projects\Assignment2_StockAnalysis\Data-20250430T011355Z-1-001\Data\data\2023-11,INDUSINDBK,1466.1,2023-11-30 05:30:00,1500.0,1450.05,2023-11,1500.0,45549217
C:\Users\v-dhramaraj\Desktop\Python\Projects\Assignment2_StockAnalysis\Data-20250430T011355Z-1-001\Data\data\2023-12,INDUSINDBK,1461.05,2023-12-01 05:30:00,1493.0,1458.15,2023-12,1479.0,4063279
C:\Users\v-dhramaraj\Desktop\Python\Projects\Assignment2_StockAnalysis\Data-20250430T011355Z-1-001\Data\data\2023-12,INDUSINDBK,1514.65,2023-12-04 05:30:00,1517.55,1473.45,2023-12,1490.0,4254987
C:\Users\v-dhramaraj\Desktop\Python\Projects\Assignment2_StockAnalysis\Data-20250430T011355Z-1-001\Data\data\2023-12,INDUSINDBK,1506.6,2023-12-05 05:30:00,1525.5,1486.5,2023-12,1519.8,3457904
C:\Users\v-dhramaraj\Desktop\Python\Projects\Assignment2_StockAnalysis\Data-20250430T011355Z-1-001\Data\data\2023-12,INDUSINDBK,1501.6,2023-12-06 05:30:00,1521.35,1493.35,2023-12,1517.0,3405245
C:\Users\v-dhramaraj\Desktop\Python\Projects\Assignment2_StockAnalysis\Data-20250430T011355Z-1-001\Data\data\2023-12,INDUSINDBK,1504.75,2023-12-07 05:30:00,1514.95,1496.05,2023-12,1505.0,1931490
C:\Users\v-dhramaraj\Desktop\Python\Projects\Assignment2_StockAnalysis\Data-20250430T011355Z-1-001\Data\data\2023-12,INDUSINDBK,1508.95,2023-12-08 05:30:00,1520.95,1494.05,2023-12,1510.0,2568088
C:\Users\v-dhramaraj\Desktop\Python\Projects\Assignment2_StockAnalysis\Data-20250430T011355Z-1-001\Data\data\2023-12,INDUSINDBK,1521.85,2023-12-11 05:30:00,1537.95,1510.0,2023-12,1512.8,2194782
C:\Users\v-dhramaraj\Desktop\Python\Projects\Assignment2_StockAnalysis\Data-20250430T011355Z-1-001\Data\data\2023-12,INDUSINDBK,1497.0,2023-12-12 05:30:00,1528.9,1489.95,2023-12,1528.9,1621785
C:\Users\v-dhramaraj\Desktop\Python\Projects\Assignment2_StockAnalysis\Data-20250430T011355Z-1-001\Data\data\2023-12,INDUSINDBK,1506.9,2023-12-13 05:30:00,1512.65,1495.0,2023-12,1502.0,2562565
C:\Users\v-dhramaraj\Desktop\Python\Projects\Assignment2_StockAnalysis\Data-20250430T011355Z-1-001\Data\data\2023-12,INDUSINDBK,1551.7,2023-12-14 05:30:00,1554.5,1515.6,2023-12,1523.0,3427500
C:\Users\v-dhramaraj\Desktop\Python\Projects\Assignment2_StockAnalysis\Data-20250430T011355Z-1-001\Data\data\2023-12,INDUSINDBK,1570.8,2023-12-15 05:30:00,1578.0,1547.05,2023-12,1552.95,3478643
C:\Users\v-dhramaraj\Desktop\Python\Projects\Assignment2_StockAnalysis\Data-20250430T011355Z-1-001\Data\data\2023-12,INDUSINDBK,1556.35,2023-12-18 05:30:00,1570.0,1552.0,2023-12,1570.0,1352458
C:\Users\v-dhramaraj\Desktop\Python\Projects\Assignment2_StockAnalysis\Data-20250430T011355Z-1-001\Data\data\2023-12,INDUSINDBK,1566.55,2023-12-19 05:30:00,1586.05,1542.2,2023-12,1556.35,2297704
C:\Users\v-dhramaraj\Desktop\Python\Projects\Assignment2_StockAnalysis\Data-20250430T011355Z-1-001\Data\data\2023-12,INDUSINDBK,1556.15,2023-12-20 05:30:00,1581.0,1549.5,2023-12,1578.0,3218717
C:\Users\v-dhramaraj\Desktop\Python\Projects\Assignment2_StockAnalysis\Data-20250430T011355Z-1-001\Data\data\2023-12,INDUSINDBK,1570.0,2023-12-21 05:30:00,1574.0,1527.55,2023-12,1542.1,2400593
C:\Users\v-dhramaraj\Desktop\Python\Projects\Assignment2_StockAnalysis\Data-20250430T011355Z-1-001\Data\data\2023-12,INDUSINDBK,1562.35,2023-12-22 05:30:00,1591.1,1557.9,2023-12,1574.3,2214206
C:\Users\v-dhramaraj\Desktop\Python\Projects\Assignment2_StockAnalysis\Data-20250430T011355Z-1-001\Data\data\2023-12,INDUSINDBK,1570.8,2023-12-26 05:30:00,1582.75,1557.0,2023-12,1562.95,1129332
C:\Users\v-dhramaraj\Desktop\Python\Projects\Assignment2_StockAnalysis\Data-20250430T011355Z-1-001\Data\data\2023-12,INDUSINDBK,1597.45,2023-12-27 05:30:00,1600.0,1567.3,2023-12,1573.15,1887827
C:\Users\v-dhramaraj\Desktop\Python\Projects\Assignment2_StockAnalysis\Data-20250430T011355Z-1-001\Data\data\2023-12,INDUSINDBK,1610.55,2023-12-28 05:30:00,1618.7,1592.0,2023-12,1600.0,3143161
C:\Users\v-dhramaraj\Desktop\Python\Projects\Assignment2_StockAnalysis\Data-20250430T011355Z-1-001\Data\data\2023-12,INDUSINDBK,1598.95,2023-12-29 05:30:00,1618.9,1587.05,2023-12,1615.0,1779207
C:\Users\v-dhramaraj\Desktop\Python\Projects\Assignment2_StockAnalysis\Data-20250430T011355Z-1-001\Data\data\2024-01,INDUSINDBK,1598.85,2024-01-01 05:30:00,1611.4,1591.8,2024-01,1598.95,1341121
C:\Users\v-dhramaraj\Desktop\Python\Projects\Assignment2_StockAnalysis\Data-20250430T011355Z-1-001\Data\data\2024-01,INDUSINDBK,1575.6,2024-01-02 05:30:00,1598.25,1570.0,2024-01,1594.1,1227193
C:\Users\v-dhramaraj\Desktop\Python\Projects\Assignment2_StockAnalysis\Data-20250430T011355Z-1-001\Data\data\2024-01,INDUSINDBK,1601.15,2024-01-03 05:30:00,1604.95,1558.0,2024-01,1575.5,2620296
C:\Users\v-dhramaraj\Desktop\Python\Projects\Assignment2_StockAnalysis\Data-20250430T011355Z-1-001\Data\data\2024-01,INDUSINDBK,1648.55,2024-01-04 05:30:00,1655.0,1593.0,2024-01,1593.0,4271262
C:\Users\v-dhramaraj\Desktop\Python\Projects\Assignment2_StockAnalysis\Data-20250430T011355Z-1-001\Data\data\2024-01,INDUSINDBK,1643.2,2024-01-05 05:30:00,1654.0,1629.0,2024-01,1654.0,2294140
C:\Users\v-dhramaraj\Desktop\Python\Projects\Assignment2_StockAnalysis\Data-20250430T011355Z-1-001\Data\data\2024-01,INDUSINDBK,1627.1,2024-01-08 05:30:00,1650.05,1622.0,2024-01,1633.0,1791003
C:\Users\v-dhramaraj\Desktop\Python\Projects\Assignment2_StockAnalysis\Data-20250430T011355Z-1-001\Data\data\2024-01,INDUSINDBK,1625.1,2024-01-09 05:30:00,1643.9,1621.0,2024-01,1631.95,1619091
C:\Users\v-dhramaraj\Desktop\Python\Projects\Assignment2_StockAnalysis\Data-20250430T011355Z-1-001\Data\data\2024-01,INDUSINDBK,1640.15,2024-01-10 05:30:00,1642.75,1620.0,2024-01,1620.0,1629958
C:\Users\v-dhramaraj\Desktop\Python\Projects\Assignment2_StockAnalysis\Data-20250430T011355Z-1-001\Data\data\2024-01,INDUSINDBK,1657.85,2024-01-11 05:30:00,1668.2,1642.55,2024-01,1643.95,1914421
C:\Users\v-dhramaraj\Desktop\Python\Projects\Assignment2_StockAnalysis\Data-20250430T011355Z-1-001\Data\data\2024-01,INDUSINDBK,1674.0,2024-01-12 05:30:00,1677.85,1647.4,2024-01,1657.85,2161848
C:\Users\v-dhramaraj\Desktop\Python\Projects\Assignment2_StockAnalysis\Data-20250430T011355Z-1-001\Data\data\2024-01,INDUSINDBK,1688.85,2024-01-15 05:30:00,1694.5,1668.05,2024-01,1684.8,2930339
C:\Users\v-dhramaraj\Desktop\Python\Projects\Assignment2_StockAnalysis\Data-20250430T011355Z-1-001\Data\data\2024-01,INDUSINDBK,1667.05,2024-01-16 05:30:00,1691.75,1663.05,2024-01,1688.85,1316138
C:\Users\v-dhramaraj\Desktop\Python\Projects\Assignment2_StockAnalysis\Data-20250430T011355Z-1-001\Data\data\2024-01,INDUSINDBK,1643.9,2024-01-17 05:30:00,1677.05,1631.85,2024-01,1650.0,6683398
C:\Users\v-dhramaraj\Desktop\Python\Projects\Assignment2_StockAnalysis\Data-20250430T011355Z-1-001\Data\data\2024-01,INDUSINDBK,1612.9,2024-01-18 05:30:00,1639.6,1595.1,2024-01,1634.95,3557256
C:\Users\v-dhramaraj\Desktop\Python\Projects\Assignment2_StockAnalysis\Data-20250430T011355Z-1-001\Data\data\2024-01,INDUSINDBK,1561.1,2024-01-19 05:30:00,1631.75,1550.2,2024-01,1622.7,10982524
C:\Users\v-dhramaraj\Desktop\Python\Projects\Assignment2_StockAnalysis\Data-20250430T011355Z-1-001\Data\data\2024-01,INDUSINDBK,1535.35,2024-01-20 05:30:00,1571.9,1530.0,2024-01,1570.0,3158588
C:\Users\v-dhramaraj\Desktop\Python\Projects\Assignment2_StockAnalysis\Data-20250430T011355Z-1-001\Data\data\2024-01,INDUSINDBK,1441.7,2024-01-23 05:30:00,1547.9,1428.05,2024-01,1535.0,10097057
C:\Users\v-dhramaraj\Desktop\Python\Projects\Assignment2_StockAnalysis\Data-20250430T011355Z-1-001\Data\data\2024-01,INDUSINDBK,1490.85,2024-01-24 05:30:00,1495.8,1442.0,2024-01,1459.95,9155544
C:\Users\v-dhramaraj\Desktop\Python\Projects\Assignment2_StockAnalysis\Data-20250430T011355Z-1-001\Data\data\2024-01,INDUSINDBK,1512.0,2024-01-25 05:30:00,1543.95,1488.6,2024-01,1490.0,8118578
C:\Users\v-dhramaraj\Desktop\Python\Projects\Assignment2_StockAnalysis\Data-20250430T011355Z-1-001\Data\data\2024-01,INDUSINDBK,1526.8,2024-01-29 05:30:00,1537.75,1515.35,2024-01,1523.0,3058020
C:\Users\v-dhramaraj\Desktop\Python\Projects\Assignment2_StockAnalysis\Data-20250430T011355Z-1-001\Data\data\2024-01,INDUSINDBK,1519.9,2024-01-30 05:30:00,1544.45,1510.05,2024-01,1530.0,1721705
C:\Users\v-dhramaraj\Desktop\Python\Projects\Assignment2_StockAnalysis\Data-20250430T011355Z-1-001\Data\data\2024-01,INDUSINDBK,1534.05,2024-01-31 05:30:00,1548.0,1507.15,2024-01,1519.2,3867886
C:\Users\v-dhramaraj\Desktop\Python\Projects\Assignment2_StockAnalysis\Data-20250430T011355Z-1-001\Data\data\2024-02,INDUSINDBK,1541.15,2024-02-01 05:30:00,1547.55,1523.55,2024-02,1537.75,2240634
C:\Users\v-dhramaraj\Desktop\Python\Projects\Assignment2_StockAnalysis\Data-20250430T011355Z-1-001\Data\data\2024-02,INDUSINDBK,1533.75,2024-02-02 05:30:00,1564.85,1529.55,2024-02,1551.0,3554450
C:\Users\v-dhramaraj\Desktop\Python\Projects\Assignment2_StockAnalysis\Data-20250430T011355Z-1-001\Data\data\2024-02,INDUSINDBK,1537.8,2024-02-05 05:30:00,1550.0,1521.8,2024-02,1532.75,2624023
C:\Users\v-dhramaraj\Desktop\Python\Projects\Assignment2_StockAnalysis\Data-20250430T011355Z-1-001\Data\data\2024-02,INDUSINDBK,1511.4,2024-02-06 05:30:00,1550.45,1504.15,2024-02,1550.0,3312270
C:\Users\v-dhramaraj\Desktop\Python\Projects\Assignment2_StockAnalysis\Data-20250430T011355Z-1-001\Data\data\2024-02,INDUSINDBK,1515.35,2024-02-07 05:30:00,1522.4,1492.2,2024-02,1522.4,4066189
C:\Users\v-dhramaraj\Desktop\Python\Projects\Assignment2_StockAnalysis\Data-20250430T011355Z-1-001\Data\data\2024-02,INDUSINDBK,1477.3,2024-02-08 05:30:00,1540.95,1470.0,2024-02,1522.7,2931291
C:\Users\v-dhramaraj\Desktop\Python\Projects\Assignment2_StockAnalysis\Data-20250430T011355Z-1-001\Data\data\2024-02,INDUSINDBK,1486.25,2024-02-09 05:30:00,1491.4,1462.65,2024-02,1480.25,2388841
C:\Users\v-dhramaraj\Desktop\Python\Projects\Assignment2_StockAnalysis\Data-20250430T011355Z-1-001\Data\data\2024-02,INDUSINDBK,1447.15,2024-02-12 05:30:00,1497.0,1442.15,2024-02,1488.2,2821957
C:\Users\v-dhramaraj\Desktop\Python\Projects\Assignment2_StockAnalysis\Data-20250430T011355Z-1-001\Data\data\2024-02,INDUSINDBK,1463.9,2024-02-13 05:30:00,1476.25,1430.65,2024-02,1452.4,4601482
C:\Users\v-dhramaraj\Desktop\Python\Projects\Assignment2_StockAnalysis\Data-20250430T011355Z-1-001\Data\data\2024-02,INDUSINDBK,1481.5,2024-02-14 05:30:00,1494.5,1435.95,2024-02,1450.05,4208176
C:\Users\v-dhramaraj\Desktop\Python\Projects\Assignment2_StockAnalysis\Data-20250430T011355Z-1-001\Data\data\2024-02,INDUSINDBK,1476.95,2024-02-15 05:30:00,1492.85,1460.3,2024-02,1491.0,1906763
C:\Users\v-dhramaraj\Desktop\Python\Projects\Assignment2_StockAnalysis\Data-20250430T011355Z-1-001\Data\data\2024-02,INDUSINDBK,1493.65,2024-02-16 05:30:00,1506.5,1471.0,2024-02,1485.95,1844045
C:\Users\v-dhramaraj\Desktop\Python\Projects\Assignment2_StockAnalysis\Data-20250430T011355Z-1-001\Data\data\2024-02,INDUSINDBK,1483.6,2024-02-19 05:30:00,1502.8,1477.0,2024-02,1499.9,1209609
C:\Users\v-dhramaraj\Desktop\Python\Projects\Assignment2_StockAnalysis\Data-20250430T011355Z-1-001\Data\data\2024-02,INDUSINDBK,1504.2,2024-02-20 05:30:00,1508.0,1475.05,2024-02,1489.0,2390096
C:\Users\v-dhramaraj\Desktop\Python\Projects\Assignment2_StockAnalysis\Data-20250430T011355Z-1-001\Data\data\2024-02,INDUSINDBK,1517.25,2024-02-21 05:30:00,1526.8,1502.5,2024-02,1520.0,5259113
C:\Users\v-dhramaraj\Desktop\Python\Projects\Assignment2_StockAnalysis\Data-20250430T011355Z-1-001\Data\data\2024-02,INDUSINDBK,1489.15,2024-02-22 05:30:00,1520.0,1463.5,2024-02,1517.25,4969478
C:\Users\v-dhramaraj\Desktop\Python\Projects\Assignment2_StockAnalysis\Data-20250430T011355Z-1-001\Data\data\2024-02,INDUSINDBK,1480.3,2024-02-23 05:30:00,1504.9,1475.05,2024-02,1498.45,2557861
C:\Users\v-dhramaraj\Desktop\Python\Projects\Assignment2_StockAnalysis\Data-20250430T011355Z-1-001\Data\data\2024-02,INDUSINDBK,1466.5,2024-02-26 05:30:00,1486.0,1463.9,2024-02,1481.0,2077787
C:\Users\v-dhramaraj\Desktop\Python\Projects\Assignment2_StockAnalysis\Data-20250430T011355Z-1-001\Data\data\2024-02,INDUSINDBK,1493.05,2024-02-27 05:30:00,1497.35,1458.5,2024-02,1466.5,2843312
C:\Users\v-dhramaraj\Desktop\Python\Projects\Assignment2_StockAnalysis\Data-20250430T011355Z-1-001\Data\data\2024-02,INDUSINDBK,1449.2,2024-02-28 05:30:00,1503.45,1442.5,2024-02,1495.0,2661887
C:\Users\v-dhramaraj\Desktop\Python\Projects\Assignment2_StockAnalysis\Data-20250430T011355Z-1-001\Data\data\2024-02,INDUSINDBK,1474.9,2024-02-29 05:30:00,1484.0,1440.0,2024-02,1451.0,4216252
C:\Users\v-dhramaraj\Desktop\Python\Projects\Assignment2_StockAnalysis\Data-20250430T011355Z-1-001\Data\data\2024-03,INDUSINDBK,1526.65,2024-03-01 05:30:00,1528.75,1477.85,2024-03,1480.0,3549401
C:\Users\v-dhramaraj\Desktop\Python\Projects\Assignment2_StockAnalysis\Data-20250430T011355Z-1-001\Data\data\2024-03,INDUSINDBK,1526.0,2024-03-02 05:30:00,1538.0,1524.0,2024-03,1535.0,179042
C:\Users\v-dhramaraj\Desktop\Python\Projects\Assignment2_StockAnalysis\Data-20250430T011355Z-1-001\Data\data\2024-03,INDUSINDBK,1531.3,2024-03-04 05:30:00,1538.95,1520.35,2024-03,1529.95,2985524
C:\Users\v-dhramaraj\Desktop\Python\Projects\Assignment2_StockAnalysis\Data-20250430T011355Z-1-001\Data\data\2024-03,INDUSINDBK,1542.45,2024-03-05 05:30:00,1547.0,1524.0,2024-03,1529.65,2694157
C:\Users\v-dhramaraj\Desktop\Python\Projects\Assignment2_StockAnalysis\Data-20250430T011355Z-1-001\Data\data\2024-03,INDUSINDBK,1554.55,2024-03-06 05:30:00,1564.75,1536.55,2024-03,1542.45,5167456
C:\Users\v-dhramaraj\Desktop\Python\Projects\Assignment2_StockAnalysis\Data-20250430T011355Z-1-001\Data\data\2024-03,INDUSINDBK,1563.75,2024-03-07 05:30:00,1571.5,1546.05,2024-03,1556.45,2285176
C:\Users\v-dhramaraj\Desktop\Python\Projects\Assignment2_StockAnalysis\Data-20250430T011355Z-1-001\Data\data\2024-03,INDUSINDBK,1541.05,2024-03-11 05:30:00,1568.75,1536.6,2024-03,1566.1,1694488
C:\Users\v-dhramaraj\Desktop\Python\Projects\Assignment2_StockAnalysis\Data-20250430T011355Z-1-001\Data\data\2024-03,INDUSINDBK,1533.05,2024-03-12 05:30:00,1555.95,1528.5,2024-03,1541.05,1918571
C:\Users\v-dhramaraj\Desktop\Python\Projects\Assignment2_StockAnalysis\Data-20250430T011355Z-1-001\Data\data\2024-03,INDUSINDBK,1502.65,2024-03-13 05:30:00,1540.6,1495.0,2024-03,1535.0,4165036
C:\Users\v-dhramaraj\Desktop\Python\Projects\Assignment2_StockAnalysis\Data-20250430T011355Z-1-001\Data\data\2024-03,INDUSINDBK,1476.75,2024-03-14 05:30:00,1506.9,1469.2,2024-03,1471.55,3652530
C:\Users\v-dhramaraj\Desktop\Python\Projects\Assignment2_StockAnalysis\Data-20250430T011355Z-1-001\Data\data\2024-03,INDUSINDBK,1484.35,2024-03-15 05:30:00,1489.5,1456.7,2024-03,1474.0,2985042
C:\Users\v-dhramaraj\Desktop\Python\Projects\Assignment2_StockAnalysis\Data-20250430T011355Z-1-001\Data\data\2024-03,INDUSINDBK,1480.7,2024-03-18 05:30:00,1491.6,1466.3,2024-03,1487.25,2365287
C:\Users\v-dhramaraj\Desktop\Python\Projects\Assignment2_StockAnalysis\Data-20250430T011355Z-1-001\Data\data\2024-03,INDUSINDBK,1434.1,2024-03-19 05:30:00,1482.95,1430.85,2024-03,1476.05,3180412
C:\Users\v-dhramaraj\Desktop\Python\Projects\Assignment2_StockAnalysis\Data-20250430T011355Z-1-001\Data\data\2024-03,INDUSINDBK,1441.55,2024-03-20 05:30:00,1464.0,1422.7,2024-03,1440.0,5480729
C:\Users\v-dhramaraj\Desktop\Python\Projects\Assignment2_StockAnalysis\Data-20250430T011355Z-1-001\Data\data\2024-03,INDUSINDBK,1484.1,2024-03-21 05:30:00,1486.9,1459.0,2024-03,1460.0,3870591
C:\Users\v-dhramaraj\Desktop\Python\Projects\Assignment2_StockAnalysis\Data-20250430T011355Z-1-001\Data\data\2024-03,INDUSINDBK,1512.1,2024-03-22 05:30:00,1520.35,1473.0,2024-03,1477.75,5309042
C:\Users\v-dhramaraj\Desktop\Python\Projects\Assignment2_StockAnalysis\Data-20250430T011355Z-1-001\Data\data\2024-03,INDUSINDBK,1518.7,2024-03-26 05:30:00,1523.6,1502.2,2024-03,1512.1,9046136
C:\Users\v-dhramaraj\Desktop\Python\Projects\Assignment2_StockAnalysis\Data-20250430T011355Z-1-001\Data\data\2024-03,INDUSINDBK,1533.55,2024-03-27 05:30:00,1542.95,1514.45,2024-03,1519.0,8408702
C:\Users\v-dhramaraj\Desktop\Python\Projects\Assignment2_StockAnalysis\Data-20250430T011355Z-1-001\Data\data\2024-03,INDUSINDBK,1553.0,2024-03-28 05:30:00,1564.5,1533.6,2024-03,1534.75,3964429
C:\Users\v-dhramaraj\Desktop\Python\Projects\Assignment2_StockAnalysis\Data-20250430T011355Z-1-001\Data\data\2024-04,INDUSINDBK,1542.4,2024-04-01 05:30:00,1572.75,1539.0,2024-04,1553.0,2159432
C:\Users\v-dhramaraj\Desktop\Python\Projects\Assignment2_StockAnalysis\Data-20250430T011355Z-1-001\Data\data\2024-04,INDUSINDBK,1559.4,2024-04-02 05:30:00,1570.95,1537.0,2024-04,1542.95,2335256
C:\Users\v-dhramaraj\Desktop\Python\Projects\Assignment2_StockAnalysis\Data-20250430T011355Z-1-001\Data\data\2024-04,INDUSINDBK,1542.65,2024-04-03 05:30:00,1556.9,1538.05,2024-04,1554.0,3711781
C:\Users\v-dhramaraj\Desktop\Python\Projects\Assignment2_StockAnalysis\Data-20250430T011355Z-1-001\Data\data\2024-04,INDUSINDBK,1544.45,2024-04-04 05:30:00,1550.45,1511.2,2024-04,1548.05,6077155
C:\Users\v-dhramaraj\Desktop\Python\Projects\Assignment2_StockAnalysis\Data-20250430T011355Z-1-001\Data\data\2024-04,INDUSINDBK,1552.4,2024-04-05 05:30:00,1556.35,1528.1,2024-04,1552.0,3286862
C:\Users\v-dhramaraj\Desktop\Python\Projects\Assignment2_StockAnalysis\Data-20250430T011355Z-1-001\Data\data\2024-04,INDUSINDBK,1568.35,2024-04-08 05:30:00,1576.35,1550.0,2024-04,1560.0,2372626
C:\Users\v-dhramaraj\Desktop\Python\Projects\Assignment2_StockAnalysis\Data-20250430T011355Z-1-001\Data\data\2024-04,INDUSINDBK,1554.95,2024-04-09 05:30:00,1574.9,1541.0,2024-04,1574.9,1176425
C:\Users\v-dhramaraj\Desktop\Python\Projects\Assignment2_StockAnalysis\Data-20250430T011355Z-1-001\Data\data\2024-04,INDUSINDBK,1552.85,2024-04-10 05:30:00,1564.85,1548.0,2024-04,1564.85,2528578
C:\Users\v-dhramaraj\Desktop\Python\Projects\Assignment2_StockAnalysis\Data-20250430T011355Z-1-001\Data\data\2024-04,INDUSINDBK,1555.65,2024-04-12 05:30:00,1562.7,1542.0,2024-04,1546.0,1749128
C:\Users\v-dhramaraj\Desktop\Python\Projects\Assignment2_StockAnalysis\Data-20250430T011355Z-1-001\Data\data\2024-04,INDUSINDBK,1539.9,2024-04-15 05:30:00,1557.9,1530.0,2024-04,1544.95,1528341
C:\Users\v-dhramaraj\Desktop\Python\Projects\Assignment2_StockAnalysis\Data-20250430T011355Z-1-001\Data\data\2024-04,INDUSINDBK,1490.95,2024-04-16 05:30:00,1534.8,1487.95,2024-04,1530.0,3981325
C:\Users\v-dhramaraj\Desktop\Python\Projects\Assignment2_StockAnalysis\Data-20250430T011355Z-1-001\Data\data\2024-04,INDUSINDBK,1474.4,2024-04-18 05:30:00,1508.35,1468.15,2024-04,1502.8,3856849
C:\Users\v-dhramaraj\Desktop\Python\Projects\Assignment2_StockAnalysis\Data-20250430T011355Z-1-001\Data\data\2024-04,INDUSINDBK,1482.05,2024-04-19 05:30:00,1490.25,1444.4,2024-04,1466.0,4311650
C:\Users\v-dhramaraj\Desktop\Python\Projects\Assignment2_StockAnalysis\Data-20250430T011355Z-1-001\Data\data\2024-04,INDUSINDBK,1477.5,2024-04-22 05:30:00,1501.0,1469.95,2024-04,1494.0,2887202
C:\Users\v-dhramaraj\Desktop\Python\Projects\Assignment2_StockAnalysis\Data-20250430T011355Z-1-001\Data\data\2024-04,INDUSINDBK,1474.5,2024-04-23 05:30:00,1485.8,1471.1,2024-04,1482.8,1206443
C:\Users\v-dhramaraj\Desktop\Python\Projects\Assignment2_StockAnalysis\Data-20250430T011355Z-1-001\Data\data\2024-04,INDUSINDBK,1474.65,2024-04-24 05:30:00,1483.25,1462.75,2024-04,1477.0,2964953
C:\Users\v-dhramaraj\Desktop\Python\Projects\Assignment2_StockAnalysis\Data-20250430T011355Z-1-001\Data\data\2024-04,INDUSINDBK,1496.1,2024-04-25 05:30:00,1499.5,1470.55,2024-04,1476.05,3697957
C:\Users\v-dhramaraj\Desktop\Python\Projects\Assignment2_StockAnalysis\Data-20250430T011355Z-1-001\Data\data\2024-04,INDUSINDBK,1446.4,2024-04-26 05:30:00,1519.0,1443.3,2024-04,1511.5,6135488
C:\Users\v-dhramaraj\Desktop\Python\Projects\Assignment2_StockAnalysis\Data-20250430T011355Z-1-001\Data\data\2024-04,INDUSINDBK,1487.25,2024-04-29 05:30:00,1491.0,1450.1,2024-04,1458.75,5463640
C:\Users\v-dhramaraj\Desktop\Python\Projects\Assignment2_StockAnalysis\Data-20250430T011355Z-1-001\Data\data\2024-04,INDUSINDBK,1515.7,2024-04-30 05:30:00,1537.0,1489.0,2024-04,1497.8,6293171
C:\Users\v-dhramaraj\Desktop\Python\Projects\Assignment2_StockAnalysis\Data-20250430T011355Z-1-001\Data\data\2024-05,INDUSINDBK,1505.2,2024-05-02 05:30:00,1521.3,1500.05,2024-05,1508.0,2554549
C:\Users\v-dhramaraj\Desktop\Python\Projects\Assignment2_StockAnalysis\Data-20250430T011355Z-1-001\Data\data\2024-05,INDUSINDBK,1483.7,2024-05-03 05:30:00,1517.95,1473.05,2024-05,1517.2,2119368
C:\Users\v-dhramaraj\Desktop\Python\Projects\Assignment2_StockAnalysis\Data-20250430T011355Z-1-001\Data\data\2024-05,INDUSINDBK,1497.5,2024-05-06 05:30:00,1510.0,1482.05,2024-05,1495.7,2600170
C:\Users\v-dhramaraj\Desktop\Python\Projects\Assignment2_StockAnalysis\Data-20250430T011355Z-1-001\Data\data\2024-05,INDUSINDBK,1452.55,2024-05-07 05:30:00,1502.65,1448.0,2024-05,1497.5,1884596
C:\Users\v-dhramaraj\Desktop\Python\Projects\Assignment2_StockAnalysis\Data-20250430T011355Z-1-001\Data\data\2024-05,INDUSINDBK,1442.5,2024-05-08 05:30:00,1455.0,1431.4,2024-05,1455.0,5278612
C:\Users\v-dhramaraj\Desktop\Python\Projects\Assignment2_StockAnalysis\Data-20250430T011355Z-1-001\Data\data\2024-05,INDUSINDBK,1401.45,2024-05-09 05:30:00,1456.6,1393.45,2024-05,1445.5,3272042
C:\Users\v-dhramaraj\Desktop\Python\Projects\Assignment2_StockAnalysis\Data-20250430T011355Z-1-001\Data\data\2024-05,INDUSINDBK,1410.15,2024-05-10 05:30:00,1424.5,1395.55,2024-05,1402.0,1575172
C:\Users\v-dhramaraj\Desktop\Python\Projects\Assignment2_StockAnalysis\Data-20250430T011355Z-1-001\Data\data\2024-05,INDUSINDBK,1404.55,2024-05-13 05:30:00,1417.75,1377.25,2024-05,1415.35,3624862
C:\Users\v-dhramaraj\Desktop\Python\Projects\Assignment2_StockAnalysis\Data-20250430T011355Z-1-001\Data\data\2024-05,INDUSINDBK,1421.0,2024-05-14 05:30:00,1429.35,1402.8,2024-05,1407.0,1279355
C:\Users\v-dhramaraj\Desktop\Python\Projects\Assignment2_StockAnalysis\Data-20250430T011355Z-1-001\Data\data\2024-05,INDUSINDBK,1417.1,2024-05-15 05:30:00,1429.85,1407.4,2024-05,1421.0,2516309
C:\Users\v-dhramaraj\Desktop\Python\Projects\Assignment2_StockAnalysis\Data-20250430T011355Z-1-001\Data\data\2024-05,INDUSINDBK,1408.75,2024-05-16 05:30:00,1425.0,1385.65,2024-05,1420.2,5666243
C:\Users\v-dhramaraj\Desktop\Python\Projects\Assignment2_StockAnalysis\Data-20250430T011355Z-1-001\Data\data\2024-05,INDUSINDBK,1412.35,2024-05-17 05:30:00,1417.1,1395.0,2024-05,1408.0,3673405
C:\Users\v-dhramaraj\Desktop\Python\Projects\Assignment2_StockAnalysis\Data-20250430T011355Z-1-001\Data\data\2024-05,INDUSINDBK,1417.3,2024-05-18 05:30:00,1424.0,1413.75,2024-05,1414.2,105107
C:\Users\v-dhramaraj\Desktop\Python\Projects\Assignment2_StockAnalysis\Data-20250430T011355Z-1-001\Data\data\2024-05,INDUSINDBK,1406.5,2024-05-21 05:30:00,1420.85,1400.0,2024-05,1420.0,3010012
C:\Users\v-dhramaraj\Desktop\Python\Projects\Assignment2_StockAnalysis\Data-20250430T011355Z-1-001\Data\data\2024-05,INDUSINDBK,1404.95,2024-05-22 05:30:00,1413.15,1391.85,2024-05,1409.0,6739695
C:\Users\v-dhramaraj\Desktop\Python\Projects\Assignment2_StockAnalysis\Data-20250430T011355Z-1-001\Data\data\2024-05,INDUSINDBK,1440.85,2024-05-23 05:30:00,1451.0,1406.6,2024-05,1408.55,6444146
C:\Users\v-dhramaraj\Desktop\Python\Projects\Assignment2_StockAnalysis\Data-20250430T011355Z-1-001\Data\data\2024-05,INDUSINDBK,1441.8,2024-05-24 05:30:00,1448.75,1427.85,2024-05,1441.0,2155290
C:\Users\v-dhramaraj\Desktop\Python\Projects\Assignment2_StockAnalysis\Data-20250430T011355Z-1-001\Data\data\2024-05,INDUSINDBK,1465.1,2024-05-27 05:30:00,1475.6,1439.3,2024-05,1447.85,3253683
C:\Users\v-dhramaraj\Desktop\Python\Projects\Assignment2_StockAnalysis\Data-20250430T011355Z-1-001\Data\data\2024-05,INDUSINDBK,1459.35,2024-05-28 05:30:00,1478.8,1449.1,2024-05,1472.8,2381333
C:\Users\v-dhramaraj\Desktop\Python\Projects\Assignment2_StockAnalysis\Data-20250430T011355Z-1-001\Data\data\2024-05,INDUSINDBK,1460.25,2024-05-29 05:30:00,1471.65,1439.25,2024-05,1453.0,4383563
C:\Users\v-dhramaraj\Desktop\Python\Projects\Assignment2_StockAnalysis\Data-20250430T011355Z-1-001\Data\data\2024-05,INDUSINDBK,1446.8,2024-05-30 05:30:00,1477.7,1439.15,2024-05,1458.0,3415942
C:\Users\v-dhramaraj\Desktop\Python\Projects\Assignment2_StockAnalysis\Data-20250430T011355Z-1-001\Data\data\2024-05,INDUSINDBK,1461.85,2024-05-31 05:30:00,1469.9,1446.55,2024-05,1456.0,3546505
C:\Users\v-dhramaraj\Desktop\Python\Projects\Assignment2_StockAnalysis\Data-20250430T011355Z-1-001\Data\data\2024-06,INDUSINDBK,1529.7,2024-06-03 05:30:00,1534.9,1496.4,2024-06,1514.95,8265525
C:\Users\v-dhramaraj\Desktop\Python\Projects\Assignment2_StockAnalysis\Data-20250430T011355Z-1-001\Data\data\2024-06,INDUSINDBK,1391.5,2024-06-04 05:30:00,1521.9,1363.55,2024-06,1509.95,7911282
C:\Users\v-dhramaraj\Desktop\Python\Projects\Assignment2_StockAnalysis\Data-20250430T011355Z-1-001\Data\data\2024-06,INDUSINDBK,1500.95,2024-06-05 05:30:00,1515.8,1372.35,2024-06,1400.5,11014467
C:\Users\v-dhramaraj\Desktop\Python\Projects\Assignment2_StockAnalysis\Data-20250430T011355Z-1-001\Data\data\2024-06,INDUSINDBK,1481.1,2024-06-06 05:30:00,1509.8,1470.9,2024-06,1500.0,3279775
C:\Users\v-dhramaraj\Desktop\Python\Projects\Assignment2_StockAnalysis\Data-20250430T011355Z-1-001\Data\data\2024-06,INDUSINDBK,1492.1,2024-06-07 05:30:00,1498.4,1463.45,2024-06,1468.55,3964791
C:\Users\v-dhramaraj\Desktop\Python\Projects\Assignment2_StockAnalysis\Data-20250430T011355Z-1-001\Data\data\2024-06,INDUSINDBK,1485.85,2024-06-10 05:30:00,1505.8,1480.1,2024-06,1498.5,2416022
C:\Users\v-dhramaraj\Desktop\Python\Projects\Assignment2_StockAnalysis\Data-20250430T011355Z-1-001\Data\data\2024-06,INDUSINDBK,1481.05,2024-06-11 05:30:00,1491.0,1475.2,2024-06,1485.0,1737873
C:\Users\v-dhramaraj\Desktop\Python\Projects\Assignment2_StockAnalysis\Data-20250430T011355Z-1-001\Data\data\2024-06,INDUSINDBK,1484.25,2024-06-12 05:30:00,1492.25,1473.0,2024-06,1491.0,5419536
C:\Users\v-dhramaraj\Desktop\Python\Projects\Assignment2_StockAnalysis\Data-20250430T011355Z-1-001\Data\data\2024-06,INDUSINDBK,1507.25,2024-06-13 05:30:00,1510.0,1481.2,2024-06,1496.0,2446832
C:\Users\v-dhramaraj\Desktop\Python\Projects\Assignment2_StockAnalysis\Data-20250430T011355Z-1-001\Data\data\2024-06,INDUSINDBK,1502.35,2024-06-14 05:30:00,1515.9,1495.95,2024-06,1510.5,2706742
C:\Users\v-dhramaraj\Desktop\Python\Projects\Assignment2_StockAnalysis\Data-20250430T011355Z-1-001\Data\data\2024-06,INDUSINDBK,1507.9,2024-06-18 05:30:00,1516.55,1499.1,2024-06,1514.0,2811967
C:\Users\v-dhramaraj\Desktop\Python\Projects\Assignment2_StockAnalysis\Data-20250430T011355Z-1-001\Data\data\2024-06,INDUSINDBK,1528.2,2024-06-19 05:30:00,1550.0,1513.25,2024-06,1516.2,11002582
C:\Users\v-dhramaraj\Desktop\Python\Projects\Assignment2_StockAnalysis\Data-20250430T011355Z-1-001\Data\data\2024-06,INDUSINDBK,1527.85,2024-06-20 05:30:00,1540.75,1513.0,2024-06,1536.0,3589441
C:\Users\v-dhramaraj\Desktop\Python\Projects\Assignment2_StockAnalysis\Data-20250430T011355Z-1-001\Data\data\2024-06,INDUSINDBK,1527.15,2024-06-21 05:30:00,1537.8,1511.25,2024-06,1523.0,5249389
C:\Users\v-dhramaraj\Desktop\Python\Projects\Assignment2_StockAnalysis\Data-20250430T011355Z-1-001\Data\data\2024-06,INDUSINDBK,1490.4,2024-06-24 05:30:00,1508.9,1478.2,2024-06,1507.15,4609137
C:\Users\v-dhramaraj\Desktop\Python\Projects\Assignment2_StockAnalysis\Data-20250430T011355Z-1-001\Data\data\2024-06,INDUSINDBK,1495.55,2024-06-25 05:30:00,1502.15,1482.2,2024-06,1494.75,3309896
C:\Users\v-dhramaraj\Desktop\Python\Projects\Assignment2_StockAnalysis\Data-20250430T011355Z-1-001\Data\data\2024-06,INDUSINDBK,1497.9,2024-06-26 05:30:00,1521.0,1481.55,2024-06,1498.0,5605220
C:\Users\v-dhramaraj\Desktop\Python\Projects\Assignment2_StockAnalysis\Data-20250430T011355Z-1-001\Data\data\2024-06,INDUSINDBK,1502.75,2024-06-27 05:30:00,1504.95,1485.0,2024-06,1494.0,5166134
C:\Users\v-dhramaraj\Desktop\Python\Projects\Assignment2_StockAnalysis\Data-20250430T011355Z-1-001\Data\data\2024-06,INDUSINDBK,1464.5,2024-06-28 05:30:00,1491.0,1460.5,2024-06,1491.0,6425323
C:\Users\v-dhramaraj\Desktop\Python\Projects\Assignment2_StockAnalysis\Data-20250430T011355Z-1-001\Data\data\2024-07,INDUSINDBK,1456.9,2024-07-01 05:30:00,1469.0,1452.95,2024-07,1468.95,3166439
C:\Users\v-dhramaraj\Desktop\Python\Projects\Assignment2_StockAnalysis\Data-20250430T011355Z-1-001\Data\data\2024-07,INDUSINDBK,1429.45,2024-07-02 05:30:00,1460.45,1420.65,2024-07,1457.4,4644571
C:\Users\v-dhramaraj\Desktop\Python\Projects\Assignment2_StockAnalysis\Data-20250430T011355Z-1-001\Data\data\2024-07,INDUSINDBK,1455.5,2024-07-03 05:30:00,1458.0,1421.9,2024-07,1438.9,5907225
C:\Users\v-dhramaraj\Desktop\Python\Projects\Assignment2_StockAnalysis\Data-20250430T011355Z-1-001\Data\data\2024-07,INDUSINDBK,1442.85,2024-07-04 05:30:00,1457.85,1436.2,2024-07,1455.45,3010077
C:\Users\v-dhramaraj\Desktop\Python\Projects\Assignment2_StockAnalysis\Data-20250430T011355Z-1-001\Data\data\2024-07,INDUSINDBK,1434.25,2024-07-05 05:30:00,1449.7,1426.0,2024-07,1437.0,4216309
C:\Users\v-dhramaraj\Desktop\Python\Projects\Assignment2_StockAnalysis\Data-20250430T011355Z-1-001\Data\data\2024-07,INDUSINDBK,1438.05,2024-07-08 05:30:00,1441.7,1422.8,2024-07,1428.0,2772277
C:\Users\v-dhramaraj\Desktop\Python\Projects\Assignment2_StockAnalysis\Data-20250430T011355Z-1-001\Data\data\2024-07,INDUSINDBK,1434.25,2024-07-09 05:30:00,1449.6,1426.0,2024-07,1441.0,3126274
C:\Users\v-dhramaraj\Desktop\Python\Projects\Assignment2_StockAnalysis\Data-20250430T011355Z-1-001\Data\data\2024-07,INDUSINDBK,1425.95,2024-07-10 05:30:00,1433.5,1415.05,2024-07,1433.5,3979121
C:\Users\v-dhramaraj\Desktop\Python\Projects\Assignment2_StockAnalysis\Data-20250430T011355Z-1-001\Data\data\2024-07,INDUSINDBK,1429.75,2024-07-11 05:30:00,1435.85,1415.7,2024-07,1427.95,2416195
C:\Users\v-dhramaraj\Desktop\Python\Projects\Assignment2_StockAnalysis\Data-20250430T011355Z-1-001\Data\data\2024-07,INDUSINDBK,1434.55,2024-07-12 05:30:00,1450.95,1427.35,2024-07,1432.0,3340305
C:\Users\v-dhramaraj\Desktop\Python\Projects\Assignment2_StockAnalysis\Data-20250430T011355Z-1-001\Data\data\2024-07,INDUSINDBK,1444.05,2024-07-15 05:30:00,1449.0,1433.0,2024-07,1438.5,4284427
C:\Users\v-dhramaraj\Desktop\Python\Projects\Assignment2_StockAnalysis\Data-20250430T011355Z-1-001\Data\data\2024-07,INDUSINDBK,1445.9,2024-07-16 05:30:00,1450.0,1435.75,2024-07,1445.05,2284985
C:\Users\v-dhramaraj\Desktop\Python\Projects\Assignment2_StockAnalysis\Data-20250430T011355Z-1-001\Data\data\2024-07,INDUSINDBK,1456.9,2024-07-18 05:30:00,1460.85,1438.0,2024-07,1440.7,3634938
C:\Users\v-dhramaraj\Desktop\Python\Projects\Assignment2_StockAnalysis\Data-20250430T011355Z-1-001\Data\data\2024-07,INDUSINDBK,1432.45,2024-07-19 05:30:00,1452.0,1429.0,2024-07,1451.55,2981749
C:\Users\v-dhramaraj\Desktop\Python\Projects\Assignment2_StockAnalysis\Data-20250430T011355Z-1-001\Data\data\2024-07,INDUSINDBK,1423.4,2024-07-22 05:30:00,1429.95,1409.6,2024-07,1428.0,2883674
C:\Users\v-dhramaraj\Desktop\Python\Projects\Assignment2_StockAnalysis\Data-20250430T011355Z-1-001\Data\data\2024-07,INDUSINDBK,1413.2,2024-07-23 05:30:00,1427.0,1395.65,2024-07,1422.5,3054925
C:\Users\v-dhramaraj\Desktop\Python\Projects\Assignment2_StockAnalysis\Data-20250430T011355Z-1-001\Data\data\2024-07,INDUSINDBK,1396.65,2024-07-24 05:30:00,1412.5,1386.4,2024-07,1409.8,5553500
C:\Users\v-dhramaraj\Desktop\Python\Projects\Assignment2_StockAnalysis\Data-20250430T011355Z-1-001\Data\data\2024-07,INDUSINDBK,1379.1,2024-07-25 05:30:00,1396.55,1374.0,2024-07,1389.0,3631639
C:\Users\v-dhramaraj\Desktop\Python\Projects\Assignment2_StockAnalysis\Data-20250430T011355Z-1-001\Data\data\2024-07,INDUSINDBK,1403.9,2024-07-26 05:30:00,1409.0,1359.05,2024-07,1365.0,3607419
C:\Users\v-dhramaraj\Desktop\Python\Projects\Assignment2_StockAnalysis\Data-20250430T011355Z-1-001\Data\data\2024-07,INDUSINDBK,1411.5,2024-07-29 05:30:00,1444.95,1406.45,2024-07,1415.0,5955870
C:\Users\v-dhramaraj\Desktop\Python\Projects\Assignment2_StockAnalysis\Data-20250430T011355Z-1-001\Data\data\2024-07,INDUSINDBK,1429.7,2024-07-30 05:30:00,1432.7,1407.2,2024-07,1411.5,2158067
C:\Users\v-dhramaraj\Desktop\Python\Projects\Assignment2_StockAnalysis\Data-20250430T011355Z-1-001\Data\data\2024-07,INDUSINDBK,1427.8,2024-07-31 05:30:00,1435.0,1414.05,2024-07,1435.0,3926481
C:\Users\v-dhramaraj\Desktop\Python\Projects\Assignment2_StockAnalysis\Data-20250430T011355Z-1-001\Data\data\2024-08,INDUSINDBK,1419.85,2024-08-01 05:30:00,1440.0,1416.8,2024-08,1432.0,4074181
C:\Users\v-dhramaraj\Desktop\Python\Projects\Assignment2_StockAnalysis\Data-20250430T011355Z-1-001\Data\data\2024-08,INDUSINDBK,1404.3,2024-08-02 05:30:00,1413.95,1392.7,2024-08,1413.95,3268026
C:\Users\v-dhramaraj\Desktop\Python\Projects\Assignment2_StockAnalysis\Data-20250430T011355Z-1-001\Data\data\2024-08,INDUSINDBK,1389.45,2024-08-05 05:30:00,1396.2,1369.0,2024-08,1388.0,3532894
C:\Users\v-dhramaraj\Desktop\Python\Projects\Assignment2_StockAnalysis\Data-20250430T011355Z-1-001\Data\data\2024-08,INDUSINDBK,1381.0,2024-08-06 05:30:00,1407.3,1376.25,2024-08,1395.0,2425599
C:\Users\v-dhramaraj\Desktop\Python\Projects\Assignment2_StockAnalysis\Data-20250430T011355Z-1-001\Data\data\2024-08,INDUSINDBK,1345.15,2024-08-07 05:30:00,1399.5,1329.2,2024-08,1391.0,8728852
C:\Users\v-dhramaraj\Desktop\Python\Projects\Assignment2_StockAnalysis\Data-20250430T011355Z-1-001\Data\data\2024-08,INDUSINDBK,1347.3,2024-08-08 05:30:00,1355.8,1334.0,2024-08,1347.95,3669342
C:\Users\v-dhramaraj\Desktop\Python\Projects\Assignment2_StockAnalysis\Data-20250430T011355Z-1-001\Data\data\2024-08,INDUSINDBK,1349.8,2024-08-09 05:30:00,1367.0,1338.05,2024-08,1367.0,5082087
C:\Users\v-dhramaraj\Desktop\Python\Projects\Assignment2_StockAnalysis\Data-20250430T011355Z-1-001\Data\data\2024-08,INDUSINDBK,1350.85,2024-08-12 05:30:00,1357.6,1336.65,2024-08,1349.8,4436342
C:\Users\v-dhramaraj\Desktop\Python\Projects\Assignment2_StockAnalysis\Data-20250430T011355Z-1-001\Data\data\2024-08,INDUSINDBK,1350.6,2024-08-13 05:30:00,1371.65,1343.5,2024-08,1355.0,3905817
C:\Users\v-dhramaraj\Desktop\Python\Projects\Assignment2_StockAnalysis\Data-20250430T011355Z-1-001\Data\data\2024-08,INDUSINDBK,1338.1,2024-08-14 05:30:00,1356.95,1335.95,2024-08,1356.95,4868357
C:\Users\v-dhramaraj\Desktop\Python\Projects\Assignment2_StockAnalysis\Data-20250430T011355Z-1-001\Data\data\2024-08,INDUSINDBK,1364.15,2024-08-16 05:30:00,1367.9,1338.55,2024-08,1347.1,5456176
C:\Users\v-dhramaraj\Desktop\Python\Projects\Assignment2_StockAnalysis\Data-20250430T011355Z-1-001\Data\data\2024-08,INDUSINDBK,1347.6,2024-08-19 05:30:00,1375.8,1345.55,2024-08,1370.05,5895105
C:\Users\v-dhramaraj\Desktop\Python\Projects\Assignment2_StockAnalysis\Data-20250430T011355Z-1-001\Data\data\2024-08,INDUSINDBK,1381.3,2024-08-20 05:30:00,1391.65,1357.2,2024-08,1363.9,5507239
C:\Users\v-dhramaraj\Desktop\Python\Projects\Assignment2_StockAnalysis\Data-20250430T011355Z-1-001\Data\data\2024-08,INDUSINDBK,1384.0,2024-08-21 05:30:00,1387.35,1366.4,2024-08,1380.0,5441231
C:\Users\v-dhramaraj\Desktop\Python\Projects\Assignment2_StockAnalysis\Data-20250430T011355Z-1-001\Data\data\2024-08,INDUSINDBK,1381.9,2024-08-22 05:30:00,1395.95,1379.6,2024-08,1384.05,3510879
C:\Users\v-dhramaraj\Desktop\Python\Projects\Assignment2_StockAnalysis\Data-20250430T011355Z-1-001\Data\data\2024-08,INDUSINDBK,1388.55,2024-08-23 05:30:00,1390.3,1373.8,2024-08,1382.0,2252945
C:\Users\v-dhramaraj\Desktop\Python\Projects\Assignment2_StockAnalysis\Data-20250430T011355Z-1-001\Data\data\2024-08,INDUSINDBK,1384.5,2024-08-26 05:30:00,1395.55,1379.8,2024-08,1395.3,2541300
C:\Users\v-dhramaraj\Desktop\Python\Projects\Assignment2_StockAnalysis\Data-20250430T011355Z-1-001\Data\data\2024-08,INDUSINDBK,1383.2,2024-08-27 05:30:00,1387.15,1377.55,2024-08,1385.9,1167406
C:\Users\v-dhramaraj\Desktop\Python\Projects\Assignment2_StockAnalysis\Data-20250430T011355Z-1-001\Data\data\2024-08,INDUSINDBK,1415.75,2024-08-28 05:30:00,1421.95,1382.55,2024-08,1389.05,6532773
C:\Users\v-dhramaraj\Desktop\Python\Projects\Assignment2_StockAnalysis\Data-20250430T011355Z-1-001\Data\data\2024-08,INDUSINDBK,1417.45,2024-08-29 05:30:00,1423.05,1405.25,2024-08,1414.2,3316387
C:\Users\v-dhramaraj\Desktop\Python\Projects\Assignment2_StockAnalysis\Data-20250430T011355Z-1-001\Data\data\2024-08,INDUSINDBK,1425.25,2024-08-30 05:30:00,1430.0,1415.55,2024-08,1422.15,2792988
C:\Users\v-dhramaraj\Desktop\Python\Projects\Assignment2_StockAnalysis\Data-20250430T011355Z-1-001\Data\data\2024-09,INDUSINDBK,1449.05,2024-09-02 05:30:00,1451.25,1425.25,2024-09,1425.25,4024426
C:\Users\v-dhramaraj\Desktop\Python\Projects\Assignment2_StockAnalysis\Data-20250430T011355Z-1-001\Data\data\2024-09,INDUSINDBK,1436.7,2024-09-03 05:30:00,1451.9,1433.9,2024-09,1450.0,2351018
C:\Users\v-dhramaraj\Desktop\Python\Projects\Assignment2_StockAnalysis\Data-20250430T011355Z-1-001\Data\data\2024-09,INDUSINDBK,1434.4,2024-09-04 05:30:00,1439.25,1417.0,2024-09,1417.0,2919356
C:\Users\v-dhramaraj\Desktop\Python\Projects\Assignment2_StockAnalysis\Data-20250430T011355Z-1-001\Data\data\2024-09,INDUSINDBK,1422.9,2024-09-05 05:30:00,1444.0,1418.9,2024-09,1443.0,3427784
C:\Users\v-dhramaraj\Desktop\Python\Projects\Assignment2_StockAnalysis\Data-20250430T011355Z-1-001\Data\data\2024-09,INDUSINDBK,1409.35,2024-09-06 05:30:00,1438.2,1401.5,2024-09,1426.45,2608515
C:\Users\v-dhramaraj\Desktop\Python\Projects\Assignment2_StockAnalysis\Data-20250430T011355Z-1-001\Data\data\2024-09,INDUSINDBK,1428.1,2024-09-09 05:30:00,1431.0,1400.1,2024-09,1409.35,1802343
C:\Users\v-dhramaraj\Desktop\Python\Projects\Assignment2_StockAnalysis\Data-20250430T011355Z-1-001\Data\data\2024-09,INDUSINDBK,1435.55,2024-09-10 05:30:00,1438.5,1420.6,2024-09,1428.9,2414043
C:\Users\v-dhramaraj\Desktop\Python\Projects\Assignment2_StockAnalysis\Data-20250430T011355Z-1-001\Data\data\2024-09,INDUSINDBK,1421.2,2024-09-11 05:30:00,1438.95,1417.8,2024-09,1435.4,2622902
C:\Users\v-dhramaraj\Desktop\Python\Projects\Assignment2_StockAnalysis\Data-20250430T011355Z-1-001\Data\data\2024-09,INDUSINDBK,1443.35,2024-09-12 05:30:00,1446.5,1420.15,2024-09,1425.15,2437399
C:\Users\v-dhramaraj\Desktop\Python\Projects\Assignment2_StockAnalysis\Data-20250430T011355Z-1-001\Data\data\2024-09,INDUSINDBK,1464.05,2024-09-13 05:30:00,1470.95,1442.35,2024-09,1450.0,2999055
C:\Users\v-dhramaraj\Desktop\Python\Projects\Assignment2_StockAnalysis\Data-20250430T011355Z-1-001\Data\data\2024-09,INDUSINDBK,1470.2,2024-09-16 05:30:00,1473.95,1461.1,2024-09,1469.95,1495683
C:\Users\v-dhramaraj\Desktop\Python\Projects\Assignment2_StockAnalysis\Data-20250430T011355Z-1-001\Data\data\2024-09,INDUSINDBK,1466.35,2024-09-17 05:30:00,1483.5,1462.25,2024-09,1478.0,1866702
C:\Users\v-dhramaraj\Desktop\Python\Projects\Assignment2_StockAnalysis\Data-20250430T011355Z-1-001\Data\data\2024-09,INDUSINDBK,1480.25,2024-09-18 05:30:00,1488.75,1461.15,2024-09,1470.0,3966006
C:\Users\v-dhramaraj\Desktop\Python\Projects\Assignment2_StockAnalysis\Data-20250430T011355Z-1-001\Data\data\2024-09,INDUSINDBK,1484.75,2024-09-19 05:30:00,1498.0,1474.9,2024-09,1494.95,3861906
C:\Users\v-dhramaraj\Desktop\Python\Projects\Assignment2_StockAnalysis\Data-20250430T011355Z-1-001\Data\data\2024-09,INDUSINDBK,1480.2,2024-09-20 05:30:00,1491.95,1473.2,2024-09,1488.0,5335400
C:\Users\v-dhramaraj\Desktop\Python\Projects\Assignment2_StockAnalysis\Data-20250430T011355Z-1-001\Data\data\2024-09,INDUSINDBK,1465.1,2024-09-23 05:30:00,1490.85,1453.05,2024-09,1490.2,4610747
C:\Users\v-dhramaraj\Desktop\Python\Projects\Assignment2_StockAnalysis\Data-20250430T011355Z-1-001\Data\data\2024-09,INDUSINDBK,1448.3,2024-09-24 05:30:00,1474.1,1446.0,2024-09,1470.1,3893140
C:\Users\v-dhramaraj\Desktop\Python\Projects\Assignment2_StockAnalysis\Data-20250430T011355Z-1-001\Data\data\2024-09,INDUSINDBK,1439.5,2024-09-25 05:30:00,1456.0,1432.25,2024-09,1450.0,3012173
C:\Users\v-dhramaraj\Desktop\Python\Projects\Assignment2_StockAnalysis\Data-20250430T011355Z-1-001\Data\data\2024-09,INDUSINDBK,1452.7,2024-09-26 05:30:00,1457.3,1437.3,2024-09,1445.0,3388674
C:\Users\v-dhramaraj\Desktop\Python\Projects\Assignment2_StockAnalysis\Data-20250430T011355Z-1-001\Data\data\2024-09,INDUSINDBK,1462.7,2024-09-27 05:30:00,1481.0,1454.0,2024-09,1457.0,4708951
C:\Users\v-dhramaraj\Desktop\Python\Projects\Assignment2_StockAnalysis\Data-20250430T011355Z-1-001\Data\data\2024-09,INDUSINDBK,1447.6,2024-09-30 05:30:00,1474.8,1437.0,2024-09,1467.0,2888962
C:\Users\v-dhramaraj\Desktop\Python\Projects\Assignment2_StockAnalysis\Data-20250430T011355Z-1-001\Data\data\2024-10,INDUSINDBK,1409.7,2024-10-01 05:30:00,1450.3,1404.65,2024-10,1450.0,3377999
C:\Users\v-dhramaraj\Desktop\Python\Projects\Assignment2_StockAnalysis\Data-20250430T011355Z-1-001\Data\data\2024-10,INDUSINDBK,1387.75,2024-10-03 05:30:00,1412.7,1382.05,2024-10,1404.0,2081630
C:\Users\v-dhramaraj\Desktop\Python\Projects\Assignment2_StockAnalysis\Data-20250430T011355Z-1-001\Data\data\2024-10,INDUSINDBK,1382.85,2024-10-04 05:30:00,1410.95,1380.85,2024-10,1384.05,2178195
C:\Users\v-dhramaraj\Desktop\Python\Projects\Assignment2_StockAnalysis\Data-20250430T011355Z-1-001\Data\data\2024-10,INDUSINDBK,1350.85,2024-10-07 05:30:00,1394.05,1338.2,2024-10,1388.0,3878973
C:\Users\v-dhramaraj\Desktop\Python\Projects\Assignment2_StockAnalysis\Data-20250430T011355Z-1-001\Data\data\2024-10,INDUSINDBK,1359.55,2024-10-08 05:30:00,1371.0,1343.55,2024-10,1357.85,2429248
C:\Users\v-dhramaraj\Desktop\Python\Projects\Assignment2_StockAnalysis\Data-20250430T011355Z-1-001\Data\data\2024-10,INDUSINDBK,1341.55,2024-10-09 05:30:00,1371.5,1335.55,2024-10,1369.0,5269772
C:\Users\v-dhramaraj\Desktop\Python\Projects\Assignment2_StockAnalysis\Data-20250430T011355Z-1-001\Data\data\2024-10,INDUSINDBK,1356.4,2024-10-10 05:30:00,1362.0,1344.3,2024-10,1350.0,1673393
C:\Users\v-dhramaraj\Desktop\Python\Projects\Assignment2_StockAnalysis\Data-20250430T011355Z-1-001\Data\data\2024-10,INDUSINDBK,1347.6,2024-10-11 05:30:00,1371.3,1339.0,2024-10,1360.1,2755874
C:\Users\v-dhramaraj\Desktop\Python\Projects\Assignment2_StockAnalysis\Data-20250430T011355Z-1-001\Data\data\2024-10,INDUSINDBK,1370.45,2024-10-14 05:30:00,1371.5,1348.3,2024-10,1354.6,1381439
C:\Users\v-dhramaraj\Desktop\Python\Projects\Assignment2_StockAnalysis\Data-20250430T011355Z-1-001\Data\data\2024-10,INDUSINDBK,1360.9,2024-10-15 05:30:00,1374.45,1349.45,2024-10,1371.0,2775029
C:\Users\v-dhramaraj\Desktop\Python\Projects\Assignment2_StockAnalysis\Data-20250430T011355Z-1-001\Data\data\2024-10,INDUSINDBK,1346.3,2024-10-16 05:30:00,1358.35,1341.1,2024-10,1355.0,2126519
C:\Users\v-dhramaraj\Desktop\Python\Projects\Assignment2_StockAnalysis\Data-20250430T011355Z-1-001\Data\data\2024-10,INDUSINDBK,1347.35,2024-10-17 05:30:00,1354.25,1337.0,2024-10,1348.0,1353852
C:\Users\v-dhramaraj\Desktop\Python\Projects\Assignment2_StockAnalysis\Data-20250430T011355Z-1-001\Data\data\2024-10,INDUSINDBK,1347.25,2024-10-18 05:30:00,1354.95,1331.0,2024-10,1345.0,3676670
C:\Users\v-dhramaraj\Desktop\Python\Projects\Assignment2_StockAnalysis\Data-20250430T011355Z-1-001\Data\data\2024-10,INDUSINDBK,1308.25,2024-10-21 05:30:00,1353.95,1299.6,2024-10,1352.05,5862686
C:\Users\v-dhramaraj\Desktop\Python\Projects\Assignment2_StockAnalysis\Data-20250430T011355Z-1-001\Data\data\2024-10,INDUSINDBK,1274.35,2024-10-22 05:30:00,1312.2,1271.25,2024-10,1309.1,4183194
C:\Users\v-dhramaraj\Desktop\Python\Projects\Assignment2_StockAnalysis\Data-20250430T011355Z-1-001\Data\data\2024-10,INDUSINDBK,1274.3,2024-10-23 05:30:00,1284.9,1266.5,2024-10,1274.35,4860497
C:\Users\v-dhramaraj\Desktop\Python\Projects\Assignment2_StockAnalysis\Data-20250430T011355Z-1-001\Data\data\2024-10,INDUSINDBK,1280.05,2024-10-24 05:30:00,1285.95,1258.15,2024-10,1276.0,2441333
C:\Users\v-dhramaraj\Desktop\Python\Projects\Assignment2_StockAnalysis\Data-20250430T011355Z-1-001\Data\data\2024-10,INDUSINDBK,1041.6,2024-10-25 05:30:00,1166.75,1025.5,2024-10,1163.0,56935420
C:\Users\v-dhramaraj\Desktop\Python\Projects\Assignment2_StockAnalysis\Data-20250430T011355Z-1-001\Data\data\2024-10,INDUSINDBK,1054.8,2024-10-28 05:30:00,1084.65,1031.0,2024-10,1051.4,11099823
C:\Users\v-dhramaraj\Desktop\Python\Projects\Assignment2_StockAnalysis\Data-20250430T011355Z-1-001\Data\data\2024-10,INDUSINDBK,1038.15,2024-10-29 05:30:00,1058.8,1018.1,2024-10,1058.8,7951124
C:\Users\v-dhramaraj\Desktop\Python\Projects\Assignment2_StockAnalysis\Data-20250430T011355Z-1-001\Data\data\2024-10,INDUSINDBK,1056.4,2024-10-30 05:30:00,1069.4,1030.25,2024-10,1037.65,8907271
C:\Users\v-dhramaraj\Desktop\Python\Projects\Assignment2_StockAnalysis\Data-20250430T011355Z-1-001\Data\data\2024-10,INDUSINDBK,1055.6,2024-10-31 05:30:00,1066.9,1044.0,2024-10,1054.0,4509824
C:\Users\v-dhramaraj\Desktop\Python\Projects\Assignment2_StockAnalysis\Data-20250430T011355Z-1-001\Data\data\2024-11,INDUSINDBK,1062.5,2024-11-01 05:30:00,1069.9,1058.55,2024-11,1061.45,441083
C:\Users\v-dhramaraj\Desktop\Python\Projects\Assignment2_StockAnalysis\Data-20250430T011355Z-1-001\Data\data\2024-11,INDUSINDBK,1063.8,2024-11-04 05:30:00,1070.5,1054.1,2024-11,1067.0,5143749
C:\Users\v-dhramaraj\Desktop\Python\Projects\Assignment2_StockAnalysis\Data-20250430T011355Z-1-001\Data\data\2024-11,INDUSINDBK,1090.1,2024-11-05 05:30:00,1092.4,1062.0,2024-11,1063.7,4840541
C:\Users\v-dhramaraj\Desktop\Python\Projects\Assignment2_StockAnalysis\Data-20250430T011355Z-1-001\Data\data\2024-11,INDUSINDBK,1077.65,2024-11-06 05:30:00,1098.6,1068.25,2024-11,1092.3,7153974
C:\Users\v-dhramaraj\Desktop\Python\Projects\Assignment2_StockAnalysis\Data-20250430T011355Z-1-001\Data\data\2024-11,INDUSINDBK,1056.8,2024-11-07 05:30:00,1086.0,1051.0,2024-11,1086.0,4901367
C:\Users\v-dhramaraj\Desktop\Python\Projects\Assignment2_StockAnalysis\Data-20250430T011355Z-1-001\Data\data\2024-11,INDUSINDBK,1053.8,2024-11-08 05:30:00,1061.45,1048.05,2024-11,1061.45,2107903
C:\Users\v-dhramaraj\Desktop\Python\Projects\Assignment2_StockAnalysis\Data-20250430T011355Z-1-001\Data\data\2024-11,INDUSINDBK,1060.8,2024-11-11 05:30:00,1067.5,1040.0,2024-11,1053.0,4918839
C:\Users\v-dhramaraj\Desktop\Python\Projects\Assignment2_StockAnalysis\Data-20250430T011355Z-1-001\Data\data\2024-11,INDUSINDBK,1059.55,2024-11-12 05:30:00,1065.45,1051.55,2024-11,1061.3,2186055
C:\Users\v-dhramaraj\Desktop\Python\Projects\Assignment2_StockAnalysis\Data-20250430T011355Z-1-001\Data\data\2024-11,INDUSINDBK,1036.7,2024-11-13 05:30:00,1067.8,1032.2,2024-11,1053.8,4850346
C:\Users\v-dhramaraj\Desktop\Python\Projects\Assignment2_StockAnalysis\Data-20250430T011355Z-1-001\Data\data\2024-11,INDUSINDBK,1017.15,2024-11-14 05:30:00,1045.0,1015.0,2024-11,1043.0,2612235
C:\Users\v-dhramaraj\Desktop\Python\Projects\Assignment2_StockAnalysis\Data-20250430T011355Z-1-001\Data\data\2024-11,INDUSINDBK,1004.6,2024-11-18 05:30:00,1017.95,1000.05,2024-11,1015.5,5427908
C:\Users\v-dhramaraj\Desktop\Python\Projects\Assignment2_StockAnalysis\Data-20250430T011355Z-1-001\Data\data\2024-11,INDUSINDBK,1000.2,2024-11-19 05:30:00,1032.0,998.1,2024-11,1010.5,5718490
C:\Users\v-dhramaraj\Desktop\Python\Projects\Assignment2_StockAnalysis\Data-20250430T011355Z-1-001\Data\data\2024-11,INDUSINDBK,981.45,2024-11-21 05:30:00,1003.0,966.4,2024-11,1000.4,6606440
C:\Users\v-dhramaraj\Desktop\Python\Projects\Assignment2_StockAnalysis\Data-20250430T011355Z-1-001\Data\data\2024-11,INDUSINDBK,998.2,2024-11-22 05:30:00,1002.45,981.4,2024-11,986.0,4026863
