Source Folder,Ticker,close,date,high,low,month,open,volume
C:\Users\v-dhramaraj\Desktop\Python\Projects\Assignment2_StockAnalysis\Data-20250430T011355Z-1-001\Data\data\2023-10,INFY,1434.0,2023-10-03 05:30:00,1437.0,1420.3,2023-10,1436.05,4181867
C:\Users\v-dhramaraj\Desktop\Python\Projects\Assignment2_StockAnalysis\Data-20250430T011355Z-1-001\Data\data\2023-10,INFY,1444.35,2023-10-04 05:30:00,1449.95,1418.2,2023-10,1425.0,4510406
C:\Users\v-dhramaraj\Desktop\Python\Projects\Assignment2_StockAnalysis\Data-20250430T011355Z-1-001\Data\data\2023-10,INFY,1463.45,2023-10-05 05:30:00,1475.65,1450.2,2023-10,1452.0,7384621
C:\Users\v-dhramaraj\Desktop\Python\Projects\Assignment2_StockAnalysis\Data-20250430T011355Z-1-001\Data\data\2023-10,INFY,1478.7,2023-10-06 05:30:00,1484.5,1463.3,2023-10,1469.5,3598672
C:\Users\v-dhramaraj\Desktop\Python\Projects\Assignment2_StockAnalysis\Data-20250430T011355Z-1-001\Data\data\2023-10,INFY,1475.45,2023-10-09 05:30:00,1491.0,1462.2,2023-10,1464.9,3567552
C:\Users\v-dhramaraj\Desktop\Python\Projects\Assignment2_StockAnalysis\Data-20250430T011355Z-1-001\Data\data\2023-10,INFY,1495.15,2023-10-10 05:30:00,1497.0,1469.1,2023-10,1483.9,5688951
C:\Users\v-dhramaraj\Desktop\Python\Projects\Assignment2_StockAnalysis\Data-20250430T011355Z-1-001\Data\data\2023-10,INFY,1494.4,2023-10-11 05:30:00,1518.25,1481.45,2023-10,1497.0,7220129
C:\Users\v-dhramaraj\Desktop\Python\Projects\Assignment2_StockAnalysis\Data-20250430T011355Z-1-001\Data\data\2023-10,INFY,1465.5,2023-10-12 05:30:00,1504.4,1452.0,2023-10,1491.9,11081662
C:\Users\v-dhramaraj\Desktop\Python\Projects\Assignment2_StockAnalysis\Data-20250430T011355Z-1-001\Data\data\2023-10,INFY,1431.15,2023-10-13 05:30:00,1438.0,1400.0,2023-10,1405.0,17973439
C:\Users\v-dhramaraj\Desktop\Python\Projects\Assignment2_StockAnalysis\Data-20250430T011355Z-1-001\Data\data\2023-10,INFY,1434.15,2023-10-16 05:30:00,1443.6,1430.0,2023-10,1432.1,4850745
C:\Users\v-dhramaraj\Desktop\Python\Projects\Assignment2_StockAnalysis\Data-20250430T011355Z-1-001\Data\data\2023-10,INFY,1442.45,2023-10-17 05:30:00,1453.35,1438.05,2023-10,1440.25,3923764
C:\Users\v-dhramaraj\Desktop\Python\Projects\Assignment2_StockAnalysis\Data-20250430T011355Z-1-001\Data\data\2023-10,INFY,1440.55,2023-10-18 05:30:00,1454.0,1438.35,2023-10,1442.0,4264837
C:\Users\v-dhramaraj\Desktop\Python\Projects\Assignment2_StockAnalysis\Data-20250430T011355Z-1-001\Data\data\2023-10,INFY,1433.65,2023-10-19 05:30:00,1439.65,1426.1,2023-10,1426.1,6795691
C:\Users\v-dhramaraj\Desktop\Python\Projects\Assignment2_StockAnalysis\Data-20250430T011355Z-1-001\Data\data\2023-10,INFY,1427.25,2023-10-20 05:30:00,1438.5,1425.25,2023-10,1430.0,3928622
C:\Users\v-dhramaraj\Desktop\Python\Projects\Assignment2_StockAnalysis\Data-20250430T011355Z-1-001\Data\data\2023-10,INFY,1408.65,2023-10-23 05:30:00,1432.35,1405.25,2023-10,1425.6,2636516
C:\Users\v-dhramaraj\Desktop\Python\Projects\Assignment2_StockAnalysis\Data-20250430T011355Z-1-001\Data\data\2023-10,INFY,1370.05,2023-10-25 05:30:00,1402.55,1361.3,2023-10,1399.0,6940777
C:\Users\v-dhramaraj\Desktop\Python\Projects\Assignment2_StockAnalysis\Data-20250430T011355Z-1-001\Data\data\2023-10,INFY,1359.45,2023-10-26 05:30:00,1374.0,1353.1,2023-10,1355.05,6357656
C:\Users\v-dhramaraj\Desktop\Python\Projects\Assignment2_StockAnalysis\Data-20250430T011355Z-1-001\Data\data\2023-10,INFY,1380.35,2023-10-27 05:30:00,1385.0,1363.65,2023-10,1363.65,4634358
C:\Users\v-dhramaraj\Desktop\Python\Projects\Assignment2_StockAnalysis\Data-20250430T011355Z-1-001\Data\data\2023-10,INFY,1377.05,2023-10-30 05:30:00,1380.35,1363.1,2023-10,1380.35,2667696
C:\Users\v-dhramaraj\Desktop\Python\Projects\Assignment2_StockAnalysis\Data-20250430T011355Z-1-001\Data\data\2023-10,INFY,1368.4,2023-10-31 05:30:00,1381.15,1363.0,2023-10,1379.95,3451595
C:\Users\v-dhramaraj\Desktop\Python\Projects\Assignment2_StockAnalysis\Data-20250430T011355Z-1-001\Data\data\2023-11,INFY,1354.15,2023-11-01 05:30:00,1377.45,1351.65,2023-11,1373.05,3090672
C:\Users\v-dhramaraj\Desktop\Python\Projects\Assignment2_StockAnalysis\Data-20250430T011355Z-1-001\Data\data\2023-11,INFY,1370.15,2023-11-02 05:30:00,1376.3,1361.65,2023-11,1370.0,3758060
C:\Users\v-dhramaraj\Desktop\Python\Projects\Assignment2_StockAnalysis\Data-20250430T011355Z-1-001\Data\data\2023-11,INFY,1389.05,2023-11-03 05:30:00,1392.0,1377.75,2023-11,1380.05,3349045
C:\Users\v-dhramaraj\Desktop\Python\Projects\Assignment2_StockAnalysis\Data-20250430T011355Z-1-001\Data\data\2023-11,INFY,1403.3,2023-11-06 05:30:00,1407.25,1390.8,2023-11,1393.9,2736381
C:\Users\v-dhramaraj\Desktop\Python\Projects\Assignment2_StockAnalysis\Data-20250430T011355Z-1-001\Data\data\2023-11,INFY,1404.3,2023-11-07 05:30:00,1405.9,1394.85,2023-11,1400.0,2272209
C:\Users\v-dhramaraj\Desktop\Python\Projects\Assignment2_StockAnalysis\Data-20250430T011355Z-1-001\Data\data\2023-11,INFY,1391.0,2023-11-08 05:30:00,1405.0,1386.45,2023-11,1405.0,3550635
C:\Users\v-dhramaraj\Desktop\Python\Projects\Assignment2_StockAnalysis\Data-20250430T011355Z-1-001\Data\data\2023-11,INFY,1374.8,2023-11-09 05:30:00,1397.5,1370.05,2023-11,1395.9,5498051
C:\Users\v-dhramaraj\Desktop\Python\Projects\Assignment2_StockAnalysis\Data-20250430T011355Z-1-001\Data\data\2023-11,INFY,1368.85,2023-11-10 05:30:00,1373.15,1361.0,2023-11,1369.95,2943649
C:\Users\v-dhramaraj\Desktop\Python\Projects\Assignment2_StockAnalysis\Data-20250430T011355Z-1-001\Data\data\2023-11,INFY,1388.2,2023-11-12 05:30:00,1389.1,1380.05,2023-11,1380.05,572298
C:\Users\v-dhramaraj\Desktop\Python\Projects\Assignment2_StockAnalysis\Data-20250430T011355Z-1-001\Data\data\2023-11,INFY,1373.55,2023-11-13 05:30:00,1382.45,1370.85,2023-11,1379.85,3462092
C:\Users\v-dhramaraj\Desktop\Python\Projects\Assignment2_StockAnalysis\Data-20250430T011355Z-1-001\Data\data\2023-11,INFY,1410.5,2023-11-15 05:30:00,1414.0,1393.0,2023-11,1399.0,8551860
C:\Users\v-dhramaraj\Desktop\Python\Projects\Assignment2_StockAnalysis\Data-20250430T011355Z-1-001\Data\data\2023-11,INFY,1444.9,2023-11-16 05:30:00,1453.4,1410.6,2023-11,1416.1,6673907
C:\Users\v-dhramaraj\Desktop\Python\Projects\Assignment2_StockAnalysis\Data-20250430T011355Z-1-001\Data\data\2023-11,INFY,1437.55,2023-11-17 05:30:00,1451.0,1435.05,2023-11,1441.05,4901251
C:\Users\v-dhramaraj\Desktop\Python\Projects\Assignment2_StockAnalysis\Data-20250430T011355Z-1-001\Data\data\2023-11,INFY,1436.6,2023-11-20 05:30:00,1452.0,1433.65,2023-11,1442.0,3584210
C:\Users\v-dhramaraj\Desktop\Python\Projects\Assignment2_StockAnalysis\Data-20250430T011355Z-1-001\Data\data\2023-11,INFY,1439.0,2023-11-21 05:30:00,1450.0,1436.75,2023-11,1442.0,3793135
C:\Users\v-dhramaraj\Desktop\Python\Projects\Assignment2_StockAnalysis\Data-20250430T011355Z-1-001\Data\data\2023-11,INFY,1457.8,2023-11-22 05:30:00,1458.95,1436.2,2023-11,1436.2,3108786
C:\Users\v-dhramaraj\Desktop\Python\Projects\Assignment2_StockAnalysis\Data-20250430T011355Z-1-001\Data\data\2023-11,INFY,1449.25,2023-11-23 05:30:00,1467.9,1447.7,2023-11,1467.9,3186928
C:\Users\v-dhramaraj\Desktop\Python\Projects\Assignment2_StockAnalysis\Data-20250430T011355Z-1-001\Data\data\2023-11,INFY,1437.4,2023-11-24 05:30:00,1452.65,1433.85,2023-11,1445.55,2973195
C:\Users\v-dhramaraj\Desktop\Python\Projects\Assignment2_StockAnalysis\Data-20250430T011355Z-1-001\Data\data\2023-11,INFY,1442.7,2023-11-28 05:30:00,1445.0,1427.05,2023-11,1444.0,3755373
C:\Users\v-dhramaraj\Desktop\Python\Projects\Assignment2_StockAnalysis\Data-20250430T011355Z-1-001\Data\data\2023-11,INFY,1459.6,2023-11-29 05:30:00,1460.7,1449.8,2023-11,1451.1,3875778
C:\Users\v-dhramaraj\Desktop\Python\Projects\Assignment2_StockAnalysis\Data-20250430T011355Z-1-001\Data\data\2023-11,INFY,1455.15,2023-11-30 05:30:00,1460.65,1449.55,2023-11,1453.25,10120867
C:\Users\v-dhramaraj\Desktop\Python\Projects\Assignment2_StockAnalysis\Data-20250430T011355Z-1-001\Data\data\2023-12,INFY,1452.3,2023-12-01 05:30:00,1459.9,1446.15,2023-12,1459.9,3489187
C:\Users\v-dhramaraj\Desktop\Python\Projects\Assignment2_StockAnalysis\Data-20250430T011355Z-1-001\Data\data\2023-12,INFY,1464.35,2023-12-04 05:30:00,1471.9,1449.3,2023-12,1460.45,5511948
C:\Users\v-dhramaraj\Desktop\Python\Projects\Assignment2_StockAnalysis\Data-20250430T011355Z-1-001\Data\data\2023-12,INFY,1453.95,2023-12-05 05:30:00,1466.9,1442.0,2023-12,1465.8,5123039
C:\Users\v-dhramaraj\Desktop\Python\Projects\Assignment2_StockAnalysis\Data-20250430T011355Z-1-001\Data\data\2023-12,INFY,1474.3,2023-12-06 05:30:00,1477.0,1451.05,2023-12,1456.75,5269178
C:\Users\v-dhramaraj\Desktop\Python\Projects\Assignment2_StockAnalysis\Data-20250430T011355Z-1-001\Data\data\2023-12,INFY,1465.9,2023-12-07 05:30:00,1472.85,1461.8,2023-12,1472.85,4424453
C:\Users\v-dhramaraj\Desktop\Python\Projects\Assignment2_StockAnalysis\Data-20250430T011355Z-1-001\Data\data\2023-12,INFY,1491.15,2023-12-08 05:30:00,1494.7,1466.25,2023-12,1470.4,6323433
C:\Users\v-dhramaraj\Desktop\Python\Projects\Assignment2_StockAnalysis\Data-20250430T011355Z-1-001\Data\data\2023-12,INFY,1488.5,2023-12-11 05:30:00,1498.0,1482.0,2023-12,1490.0,3862018
C:\Users\v-dhramaraj\Desktop\Python\Projects\Assignment2_StockAnalysis\Data-20250430T011355Z-1-001\Data\data\2023-12,INFY,1476.05,2023-12-12 05:30:00,1490.0,1467.65,2023-12,1477.5,6103494
C:\Users\v-dhramaraj\Desktop\Python\Projects\Assignment2_StockAnalysis\Data-20250430T011355Z-1-001\Data\data\2023-12,INFY,1449.0,2023-12-13 05:30:00,1476.05,1433.15,2023-12,1476.0,8549258
C:\Users\v-dhramaraj\Desktop\Python\Projects\Assignment2_StockAnalysis\Data-20250430T011355Z-1-001\Data\data\2023-12,INFY,1501.45,2023-12-14 05:30:00,1511.0,1461.35,2023-12,1463.4,12489858
C:\Users\v-dhramaraj\Desktop\Python\Projects\Assignment2_StockAnalysis\Data-20250430T011355Z-1-001\Data\data\2023-12,INFY,1578.4,2023-12-15 05:30:00,1588.55,1521.0,2023-12,1523.05,18395389
C:\Users\v-dhramaraj\Desktop\Python\Projects\Assignment2_StockAnalysis\Data-20250430T011355Z-1-001\Data\data\2023-12,INFY,1564.35,2023-12-18 05:30:00,1593.0,1560.3,2023-12,1567.95,6467243
C:\Users\v-dhramaraj\Desktop\Python\Projects\Assignment2_StockAnalysis\Data-20250430T011355Z-1-001\Data\data\2023-12,INFY,1558.3,2023-12-19 05:30:00,1573.95,1543.25,2023-12,1570.1,4221721
C:\Users\v-dhramaraj\Desktop\Python\Projects\Assignment2_StockAnalysis\Data-20250430T011355Z-1-001\Data\data\2023-12,INFY,1536.4,2023-12-20 05:30:00,1583.5,1530.0,2023-12,1565.05,6592367
C:\Users\v-dhramaraj\Desktop\Python\Projects\Assignment2_StockAnalysis\Data-20250430T011355Z-1-001\Data\data\2023-12,INFY,1536.0,2023-12-21 05:30:00,1546.65,1521.25,2023-12,1521.25,5319038
C:\Users\v-dhramaraj\Desktop\Python\Projects\Assignment2_StockAnalysis\Data-20250430T011355Z-1-001\Data\data\2023-12,INFY,1562.9,2023-12-22 05:30:00,1566.0,1523.0,2023-12,1534.95,6741060
C:\Users\v-dhramaraj\Desktop\Python\Projects\Assignment2_StockAnalysis\Data-20250430T011355Z-1-001\Data\data\2023-12,INFY,1543.95,2023-12-26 05:30:00,1548.0,1523.0,2023-12,1535.0,6878067
C:\Users\v-dhramaraj\Desktop\Python\Projects\Assignment2_StockAnalysis\Data-20250430T011355Z-1-001\Data\data\2023-12,INFY,1567.1,2023-12-27 05:30:00,1570.0,1544.0,2023-12,1544.0,4225849
C:\Users\v-dhramaraj\Desktop\Python\Projects\Assignment2_StockAnalysis\Data-20250430T011355Z-1-001\Data\data\2023-12,INFY,1562.65,2023-12-28 05:30:00,1568.95,1555.0,2023-12,1568.95,5702253
C:\Users\v-dhramaraj\Desktop\Python\Projects\Assignment2_StockAnalysis\Data-20250430T011355Z-1-001\Data\data\2023-12,INFY,1542.9,2023-12-29 05:30:00,1559.45,1540.0,2023-12,1541.05,4388990
C:\Users\v-dhramaraj\Desktop\Python\Projects\Assignment2_StockAnalysis\Data-20250430T011355Z-1-001\Data\data\2024-01,INFY,1551.35,2024-01-01 05:30:00,1557.0,1535.25,2024-01,1539.0,2808451
C:\Users\v-dhramaraj\Desktop\Python\Projects\Assignment2_StockAnalysis\Data-20250430T011355Z-1-001\Data\data\2024-01,INFY,1534.4,2024-01-02 05:30:00,1549.15,1523.0,2024-01,1546.0,5396313
C:\Users\v-dhramaraj\Desktop\Python\Projects\Assignment2_StockAnalysis\Data-20250430T011355Z-1-001\Data\data\2024-01,INFY,1490.0,2024-01-03 05:30:00,1519.95,1488.0,2024-01,1519.95,7550363
C:\Users\v-dhramaraj\Desktop\Python\Projects\Assignment2_StockAnalysis\Data-20250430T011355Z-1-001\Data\data\2024-01,INFY,1512.7,2024-01-04 05:30:00,1519.75,1492.9,2024-01,1504.95,7056038
C:\Users\v-dhramaraj\Desktop\Python\Projects\Assignment2_StockAnalysis\Data-20250430T011355Z-1-001\Data\data\2024-01,INFY,1532.55,2024-01-05 05:30:00,1539.7,1506.25,2024-01,1506.75,8895403
C:\Users\v-dhramaraj\Desktop\Python\Projects\Assignment2_StockAnalysis\Data-20250430T011355Z-1-001\Data\data\2024-01,INFY,1522.8,2024-01-08 05:30:00,1536.0,1513.25,2024-01,1528.95,4440136
C:\Users\v-dhramaraj\Desktop\Python\Projects\Assignment2_StockAnalysis\Data-20250430T011355Z-1-001\Data\data\2024-01,INFY,1529.3,2024-01-09 05:30:00,1553.0,1525.85,2024-01,1541.9,4412074
C:\Users\v-dhramaraj\Desktop\Python\Projects\Assignment2_StockAnalysis\Data-20250430T011355Z-1-001\Data\data\2024-01,INFY,1519.9,2024-01-10 05:30:00,1535.45,1505.0,2024-01,1524.95,4096845
C:\Users\v-dhramaraj\Desktop\Python\Projects\Assignment2_StockAnalysis\Data-20250430T011355Z-1-001\Data\data\2024-01,INFY,1494.2,2024-01-11 05:30:00,1525.0,1486.6,2024-01,1524.9,11296088
C:\Users\v-dhramaraj\Desktop\Python\Projects\Assignment2_StockAnalysis\Data-20250430T011355Z-1-001\Data\data\2024-01,INFY,1612.75,2024-01-12 05:30:00,1618.0,1555.4,2024-01,1562.0,26754401
C:\Users\v-dhramaraj\Desktop\Python\Projects\Assignment2_StockAnalysis\Data-20250430T011355Z-1-001\Data\data\2024-01,INFY,1652.1,2024-01-15 05:30:00,1664.95,1636.0,2024-01,1644.95,13228305
C:\Users\v-dhramaraj\Desktop\Python\Projects\Assignment2_StockAnalysis\Data-20250430T011355Z-1-001\Data\data\2024-01,INFY,1631.55,2024-01-16 05:30:00,1648.5,1625.0,2024-01,1644.8,6500917
C:\Users\v-dhramaraj\Desktop\Python\Projects\Assignment2_StockAnalysis\Data-20250430T011355Z-1-001\Data\data\2024-01,INFY,1640.2,2024-01-17 05:30:00,1647.5,1620.25,2024-01,1620.25,9209876
C:\Users\v-dhramaraj\Desktop\Python\Projects\Assignment2_StockAnalysis\Data-20250430T011355Z-1-001\Data\data\2024-01,INFY,1642.6,2024-01-18 05:30:00,1649.0,1628.25,2024-01,1642.65,6375464
C:\Users\v-dhramaraj\Desktop\Python\Projects\Assignment2_StockAnalysis\Data-20250430T011355Z-1-001\Data\data\2024-01,INFY,1659.2,2024-01-19 05:30:00,1665.5,1644.15,2024-01,1651.6,4522736
C:\Users\v-dhramaraj\Desktop\Python\Projects\Assignment2_StockAnalysis\Data-20250430T011355Z-1-001\Data\data\2024-01,INFY,1648.85,2024-01-20 05:30:00,1669.25,1645.0,2024-01,1665.55,1158144
C:\Users\v-dhramaraj\Desktop\Python\Projects\Assignment2_StockAnalysis\Data-20250430T011355Z-1-001\Data\data\2024-01,INFY,1642.15,2024-01-23 05:30:00,1674.7,1637.7,2024-01,1650.1,9401255
C:\Users\v-dhramaraj\Desktop\Python\Projects\Assignment2_StockAnalysis\Data-20250430T011355Z-1-001\Data\data\2024-01,INFY,1675.4,2024-01-24 05:30:00,1680.0,1645.0,2024-01,1659.9,8999681
C:\Users\v-dhramaraj\Desktop\Python\Projects\Assignment2_StockAnalysis\Data-20250430T011355Z-1-001\Data\data\2024-01,INFY,1669.1,2024-01-25 05:30:00,1680.55,1658.0,2024-01,1672.95,8865304
C:\Users\v-dhramaraj\Desktop\Python\Projects\Assignment2_StockAnalysis\Data-20250430T011355Z-1-001\Data\data\2024-01,INFY,1656.6,2024-01-29 05:30:00,1679.35,1647.6,2024-01,1665.15,4253785
C:\Users\v-dhramaraj\Desktop\Python\Projects\Assignment2_StockAnalysis\Data-20250430T011355Z-1-001\Data\data\2024-01,INFY,1651.45,2024-01-30 05:30:00,1690.0,1648.25,2024-01,1662.45,4995943
C:\Users\v-dhramaraj\Desktop\Python\Projects\Assignment2_StockAnalysis\Data-20250430T011355Z-1-001\Data\data\2024-01,INFY,1660.9,2024-01-31 05:30:00,1667.25,1638.1,2024-01,1648.25,6763779
C:\Users\v-dhramaraj\Desktop\Python\Projects\Assignment2_StockAnalysis\Data-20250430T011355Z-1-001\Data\data\2024-02,INFY,1657.05,2024-02-01 05:30:00,1677.0,1650.35,2024-02,1659.55,5760011
C:\Users\v-dhramaraj\Desktop\Python\Projects\Assignment2_StockAnalysis\Data-20250430T011355Z-1-001\Data\data\2024-02,INFY,1693.35,2024-02-02 05:30:00,1718.5,1665.0,2024-02,1666.05,7858483
C:\Users\v-dhramaraj\Desktop\Python\Projects\Assignment2_StockAnalysis\Data-20250430T011355Z-1-001\Data\data\2024-02,INFY,1687.2,2024-02-05 05:30:00,1700.75,1681.85,2024-02,1694.75,3634135
C:\Users\v-dhramaraj\Desktop\Python\Projects\Assignment2_StockAnalysis\Data-20250430T011355Z-1-001\Data\data\2024-02,INFY,1729.45,2024-02-06 05:30:00,1733.0,1673.95,2024-02,1686.75,7694265
C:\Users\v-dhramaraj\Desktop\Python\Projects\Assignment2_StockAnalysis\Data-20250430T011355Z-1-001\Data\data\2024-02,INFY,1693.75,2024-02-07 05:30:00,1729.0,1686.85,2024-02,1729.0,4613877
C:\Users\v-dhramaraj\Desktop\Python\Projects\Assignment2_StockAnalysis\Data-20250430T011355Z-1-001\Data\data\2024-02,INFY,1692.1,2024-02-08 05:30:00,1706.35,1682.8,2024-02,1698.0,5919715
C:\Users\v-dhramaraj\Desktop\Python\Projects\Assignment2_StockAnalysis\Data-20250430T011355Z-1-001\Data\data\2024-02,INFY,1669.35,2024-02-09 05:30:00,1692.9,1659.8,2024-02,1684.7,4600004
C:\Users\v-dhramaraj\Desktop\Python\Projects\Assignment2_StockAnalysis\Data-20250430T011355Z-1-001\Data\data\2024-02,INFY,1680.1,2024-02-12 05:30:00,1692.95,1670.35,2024-02,1670.35,3555808
C:\Users\v-dhramaraj\Desktop\Python\Projects\Assignment2_StockAnalysis\Data-20250430T011355Z-1-001\Data\data\2024-02,INFY,1684.55,2024-02-13 05:30:00,1689.1,1663.5,2024-02,1683.0,2696481
C:\Users\v-dhramaraj\Desktop\Python\Projects\Assignment2_StockAnalysis\Data-20250430T011355Z-1-001\Data\data\2024-02,INFY,1666.2,2024-02-14 05:30:00,1669.45,1635.5,2024-02,1660.2,3768579
C:\Users\v-dhramaraj\Desktop\Python\Projects\Assignment2_StockAnalysis\Data-20250430T011355Z-1-001\Data\data\2024-02,INFY,1676.35,2024-02-15 05:30:00,1687.75,1661.6,2024-02,1677.0,4834391
C:\Users\v-dhramaraj\Desktop\Python\Projects\Assignment2_StockAnalysis\Data-20250430T011355Z-1-001\Data\data\2024-02,INFY,1701.65,2024-02-16 05:30:00,1709.0,1687.95,2024-02,1689.0,4880654
C:\Users\v-dhramaraj\Desktop\Python\Projects\Assignment2_StockAnalysis\Data-20250430T011355Z-1-001\Data\data\2024-02,INFY,1699.75,2024-02-19 05:30:00,1711.5,1687.7,2024-02,1705.0,3690993
C:\Users\v-dhramaraj\Desktop\Python\Projects\Assignment2_StockAnalysis\Data-20250430T011355Z-1-001\Data\data\2024-02,INFY,1685.25,2024-02-20 05:30:00,1694.25,1668.75,2024-02,1685.0,3706389
C:\Users\v-dhramaraj\Desktop\Python\Projects\Assignment2_StockAnalysis\Data-20250430T011355Z-1-001\Data\data\2024-02,INFY,1655.55,2024-02-21 05:30:00,1674.0,1645.3,2024-02,1674.0,4300508
C:\Users\v-dhramaraj\Desktop\Python\Projects\Assignment2_StockAnalysis\Data-20250430T011355Z-1-001\Data\data\2024-02,INFY,1681.35,2024-02-22 05:30:00,1684.6,1644.4,2024-02,1665.0,5841277
C:\Users\v-dhramaraj\Desktop\Python\Projects\Assignment2_StockAnalysis\Data-20250430T011355Z-1-001\Data\data\2024-02,INFY,1676.85,2024-02-23 05:30:00,1698.45,1671.9,2024-02,1697.0,5373072
C:\Users\v-dhramaraj\Desktop\Python\Projects\Assignment2_StockAnalysis\Data-20250430T011355Z-1-001\Data\data\2024-02,INFY,1660.15,2024-02-26 05:30:00,1674.95,1645.0,2024-02,1674.95,2782438
C:\Users\v-dhramaraj\Desktop\Python\Projects\Assignment2_StockAnalysis\Data-20250430T011355Z-1-001\Data\data\2024-02,INFY,1663.6,2024-02-27 05:30:00,1671.1,1652.8,2024-02,1661.0,5159088
C:\Users\v-dhramaraj\Desktop\Python\Projects\Assignment2_StockAnalysis\Data-20250430T011355Z-1-001\Data\data\2024-02,INFY,1671.25,2024-02-28 05:30:00,1687.8,1662.05,2024-02,1670.0,3188916
C:\Users\v-dhramaraj\Desktop\Python\Projects\Assignment2_StockAnalysis\Data-20250430T011355Z-1-001\Data\data\2024-02,INFY,1673.9,2024-02-29 05:30:00,1682.25,1653.3,2024-02,1665.0,7814722
C:\Users\v-dhramaraj\Desktop\Python\Projects\Assignment2_StockAnalysis\Data-20250430T011355Z-1-001\Data\data\2024-03,INFY,1654.7,2024-03-01 05:30:00,1671.95,1651.0,2024-03,1669.0,6387291
C:\Users\v-dhramaraj\Desktop\Python\Projects\Assignment2_StockAnalysis\Data-20250430T011355Z-1-001\Data\data\2024-03,INFY,1656.3,2024-03-02 05:30:00,1665.0,1654.05,2024-03,1658.85,292153
C:\Users\v-dhramaraj\Desktop\Python\Projects\Assignment2_StockAnalysis\Data-20250430T011355Z-1-001\Data\data\2024-03,INFY,1637.2,2024-03-04 05:30:00,1664.45,1633.65,2024-03,1657.85,4445156
C:\Users\v-dhramaraj\Desktop\Python\Projects\Assignment2_StockAnalysis\Data-20250430T011355Z-1-001\Data\data\2024-03,INFY,1606.5,2024-03-05 05:30:00,1637.35,1602.0,2024-03,1634.0,4596579
C:\Users\v-dhramaraj\Desktop\Python\Projects\Assignment2_StockAnalysis\Data-20250430T011355Z-1-001\Data\data\2024-03,INFY,1617.55,2024-03-06 05:30:00,1620.15,1576.0,2024-03,1602.8,6420684
C:\Users\v-dhramaraj\Desktop\Python\Projects\Assignment2_StockAnalysis\Data-20250430T011355Z-1-001\Data\data\2024-03,INFY,1616.45,2024-03-07 05:30:00,1628.45,1604.2,2024-03,1616.6,6348359
C:\Users\v-dhramaraj\Desktop\Python\Projects\Assignment2_StockAnalysis\Data-20250430T011355Z-1-001\Data\data\2024-03,INFY,1600.6,2024-03-11 05:30:00,1613.8,1588.0,2024-03,1608.15,6752895
C:\Users\v-dhramaraj\Desktop\Python\Projects\Assignment2_StockAnalysis\Data-20250430T011355Z-1-001\Data\data\2024-03,INFY,1612.95,2024-03-12 05:30:00,1625.0,1597.65,2024-03,1600.0,4614222
C:\Users\v-dhramaraj\Desktop\Python\Projects\Assignment2_StockAnalysis\Data-20250430T011355Z-1-001\Data\data\2024-03,INFY,1611.4,2024-03-13 05:30:00,1624.5,1598.55,2024-03,1612.9,5688997
C:\Users\v-dhramaraj\Desktop\Python\Projects\Assignment2_StockAnalysis\Data-20250430T011355Z-1-001\Data\data\2024-03,INFY,1653.3,2024-03-14 05:30:00,1657.75,1608.0,2024-03,1614.4,8803799
C:\Users\v-dhramaraj\Desktop\Python\Projects\Assignment2_StockAnalysis\Data-20250430T011355Z-1-001\Data\data\2024-03,INFY,1634.0,2024-03-15 05:30:00,1645.8,1618.35,2024-03,1641.1,11809997
C:\Users\v-dhramaraj\Desktop\Python\Projects\Assignment2_StockAnalysis\Data-20250430T011355Z-1-001\Data\data\2024-03,INFY,1602.65,2024-03-18 05:30:00,1632.65,1598.85,2024-03,1630.0,4958904
C:\Users\v-dhramaraj\Desktop\Python\Projects\Assignment2_StockAnalysis\Data-20250430T011355Z-1-001\Data\data\2024-03,INFY,1561.45,2024-03-19 05:30:00,1599.0,1558.0,2024-03,1592.35,6870411
C:\Users\v-dhramaraj\Desktop\Python\Projects\Assignment2_StockAnalysis\Data-20250430T011355Z-1-001\Data\data\2024-03,INFY,1554.95,2024-03-20 05:30:00,1574.95,1552.35,2024-03,1563.0,4759059
C:\Users\v-dhramaraj\Desktop\Python\Projects\Assignment2_StockAnalysis\Data-20250430T011355Z-1-001\Data\data\2024-03,INFY,1554.7,2024-03-21 05:30:00,1576.95,1543.4,2024-03,1564.0,11062497
C:\Users\v-dhramaraj\Desktop\Python\Projects\Assignment2_StockAnalysis\Data-20250430T011355Z-1-001\Data\data\2024-03,INFY,1508.85,2024-03-22 05:30:00,1528.9,1498.2,2024-03,1521.0,14673890
C:\Users\v-dhramaraj\Desktop\Python\Projects\Assignment2_StockAnalysis\Data-20250430T011355Z-1-001\Data\data\2024-03,INFY,1492.65,2024-03-26 05:30:00,1507.45,1487.9,2024-03,1492.0,8351081
C:\Users\v-dhramaraj\Desktop\Python\Projects\Assignment2_StockAnalysis\Data-20250430T011355Z-1-001\Data\data\2024-03,INFY,1483.85,2024-03-27 05:30:00,1499.0,1481.55,2024-03,1496.0,6857402
C:\Users\v-dhramaraj\Desktop\Python\Projects\Assignment2_StockAnalysis\Data-20250430T011355Z-1-001\Data\data\2024-03,INFY,1498.05,2024-03-28 05:30:00,1511.8,1487.15,2024-03,1487.15,12499530
C:\Users\v-dhramaraj\Desktop\Python\Projects\Assignment2_StockAnalysis\Data-20250430T011355Z-1-001\Data\data\2024-04,INFY,1495.45,2024-04-01 05:30:00,1529.95,1492.8,2024-04,1525.0,6580002
C:\Users\v-dhramaraj\Desktop\Python\Projects\Assignment2_StockAnalysis\Data-20250430T011355Z-1-001\Data\data\2024-04,INFY,1482.85,2024-04-02 05:30:00,1493.15,1480.85,2024-04,1484.85,7279400
C:\Users\v-dhramaraj\Desktop\Python\Projects\Assignment2_StockAnalysis\Data-20250430T011355Z-1-001\Data\data\2024-04,INFY,1480.65,2024-04-03 05:30:00,1495.1,1475.0,2024-04,1479.0,8736248
C:\Users\v-dhramaraj\Desktop\Python\Projects\Assignment2_StockAnalysis\Data-20250430T011355Z-1-001\Data\data\2024-04,INFY,1486.7,2024-04-04 05:30:00,1495.65,1468.0,2024-04,1490.55,11186915
C:\Users\v-dhramaraj\Desktop\Python\Projects\Assignment2_StockAnalysis\Data-20250430T011355Z-1-001\Data\data\2024-04,INFY,1479.1,2024-04-05 05:30:00,1486.7,1476.05,2024-04,1480.05,5072482
C:\Users\v-dhramaraj\Desktop\Python\Projects\Assignment2_StockAnalysis\Data-20250430T011355Z-1-001\Data\data\2024-04,INFY,1476.7,2024-04-08 05:30:00,1490.95,1474.1,2024-04,1483.0,6610887
C:\Users\v-dhramaraj\Desktop\Python\Projects\Assignment2_StockAnalysis\Data-20250430T011355Z-1-001\Data\data\2024-04,INFY,1494.85,2024-04-09 05:30:00,1513.8,1487.3,2024-04,1490.0,9423230
C:\Users\v-dhramaraj\Desktop\Python\Projects\Assignment2_StockAnalysis\Data-20250430T011355Z-1-001\Data\data\2024-04,INFY,1506.8,2024-04-10 05:30:00,1509.85,1484.55,2024-04,1500.35,6744595
C:\Users\v-dhramaraj\Desktop\Python\Projects\Assignment2_StockAnalysis\Data-20250430T011355Z-1-001\Data\data\2024-04,INFY,1484.75,2024-04-12 05:30:00,1506.8,1479.5,2024-04,1504.0,12275616
C:\Users\v-dhramaraj\Desktop\Python\Projects\Assignment2_StockAnalysis\Data-20250430T011355Z-1-001\Data\data\2024-04,INFY,1468.15,2024-04-15 05:30:00,1491.95,1461.05,2024-04,1480.0,8531224
C:\Users\v-dhramaraj\Desktop\Python\Projects\Assignment2_StockAnalysis\Data-20250430T011355Z-1-001\Data\data\2024-04,INFY,1414.45,2024-04-16 05:30:00,1455.15,1413.05,2024-04,1451.0,16173541
C:\Users\v-dhramaraj\Desktop\Python\Projects\Assignment2_StockAnalysis\Data-20250430T011355Z-1-001\Data\data\2024-04,INFY,1419.25,2024-04-18 05:30:00,1444.7,1407.5,2024-04,1421.1,22107945
C:\Users\v-dhramaraj\Desktop\Python\Projects\Assignment2_StockAnalysis\Data-20250430T011355Z-1-001\Data\data\2024-04,INFY,1411.25,2024-04-19 05:30:00,1426.85,1378.75,2024-04,1385.0,20603621
C:\Users\v-dhramaraj\Desktop\Python\Projects\Assignment2_StockAnalysis\Data-20250430T011355Z-1-001\Data\data\2024-04,INFY,1432.75,2024-04-22 05:30:00,1436.85,1413.05,2024-04,1419.9,5859087
C:\Users\v-dhramaraj\Desktop\Python\Projects\Assignment2_StockAnalysis\Data-20250430T011355Z-1-001\Data\data\2024-04,INFY,1442.4,2024-04-23 05:30:00,1446.85,1433.0,2024-04,1443.0,4856174
C:\Users\v-dhramaraj\Desktop\Python\Projects\Assignment2_StockAnalysis\Data-20250430T011355Z-1-001\Data\data\2024-04,INFY,1430.75,2024-04-24 05:30:00,1444.3,1427.05,2024-04,1444.3,4268213
C:\Users\v-dhramaraj\Desktop\Python\Projects\Assignment2_StockAnalysis\Data-20250430T011355Z-1-001\Data\data\2024-04,INFY,1438.45,2024-04-25 05:30:00,1444.9,1420.0,2024-04,1420.0,9089398
C:\Users\v-dhramaraj\Desktop\Python\Projects\Assignment2_StockAnalysis\Data-20250430T011355Z-1-001\Data\data\2024-04,INFY,1430.25,2024-04-26 05:30:00,1445.4,1427.0,2024-04,1439.7,8062444
C:\Users\v-dhramaraj\Desktop\Python\Projects\Assignment2_StockAnalysis\Data-20250430T011355Z-1-001\Data\data\2024-04,INFY,1434.75,2024-04-29 05:30:00,1439.8,1428.25,2024-04,1429.95,5055957
C:\Users\v-dhramaraj\Desktop\Python\Projects\Assignment2_StockAnalysis\Data-20250430T011355Z-1-001\Data\data\2024-04,INFY,1420.55,2024-04-30 05:30:00,1436.55,1417.55,2024-04,1434.7,6936588
C:\Users\v-dhramaraj\Desktop\Python\Projects\Assignment2_StockAnalysis\Data-20250430T011355Z-1-001\Data\data\2024-05,INFY,1414.45,2024-05-02 05:30:00,1424.0,1411.85,2024-05,1413.0,10076354
C:\Users\v-dhramaraj\Desktop\Python\Projects\Assignment2_StockAnalysis\Data-20250430T011355Z-1-001\Data\data\2024-05,INFY,1416.3,2024-05-03 05:30:00,1424.8,1403.2,2024-05,1422.1,8842345
C:\Users\v-dhramaraj\Desktop\Python\Projects\Assignment2_StockAnalysis\Data-20250430T011355Z-1-001\Data\data\2024-05,INFY,1425.9,2024-05-06 05:30:00,1445.7,1417.1,2024-05,1420.0,6445422
C:\Users\v-dhramaraj\Desktop\Python\Projects\Assignment2_StockAnalysis\Data-20250430T011355Z-1-001\Data\data\2024-05,INFY,1440.95,2024-05-07 05:30:00,1443.35,1415.6,2024-05,1424.95,6080661
C:\Users\v-dhramaraj\Desktop\Python\Projects\Assignment2_StockAnalysis\Data-20250430T011355Z-1-001\Data\data\2024-05,INFY,1427.3,2024-05-08 05:30:00,1439.75,1425.6,2024-05,1435.25,6234983
C:\Users\v-dhramaraj\Desktop\Python\Projects\Assignment2_StockAnalysis\Data-20250430T011355Z-1-001\Data\data\2024-05,INFY,1439.55,2024-05-09 05:30:00,1449.95,1424.85,2024-05,1427.55,6088406
C:\Users\v-dhramaraj\Desktop\Python\Projects\Assignment2_StockAnalysis\Data-20250430T011355Z-1-001\Data\data\2024-05,INFY,1424.9,2024-05-10 05:30:00,1435.95,1413.0,2024-05,1435.05,8777481
C:\Users\v-dhramaraj\Desktop\Python\Projects\Assignment2_StockAnalysis\Data-20250430T011355Z-1-001\Data\data\2024-05,INFY,1423.45,2024-05-13 05:30:00,1425.0,1411.2,2024-05,1425.0,3735954
C:\Users\v-dhramaraj\Desktop\Python\Projects\Assignment2_StockAnalysis\Data-20250430T011355Z-1-001\Data\data\2024-05,INFY,1424.7,2024-05-14 05:30:00,1433.75,1418.05,2024-05,1426.4,3463230
C:\Users\v-dhramaraj\Desktop\Python\Projects\Assignment2_StockAnalysis\Data-20250430T011355Z-1-001\Data\data\2024-05,INFY,1419.95,2024-05-15 05:30:00,1431.8,1418.55,2024-05,1426.0,4327544
C:\Users\v-dhramaraj\Desktop\Python\Projects\Assignment2_StockAnalysis\Data-20250430T011355Z-1-001\Data\data\2024-05,INFY,1453.35,2024-05-16 05:30:00,1455.75,1427.0,2024-05,1433.95,9249145
C:\Users\v-dhramaraj\Desktop\Python\Projects\Assignment2_StockAnalysis\Data-20250430T011355Z-1-001\Data\data\2024-05,INFY,1444.3,2024-05-17 05:30:00,1457.0,1439.25,2024-05,1457.0,7542860
C:\Users\v-dhramaraj\Desktop\Python\Projects\Assignment2_StockAnalysis\Data-20250430T011355Z-1-001\Data\data\2024-05,INFY,1443.65,2024-05-18 05:30:00,1450.0,1442.0,2024-05,1445.0,318277
C:\Users\v-dhramaraj\Desktop\Python\Projects\Assignment2_StockAnalysis\Data-20250430T011355Z-1-001\Data\data\2024-05,INFY,1434.15,2024-05-21 05:30:00,1444.7,1428.4,2024-05,1430.0,6752663
C:\Users\v-dhramaraj\Desktop\Python\Projects\Assignment2_StockAnalysis\Data-20250430T011355Z-1-001\Data\data\2024-05,INFY,1454.8,2024-05-22 05:30:00,1459.95,1428.0,2024-05,1428.75,7173285
C:\Users\v-dhramaraj\Desktop\Python\Projects\Assignment2_StockAnalysis\Data-20250430T011355Z-1-001\Data\data\2024-05,INFY,1472.4,2024-05-23 05:30:00,1478.15,1450.0,2024-05,1454.7,8641428
C:\Users\v-dhramaraj\Desktop\Python\Projects\Assignment2_StockAnalysis\Data-20250430T011355Z-1-001\Data\data\2024-05,INFY,1465.1,2024-05-24 05:30:00,1475.5,1460.0,2024-05,1468.25,5277938
C:\Users\v-dhramaraj\Desktop\Python\Projects\Assignment2_StockAnalysis\Data-20250430T011355Z-1-001\Data\data\2024-05,INFY,1471.35,2024-05-27 05:30:00,1479.6,1460.25,2024-05,1471.85,5821844
C:\Users\v-dhramaraj\Desktop\Python\Projects\Assignment2_StockAnalysis\Data-20250430T011355Z-1-001\Data\data\2024-05,INFY,1467.05,2024-05-28 05:30:00,1476.0,1460.3,2024-05,1475.5,6186922
C:\Users\v-dhramaraj\Desktop\Python\Projects\Assignment2_StockAnalysis\Data-20250430T011355Z-1-001\Data\data\2024-05,INFY,1450.95,2024-05-29 05:30:00,1465.5,1450.0,2024-05,1465.4,7401634
C:\Users\v-dhramaraj\Desktop\Python\Projects\Assignment2_StockAnalysis\Data-20250430T011355Z-1-001\Data\data\2024-05,INFY,1427.45,2024-05-30 05:30:00,1449.85,1421.55,2024-05,1442.8,9663150
C:\Users\v-dhramaraj\Desktop\Python\Projects\Assignment2_StockAnalysis\Data-20250430T011355Z-1-001\Data\data\2024-05,INFY,1406.9,2024-05-31 05:30:00,1436.75,1400.0,2024-05,1409.8,37113815
C:\Users\v-dhramaraj\Desktop\Python\Projects\Assignment2_StockAnalysis\Data-20250430T011355Z-1-001\Data\data\2024-06,INFY,1405.9,2024-06-03 05:30:00,1440.0,1404.0,2024-06,1440.0,10589244
C:\Users\v-dhramaraj\Desktop\Python\Projects\Assignment2_StockAnalysis\Data-20250430T011355Z-1-001\Data\data\2024-06,INFY,1393.65,2024-06-04 05:30:00,1415.0,1358.35,2024-06,1409.0,13736134
C:\Users\v-dhramaraj\Desktop\Python\Projects\Assignment2_StockAnalysis\Data-20250430T011355Z-1-001\Data\data\2024-06,INFY,1430.1,2024-06-05 05:30:00,1438.0,1400.15,2024-06,1400.15,9233424
C:\Users\v-dhramaraj\Desktop\Python\Projects\Assignment2_StockAnalysis\Data-20250430T011355Z-1-001\Data\data\2024-06,INFY,1472.25,2024-06-06 05:30:00,1474.3,1437.5,2024-06,1444.95,12660930
C:\Users\v-dhramaraj\Desktop\Python\Projects\Assignment2_StockAnalysis\Data-20250430T011355Z-1-001\Data\data\2024-06,INFY,1533.6,2024-06-07 05:30:00,1539.7,1477.25,2024-06,1481.0,24075302
C:\Users\v-dhramaraj\Desktop\Python\Projects\Assignment2_StockAnalysis\Data-20250430T011355Z-1-001\Data\data\2024-06,INFY,1499.75,2024-06-10 05:30:00,1529.8,1497.3,2024-06,1525.3,6810606
C:\Users\v-dhramaraj\Desktop\Python\Projects\Assignment2_StockAnalysis\Data-20250430T011355Z-1-001\Data\data\2024-06,INFY,1495.75,2024-06-11 05:30:00,1506.45,1493.95,2024-06,1500.05,4853054
C:\Users\v-dhramaraj\Desktop\Python\Projects\Assignment2_StockAnalysis\Data-20250430T011355Z-1-001\Data\data\2024-06,INFY,1485.2,2024-06-12 05:30:00,1508.75,1482.75,2024-06,1507.0,9564320
C:\Users\v-dhramaraj\Desktop\Python\Projects\Assignment2_StockAnalysis\Data-20250430T011355Z-1-001\Data\data\2024-06,INFY,1493.95,2024-06-13 05:30:00,1505.0,1489.35,2024-06,1495.0,7307565
C:\Users\v-dhramaraj\Desktop\Python\Projects\Assignment2_StockAnalysis\Data-20250430T011355Z-1-001\Data\data\2024-06,INFY,1488.9,2024-06-14 05:30:00,1503.7,1486.05,2024-06,1503.7,4237727
C:\Users\v-dhramaraj\Desktop\Python\Projects\Assignment2_StockAnalysis\Data-20250430T011355Z-1-001\Data\data\2024-06,INFY,1498.2,2024-06-18 05:30:00,1507.0,1495.4,2024-06,1497.0,5420939
C:\Users\v-dhramaraj\Desktop\Python\Projects\Assignment2_StockAnalysis\Data-20250430T011355Z-1-001\Data\data\2024-06,INFY,1511.35,2024-06-19 05:30:00,1515.65,1496.7,2024-06,1505.0,5493456
C:\Users\v-dhramaraj\Desktop\Python\Projects\Assignment2_StockAnalysis\Data-20250430T011355Z-1-001\Data\data\2024-06,INFY,1515.4,2024-06-20 05:30:00,1517.5,1499.1,2024-06,1516.3,7927010
C:\Users\v-dhramaraj\Desktop\Python\Projects\Assignment2_StockAnalysis\Data-20250430T011355Z-1-001\Data\data\2024-06,INFY,1532.7,2024-06-21 05:30:00,1557.75,1523.7,2024-06,1545.0,17301941
C:\Users\v-dhramaraj\Desktop\Python\Projects\Assignment2_StockAnalysis\Data-20250430T011355Z-1-001\Data\data\2024-06,INFY,1527.15,2024-06-24 05:30:00,1529.1,1515.4,2024-06,1524.55,5564989
C:\Users\v-dhramaraj\Desktop\Python\Projects\Assignment2_StockAnalysis\Data-20250430T011355Z-1-001\Data\data\2024-06,INFY,1541.95,2024-06-25 05:30:00,1543.9,1520.35,2024-06,1526.0,4551525
C:\Users\v-dhramaraj\Desktop\Python\Projects\Assignment2_StockAnalysis\Data-20250430T011355Z-1-001\Data\data\2024-06,INFY,1540.7,2024-06-26 05:30:00,1548.85,1535.0,2024-06,1541.0,4851004
C:\Users\v-dhramaraj\Desktop\Python\Projects\Assignment2_StockAnalysis\Data-20250430T011355Z-1-001\Data\data\2024-06,INFY,1573.35,2024-06-27 05:30:00,1578.4,1532.05,2024-06,1538.45,14757754
C:\Users\v-dhramaraj\Desktop\Python\Projects\Assignment2_StockAnalysis\Data-20250430T011355Z-1-001\Data\data\2024-06,INFY,1566.75,2024-06-28 05:30:00,1588.5,1564.25,2024-06,1572.55,8197544
C:\Users\v-dhramaraj\Desktop\Python\Projects\Assignment2_StockAnalysis\Data-20250430T011355Z-1-001\Data\data\2024-07,INFY,1590.8,2024-07-01 05:30:00,1599.9,1559.5,2024-07,1559.5,6801771
C:\Users\v-dhramaraj\Desktop\Python\Projects\Assignment2_StockAnalysis\Data-20250430T011355Z-1-001\Data\data\2024-07,INFY,1621.05,2024-07-02 05:30:00,1633.8,1586.5,2024-07,1596.2,10493173
C:\Users\v-dhramaraj\Desktop\Python\Projects\Assignment2_StockAnalysis\Data-20250430T011355Z-1-001\Data\data\2024-07,INFY,1627.4,2024-07-03 05:30:00,1636.0,1606.0,2024-07,1625.0,7269965
C:\Users\v-dhramaraj\Desktop\Python\Projects\Assignment2_StockAnalysis\Data-20250430T011355Z-1-001\Data\data\2024-07,INFY,1650.65,2024-07-04 05:30:00,1660.0,1628.0,2024-07,1628.2,8008311
C:\Users\v-dhramaraj\Desktop\Python\Projects\Assignment2_StockAnalysis\Data-20250430T011355Z-1-001\Data\data\2024-07,INFY,1647.45,2024-07-05 05:30:00,1665.85,1633.35,2024-07,1651.45,7065022
C:\Users\v-dhramaraj\Desktop\Python\Projects\Assignment2_StockAnalysis\Data-20250430T011355Z-1-001\Data\data\2024-07,INFY,1661.65,2024-07-08 05:30:00,1666.0,1640.0,2024-07,1643.1,5880533
C:\Users\v-dhramaraj\Desktop\Python\Projects\Assignment2_StockAnalysis\Data-20250430T011355Z-1-001\Data\data\2024-07,INFY,1657.15,2024-07-09 05:30:00,1666.75,1651.0,2024-07,1659.9,5191182
C:\Users\v-dhramaraj\Desktop\Python\Projects\Assignment2_StockAnalysis\Data-20250430T011355Z-1-001\Data\data\2024-07,INFY,1648.25,2024-07-10 05:30:00,1674.0,1637.55,2024-07,1657.0,9852770
C:\Users\v-dhramaraj\Desktop\Python\Projects\Assignment2_StockAnalysis\Data-20250430T011355Z-1-001\Data\data\2024-07,INFY,1652.7,2024-07-11 05:30:00,1665.0,1642.05,2024-07,1656.0,8857679
C:\Users\v-dhramaraj\Desktop\Python\Projects\Assignment2_StockAnalysis\Data-20250430T011355Z-1-001\Data\data\2024-07,INFY,1711.75,2024-07-12 05:30:00,1719.75,1666.65,2024-07,1680.0,17078316
C:\Users\v-dhramaraj\Desktop\Python\Projects\Assignment2_StockAnalysis\Data-20250430T011355Z-1-001\Data\data\2024-07,INFY,1707.05,2024-07-15 05:30:00,1728.0,1702.65,2024-07,1726.2,6942230
C:\Users\v-dhramaraj\Desktop\Python\Projects\Assignment2_StockAnalysis\Data-20250430T011355Z-1-001\Data\data\2024-07,INFY,1726.05,2024-07-16 05:30:00,1737.9,1700.0,2024-07,1718.6,6886281
C:\Users\v-dhramaraj\Desktop\Python\Projects\Assignment2_StockAnalysis\Data-20250430T011355Z-1-001\Data\data\2024-07,INFY,1758.05,2024-07-18 05:30:00,1765.4,1719.0,2024-07,1719.0,11248896
C:\Users\v-dhramaraj\Desktop\Python\Projects\Assignment2_StockAnalysis\Data-20250430T011355Z-1-001\Data\data\2024-07,INFY,1792.95,2024-07-19 05:30:00,1844.0,1786.45,2024-07,1844.0,29819116
C:\Users\v-dhramaraj\Desktop\Python\Projects\Assignment2_StockAnalysis\Data-20250430T011355Z-1-001\Data\data\2024-07,INFY,1810.85,2024-07-22 05:30:00,1823.0,1792.95,2024-07,1800.15,8462126
C:\Users\v-dhramaraj\Desktop\Python\Projects\Assignment2_StockAnalysis\Data-20250430T011355Z-1-001\Data\data\2024-07,INFY,1836.9,2024-07-23 05:30:00,1839.95,1783.25,2024-07,1810.0,7113056
C:\Users\v-dhramaraj\Desktop\Python\Projects\Assignment2_StockAnalysis\Data-20250430T011355Z-1-001\Data\data\2024-07,INFY,1833.95,2024-07-24 05:30:00,1842.35,1819.6,2024-07,1837.5,6002845
C:\Users\v-dhramaraj\Desktop\Python\Projects\Assignment2_StockAnalysis\Data-20250430T011355Z-1-001\Data\data\2024-07,INFY,1824.85,2024-07-25 05:30:00,1830.9,1812.0,2024-07,1820.0,5815599
C:\Users\v-dhramaraj\Desktop\Python\Projects\Assignment2_StockAnalysis\Data-20250430T011355Z-1-001\Data\data\2024-07,INFY,1878.9,2024-07-26 05:30:00,1883.0,1825.35,2024-07,1825.35,11369047
C:\Users\v-dhramaraj\Desktop\Python\Projects\Assignment2_StockAnalysis\Data-20250430T011355Z-1-001\Data\data\2024-07,INFY,1871.1,2024-07-29 05:30:00,1903.0,1864.0,2024-07,1893.6,4635931
C:\Users\v-dhramaraj\Desktop\Python\Projects\Assignment2_StockAnalysis\Data-20250430T011355Z-1-001\Data\data\2024-07,INFY,1877.15,2024-07-30 05:30:00,1879.95,1860.0,2024-07,1871.1,2721265
C:\Users\v-dhramaraj\Desktop\Python\Projects\Assignment2_StockAnalysis\Data-20250430T011355Z-1-001\Data\data\2024-07,INFY,1868.25,2024-07-31 05:30:00,1885.15,1865.05,2024-07,1877.0,5004209
C:\Users\v-dhramaraj\Desktop\Python\Projects\Assignment2_StockAnalysis\Data-20250430T011355Z-1-001\Data\data\2024-08,INFY,1852.6,2024-08-01 05:30:00,1867.9,1845.1,2024-08,1856.1,7475014
C:\Users\v-dhramaraj\Desktop\Python\Projects\Assignment2_StockAnalysis\Data-20250430T011355Z-1-001\Data\data\2024-08,INFY,1821.2,2024-08-02 05:30:00,1859.5,1816.15,2024-08,1843.0,7400938
C:\Users\v-dhramaraj\Desktop\Python\Projects\Assignment2_StockAnalysis\Data-20250430T011355Z-1-001\Data\data\2024-08,INFY,1751.9,2024-08-05 05:30:00,1797.5,1718.55,2024-08,1784.95,10736703
C:\Users\v-dhramaraj\Desktop\Python\Projects\Assignment2_StockAnalysis\Data-20250430T011355Z-1-001\Data\data\2024-08,INFY,1751.1,2024-08-06 05:30:00,1796.95,1744.85,2024-08,1760.2,7690163
C:\Users\v-dhramaraj\Desktop\Python\Projects\Assignment2_StockAnalysis\Data-20250430T011355Z-1-001\Data\data\2024-08,INFY,1791.65,2024-08-07 05:30:00,1797.9,1762.1,2024-08,1796.0,5094329
C:\Users\v-dhramaraj\Desktop\Python\Projects\Assignment2_StockAnalysis\Data-20250430T011355Z-1-001\Data\data\2024-08,INFY,1743.15,2024-08-08 05:30:00,1779.95,1727.1,2024-08,1779.95,6227910
C:\Users\v-dhramaraj\Desktop\Python\Projects\Assignment2_StockAnalysis\Data-20250430T011355Z-1-001\Data\data\2024-08,INFY,1770.75,2024-08-09 05:30:00,1780.75,1756.0,2024-08,1771.25,4258524
C:\Users\v-dhramaraj\Desktop\Python\Projects\Assignment2_StockAnalysis\Data-20250430T011355Z-1-001\Data\data\2024-08,INFY,1797.4,2024-08-12 05:30:00,1803.5,1768.1,2024-08,1773.05,4315329
C:\Users\v-dhramaraj\Desktop\Python\Projects\Assignment2_StockAnalysis\Data-20250430T011355Z-1-001\Data\data\2024-08,INFY,1797.45,2024-08-13 05:30:00,1810.0,1789.05,2024-08,1810.0,4176918
C:\Users\v-dhramaraj\Desktop\Python\Projects\Assignment2_StockAnalysis\Data-20250430T011355Z-1-001\Data\data\2024-08,INFY,1823.25,2024-08-14 05:30:00,1825.0,1797.45,2024-08,1802.0,7450718
C:\Users\v-dhramaraj\Desktop\Python\Projects\Assignment2_StockAnalysis\Data-20250430T011355Z-1-001\Data\data\2024-08,INFY,1858.95,2024-08-16 05:30:00,1861.85,1829.5,2024-08,1850.0,7335657
C:\Users\v-dhramaraj\Desktop\Python\Projects\Assignment2_StockAnalysis\Data-20250430T011355Z-1-001\Data\data\2024-08,INFY,1864.8,2024-08-19 05:30:00,1867.55,1849.2,2024-08,1860.0,2585989
C:\Users\v-dhramaraj\Desktop\Python\Projects\Assignment2_StockAnalysis\Data-20250430T011355Z-1-001\Data\data\2024-08,INFY,1872.2,2024-08-20 05:30:00,1885.7,1868.2,2024-08,1880.0,3870333
C:\Users\v-dhramaraj\Desktop\Python\Projects\Assignment2_StockAnalysis\Data-20250430T011355Z-1-001\Data\data\2024-08,INFY,1872.7,2024-08-21 05:30:00,1879.0,1867.1,2024-08,1875.1,1966902
C:\Users\v-dhramaraj\Desktop\Python\Projects\Assignment2_StockAnalysis\Data-20250430T011355Z-1-001\Data\data\2024-08,INFY,1880.25,2024-08-22 05:30:00,1893.65,1869.7,2024-08,1884.0,4300287
C:\Users\v-dhramaraj\Desktop\Python\Projects\Assignment2_StockAnalysis\Data-20250430T011355Z-1-001\Data\data\2024-08,INFY,1862.1,2024-08-23 05:30:00,1882.6,1857.0,2024-08,1878.2,5015935
C:\Users\v-dhramaraj\Desktop\Python\Projects\Assignment2_StockAnalysis\Data-20250430T011355Z-1-001\Data\data\2024-08,INFY,1876.15,2024-08-26 05:30:00,1888.75,1864.0,2024-08,1870.0,3728589
C:\Users\v-dhramaraj\Desktop\Python\Projects\Assignment2_StockAnalysis\Data-20250430T011355Z-1-001\Data\data\2024-08,INFY,1900.1,2024-08-27 05:30:00,1902.75,1873.9,2024-08,1876.15,3830679
C:\Users\v-dhramaraj\Desktop\Python\Projects\Assignment2_StockAnalysis\Data-20250430T011355Z-1-001\Data\data\2024-08,INFY,1939.1,2024-08-28 05:30:00,1951.0,1897.4,2024-08,1906.9,6514531
C:\Users\v-dhramaraj\Desktop\Python\Projects\Assignment2_StockAnalysis\Data-20250430T011355Z-1-001\Data\data\2024-08,INFY,1933.35,2024-08-29 05:30:00,1950.5,1920.9,2024-08,1933.0,7228284
C:\Users\v-dhramaraj\Desktop\Python\Projects\Assignment2_StockAnalysis\Data-20250430T011355Z-1-001\Data\data\2024-08,INFY,1943.7,2024-08-30 05:30:00,1950.0,1928.0,2024-08,1938.0,13466759
C:\Users\v-dhramaraj\Desktop\Python\Projects\Assignment2_StockAnalysis\Data-20250430T011355Z-1-001\Data\data\2024-09,INFY,1964.5,2024-09-02 05:30:00,1975.75,1942.8,2024-09,1943.35,5573739
C:\Users\v-dhramaraj\Desktop\Python\Projects\Assignment2_StockAnalysis\Data-20250430T011355Z-1-001\Data\data\2024-09,INFY,1941.25,2024-09-03 05:30:00,1967.0,1936.45,2024-09,1967.0,4694322
C:\Users\v-dhramaraj\Desktop\Python\Projects\Assignment2_StockAnalysis\Data-20250430T011355Z-1-001\Data\data\2024-09,INFY,1922.45,2024-09-04 05:30:00,1927.2,1900.05,2024-09,1921.1,4778310
C:\Users\v-dhramaraj\Desktop\Python\Projects\Assignment2_StockAnalysis\Data-20250430T011355Z-1-001\Data\data\2024-09,INFY,1933.15,2024-09-05 05:30:00,1940.0,1909.6,2024-09,1926.25,4081810
C:\Users\v-dhramaraj\Desktop\Python\Projects\Assignment2_StockAnalysis\Data-20250430T011355Z-1-001\Data\data\2024-09,INFY,1901.85,2024-09-06 05:30:00,1936.5,1896.85,2024-09,1922.0,5848106
C:\Users\v-dhramaraj\Desktop\Python\Projects\Assignment2_StockAnalysis\Data-20250430T011355Z-1-001\Data\data\2024-09,INFY,1894.65,2024-09-09 05:30:00,1920.85,1889.0,2024-09,1890.0,4772612
C:\Users\v-dhramaraj\Desktop\Python\Projects\Assignment2_StockAnalysis\Data-20250430T011355Z-1-001\Data\data\2024-09,INFY,1912.3,2024-09-10 05:30:00,1935.0,1896.0,2024-09,1904.9,6909600
C:\Users\v-dhramaraj\Desktop\Python\Projects\Assignment2_StockAnalysis\Data-20250430T011355Z-1-001\Data\data\2024-09,INFY,1910.15,2024-09-11 05:30:00,1926.0,1905.0,2024-09,1914.7,5312946
C:\Users\v-dhramaraj\Desktop\Python\Projects\Assignment2_StockAnalysis\Data-20250430T011355Z-1-001\Data\data\2024-09,INFY,1950.45,2024-09-12 05:30:00,1956.4,1910.8,2024-09,1925.0,8555092
C:\Users\v-dhramaraj\Desktop\Python\Projects\Assignment2_StockAnalysis\Data-20250430T011355Z-1-001\Data\data\2024-09,INFY,1944.1,2024-09-13 05:30:00,1958.6,1935.65,2024-09,1950.45,3843127
C:\Users\v-dhramaraj\Desktop\Python\Projects\Assignment2_StockAnalysis\Data-20250430T011355Z-1-001\Data\data\2024-09,INFY,1950.25,2024-09-16 05:30:00,1952.0,1933.05,2024-09,1945.75,1570181
C:\Users\v-dhramaraj\Desktop\Python\Projects\Assignment2_StockAnalysis\Data-20250430T011355Z-1-001\Data\data\2024-09,INFY,1952.55,2024-09-17 05:30:00,1958.45,1942.15,2024-09,1947.75,2793127
C:\Users\v-dhramaraj\Desktop\Python\Projects\Assignment2_StockAnalysis\Data-20250430T011355Z-1-001\Data\data\2024-09,INFY,1892.15,2024-09-18 05:30:00,1938.75,1881.3,2024-09,1938.75,6385468
C:\Users\v-dhramaraj\Desktop\Python\Projects\Assignment2_StockAnalysis\Data-20250430T011355Z-1-001\Data\data\2024-09,INFY,1894.2,2024-09-19 05:30:00,1924.9,1878.8,2024-09,1910.6,7976570
C:\Users\v-dhramaraj\Desktop\Python\Projects\Assignment2_StockAnalysis\Data-20250430T011355Z-1-001\Data\data\2024-09,INFY,1905.75,2024-09-20 05:30:00,1915.0,1867.4,2024-09,1905.0,15242974
C:\Users\v-dhramaraj\Desktop\Python\Projects\Assignment2_StockAnalysis\Data-20250430T011355Z-1-001\Data\data\2024-09,INFY,1896.45,2024-09-23 05:30:00,1918.9,1878.45,2024-09,1909.0,3636672
C:\Users\v-dhramaraj\Desktop\Python\Projects\Assignment2_StockAnalysis\Data-20250430T011355Z-1-001\Data\data\2024-09,INFY,1898.6,2024-09-24 05:30:00,1910.9,1871.4,2024-09,1888.0,7277616
C:\Users\v-dhramaraj\Desktop\Python\Projects\Assignment2_StockAnalysis\Data-20250430T011355Z-1-001\Data\data\2024-09,INFY,1895.3,2024-09-25 05:30:00,1901.6,1876.8,2024-09,1886.35,4268341
C:\Users\v-dhramaraj\Desktop\Python\Projects\Assignment2_StockAnalysis\Data-20250430T011355Z-1-001\Data\data\2024-09,INFY,1900.25,2024-09-26 05:30:00,1917.95,1893.0,2024-09,1897.8,8952803
C:\Users\v-dhramaraj\Desktop\Python\Projects\Assignment2_StockAnalysis\Data-20250430T011355Z-1-001\Data\data\2024-09,INFY,1906.75,2024-09-27 05:30:00,1974.6,1903.3,2024-09,1932.1,14908931
C:\Users\v-dhramaraj\Desktop\Python\Projects\Assignment2_StockAnalysis\Data-20250430T011355Z-1-001\Data\data\2024-09,INFY,1875.6,2024-09-30 05:30:00,1901.25,1870.5,2024-09,1880.0,6986955
C:\Users\v-dhramaraj\Desktop\Python\Projects\Assignment2_StockAnalysis\Data-20250430T011355Z-1-001\Data\data\2024-10,INFY,1904.35,2024-10-01 05:30:00,1908.95,1875.0,2024-10,1875.0,4029072
C:\Users\v-dhramaraj\Desktop\Python\Projects\Assignment2_StockAnalysis\Data-20250430T011355Z-1-001\Data\data\2024-10,INFY,1893.4,2024-10-03 05:30:00,1911.85,1881.0,2024-10,1889.5,7503887
C:\Users\v-dhramaraj\Desktop\Python\Projects\Assignment2_StockAnalysis\Data-20250430T011355Z-1-001\Data\data\2024-10,INFY,1918.15,2024-10-04 05:30:00,1954.1,1886.0,2024-10,1889.55,10001483
C:\Users\v-dhramaraj\Desktop\Python\Projects\Assignment2_StockAnalysis\Data-20250430T011355Z-1-001\Data\data\2024-10,INFY,1934.3,2024-10-07 05:30:00,1942.0,1916.05,2024-10,1923.2,6112575
C:\Users\v-dhramaraj\Desktop\Python\Projects\Assignment2_StockAnalysis\Data-20250430T011355Z-1-001\Data\data\2024-10,INFY,1948.55,2024-10-08 05:30:00,1957.95,1906.35,2024-10,1937.9,5637391
C:\Users\v-dhramaraj\Desktop\Python\Projects\Assignment2_StockAnalysis\Data-20250430T011355Z-1-001\Data\data\2024-10,INFY,1952.75,2024-10-09 05:30:00,1977.0,1945.1,2024-10,1952.55,4857163
C:\Users\v-dhramaraj\Desktop\Python\Projects\Assignment2_StockAnalysis\Data-20250430T011355Z-1-001\Data\data\2024-10,INFY,1919.0,2024-10-10 05:30:00,1964.0,1914.1,2024-10,1957.9,4782119
C:\Users\v-dhramaraj\Desktop\Python\Projects\Assignment2_StockAnalysis\Data-20250430T011355Z-1-001\Data\data\2024-10,INFY,1935.1,2024-10-11 05:30:00,1947.0,1910.1,2024-10,1918.0,4709431
C:\Users\v-dhramaraj\Desktop\Python\Projects\Assignment2_StockAnalysis\Data-20250430T011355Z-1-001\Data\data\2024-10,INFY,1958.9,2024-10-14 05:30:00,1969.5,1931.1,2024-10,1932.15,3751378
C:\Users\v-dhramaraj\Desktop\Python\Projects\Assignment2_StockAnalysis\Data-20250430T011355Z-1-001\Data\data\2024-10,INFY,1959.3,2024-10-15 05:30:00,1991.45,1951.75,2024-10,1960.0,5353705
C:\Users\v-dhramaraj\Desktop\Python\Projects\Assignment2_StockAnalysis\Data-20250430T011355Z-1-001\Data\data\2024-10,INFY,1920.1,2024-10-16 05:30:00,1959.55,1916.35,2024-10,1955.0,3111512
C:\Users\v-dhramaraj\Desktop\Python\Projects\Assignment2_StockAnalysis\Data-20250430T011355Z-1-001\Data\data\2024-10,INFY,1968.1,2024-10-17 05:30:00,1978.0,1930.15,2024-10,1935.2,8162822
C:\Users\v-dhramaraj\Desktop\Python\Projects\Assignment2_StockAnalysis\Data-20250430T011355Z-1-001\Data\data\2024-10,INFY,1879.6,2024-10-18 05:30:00,1936.85,1869.25,2024-10,1893.8,10526196
C:\Users\v-dhramaraj\Desktop\Python\Projects\Assignment2_StockAnalysis\Data-20250430T011355Z-1-001\Data\data\2024-10,INFY,1852.75,2024-10-21 05:30:00,1898.8,1838.0,2024-10,1891.1,4654601
C:\Users\v-dhramaraj\Desktop\Python\Projects\Assignment2_StockAnalysis\Data-20250430T011355Z-1-001\Data\data\2024-10,INFY,1851.6,2024-10-22 05:30:00,1877.8,1846.95,2024-10,1858.2,4125240
C:\Users\v-dhramaraj\Desktop\Python\Projects\Assignment2_StockAnalysis\Data-20250430T011355Z-1-001\Data\data\2024-10,INFY,1873.4,2024-10-23 05:30:00,1886.0,1844.0,2024-10,1845.25,4311910
C:\Users\v-dhramaraj\Desktop\Python\Projects\Assignment2_StockAnalysis\Data-20250430T011355Z-1-001\Data\data\2024-10,INFY,1863.35,2024-10-24 05:30:00,1884.0,1860.0,2024-10,1861.4,2906475
C:\Users\v-dhramaraj\Desktop\Python\Projects\Assignment2_StockAnalysis\Data-20250430T011355Z-1-001\Data\data\2024-10,INFY,1862.05,2024-10-25 05:30:00,1876.35,1846.4,2024-10,1863.45,4689120
C:\Users\v-dhramaraj\Desktop\Python\Projects\Assignment2_StockAnalysis\Data-20250430T011355Z-1-001\Data\data\2024-10,INFY,1865.35,2024-10-28 05:30:00,1881.9,1857.0,2024-10,1859.7,7018940
C:\Users\v-dhramaraj\Desktop\Python\Projects\Assignment2_StockAnalysis\Data-20250430T011355Z-1-001\Data\data\2024-10,INFY,1839.3,2024-10-29 05:30:00,1851.6,1829.0,2024-10,1846.0,4621252
C:\Users\v-dhramaraj\Desktop\Python\Projects\Assignment2_StockAnalysis\Data-20250430T011355Z-1-001\Data\data\2024-10,INFY,1802.1,2024-10-30 05:30:00,1839.0,1796.35,2024-10,1832.0,5919715
C:\Users\v-dhramaraj\Desktop\Python\Projects\Assignment2_StockAnalysis\Data-20250430T011355Z-1-001\Data\data\2024-10,INFY,1757.25,2024-10-31 05:30:00,1787.9,1746.5,2024-10,1787.9,7395236
C:\Users\v-dhramaraj\Desktop\Python\Projects\Assignment2_StockAnalysis\Data-20250430T011355Z-1-001\Data\data\2024-11,INFY,1760.85,2024-11-01 05:30:00,1766.0,1752.05,2024-11,1764.5,371966
C:\Users\v-dhramaraj\Desktop\Python\Projects\Assignment2_StockAnalysis\Data-20250430T011355Z-1-001\Data\data\2024-11,INFY,1763.65,2024-11-04 05:30:00,1767.0,1718.0,2024-11,1724.5,7336722
C:\Users\v-dhramaraj\Desktop\Python\Projects\Assignment2_StockAnalysis\Data-20250430T011355Z-1-001\Data\data\2024-11,INFY,1754.2,2024-11-05 05:30:00,1768.45,1745.0,2024-11,1760.0,3160880
C:\Users\v-dhramaraj\Desktop\Python\Projects\Assignment2_StockAnalysis\Data-20250430T011355Z-1-001\Data\data\2024-11,INFY,1823.7,2024-11-06 05:30:00,1827.2,1762.65,2024-11,1764.0,10421494
C:\Users\v-dhramaraj\Desktop\Python\Projects\Assignment2_StockAnalysis\Data-20250430T011355Z-1-001\Data\data\2024-11,INFY,1803.05,2024-11-07 05:30:00,1825.7,1787.0,2024-11,1812.95,4550965
C:\Users\v-dhramaraj\Desktop\Python\Projects\Assignment2_StockAnalysis\Data-20250430T011355Z-1-001\Data\data\2024-11,INFY,1829.95,2024-11-08 05:30:00,1840.6,1813.15,2024-11,1818.0,4210960
C:\Users\v-dhramaraj\Desktop\Python\Projects\Assignment2_StockAnalysis\Data-20250430T011355Z-1-001\Data\data\2024-11,INFY,1860.1,2024-11-11 05:30:00,1868.0,1822.55,2024-11,1829.0,3804234
C:\Users\v-dhramaraj\Desktop\Python\Projects\Assignment2_StockAnalysis\Data-20250430T011355Z-1-001\Data\data\2024-11,INFY,1868.8,2024-11-12 05:30:00,1881.0,1861.0,2024-11,1871.1,5012450
C:\Users\v-dhramaraj\Desktop\Python\Projects\Assignment2_StockAnalysis\Data-20250430T011355Z-1-001\Data\data\2024-11,INFY,1868.4,2024-11-13 05:30:00,1873.2,1856.3,2024-11,1861.1,4257495
C:\Users\v-dhramaraj\Desktop\Python\Projects\Assignment2_StockAnalysis\Data-20250430T011355Z-1-001\Data\data\2024-11,INFY,1864.55,2024-11-14 05:30:00,1876.0,1856.0,2024-11,1865.6,4311431
C:\Users\v-dhramaraj\Desktop\Python\Projects\Assignment2_StockAnalysis\Data-20250430T011355Z-1-001\Data\data\2024-11,INFY,1811.45,2024-11-18 05:30:00,1849.2,1795.0,2024-11,1849.2,4839244
C:\Users\v-dhramaraj\Desktop\Python\Projects\Assignment2_StockAnalysis\Data-20250430T011355Z-1-001\Data\data\2024-11,INFY,1824.75,2024-11-19 05:30:00,1859.7,1820.55,2024-11,1825.5,4669769
C:\Users\v-dhramaraj\Desktop\Python\Projects\Assignment2_StockAnalysis\Data-20250430T011355Z-1-001\Data\data\2024-11,INFY,1834.05,2024-11-21 05:30:00,1867.0,1820.6,2024-11,1842.0,5436504
C:\Users\v-dhramaraj\Desktop\Python\Projects\Assignment2_StockAnalysis\Data-20250430T011355Z-1-001\Data\data\2024-11,INFY,1902.25,2024-11-22 05:30:00,1914.05,1834.0,2024-11,1854.1,6301486
