Source Folder,Ticker,close,date,high,low,month,open,volume
C:\Users\v-dhramaraj\Desktop\Python\Projects\Assignment2_StockAnalysis\Data-20250430T011355Z-1-001\Data\data\2023-10,JSWSTEEL,770.25,2023-10-03 05:30:00,776.55,768.0,2023-10,776.55,1099773
C:\Users\v-dhramaraj\Desktop\Python\Projects\Assignment2_StockAnalysis\Data-20250430T011355Z-1-001\Data\data\2023-10,JSWSTEEL,756.6,2023-10-04 05:30:00,768.0,753.15,2023-10,767.95,1654158
C:\Users\v-dhramaraj\Desktop\Python\Projects\Assignment2_StockAnalysis\Data-20250430T011355Z-1-001\Data\data\2023-10,JSWSTEEL,755.5,2023-10-05 05:30:00,762.65,752.9,2023-10,762.0,1459736
C:\Users\v-dhramaraj\Desktop\Python\Projects\Assignment2_StockAnalysis\Data-20250430T011355Z-1-001\Data\data\2023-10,JSWSTEEL,765.2,2023-10-06 05:30:00,771.15,758.65,2023-10,760.35,2026927
C:\Users\v-dhramaraj\Desktop\Python\Projects\Assignment2_StockAnalysis\Data-20250430T011355Z-1-001\Data\data\2023-10,JSWSTEEL,757.55,2023-10-09 05:30:00,761.4,749.15,2023-10,756.5,725323
C:\Users\v-dhramaraj\Desktop\Python\Projects\Assignment2_StockAnalysis\Data-20250430T011355Z-1-001\Data\data\2023-10,JSWSTEEL,771.9,2023-10-10 05:30:00,774.2,757.3,2023-10,759.65,1351582
C:\Users\v-dhramaraj\Desktop\Python\Projects\Assignment2_StockAnalysis\Data-20250430T011355Z-1-001\Data\data\2023-10,JSWSTEEL,777.25,2023-10-11 05:30:00,782.55,774.55,2023-10,776.0,1841618
C:\Users\v-dhramaraj\Desktop\Python\Projects\Assignment2_StockAnalysis\Data-20250430T011355Z-1-001\Data\data\2023-10,JSWSTEEL,783.45,2023-10-12 05:30:00,789.95,779.45,2023-10,782.4,2139718
C:\Users\v-dhramaraj\Desktop\Python\Projects\Assignment2_StockAnalysis\Data-20250430T011355Z-1-001\Data\data\2023-10,JSWSTEEL,777.25,2023-10-13 05:30:00,780.0,773.0,2023-10,778.0,998547
C:\Users\v-dhramaraj\Desktop\Python\Projects\Assignment2_StockAnalysis\Data-20250430T011355Z-1-001\Data\data\2023-10,JSWSTEEL,790.7,2023-10-16 05:30:00,794.35,773.0,2023-10,777.25,2157341
C:\Users\v-dhramaraj\Desktop\Python\Projects\Assignment2_StockAnalysis\Data-20250430T011355Z-1-001\Data\data\2023-10,JSWSTEEL,790.15,2023-10-17 05:30:00,796.0,788.15,2023-10,792.7,1050381
C:\Users\v-dhramaraj\Desktop\Python\Projects\Assignment2_StockAnalysis\Data-20250430T011355Z-1-001\Data\data\2023-10,JSWSTEEL,784.4,2023-10-18 05:30:00,801.0,781.2,2023-10,793.1,1250892
C:\Users\v-dhramaraj\Desktop\Python\Projects\Assignment2_StockAnalysis\Data-20250430T011355Z-1-001\Data\data\2023-10,JSWSTEEL,780.45,2023-10-19 05:30:00,782.7,769.15,2023-10,780.15,2130597
C:\Users\v-dhramaraj\Desktop\Python\Projects\Assignment2_StockAnalysis\Data-20250430T011355Z-1-001\Data\data\2023-10,JSWSTEEL,769.4,2023-10-20 05:30:00,779.75,761.9,2023-10,779.6,1501944
C:\Users\v-dhramaraj\Desktop\Python\Projects\Assignment2_StockAnalysis\Data-20250430T011355Z-1-001\Data\data\2023-10,JSWSTEEL,748.95,2023-10-23 05:30:00,774.8,746.1,2023-10,770.8,1715908
C:\Users\v-dhramaraj\Desktop\Python\Projects\Assignment2_StockAnalysis\Data-20250430T011355Z-1-001\Data\data\2023-10,JSWSTEEL,748.3,2023-10-25 05:30:00,761.85,741.5,2023-10,754.1,2417579
C:\Users\v-dhramaraj\Desktop\Python\Projects\Assignment2_StockAnalysis\Data-20250430T011355Z-1-001\Data\data\2023-10,JSWSTEEL,728.7,2023-10-26 05:30:00,745.0,725.5,2023-10,744.7,2519570
C:\Users\v-dhramaraj\Desktop\Python\Projects\Assignment2_StockAnalysis\Data-20250430T011355Z-1-001\Data\data\2023-10,JSWSTEEL,732.0,2023-10-27 05:30:00,735.45,725.25,2023-10,729.7,1588987
C:\Users\v-dhramaraj\Desktop\Python\Projects\Assignment2_StockAnalysis\Data-20250430T011355Z-1-001\Data\data\2023-10,JSWSTEEL,734.5,2023-10-30 05:30:00,736.8,726.0,2023-10,734.8,1162173
C:\Users\v-dhramaraj\Desktop\Python\Projects\Assignment2_StockAnalysis\Data-20250430T011355Z-1-001\Data\data\2023-10,JSWSTEEL,736.35,2023-10-31 05:30:00,738.55,727.0,2023-10,737.0,1363728
C:\Users\v-dhramaraj\Desktop\Python\Projects\Assignment2_StockAnalysis\Data-20250430T011355Z-1-001\Data\data\2023-11,JSWSTEEL,724.45,2023-11-01 05:30:00,737.3,723.0,2023-11,736.9,1845107
C:\Users\v-dhramaraj\Desktop\Python\Projects\Assignment2_StockAnalysis\Data-20250430T011355Z-1-001\Data\data\2023-11,JSWSTEEL,733.35,2023-11-02 05:30:00,734.4,725.0,2023-11,728.0,1095177
C:\Users\v-dhramaraj\Desktop\Python\Projects\Assignment2_StockAnalysis\Data-20250430T011355Z-1-001\Data\data\2023-11,JSWSTEEL,746.05,2023-11-03 05:30:00,748.0,735.0,2023-11,735.95,2526039
C:\Users\v-dhramaraj\Desktop\Python\Projects\Assignment2_StockAnalysis\Data-20250430T011355Z-1-001\Data\data\2023-11,JSWSTEEL,754.0,2023-11-06 05:30:00,756.45,744.9,2023-11,748.1,2782755
C:\Users\v-dhramaraj\Desktop\Python\Projects\Assignment2_StockAnalysis\Data-20250430T011355Z-1-001\Data\data\2023-11,JSWSTEEL,748.6,2023-11-07 05:30:00,759.6,746.95,2023-11,757.0,2288975
C:\Users\v-dhramaraj\Desktop\Python\Projects\Assignment2_StockAnalysis\Data-20250430T011355Z-1-001\Data\data\2023-11,JSWSTEEL,756.7,2023-11-08 05:30:00,757.75,745.0,2023-11,750.0,2664277
C:\Users\v-dhramaraj\Desktop\Python\Projects\Assignment2_StockAnalysis\Data-20250430T011355Z-1-001\Data\data\2023-11,JSWSTEEL,750.85,2023-11-09 05:30:00,759.9,749.05,2023-11,756.7,2579350
C:\Users\v-dhramaraj\Desktop\Python\Projects\Assignment2_StockAnalysis\Data-20250430T011355Z-1-001\Data\data\2023-11,JSWSTEEL,754.75,2023-11-10 05:30:00,759.0,745.05,2023-11,751.9,1108868
C:\Users\v-dhramaraj\Desktop\Python\Projects\Assignment2_StockAnalysis\Data-20250430T011355Z-1-001\Data\data\2023-11,JSWSTEEL,756.55,2023-11-12 05:30:00,761.0,753.0,2023-11,760.0,133415
C:\Users\v-dhramaraj\Desktop\Python\Projects\Assignment2_StockAnalysis\Data-20250430T011355Z-1-001\Data\data\2023-11,JSWSTEEL,761.1,2023-11-13 05:30:00,763.25,753.0,2023-11,756.55,942603
C:\Users\v-dhramaraj\Desktop\Python\Projects\Assignment2_StockAnalysis\Data-20250430T011355Z-1-001\Data\data\2023-11,JSWSTEEL,772.85,2023-11-15 05:30:00,782.5,769.0,2023-11,769.0,2443652
C:\Users\v-dhramaraj\Desktop\Python\Projects\Assignment2_StockAnalysis\Data-20250430T011355Z-1-001\Data\data\2023-11,JSWSTEEL,769.15,2023-11-16 05:30:00,774.3,763.4,2023-11,770.5,1699954
C:\Users\v-dhramaraj\Desktop\Python\Projects\Assignment2_StockAnalysis\Data-20250430T011355Z-1-001\Data\data\2023-11,JSWSTEEL,768.8,2023-11-17 05:30:00,774.9,766.0,2023-11,772.0,1567731
C:\Users\v-dhramaraj\Desktop\Python\Projects\Assignment2_StockAnalysis\Data-20250430T011355Z-1-001\Data\data\2023-11,JSWSTEEL,761.85,2023-11-20 05:30:00,772.0,760.65,2023-11,769.9,1024654
C:\Users\v-dhramaraj\Desktop\Python\Projects\Assignment2_StockAnalysis\Data-20250430T011355Z-1-001\Data\data\2023-11,JSWSTEEL,775.8,2023-11-21 05:30:00,779.6,765.95,2023-11,766.85,1846834
C:\Users\v-dhramaraj\Desktop\Python\Projects\Assignment2_StockAnalysis\Data-20250430T011355Z-1-001\Data\data\2023-11,JSWSTEEL,768.45,2023-11-22 05:30:00,776.75,765.5,2023-11,775.8,1312655
C:\Users\v-dhramaraj\Desktop\Python\Projects\Assignment2_StockAnalysis\Data-20250430T011355Z-1-001\Data\data\2023-11,JSWSTEEL,775.55,2023-11-23 05:30:00,777.95,767.15,2023-11,771.95,1068229
C:\Users\v-dhramaraj\Desktop\Python\Projects\Assignment2_StockAnalysis\Data-20250430T011355Z-1-001\Data\data\2023-11,JSWSTEEL,782.05,2023-11-24 05:30:00,786.25,776.4,2023-11,779.0,2069730
C:\Users\v-dhramaraj\Desktop\Python\Projects\Assignment2_StockAnalysis\Data-20250430T011355Z-1-001\Data\data\2023-11,JSWSTEEL,782.35,2023-11-28 05:30:00,785.55,778.75,2023-11,785.0,858569
C:\Users\v-dhramaraj\Desktop\Python\Projects\Assignment2_StockAnalysis\Data-20250430T011355Z-1-001\Data\data\2023-11,JSWSTEEL,793.25,2023-11-29 05:30:00,794.7,783.2,2023-11,783.2,1481172
C:\Users\v-dhramaraj\Desktop\Python\Projects\Assignment2_StockAnalysis\Data-20250430T011355Z-1-001\Data\data\2023-11,JSWSTEEL,801.1,2023-11-30 05:30:00,808.15,789.6,2023-11,794.0,3142500
C:\Users\v-dhramaraj\Desktop\Python\Projects\Assignment2_StockAnalysis\Data-20250430T011355Z-1-001\Data\data\2023-12,JSWSTEEL,810.8,2023-12-01 05:30:00,815.0,796.9,2023-12,805.0,2064512
C:\Users\v-dhramaraj\Desktop\Python\Projects\Assignment2_StockAnalysis\Data-20250430T011355Z-1-001\Data\data\2023-12,JSWSTEEL,819.6,2023-12-04 05:30:00,823.4,812.35,2023-12,820.0,2789349
C:\Users\v-dhramaraj\Desktop\Python\Projects\Assignment2_StockAnalysis\Data-20250430T011355Z-1-001\Data\data\2023-12,JSWSTEEL,821.7,2023-12-05 05:30:00,826.0,814.2,2023-12,816.0,1338828
C:\Users\v-dhramaraj\Desktop\Python\Projects\Assignment2_StockAnalysis\Data-20250430T011355Z-1-001\Data\data\2023-12,JSWSTEEL,824.7,2023-12-06 05:30:00,833.4,815.2,2023-12,824.95,1543909
C:\Users\v-dhramaraj\Desktop\Python\Projects\Assignment2_StockAnalysis\Data-20250430T011355Z-1-001\Data\data\2023-12,JSWSTEEL,819.15,2023-12-07 05:30:00,830.0,817.85,2023-12,828.95,1717648
C:\Users\v-dhramaraj\Desktop\Python\Projects\Assignment2_StockAnalysis\Data-20250430T011355Z-1-001\Data\data\2023-12,JSWSTEEL,839.35,2023-12-08 05:30:00,853.45,822.1,2023-12,824.8,7142037
C:\Users\v-dhramaraj\Desktop\Python\Projects\Assignment2_StockAnalysis\Data-20250430T011355Z-1-001\Data\data\2023-12,JSWSTEEL,845.1,2023-12-11 05:30:00,847.0,831.8,2023-12,841.55,1630946
C:\Users\v-dhramaraj\Desktop\Python\Projects\Assignment2_StockAnalysis\Data-20250430T011355Z-1-001\Data\data\2023-12,JSWSTEEL,853.85,2023-12-12 05:30:00,862.8,845.25,2023-12,846.6,2518863
C:\Users\v-dhramaraj\Desktop\Python\Projects\Assignment2_StockAnalysis\Data-20250430T011355Z-1-001\Data\data\2023-12,JSWSTEEL,851.4,2023-12-13 05:30:00,859.2,840.0,2023-12,854.85,2170707
C:\Users\v-dhramaraj\Desktop\Python\Projects\Assignment2_StockAnalysis\Data-20250430T011355Z-1-001\Data\data\2023-12,JSWSTEEL,847.4,2023-12-14 05:30:00,861.55,845.8,2023-12,860.0,2711444
C:\Users\v-dhramaraj\Desktop\Python\Projects\Assignment2_StockAnalysis\Data-20250430T011355Z-1-001\Data\data\2023-12,JSWSTEEL,867.2,2023-12-15 05:30:00,870.55,851.6,2023-12,854.05,4058044
C:\Users\v-dhramaraj\Desktop\Python\Projects\Assignment2_StockAnalysis\Data-20250430T011355Z-1-001\Data\data\2023-12,JSWSTEEL,854.9,2023-12-18 05:30:00,865.55,836.15,2023-12,844.0,4324786
C:\Users\v-dhramaraj\Desktop\Python\Projects\Assignment2_StockAnalysis\Data-20250430T011355Z-1-001\Data\data\2023-12,JSWSTEEL,858.7,2023-12-19 05:30:00,861.5,847.6,2023-12,855.55,1285256
C:\Users\v-dhramaraj\Desktop\Python\Projects\Assignment2_StockAnalysis\Data-20250430T011355Z-1-001\Data\data\2023-12,JSWSTEEL,842.25,2023-12-20 05:30:00,863.75,839.7,2023-12,859.0,1764901
C:\Users\v-dhramaraj\Desktop\Python\Projects\Assignment2_StockAnalysis\Data-20250430T011355Z-1-001\Data\data\2023-12,JSWSTEEL,841.9,2023-12-21 05:30:00,847.65,820.1,2023-12,830.0,2106856
C:\Users\v-dhramaraj\Desktop\Python\Projects\Assignment2_StockAnalysis\Data-20250430T011355Z-1-001\Data\data\2023-12,JSWSTEEL,855.3,2023-12-22 05:30:00,857.55,843.1,2023-12,845.0,1846933
C:\Users\v-dhramaraj\Desktop\Python\Projects\Assignment2_StockAnalysis\Data-20250430T011355Z-1-001\Data\data\2023-12,JSWSTEEL,852.3,2023-12-26 05:30:00,863.0,849.95,2023-12,857.5,1294151
C:\Users\v-dhramaraj\Desktop\Python\Projects\Assignment2_StockAnalysis\Data-20250430T011355Z-1-001\Data\data\2023-12,JSWSTEEL,875.9,2023-12-27 05:30:00,881.5,855.65,2023-12,858.45,2466359
C:\Users\v-dhramaraj\Desktop\Python\Projects\Assignment2_StockAnalysis\Data-20250430T011355Z-1-001\Data\data\2023-12,JSWSTEEL,880.8,2023-12-28 05:30:00,895.75,874.0,2023-12,882.9,4482599
C:\Users\v-dhramaraj\Desktop\Python\Projects\Assignment2_StockAnalysis\Data-20250430T011355Z-1-001\Data\data\2023-12,JSWSTEEL,880.25,2023-12-29 05:30:00,887.5,873.3,2023-12,882.0,1906630
C:\Users\v-dhramaraj\Desktop\Python\Projects\Assignment2_StockAnalysis\Data-20250430T011355Z-1-001\Data\data\2024-01,JSWSTEEL,877.6,2024-01-01 05:30:00,884.8,875.0,2024-01,880.25,778184
C:\Users\v-dhramaraj\Desktop\Python\Projects\Assignment2_StockAnalysis\Data-20250430T011355Z-1-001\Data\data\2024-01,JSWSTEEL,870.2,2024-01-02 05:30:00,883.85,859.1,2024-01,883.85,1615515
C:\Users\v-dhramaraj\Desktop\Python\Projects\Assignment2_StockAnalysis\Data-20250430T011355Z-1-001\Data\data\2024-01,JSWSTEEL,837.65,2024-01-03 05:30:00,870.0,836.0,2024-01,870.0,3983411
C:\Users\v-dhramaraj\Desktop\Python\Projects\Assignment2_StockAnalysis\Data-20250430T011355Z-1-001\Data\data\2024-01,JSWSTEEL,837.1,2024-01-04 05:30:00,843.8,835.0,2024-01,840.25,1878399
C:\Users\v-dhramaraj\Desktop\Python\Projects\Assignment2_StockAnalysis\Data-20250430T011355Z-1-001\Data\data\2024-01,JSWSTEEL,829.4,2024-01-05 05:30:00,845.8,827.2,2024-01,838.95,2060548
C:\Users\v-dhramaraj\Desktop\Python\Projects\Assignment2_StockAnalysis\Data-20250430T011355Z-1-001\Data\data\2024-01,JSWSTEEL,821.95,2024-01-08 05:30:00,836.65,820.7,2024-01,835.75,1107367
C:\Users\v-dhramaraj\Desktop\Python\Projects\Assignment2_StockAnalysis\Data-20250430T011355Z-1-001\Data\data\2024-01,JSWSTEEL,821.4,2024-01-09 05:30:00,831.95,819.25,2024-01,828.5,1458862
C:\Users\v-dhramaraj\Desktop\Python\Projects\Assignment2_StockAnalysis\Data-20250430T011355Z-1-001\Data\data\2024-01,JSWSTEEL,829.8,2024-01-10 05:30:00,831.35,811.2,2024-01,823.85,1265739
C:\Users\v-dhramaraj\Desktop\Python\Projects\Assignment2_StockAnalysis\Data-20250430T011355Z-1-001\Data\data\2024-01,JSWSTEEL,822.05,2024-01-11 05:30:00,836.75,820.1,2024-01,834.8,1205504
C:\Users\v-dhramaraj\Desktop\Python\Projects\Assignment2_StockAnalysis\Data-20250430T011355Z-1-001\Data\data\2024-01,JSWSTEEL,825.8,2024-01-12 05:30:00,830.8,821.25,2024-01,824.5,1326357
C:\Users\v-dhramaraj\Desktop\Python\Projects\Assignment2_StockAnalysis\Data-20250430T011355Z-1-001\Data\data\2024-01,JSWSTEEL,825.15,2024-01-15 05:30:00,830.5,820.0,2024-01,827.7,1497605
C:\Users\v-dhramaraj\Desktop\Python\Projects\Assignment2_StockAnalysis\Data-20250430T011355Z-1-001\Data\data\2024-01,JSWSTEEL,832.3,2024-01-16 05:30:00,839.5,819.35,2024-01,827.65,1920936
C:\Users\v-dhramaraj\Desktop\Python\Projects\Assignment2_StockAnalysis\Data-20250430T011355Z-1-001\Data\data\2024-01,JSWSTEEL,812.65,2024-01-17 05:30:00,830.0,810.05,2024-01,830.0,1433551
C:\Users\v-dhramaraj\Desktop\Python\Projects\Assignment2_StockAnalysis\Data-20250430T011355Z-1-001\Data\data\2024-01,JSWSTEEL,803.65,2024-01-18 05:30:00,814.5,792.6,2024-01,812.5,1991900
C:\Users\v-dhramaraj\Desktop\Python\Projects\Assignment2_StockAnalysis\Data-20250430T011355Z-1-001\Data\data\2024-01,JSWSTEEL,816.65,2024-01-19 05:30:00,820.7,805.25,2024-01,805.25,1358166
C:\Users\v-dhramaraj\Desktop\Python\Projects\Assignment2_StockAnalysis\Data-20250430T011355Z-1-001\Data\data\2024-01,JSWSTEEL,808.2,2024-01-20 05:30:00,822.8,806.2,2024-01,822.0,506539
C:\Users\v-dhramaraj\Desktop\Python\Projects\Assignment2_StockAnalysis\Data-20250430T011355Z-1-001\Data\data\2024-01,JSWSTEEL,790.4,2024-01-23 05:30:00,816.0,788.45,2024-01,808.25,1533222
C:\Users\v-dhramaraj\Desktop\Python\Projects\Assignment2_StockAnalysis\Data-20250430T011355Z-1-001\Data\data\2024-01,JSWSTEEL,812.2,2024-01-24 05:30:00,814.0,784.0,2024-01,795.0,1490515
C:\Users\v-dhramaraj\Desktop\Python\Projects\Assignment2_StockAnalysis\Data-20250430T011355Z-1-001\Data\data\2024-01,JSWSTEEL,815.7,2024-01-25 05:30:00,821.0,792.8,2024-01,815.0,3240065
C:\Users\v-dhramaraj\Desktop\Python\Projects\Assignment2_StockAnalysis\Data-20250430T011355Z-1-001\Data\data\2024-01,JSWSTEEL,811.7,2024-01-29 05:30:00,823.6,804.0,2024-01,819.05,1574830
C:\Users\v-dhramaraj\Desktop\Python\Projects\Assignment2_StockAnalysis\Data-20250430T011355Z-1-001\Data\data\2024-01,JSWSTEEL,812.0,2024-01-30 05:30:00,829.35,810.15,2024-01,818.0,1892910
C:\Users\v-dhramaraj\Desktop\Python\Projects\Assignment2_StockAnalysis\Data-20250430T011355Z-1-001\Data\data\2024-01,JSWSTEEL,818.65,2024-01-31 05:30:00,822.0,808.05,2024-01,812.0,1954023
C:\Users\v-dhramaraj\Desktop\Python\Projects\Assignment2_StockAnalysis\Data-20250430T011355Z-1-001\Data\data\2024-02,JSWSTEEL,801.7,2024-02-01 05:30:00,822.0,800.1,2024-02,822.0,2287350
C:\Users\v-dhramaraj\Desktop\Python\Projects\Assignment2_StockAnalysis\Data-20250430T011355Z-1-001\Data\data\2024-02,JSWSTEEL,823.55,2024-02-02 05:30:00,826.3,805.1,2024-02,809.25,2871131
C:\Users\v-dhramaraj\Desktop\Python\Projects\Assignment2_StockAnalysis\Data-20250430T011355Z-1-001\Data\data\2024-02,JSWSTEEL,814.65,2024-02-05 05:30:00,834.0,811.0,2024-02,824.15,2056107
C:\Users\v-dhramaraj\Desktop\Python\Projects\Assignment2_StockAnalysis\Data-20250430T011355Z-1-001\Data\data\2024-02,JSWSTEEL,818.75,2024-02-06 05:30:00,820.75,805.1,2024-02,814.65,1547506
C:\Users\v-dhramaraj\Desktop\Python\Projects\Assignment2_StockAnalysis\Data-20250430T011355Z-1-001\Data\data\2024-02,JSWSTEEL,836.6,2024-02-07 05:30:00,842.9,823.0,2024-02,827.4,3647454
C:\Users\v-dhramaraj\Desktop\Python\Projects\Assignment2_StockAnalysis\Data-20250430T011355Z-1-001\Data\data\2024-02,JSWSTEEL,822.1,2024-02-08 05:30:00,841.45,818.0,2024-02,841.45,2294805
C:\Users\v-dhramaraj\Desktop\Python\Projects\Assignment2_StockAnalysis\Data-20250430T011355Z-1-001\Data\data\2024-02,JSWSTEEL,811.75,2024-02-09 05:30:00,825.0,800.45,2024-02,824.9,1396058
C:\Users\v-dhramaraj\Desktop\Python\Projects\Assignment2_StockAnalysis\Data-20250430T011355Z-1-001\Data\data\2024-02,JSWSTEEL,811.5,2024-02-12 05:30:00,819.6,802.45,2024-02,818.0,1408603
C:\Users\v-dhramaraj\Desktop\Python\Projects\Assignment2_StockAnalysis\Data-20250430T011355Z-1-001\Data\data\2024-02,JSWSTEEL,812.65,2024-02-13 05:30:00,814.7,790.55,2024-02,812.95,1675844
C:\Users\v-dhramaraj\Desktop\Python\Projects\Assignment2_StockAnalysis\Data-20250430T011355Z-1-001\Data\data\2024-02,JSWSTEEL,813.25,2024-02-14 05:30:00,815.8,796.55,2024-02,798.0,1546826
C:\Users\v-dhramaraj\Desktop\Python\Projects\Assignment2_StockAnalysis\Data-20250430T011355Z-1-001\Data\data\2024-02,JSWSTEEL,812.35,2024-02-15 05:30:00,820.75,805.6,2024-02,818.0,1482200
C:\Users\v-dhramaraj\Desktop\Python\Projects\Assignment2_StockAnalysis\Data-20250430T011355Z-1-001\Data\data\2024-02,JSWSTEEL,819.95,2024-02-16 05:30:00,824.4,813.5,2024-02,818.15,1774587
C:\Users\v-dhramaraj\Desktop\Python\Projects\Assignment2_StockAnalysis\Data-20250430T011355Z-1-001\Data\data\2024-02,JSWSTEEL,820.2,2024-02-19 05:30:00,825.95,814.0,2024-02,825.95,829517
C:\Users\v-dhramaraj\Desktop\Python\Projects\Assignment2_StockAnalysis\Data-20250430T011355Z-1-001\Data\data\2024-02,JSWSTEEL,821.2,2024-02-20 05:30:00,825.0,811.8,2024-02,825.0,1384043
C:\Users\v-dhramaraj\Desktop\Python\Projects\Assignment2_StockAnalysis\Data-20250430T011355Z-1-001\Data\data\2024-02,JSWSTEEL,828.25,2024-02-21 05:30:00,850.0,820.95,2024-02,821.0,6419882
C:\Users\v-dhramaraj\Desktop\Python\Projects\Assignment2_StockAnalysis\Data-20250430T011355Z-1-001\Data\data\2024-02,JSWSTEEL,828.65,2024-02-22 05:30:00,835.15,820.05,2024-02,831.0,2366934
C:\Users\v-dhramaraj\Desktop\Python\Projects\Assignment2_StockAnalysis\Data-20250430T011355Z-1-001\Data\data\2024-02,JSWSTEEL,821.0,2024-02-23 05:30:00,836.3,819.25,2024-02,835.0,1736000
C:\Users\v-dhramaraj\Desktop\Python\Projects\Assignment2_StockAnalysis\Data-20250430T011355Z-1-001\Data\data\2024-02,JSWSTEEL,808.75,2024-02-26 05:30:00,827.8,806.2,2024-02,825.2,1188689
C:\Users\v-dhramaraj\Desktop\Python\Projects\Assignment2_StockAnalysis\Data-20250430T011355Z-1-001\Data\data\2024-02,JSWSTEEL,818.95,2024-02-27 05:30:00,820.55,805.7,2024-02,808.95,1331211
C:\Users\v-dhramaraj\Desktop\Python\Projects\Assignment2_StockAnalysis\Data-20250430T011355Z-1-001\Data\data\2024-02,JSWSTEEL,798.6,2024-02-28 05:30:00,822.75,795.0,2024-02,822.7,1851909
C:\Users\v-dhramaraj\Desktop\Python\Projects\Assignment2_StockAnalysis\Data-20250430T011355Z-1-001\Data\data\2024-02,JSWSTEEL,800.1,2024-02-29 05:30:00,805.9,790.0,2024-02,801.0,3155812
C:\Users\v-dhramaraj\Desktop\Python\Projects\Assignment2_StockAnalysis\Data-20250430T011355Z-1-001\Data\data\2024-03,JSWSTEEL,836.2,2024-03-01 05:30:00,839.7,804.25,2024-03,804.25,5377896
C:\Users\v-dhramaraj\Desktop\Python\Projects\Assignment2_StockAnalysis\Data-20250430T011355Z-1-001\Data\data\2024-03,JSWSTEEL,844.95,2024-03-02 05:30:00,847.0,834.4,2024-03,839.5,475975
C:\Users\v-dhramaraj\Desktop\Python\Projects\Assignment2_StockAnalysis\Data-20250430T011355Z-1-001\Data\data\2024-03,JSWSTEEL,824.3,2024-03-04 05:30:00,839.0,818.5,2024-03,839.0,3821690
C:\Users\v-dhramaraj\Desktop\Python\Projects\Assignment2_StockAnalysis\Data-20250430T011355Z-1-001\Data\data\2024-03,JSWSTEEL,819.3,2024-03-05 05:30:00,826.65,811.0,2024-03,825.1,2630517
C:\Users\v-dhramaraj\Desktop\Python\Projects\Assignment2_StockAnalysis\Data-20250430T011355Z-1-001\Data\data\2024-03,JSWSTEEL,812.9,2024-03-06 05:30:00,823.0,800.0,2024-03,820.4,2041620
C:\Users\v-dhramaraj\Desktop\Python\Projects\Assignment2_StockAnalysis\Data-20250430T011355Z-1-001\Data\data\2024-03,JSWSTEEL,830.0,2024-03-07 05:30:00,844.9,818.05,2024-03,820.0,5074846
C:\Users\v-dhramaraj\Desktop\Python\Projects\Assignment2_StockAnalysis\Data-20250430T011355Z-1-001\Data\data\2024-03,JSWSTEEL,829.8,2024-03-11 05:30:00,836.6,822.15,2024-03,832.0,1622850
C:\Users\v-dhramaraj\Desktop\Python\Projects\Assignment2_StockAnalysis\Data-20250430T011355Z-1-001\Data\data\2024-03,JSWSTEEL,817.8,2024-03-12 05:30:00,829.3,815.0,2024-03,829.0,1231413
C:\Users\v-dhramaraj\Desktop\Python\Projects\Assignment2_StockAnalysis\Data-20250430T011355Z-1-001\Data\data\2024-03,JSWSTEEL,792.95,2024-03-13 05:30:00,820.6,788.45,2024-03,818.4,3047464
C:\Users\v-dhramaraj\Desktop\Python\Projects\Assignment2_StockAnalysis\Data-20250430T011355Z-1-001\Data\data\2024-03,JSWSTEEL,785.45,2024-03-14 05:30:00,792.95,761.75,2024-03,792.0,5262918
C:\Users\v-dhramaraj\Desktop\Python\Projects\Assignment2_StockAnalysis\Data-20250430T011355Z-1-001\Data\data\2024-03,JSWSTEEL,780.65,2024-03-15 05:30:00,790.2,774.55,2024-03,782.1,3992861
C:\Users\v-dhramaraj\Desktop\Python\Projects\Assignment2_StockAnalysis\Data-20250430T011355Z-1-001\Data\data\2024-03,JSWSTEEL,804.4,2024-03-18 05:30:00,808.5,778.5,2024-03,780.65,3561533
C:\Users\v-dhramaraj\Desktop\Python\Projects\Assignment2_StockAnalysis\Data-20250430T011355Z-1-001\Data\data\2024-03,JSWSTEEL,801.05,2024-03-19 05:30:00,809.95,793.75,2024-03,802.0,2192986
C:\Users\v-dhramaraj\Desktop\Python\Projects\Assignment2_StockAnalysis\Data-20250430T011355Z-1-001\Data\data\2024-03,JSWSTEEL,794.65,2024-03-20 05:30:00,810.0,789.3,2024-03,802.2,1538050
C:\Users\v-dhramaraj\Desktop\Python\Projects\Assignment2_StockAnalysis\Data-20250430T011355Z-1-001\Data\data\2024-03,JSWSTEEL,812.35,2024-03-21 05:30:00,819.45,803.1,2024-03,804.0,2783067
C:\Users\v-dhramaraj\Desktop\Python\Projects\Assignment2_StockAnalysis\Data-20250430T011355Z-1-001\Data\data\2024-03,JSWSTEEL,824.8,2024-03-22 05:30:00,832.95,806.75,2024-03,808.0,3983433
C:\Users\v-dhramaraj\Desktop\Python\Projects\Assignment2_StockAnalysis\Data-20250430T011355Z-1-001\Data\data\2024-03,JSWSTEEL,821.9,2024-03-26 05:30:00,834.0,818.05,2024-03,820.55,2454193
C:\Users\v-dhramaraj\Desktop\Python\Projects\Assignment2_StockAnalysis\Data-20250430T011355Z-1-001\Data\data\2024-03,JSWSTEEL,818.05,2024-03-27 05:30:00,832.4,815.4,2024-03,825.0,1884038
C:\Users\v-dhramaraj\Desktop\Python\Projects\Assignment2_StockAnalysis\Data-20250430T011355Z-1-001\Data\data\2024-03,JSWSTEEL,830.2,2024-03-28 05:30:00,840.85,820.0,2024-03,827.0,3722941
C:\Users\v-dhramaraj\Desktop\Python\Projects\Assignment2_StockAnalysis\Data-20250430T011355Z-1-001\Data\data\2024-04,JSWSTEEL,871.95,2024-04-01 05:30:00,876.45,838.0,2024-04,838.0,6053539
C:\Users\v-dhramaraj\Desktop\Python\Projects\Assignment2_StockAnalysis\Data-20250430T011355Z-1-001\Data\data\2024-04,JSWSTEEL,879.25,2024-04-02 05:30:00,881.85,861.55,2024-04,871.1,2784783
C:\Users\v-dhramaraj\Desktop\Python\Projects\Assignment2_StockAnalysis\Data-20250430T011355Z-1-001\Data\data\2024-04,JSWSTEEL,869.0,2024-04-03 05:30:00,879.55,867.1,2024-04,877.85,1980049
C:\Users\v-dhramaraj\Desktop\Python\Projects\Assignment2_StockAnalysis\Data-20250430T011355Z-1-001\Data\data\2024-04,JSWSTEEL,862.5,2024-04-04 05:30:00,878.65,853.55,2024-04,876.3,2790334
C:\Users\v-dhramaraj\Desktop\Python\Projects\Assignment2_StockAnalysis\Data-20250430T011355Z-1-001\Data\data\2024-04,JSWSTEEL,857.1,2024-04-05 05:30:00,864.55,846.95,2024-04,860.0,1847243
C:\Users\v-dhramaraj\Desktop\Python\Projects\Assignment2_StockAnalysis\Data-20250430T011355Z-1-001\Data\data\2024-04,JSWSTEEL,876.45,2024-04-08 05:30:00,878.0,860.25,2024-04,864.0,2462906
C:\Users\v-dhramaraj\Desktop\Python\Projects\Assignment2_StockAnalysis\Data-20250430T011355Z-1-001\Data\data\2024-04,JSWSTEEL,874.6,2024-04-09 05:30:00,891.45,870.55,2024-04,881.8,2512308
C:\Users\v-dhramaraj\Desktop\Python\Projects\Assignment2_StockAnalysis\Data-20250430T011355Z-1-001\Data\data\2024-04,JSWSTEEL,883.95,2024-04-10 05:30:00,889.0,875.35,2024-04,881.35,2519596
C:\Users\v-dhramaraj\Desktop\Python\Projects\Assignment2_StockAnalysis\Data-20250430T011355Z-1-001\Data\data\2024-04,JSWSTEEL,866.45,2024-04-12 05:30:00,883.9,862.0,2024-04,883.9,4129109
C:\Users\v-dhramaraj\Desktop\Python\Projects\Assignment2_StockAnalysis\Data-20250430T011355Z-1-001\Data\data\2024-04,JSWSTEEL,860.45,2024-04-15 05:30:00,882.0,850.25,2024-04,862.9,1974756
C:\Users\v-dhramaraj\Desktop\Python\Projects\Assignment2_StockAnalysis\Data-20250430T011355Z-1-001\Data\data\2024-04,JSWSTEEL,845.25,2024-04-16 05:30:00,863.6,842.75,2024-04,859.5,1706563
C:\Users\v-dhramaraj\Desktop\Python\Projects\Assignment2_StockAnalysis\Data-20250430T011355Z-1-001\Data\data\2024-04,JSWSTEEL,844.8,2024-04-18 05:30:00,858.0,841.7,2024-04,846.1,3437879
C:\Users\v-dhramaraj\Desktop\Python\Projects\Assignment2_StockAnalysis\Data-20250430T011355Z-1-001\Data\data\2024-04,JSWSTEEL,864.8,2024-04-19 05:30:00,867.3,833.2,2024-04,842.85,3157898
C:\Users\v-dhramaraj\Desktop\Python\Projects\Assignment2_StockAnalysis\Data-20250430T011355Z-1-001\Data\data\2024-04,JSWSTEEL,854.8,2024-04-22 05:30:00,870.9,853.45,2024-04,867.1,1584578
C:\Users\v-dhramaraj\Desktop\Python\Projects\Assignment2_StockAnalysis\Data-20250430T011355Z-1-001\Data\data\2024-04,JSWSTEEL,851.35,2024-04-23 05:30:00,865.0,848.55,2024-04,858.5,1755588
C:\Users\v-dhramaraj\Desktop\Python\Projects\Assignment2_StockAnalysis\Data-20250430T011355Z-1-001\Data\data\2024-04,JSWSTEEL,882.7,2024-04-24 05:30:00,886.0,850.0,2024-04,851.35,4257548
C:\Users\v-dhramaraj\Desktop\Python\Projects\Assignment2_StockAnalysis\Data-20250430T011355Z-1-001\Data\data\2024-04,JSWSTEEL,905.8,2024-04-25 05:30:00,909.4,874.35,2024-04,882.7,4893459
C:\Users\v-dhramaraj\Desktop\Python\Projects\Assignment2_StockAnalysis\Data-20250430T011355Z-1-001\Data\data\2024-04,JSWSTEEL,887.25,2024-04-26 05:30:00,914.0,884.65,2024-04,910.0,3626999
C:\Users\v-dhramaraj\Desktop\Python\Projects\Assignment2_StockAnalysis\Data-20250430T011355Z-1-001\Data\data\2024-04,JSWSTEEL,895.75,2024-04-29 05:30:00,902.5,886.15,2024-04,898.4,1956431
C:\Users\v-dhramaraj\Desktop\Python\Projects\Assignment2_StockAnalysis\Data-20250430T011355Z-1-001\Data\data\2024-04,JSWSTEEL,882.2,2024-04-30 05:30:00,902.75,880.05,2024-04,902.45,1831578
C:\Users\v-dhramaraj\Desktop\Python\Projects\Assignment2_StockAnalysis\Data-20250430T011355Z-1-001\Data\data\2024-05,JSWSTEEL,890.35,2024-05-02 05:30:00,894.6,883.0,2024-05,883.0,2448369
C:\Users\v-dhramaraj\Desktop\Python\Projects\Assignment2_StockAnalysis\Data-20250430T011355Z-1-001\Data\data\2024-05,JSWSTEEL,874.2,2024-05-03 05:30:00,903.7,866.0,2024-05,895.85,3672279
C:\Users\v-dhramaraj\Desktop\Python\Projects\Assignment2_StockAnalysis\Data-20250430T011355Z-1-001\Data\data\2024-05,JSWSTEEL,880.65,2024-05-06 05:30:00,893.0,874.35,2024-05,879.7,2556178
C:\Users\v-dhramaraj\Desktop\Python\Projects\Assignment2_StockAnalysis\Data-20250430T011355Z-1-001\Data\data\2024-05,JSWSTEEL,857.35,2024-05-07 05:30:00,881.05,845.75,2024-05,880.65,2369111
C:\Users\v-dhramaraj\Desktop\Python\Projects\Assignment2_StockAnalysis\Data-20250430T011355Z-1-001\Data\data\2024-05,JSWSTEEL,864.65,2024-05-08 05:30:00,866.6,850.4,2024-05,850.4,1849894
C:\Users\v-dhramaraj\Desktop\Python\Projects\Assignment2_StockAnalysis\Data-20250430T011355Z-1-001\Data\data\2024-05,JSWSTEEL,834.55,2024-05-09 05:30:00,868.8,831.05,2024-05,864.7,2282517
C:\Users\v-dhramaraj\Desktop\Python\Projects\Assignment2_StockAnalysis\Data-20250430T011355Z-1-001\Data\data\2024-05,JSWSTEEL,853.6,2024-05-10 05:30:00,855.95,835.95,2024-05,835.95,1947295
C:\Users\v-dhramaraj\Desktop\Python\Projects\Assignment2_StockAnalysis\Data-20250430T011355Z-1-001\Data\data\2024-05,JSWSTEEL,860.6,2024-05-13 05:30:00,862.5,830.0,2024-05,847.85,1735081
C:\Users\v-dhramaraj\Desktop\Python\Projects\Assignment2_StockAnalysis\Data-20250430T011355Z-1-001\Data\data\2024-05,JSWSTEEL,881.5,2024-05-14 05:30:00,884.95,861.2,2024-05,864.15,2706050
C:\Users\v-dhramaraj\Desktop\Python\Projects\Assignment2_StockAnalysis\Data-20250430T011355Z-1-001\Data\data\2024-05,JSWSTEEL,870.95,2024-05-15 05:30:00,883.5,863.4,2024-05,882.0,2194086
C:\Users\v-dhramaraj\Desktop\Python\Projects\Assignment2_StockAnalysis\Data-20250430T011355Z-1-001\Data\data\2024-05,JSWSTEEL,886.4,2024-05-16 05:30:00,888.45,864.45,2024-05,872.8,3282175
C:\Users\v-dhramaraj\Desktop\Python\Projects\Assignment2_StockAnalysis\Data-20250430T011355Z-1-001\Data\data\2024-05,JSWSTEEL,907.45,2024-05-17 05:30:00,914.95,878.7,2024-05,888.0,4635724
C:\Users\v-dhramaraj\Desktop\Python\Projects\Assignment2_StockAnalysis\Data-20250430T011355Z-1-001\Data\data\2024-05,JSWSTEEL,890.8,2024-05-18 05:30:00,899.4,885.15,2024-05,890.1,638499
C:\Users\v-dhramaraj\Desktop\Python\Projects\Assignment2_StockAnalysis\Data-20250430T011355Z-1-001\Data\data\2024-05,JSWSTEEL,923.45,2024-05-21 05:30:00,928.95,890.8,2024-05,892.0,5938708
C:\Users\v-dhramaraj\Desktop\Python\Projects\Assignment2_StockAnalysis\Data-20250430T011355Z-1-001\Data\data\2024-05,JSWSTEEL,915.8,2024-05-22 05:30:00,927.3,906.05,2024-05,925.0,2938404
C:\Users\v-dhramaraj\Desktop\Python\Projects\Assignment2_StockAnalysis\Data-20250430T011355Z-1-001\Data\data\2024-05,JSWSTEEL,917.0,2024-05-23 05:30:00,920.85,890.7,2024-05,912.0,3800388
C:\Users\v-dhramaraj\Desktop\Python\Projects\Assignment2_StockAnalysis\Data-20250430T011355Z-1-001\Data\data\2024-05,JSWSTEEL,908.65,2024-05-24 05:30:00,925.0,906.05,2024-05,915.0,2113036
C:\Users\v-dhramaraj\Desktop\Python\Projects\Assignment2_StockAnalysis\Data-20250430T011355Z-1-001\Data\data\2024-05,JSWSTEEL,901.95,2024-05-27 05:30:00,919.15,900.1,2024-05,910.5,1893682
C:\Users\v-dhramaraj\Desktop\Python\Projects\Assignment2_StockAnalysis\Data-20250430T011355Z-1-001\Data\data\2024-05,JSWSTEEL,907.35,2024-05-28 05:30:00,915.85,901.2,2024-05,905.85,1931419
C:\Users\v-dhramaraj\Desktop\Python\Projects\Assignment2_StockAnalysis\Data-20250430T011355Z-1-001\Data\data\2024-05,JSWSTEEL,901.9,2024-05-29 05:30:00,910.0,896.45,2024-05,899.6,1740879
C:\Users\v-dhramaraj\Desktop\Python\Projects\Assignment2_StockAnalysis\Data-20250430T011355Z-1-001\Data\data\2024-05,JSWSTEEL,883.7,2024-05-30 05:30:00,900.8,873.25,2024-05,900.0,3993159
C:\Users\v-dhramaraj\Desktop\Python\Projects\Assignment2_StockAnalysis\Data-20250430T011355Z-1-001\Data\data\2024-05,JSWSTEEL,880.55,2024-05-31 05:30:00,895.45,877.0,2024-05,892.0,5249761
C:\Users\v-dhramaraj\Desktop\Python\Projects\Assignment2_StockAnalysis\Data-20250430T011355Z-1-001\Data\data\2024-06,JSWSTEEL,915.3,2024-06-03 05:30:00,917.7,897.8,2024-06,912.0,2541803
C:\Users\v-dhramaraj\Desktop\Python\Projects\Assignment2_StockAnalysis\Data-20250430T011355Z-1-001\Data\data\2024-06,JSWSTEEL,841.85,2024-06-04 05:30:00,914.0,823.8,2024-06,914.0,4022430
C:\Users\v-dhramaraj\Desktop\Python\Projects\Assignment2_StockAnalysis\Data-20250430T011355Z-1-001\Data\data\2024-06,JSWSTEEL,878.4,2024-06-05 05:30:00,881.7,829.15,2024-06,857.0,1969854
C:\Users\v-dhramaraj\Desktop\Python\Projects\Assignment2_StockAnalysis\Data-20250430T011355Z-1-001\Data\data\2024-06,JSWSTEEL,888.1,2024-06-06 05:30:00,892.9,877.5,2024-06,884.0,3095781
C:\Users\v-dhramaraj\Desktop\Python\Projects\Assignment2_StockAnalysis\Data-20250430T011355Z-1-001\Data\data\2024-06,JSWSTEEL,912.15,2024-06-07 05:30:00,915.4,877.1,2024-06,888.1,3609817
C:\Users\v-dhramaraj\Desktop\Python\Projects\Assignment2_StockAnalysis\Data-20250430T011355Z-1-001\Data\data\2024-06,JSWSTEEL,915.9,2024-06-10 05:30:00,920.0,900.75,2024-06,907.0,1765715
C:\Users\v-dhramaraj\Desktop\Python\Projects\Assignment2_StockAnalysis\Data-20250430T011355Z-1-001\Data\data\2024-06,JSWSTEEL,910.1,2024-06-11 05:30:00,918.8,905.05,2024-06,915.95,2003998
C:\Users\v-dhramaraj\Desktop\Python\Projects\Assignment2_StockAnalysis\Data-20250430T011355Z-1-001\Data\data\2024-06,JSWSTEEL,916.9,2024-06-12 05:30:00,924.3,908.05,2024-06,910.05,1782777
C:\Users\v-dhramaraj\Desktop\Python\Projects\Assignment2_StockAnalysis\Data-20250430T011355Z-1-001\Data\data\2024-06,JSWSTEEL,915.75,2024-06-13 05:30:00,925.05,908.05,2024-06,917.55,1788757
C:\Users\v-dhramaraj\Desktop\Python\Projects\Assignment2_StockAnalysis\Data-20250430T011355Z-1-001\Data\data\2024-06,JSWSTEEL,921.15,2024-06-14 05:30:00,923.5,903.6,2024-06,914.0,2625892
C:\Users\v-dhramaraj\Desktop\Python\Projects\Assignment2_StockAnalysis\Data-20250430T011355Z-1-001\Data\data\2024-06,JSWSTEEL,925.35,2024-06-18 05:30:00,927.45,914.3,2024-06,921.15,2395045
C:\Users\v-dhramaraj\Desktop\Python\Projects\Assignment2_StockAnalysis\Data-20250430T011355Z-1-001\Data\data\2024-06,JSWSTEEL,914.95,2024-06-19 05:30:00,936.9,913.3,2024-06,929.0,1793533
C:\Users\v-dhramaraj\Desktop\Python\Projects\Assignment2_StockAnalysis\Data-20250430T011355Z-1-001\Data\data\2024-06,JSWSTEEL,929.65,2024-06-20 05:30:00,938.0,911.3,2024-06,914.95,3120339
C:\Users\v-dhramaraj\Desktop\Python\Projects\Assignment2_StockAnalysis\Data-20250430T011355Z-1-001\Data\data\2024-06,JSWSTEEL,936.9,2024-06-21 05:30:00,944.0,923.15,2024-06,929.0,4299319
C:\Users\v-dhramaraj\Desktop\Python\Projects\Assignment2_StockAnalysis\Data-20250430T011355Z-1-001\Data\data\2024-06,JSWSTEEL,935.35,2024-06-24 05:30:00,941.65,922.0,2024-06,936.0,1857847
C:\Users\v-dhramaraj\Desktop\Python\Projects\Assignment2_StockAnalysis\Data-20250430T011355Z-1-001\Data\data\2024-06,JSWSTEEL,929.9,2024-06-25 05:30:00,940.0,927.95,2024-06,936.9,1733931
C:\Users\v-dhramaraj\Desktop\Python\Projects\Assignment2_StockAnalysis\Data-20250430T011355Z-1-001\Data\data\2024-06,JSWSTEEL,919.2,2024-06-26 05:30:00,932.45,918.1,2024-06,930.9,1341496
C:\Users\v-dhramaraj\Desktop\Python\Projects\Assignment2_StockAnalysis\Data-20250430T011355Z-1-001\Data\data\2024-06,JSWSTEEL,943.15,2024-06-27 05:30:00,945.6,915.3,2024-06,916.2,4700053
C:\Users\v-dhramaraj\Desktop\Python\Projects\Assignment2_StockAnalysis\Data-20250430T011355Z-1-001\Data\data\2024-06,JSWSTEEL,931.5,2024-06-28 05:30:00,949.4,928.75,2024-06,943.15,2402672
C:\Users\v-dhramaraj\Desktop\Python\Projects\Assignment2_StockAnalysis\Data-20250430T011355Z-1-001\Data\data\2024-07,JSWSTEEL,943.9,2024-07-01 05:30:00,947.5,931.6,2024-07,935.0,2562034
C:\Users\v-dhramaraj\Desktop\Python\Projects\Assignment2_StockAnalysis\Data-20250430T011355Z-1-001\Data\data\2024-07,JSWSTEEL,938.25,2024-07-02 05:30:00,953.7,936.5,2024-07,945.0,1936180
C:\Users\v-dhramaraj\Desktop\Python\Projects\Assignment2_StockAnalysis\Data-20250430T011355Z-1-001\Data\data\2024-07,JSWSTEEL,950.4,2024-07-03 05:30:00,953.4,939.05,2024-07,939.5,1369238
C:\Users\v-dhramaraj\Desktop\Python\Projects\Assignment2_StockAnalysis\Data-20250430T011355Z-1-001\Data\data\2024-07,JSWSTEEL,944.35,2024-07-04 05:30:00,959.4,943.0,2024-07,950.4,1384884
C:\Users\v-dhramaraj\Desktop\Python\Projects\Assignment2_StockAnalysis\Data-20250430T011355Z-1-001\Data\data\2024-07,JSWSTEEL,954.05,2024-07-05 05:30:00,956.0,945.2,2024-07,948.0,1583550
C:\Users\v-dhramaraj\Desktop\Python\Projects\Assignment2_StockAnalysis\Data-20250430T011355Z-1-001\Data\data\2024-07,JSWSTEEL,939.2,2024-07-08 05:30:00,955.9,934.05,2024-07,955.9,1569620
C:\Users\v-dhramaraj\Desktop\Python\Projects\Assignment2_StockAnalysis\Data-20250430T011355Z-1-001\Data\data\2024-07,JSWSTEEL,935.3,2024-07-09 05:30:00,940.8,932.3,2024-07,939.0,1489629
C:\Users\v-dhramaraj\Desktop\Python\Projects\Assignment2_StockAnalysis\Data-20250430T011355Z-1-001\Data\data\2024-07,JSWSTEEL,925.4,2024-07-10 05:30:00,935.3,918.9,2024-07,931.0,1483892
C:\Users\v-dhramaraj\Desktop\Python\Projects\Assignment2_StockAnalysis\Data-20250430T011355Z-1-001\Data\data\2024-07,JSWSTEEL,925.0,2024-07-11 05:30:00,932.0,915.45,2024-07,927.15,2348723
C:\Users\v-dhramaraj\Desktop\Python\Projects\Assignment2_StockAnalysis\Data-20250430T011355Z-1-001\Data\data\2024-07,JSWSTEEL,934.4,2024-07-12 05:30:00,937.75,924.0,2024-07,929.95,1498780
C:\Users\v-dhramaraj\Desktop\Python\Projects\Assignment2_StockAnalysis\Data-20250430T011355Z-1-001\Data\data\2024-07,JSWSTEEL,931.7,2024-07-15 05:30:00,938.7,926.15,2024-07,937.95,1337839
C:\Users\v-dhramaraj\Desktop\Python\Projects\Assignment2_StockAnalysis\Data-20250430T011355Z-1-001\Data\data\2024-07,JSWSTEEL,934.35,2024-07-16 05:30:00,939.35,928.15,2024-07,932.15,1442573
C:\Users\v-dhramaraj\Desktop\Python\Projects\Assignment2_StockAnalysis\Data-20250430T011355Z-1-001\Data\data\2024-07,JSWSTEEL,931.45,2024-07-18 05:30:00,935.35,921.35,2024-07,934.35,1812254
C:\Users\v-dhramaraj\Desktop\Python\Projects\Assignment2_StockAnalysis\Data-20250430T011355Z-1-001\Data\data\2024-07,JSWSTEEL,889.45,2024-07-19 05:30:00,927.5,886.55,2024-07,927.0,3001973
C:\Users\v-dhramaraj\Desktop\Python\Projects\Assignment2_StockAnalysis\Data-20250430T011355Z-1-001\Data\data\2024-07,JSWSTEEL,888.55,2024-07-22 05:30:00,893.4,865.15,2024-07,875.5,2725373
C:\Users\v-dhramaraj\Desktop\Python\Projects\Assignment2_StockAnalysis\Data-20250430T011355Z-1-001\Data\data\2024-07,JSWSTEEL,893.95,2024-07-23 05:30:00,896.15,872.0,2024-07,890.0,1640412
C:\Users\v-dhramaraj\Desktop\Python\Projects\Assignment2_StockAnalysis\Data-20250430T011355Z-1-001\Data\data\2024-07,JSWSTEEL,881.35,2024-07-24 05:30:00,895.0,880.0,2024-07,895.0,1519772
C:\Users\v-dhramaraj\Desktop\Python\Projects\Assignment2_StockAnalysis\Data-20250430T011355Z-1-001\Data\data\2024-07,JSWSTEEL,874.5,2024-07-25 05:30:00,880.0,862.4,2024-07,870.0,1636466
C:\Users\v-dhramaraj\Desktop\Python\Projects\Assignment2_StockAnalysis\Data-20250430T011355Z-1-001\Data\data\2024-07,JSWSTEEL,900.55,2024-07-26 05:30:00,908.8,875.3,2024-07,880.0,2056457
C:\Users\v-dhramaraj\Desktop\Python\Projects\Assignment2_StockAnalysis\Data-20250430T011355Z-1-001\Data\data\2024-07,JSWSTEEL,898.55,2024-07-29 05:30:00,909.9,895.05,2024-07,909.9,1066351
C:\Users\v-dhramaraj\Desktop\Python\Projects\Assignment2_StockAnalysis\Data-20250430T011355Z-1-001\Data\data\2024-07,JSWSTEEL,902.1,2024-07-30 05:30:00,907.95,890.15,2024-07,895.05,979026
C:\Users\v-dhramaraj\Desktop\Python\Projects\Assignment2_StockAnalysis\Data-20250430T011355Z-1-001\Data\data\2024-07,JSWSTEEL,928.25,2024-07-31 05:30:00,936.35,902.7,2024-07,908.95,2716481
C:\Users\v-dhramaraj\Desktop\Python\Projects\Assignment2_StockAnalysis\Data-20250430T011355Z-1-001\Data\data\2024-08,JSWSTEEL,934.55,2024-08-01 05:30:00,957.95,927.75,2024-08,937.55,4039078
C:\Users\v-dhramaraj\Desktop\Python\Projects\Assignment2_StockAnalysis\Data-20250430T011355Z-1-001\Data\data\2024-08,JSWSTEEL,899.55,2024-08-02 05:30:00,923.85,896.0,2024-08,919.9,3306705
C:\Users\v-dhramaraj\Desktop\Python\Projects\Assignment2_StockAnalysis\Data-20250430T011355Z-1-001\Data\data\2024-08,JSWSTEEL,863.8,2024-08-05 05:30:00,884.0,854.15,2024-08,884.0,4059902
C:\Users\v-dhramaraj\Desktop\Python\Projects\Assignment2_StockAnalysis\Data-20250430T011355Z-1-001\Data\data\2024-08,JSWSTEEL,884.0,2024-08-06 05:30:00,893.05,867.05,2024-08,867.05,2665068
C:\Users\v-dhramaraj\Desktop\Python\Projects\Assignment2_StockAnalysis\Data-20250430T011355Z-1-001\Data\data\2024-08,JSWSTEEL,906.45,2024-08-07 05:30:00,910.65,895.0,2024-08,899.0,2262055
C:\Users\v-dhramaraj\Desktop\Python\Projects\Assignment2_StockAnalysis\Data-20250430T011355Z-1-001\Data\data\2024-08,JSWSTEEL,887.55,2024-08-08 05:30:00,902.95,883.4,2024-08,900.0,2796559
C:\Users\v-dhramaraj\Desktop\Python\Projects\Assignment2_StockAnalysis\Data-20250430T011355Z-1-001\Data\data\2024-08,JSWSTEEL,905.1,2024-08-09 05:30:00,914.75,889.0,2024-08,896.05,1722454
C:\Users\v-dhramaraj\Desktop\Python\Projects\Assignment2_StockAnalysis\Data-20250430T011355Z-1-001\Data\data\2024-08,JSWSTEEL,917.35,2024-08-12 05:30:00,926.2,898.1,2024-08,904.8,3822527
C:\Users\v-dhramaraj\Desktop\Python\Projects\Assignment2_StockAnalysis\Data-20250430T011355Z-1-001\Data\data\2024-08,JSWSTEEL,907.85,2024-08-13 05:30:00,927.5,905.0,2024-08,925.0,1329629
C:\Users\v-dhramaraj\Desktop\Python\Projects\Assignment2_StockAnalysis\Data-20250430T011355Z-1-001\Data\data\2024-08,JSWSTEEL,890.3,2024-08-14 05:30:00,911.95,885.4,2024-08,911.95,2024615
C:\Users\v-dhramaraj\Desktop\Python\Projects\Assignment2_StockAnalysis\Data-20250430T011355Z-1-001\Data\data\2024-08,JSWSTEEL,908.45,2024-08-16 05:30:00,910.7,882.55,2024-08,900.0,2208842
C:\Users\v-dhramaraj\Desktop\Python\Projects\Assignment2_StockAnalysis\Data-20250430T011355Z-1-001\Data\data\2024-08,JSWSTEEL,917.75,2024-08-19 05:30:00,920.0,903.9,2024-08,910.0,847523
C:\Users\v-dhramaraj\Desktop\Python\Projects\Assignment2_StockAnalysis\Data-20250430T011355Z-1-001\Data\data\2024-08,JSWSTEEL,917.15,2024-08-20 05:30:00,923.9,910.8,2024-08,923.9,696605
C:\Users\v-dhramaraj\Desktop\Python\Projects\Assignment2_StockAnalysis\Data-20250430T011355Z-1-001\Data\data\2024-08,JSWSTEEL,925.8,2024-08-21 05:30:00,927.0,908.1,2024-08,910.0,1600466
C:\Users\v-dhramaraj\Desktop\Python\Projects\Assignment2_StockAnalysis\Data-20250430T011355Z-1-001\Data\data\2024-08,JSWSTEEL,933.25,2024-08-22 05:30:00,934.85,924.8,2024-08,927.05,1073406
C:\Users\v-dhramaraj\Desktop\Python\Projects\Assignment2_StockAnalysis\Data-20250430T011355Z-1-001\Data\data\2024-08,JSWSTEEL,941.05,2024-08-23 05:30:00,943.95,929.15,2024-08,934.6,1441218
C:\Users\v-dhramaraj\Desktop\Python\Projects\Assignment2_StockAnalysis\Data-20250430T011355Z-1-001\Data\data\2024-08,JSWSTEEL,963.5,2024-08-26 05:30:00,968.9,937.2,2024-08,945.5,2364465
C:\Users\v-dhramaraj\Desktop\Python\Projects\Assignment2_StockAnalysis\Data-20250430T011355Z-1-001\Data\data\2024-08,JSWSTEEL,944.0,2024-08-27 05:30:00,966.95,942.75,2024-08,963.45,2480788
C:\Users\v-dhramaraj\Desktop\Python\Projects\Assignment2_StockAnalysis\Data-20250430T011355Z-1-001\Data\data\2024-08,JSWSTEEL,949.25,2024-08-28 05:30:00,951.5,935.0,2024-08,947.5,2285575
C:\Users\v-dhramaraj\Desktop\Python\Projects\Assignment2_StockAnalysis\Data-20250430T011355Z-1-001\Data\data\2024-08,JSWSTEEL,939.7,2024-08-29 05:30:00,950.5,930.8,2024-08,945.0,2233515
C:\Users\v-dhramaraj\Desktop\Python\Projects\Assignment2_StockAnalysis\Data-20250430T011355Z-1-001\Data\data\2024-08,JSWSTEEL,941.1,2024-08-30 05:30:00,954.75,938.65,2024-08,947.9,2896103
C:\Users\v-dhramaraj\Desktop\Python\Projects\Assignment2_StockAnalysis\Data-20250430T011355Z-1-001\Data\data\2024-09,JSWSTEEL,940.45,2024-09-02 05:30:00,951.45,936.15,2024-09,941.1,1316611
C:\Users\v-dhramaraj\Desktop\Python\Projects\Assignment2_StockAnalysis\Data-20250430T011355Z-1-001\Data\data\2024-09,JSWSTEEL,930.95,2024-09-03 05:30:00,941.55,929.95,2024-09,937.1,1116938
C:\Users\v-dhramaraj\Desktop\Python\Projects\Assignment2_StockAnalysis\Data-20250430T011355Z-1-001\Data\data\2024-09,JSWSTEEL,933.05,2024-09-04 05:30:00,934.7,912.0,2024-09,920.0,3020790
C:\Users\v-dhramaraj\Desktop\Python\Projects\Assignment2_StockAnalysis\Data-20250430T011355Z-1-001\Data\data\2024-09,JSWSTEEL,925.45,2024-09-05 05:30:00,944.55,923.75,2024-09,934.55,1482001
C:\Users\v-dhramaraj\Desktop\Python\Projects\Assignment2_StockAnalysis\Data-20250430T011355Z-1-001\Data\data\2024-09,JSWSTEEL,932.8,2024-09-06 05:30:00,939.4,911.7,2024-09,925.45,1984209
C:\Users\v-dhramaraj\Desktop\Python\Projects\Assignment2_StockAnalysis\Data-20250430T011355Z-1-001\Data\data\2024-09,JSWSTEEL,934.25,2024-09-09 05:30:00,936.7,919.05,2024-09,923.0,1793548
C:\Users\v-dhramaraj\Desktop\Python\Projects\Assignment2_StockAnalysis\Data-20250430T011355Z-1-001\Data\data\2024-09,JSWSTEEL,938.75,2024-09-10 05:30:00,948.5,929.8,2024-09,934.1,1388455
C:\Users\v-dhramaraj\Desktop\Python\Projects\Assignment2_StockAnalysis\Data-20250430T011355Z-1-001\Data\data\2024-09,JSWSTEEL,927.75,2024-09-11 05:30:00,944.3,924.25,2024-09,941.05,1087490
C:\Users\v-dhramaraj\Desktop\Python\Projects\Assignment2_StockAnalysis\Data-20250430T011355Z-1-001\Data\data\2024-09,JSWSTEEL,954.8,2024-09-12 05:30:00,957.6,929.0,2024-09,935.8,3061006
C:\Users\v-dhramaraj\Desktop\Python\Projects\Assignment2_StockAnalysis\Data-20250430T011355Z-1-001\Data\data\2024-09,JSWSTEEL,954.55,2024-09-13 05:30:00,972.45,951.35,2024-09,958.0,2445329
C:\Users\v-dhramaraj\Desktop\Python\Projects\Assignment2_StockAnalysis\Data-20250430T011355Z-1-001\Data\data\2024-09,JSWSTEEL,971.0,2024-09-16 05:30:00,978.55,957.1,2024-09,961.4,2186706
C:\Users\v-dhramaraj\Desktop\Python\Projects\Assignment2_StockAnalysis\Data-20250430T011355Z-1-001\Data\data\2024-09,JSWSTEEL,964.25,2024-09-17 05:30:00,974.55,961.7,2024-09,971.0,543055
C:\Users\v-dhramaraj\Desktop\Python\Projects\Assignment2_StockAnalysis\Data-20250430T011355Z-1-001\Data\data\2024-09,JSWSTEEL,956.7,2024-09-18 05:30:00,970.95,950.0,2024-09,962.05,644373
C:\Users\v-dhramaraj\Desktop\Python\Projects\Assignment2_StockAnalysis\Data-20250430T011355Z-1-001\Data\data\2024-09,JSWSTEEL,948.4,2024-09-19 05:30:00,965.95,944.0,2024-09,960.0,1278919
C:\Users\v-dhramaraj\Desktop\Python\Projects\Assignment2_StockAnalysis\Data-20250430T011355Z-1-001\Data\data\2024-09,JSWSTEEL,981.55,2024-09-20 05:30:00,988.0,965.2,2024-09,970.0,8035572
C:\Users\v-dhramaraj\Desktop\Python\Projects\Assignment2_StockAnalysis\Data-20250430T011355Z-1-001\Data\data\2024-09,JSWSTEEL,982.1,2024-09-23 05:30:00,987.95,976.2,2024-09,986.0,1714600
C:\Users\v-dhramaraj\Desktop\Python\Projects\Assignment2_StockAnalysis\Data-20250430T011355Z-1-001\Data\data\2024-09,JSWSTEEL,989.7,2024-09-24 05:30:00,1009.8,985.15,2024-09,991.3,5545642
C:\Users\v-dhramaraj\Desktop\Python\Projects\Assignment2_StockAnalysis\Data-20250430T011355Z-1-001\Data\data\2024-09,JSWSTEEL,982.65,2024-09-25 05:30:00,998.65,972.7,2024-09,996.0,1309311
C:\Users\v-dhramaraj\Desktop\Python\Projects\Assignment2_StockAnalysis\Data-20250430T011355Z-1-001\Data\data\2024-09,JSWSTEEL,1005.55,2024-09-26 05:30:00,1007.95,975.45,2024-09,984.0,2706617
C:\Users\v-dhramaraj\Desktop\Python\Projects\Assignment2_StockAnalysis\Data-20250430T011355Z-1-001\Data\data\2024-09,JSWSTEEL,1001.55,2024-09-27 05:30:00,1018.9,997.5,2024-09,1008.0,2757284
C:\Users\v-dhramaraj\Desktop\Python\Projects\Assignment2_StockAnalysis\Data-20250430T011355Z-1-001\Data\data\2024-09,JSWSTEEL,1030.05,2024-09-30 05:30:00,1032.9,1004.0,2024-09,1004.0,4250590
C:\Users\v-dhramaraj\Desktop\Python\Projects\Assignment2_StockAnalysis\Data-20250430T011355Z-1-001\Data\data\2024-10,JSWSTEEL,1027.3,2024-10-01 05:30:00,1029.95,1014.4,2024-10,1029.0,1392457
C:\Users\v-dhramaraj\Desktop\Python\Projects\Assignment2_StockAnalysis\Data-20250430T011355Z-1-001\Data\data\2024-10,JSWSTEEL,1039.1,2024-10-03 05:30:00,1060.0,1025.45,2024-10,1028.0,6615927
C:\Users\v-dhramaraj\Desktop\Python\Projects\Assignment2_StockAnalysis\Data-20250430T011355Z-1-001\Data\data\2024-10,JSWSTEEL,1033.75,2024-10-04 05:30:00,1063.0,1027.3,2024-10,1042.0,4855592
C:\Users\v-dhramaraj\Desktop\Python\Projects\Assignment2_StockAnalysis\Data-20250430T011355Z-1-001\Data\data\2024-10,JSWSTEEL,1018.75,2024-10-07 05:30:00,1044.1,1012.5,2024-10,1039.95,2708970
C:\Users\v-dhramaraj\Desktop\Python\Projects\Assignment2_StockAnalysis\Data-20250430T011355Z-1-001\Data\data\2024-10,JSWSTEEL,998.2,2024-10-08 05:30:00,1014.4,984.0,2024-10,1014.4,4115797
C:\Users\v-dhramaraj\Desktop\Python\Projects\Assignment2_StockAnalysis\Data-20250430T011355Z-1-001\Data\data\2024-10,JSWSTEEL,994.5,2024-10-09 05:30:00,1011.5,985.0,2024-10,999.9,2138939
C:\Users\v-dhramaraj\Desktop\Python\Projects\Assignment2_StockAnalysis\Data-20250430T011355Z-1-001\Data\data\2024-10,JSWSTEEL,1007.4,2024-10-10 05:30:00,1012.95,996.75,2024-10,999.0,1368830
C:\Users\v-dhramaraj\Desktop\Python\Projects\Assignment2_StockAnalysis\Data-20250430T011355Z-1-001\Data\data\2024-10,JSWSTEEL,1012.05,2024-10-11 05:30:00,1025.95,1006.0,2024-10,1007.3,1957211
C:\Users\v-dhramaraj\Desktop\Python\Projects\Assignment2_StockAnalysis\Data-20250430T011355Z-1-001\Data\data\2024-10,JSWSTEEL,1012.5,2024-10-14 05:30:00,1032.0,1009.4,2024-10,1017.0,1831080
C:\Users\v-dhramaraj\Desktop\Python\Projects\Assignment2_StockAnalysis\Data-20250430T011355Z-1-001\Data\data\2024-10,JSWSTEEL,1000.85,2024-10-15 05:30:00,1020.6,992.0,2024-10,1012.5,1444250
C:\Users\v-dhramaraj\Desktop\Python\Projects\Assignment2_StockAnalysis\Data-20250430T011355Z-1-001\Data\data\2024-10,JSWSTEEL,989.35,2024-10-16 05:30:00,1004.8,982.05,2024-10,995.0,1248745
C:\Users\v-dhramaraj\Desktop\Python\Projects\Assignment2_StockAnalysis\Data-20250430T011355Z-1-001\Data\data\2024-10,JSWSTEEL,979.5,2024-10-17 05:30:00,995.2,969.75,2024-10,991.1,1079467
C:\Users\v-dhramaraj\Desktop\Python\Projects\Assignment2_StockAnalysis\Data-20250430T011355Z-1-001\Data\data\2024-10,JSWSTEEL,992.6,2024-10-18 05:30:00,998.25,973.1,2024-10,978.5,1291683
C:\Users\v-dhramaraj\Desktop\Python\Projects\Assignment2_StockAnalysis\Data-20250430T011355Z-1-001\Data\data\2024-10,JSWSTEEL,981.45,2024-10-21 05:30:00,1005.0,980.05,2024-10,997.0,953143
C:\Users\v-dhramaraj\Desktop\Python\Projects\Assignment2_StockAnalysis\Data-20250430T011355Z-1-001\Data\data\2024-10,JSWSTEEL,963.65,2024-10-22 05:30:00,983.3,960.4,2024-10,981.0,1318146
C:\Users\v-dhramaraj\Desktop\Python\Projects\Assignment2_StockAnalysis\Data-20250430T011355Z-1-001\Data\data\2024-10,JSWSTEEL,954.45,2024-10-23 05:30:00,971.0,952.15,2024-10,963.65,1306503
C:\Users\v-dhramaraj\Desktop\Python\Projects\Assignment2_StockAnalysis\Data-20250430T011355Z-1-001\Data\data\2024-10,JSWSTEEL,958.1,2024-10-24 05:30:00,962.05,952.45,2024-10,954.45,650392
C:\Users\v-dhramaraj\Desktop\Python\Projects\Assignment2_StockAnalysis\Data-20250430T011355Z-1-001\Data\data\2024-10,JSWSTEEL,943.85,2024-10-25 05:30:00,959.95,926.8,2024-10,958.1,2541293
C:\Users\v-dhramaraj\Desktop\Python\Projects\Assignment2_StockAnalysis\Data-20250430T011355Z-1-001\Data\data\2024-10,JSWSTEEL,967.25,2024-10-28 05:30:00,972.45,909.0,2024-10,936.0,1737402
C:\Users\v-dhramaraj\Desktop\Python\Projects\Assignment2_StockAnalysis\Data-20250430T011355Z-1-001\Data\data\2024-10,JSWSTEEL,958.8,2024-10-29 05:30:00,972.8,947.0,2024-10,972.45,1032874
C:\Users\v-dhramaraj\Desktop\Python\Projects\Assignment2_StockAnalysis\Data-20250430T011355Z-1-001\Data\data\2024-10,JSWSTEEL,957.3,2024-10-30 05:30:00,968.55,952.3,2024-10,966.2,733890
C:\Users\v-dhramaraj\Desktop\Python\Projects\Assignment2_StockAnalysis\Data-20250430T011355Z-1-001\Data\data\2024-10,JSWSTEEL,963.65,2024-10-31 05:30:00,967.85,954.45,2024-10,958.0,1445602
C:\Users\v-dhramaraj\Desktop\Python\Projects\Assignment2_StockAnalysis\Data-20250430T011355Z-1-001\Data\data\2024-11,JSWSTEEL,968.3,2024-11-01 05:30:00,978.0,965.0,2024-11,969.9,136508
C:\Users\v-dhramaraj\Desktop\Python\Projects\Assignment2_StockAnalysis\Data-20250430T011355Z-1-001\Data\data\2024-11,JSWSTEEL,954.9,2024-11-04 05:30:00,968.85,941.1,2024-11,965.05,957723
C:\Users\v-dhramaraj\Desktop\Python\Projects\Assignment2_StockAnalysis\Data-20250430T011355Z-1-001\Data\data\2024-11,JSWSTEEL,999.5,2024-11-05 05:30:00,1003.0,952.0,2024-11,954.9,5177028
C:\Users\v-dhramaraj\Desktop\Python\Projects\Assignment2_StockAnalysis\Data-20250430T011355Z-1-001\Data\data\2024-11,JSWSTEEL,1008.65,2024-11-06 05:30:00,1015.05,984.7,2024-11,1000.0,2761749
C:\Users\v-dhramaraj\Desktop\Python\Projects\Assignment2_StockAnalysis\Data-20250430T011355Z-1-001\Data\data\2024-11,JSWSTEEL,989.8,2024-11-07 05:30:00,1018.95,985.65,2024-11,1014.0,2477876
C:\Users\v-dhramaraj\Desktop\Python\Projects\Assignment2_StockAnalysis\Data-20250430T011355Z-1-001\Data\data\2024-11,JSWSTEEL,996.4,2024-11-08 05:30:00,1001.55,976.5,2024-11,994.0,3568198
C:\Users\v-dhramaraj\Desktop\Python\Projects\Assignment2_StockAnalysis\Data-20250430T011355Z-1-001\Data\data\2024-11,JSWSTEEL,979.0,2024-11-11 05:30:00,995.45,972.0,2024-11,988.0,1336153
C:\Users\v-dhramaraj\Desktop\Python\Projects\Assignment2_StockAnalysis\Data-20250430T011355Z-1-001\Data\data\2024-11,JSWSTEEL,957.25,2024-11-12 05:30:00,987.8,953.65,2024-11,987.0,731821
C:\Users\v-dhramaraj\Desktop\Python\Projects\Assignment2_StockAnalysis\Data-20250430T011355Z-1-001\Data\data\2024-11,JSWSTEEL,935.95,2024-11-13 05:30:00,958.25,928.05,2024-11,953.5,1167594
C:\Users\v-dhramaraj\Desktop\Python\Projects\Assignment2_StockAnalysis\Data-20250430T011355Z-1-001\Data\data\2024-11,JSWSTEEL,939.05,2024-11-14 05:30:00,949.35,932.45,2024-11,935.05,1662673
C:\Users\v-dhramaraj\Desktop\Python\Projects\Assignment2_StockAnalysis\Data-20250430T011355Z-1-001\Data\data\2024-11,JSWSTEEL,949.85,2024-11-18 05:30:00,956.05,934.9,2024-11,935.05,1143965
C:\Users\v-dhramaraj\Desktop\Python\Projects\Assignment2_StockAnalysis\Data-20250430T011355Z-1-001\Data\data\2024-11,JSWSTEEL,947.3,2024-11-19 05:30:00,960.95,945.0,2024-11,949.85,617409
C:\Users\v-dhramaraj\Desktop\Python\Projects\Assignment2_StockAnalysis\Data-20250430T011355Z-1-001\Data\data\2024-11,JSWSTEEL,944.15,2024-11-21 05:30:00,950.95,936.45,2024-11,941.0,1669641
C:\Users\v-dhramaraj\Desktop\Python\Projects\Assignment2_StockAnalysis\Data-20250430T011355Z-1-001\Data\data\2024-11,JSWSTEEL,977.35,2024-11-22 05:30:00,981.3,939.05,2024-11,947.9,1889389
