Source Folder,Ticker,close,date,high,low,month,open,volume
C:\Users\v-dhramaraj\Desktop\Python\Projects\Assignment2_StockAnalysis\Data-20250430T011355Z-1-001\Data\data\2023-10,LT,3073.25,2023-10-03 05:30:00,3077.45,2995.1,2023-10,3040.5,3254492
C:\Users\v-dhramaraj\Desktop\Python\Projects\Assignment2_StockAnalysis\Data-20250430T011355Z-1-001\Data\data\2023-10,LT,3027.75,2023-10-04 05:30:00,3064.1,2990.05,2023-10,3064.1,3100946
C:\Users\v-dhramaraj\Desktop\Python\Projects\Assignment2_StockAnalysis\Data-20250430T011355Z-1-001\Data\data\2023-10,LT,3096.05,2023-10-05 05:30:00,3114.9,3032.55,2023-10,3032.55,3413447
C:\Users\v-dhramaraj\Desktop\Python\Projects\Assignment2_StockAnalysis\Data-20250430T011355Z-1-001\Data\data\2023-10,LT,3093.7,2023-10-06 05:30:00,3114.95,3073.15,2023-10,3114.95,1898118
C:\Users\v-dhramaraj\Desktop\Python\Projects\Assignment2_StockAnalysis\Data-20250430T011355Z-1-001\Data\data\2023-10,LT,3074.7,2023-10-09 05:30:00,3085.0,3055.55,2023-10,3075.0,1181760
C:\Users\v-dhramaraj\Desktop\Python\Projects\Assignment2_StockAnalysis\Data-20250430T011355Z-1-001\Data\data\2023-10,LT,3076.0,2023-10-10 05:30:00,3099.0,3072.15,2023-10,3073.85,1551789
C:\Users\v-dhramaraj\Desktop\Python\Projects\Assignment2_StockAnalysis\Data-20250430T011355Z-1-001\Data\data\2023-10,LT,3088.7,2023-10-11 05:30:00,3110.0,3084.4,2023-10,3090.0,2066921
C:\Users\v-dhramaraj\Desktop\Python\Projects\Assignment2_StockAnalysis\Data-20250430T011355Z-1-001\Data\data\2023-10,LT,3081.75,2023-10-12 05:30:00,3105.05,3067.05,2023-10,3094.0,1870280
C:\Users\v-dhramaraj\Desktop\Python\Projects\Assignment2_StockAnalysis\Data-20250430T011355Z-1-001\Data\data\2023-10,LT,3089.6,2023-10-13 05:30:00,3099.0,3063.5,2023-10,3067.75,1437808
C:\Users\v-dhramaraj\Desktop\Python\Projects\Assignment2_StockAnalysis\Data-20250430T011355Z-1-001\Data\data\2023-10,LT,3101.9,2023-10-16 05:30:00,3113.25,3074.7,2023-10,3098.95,818794
C:\Users\v-dhramaraj\Desktop\Python\Projects\Assignment2_StockAnalysis\Data-20250430T011355Z-1-001\Data\data\2023-10,LT,3066.3,2023-10-17 05:30:00,3114.2,3063.0,2023-10,3109.9,1847182
C:\Users\v-dhramaraj\Desktop\Python\Projects\Assignment2_StockAnalysis\Data-20250430T011355Z-1-001\Data\data\2023-10,LT,3045.6,2023-10-18 05:30:00,3079.15,3037.15,2023-10,3068.65,1350839
C:\Users\v-dhramaraj\Desktop\Python\Projects\Assignment2_StockAnalysis\Data-20250430T011355Z-1-001\Data\data\2023-10,LT,3054.4,2023-10-19 05:30:00,3069.9,3007.15,2023-10,3025.6,1599104
C:\Users\v-dhramaraj\Desktop\Python\Projects\Assignment2_StockAnalysis\Data-20250430T011355Z-1-001\Data\data\2023-10,LT,3012.35,2023-10-20 05:30:00,3056.25,2977.3,2023-10,3039.95,1667471
C:\Users\v-dhramaraj\Desktop\Python\Projects\Assignment2_StockAnalysis\Data-20250430T011355Z-1-001\Data\data\2023-10,LT,2958.3,2023-10-23 05:30:00,3006.9,2949.0,2023-10,3003.0,1614030
C:\Users\v-dhramaraj\Desktop\Python\Projects\Assignment2_StockAnalysis\Data-20250430T011355Z-1-001\Data\data\2023-10,LT,2916.1,2023-10-25 05:30:00,2965.5,2910.3,2023-10,2959.0,2108353
C:\Users\v-dhramaraj\Desktop\Python\Projects\Assignment2_StockAnalysis\Data-20250430T011355Z-1-001\Data\data\2023-10,LT,2864.6,2023-10-26 05:30:00,2916.15,2857.05,2023-10,2906.0,3286109
C:\Users\v-dhramaraj\Desktop\Python\Projects\Assignment2_StockAnalysis\Data-20250430T011355Z-1-001\Data\data\2023-10,LT,2901.9,2023-10-27 05:30:00,2910.55,2857.65,2023-10,2864.65,2399538
C:\Users\v-dhramaraj\Desktop\Python\Projects\Assignment2_StockAnalysis\Data-20250430T011355Z-1-001\Data\data\2023-10,LT,2926.35,2023-10-30 05:30:00,2932.0,2856.15,2023-10,2899.2,1693052
C:\Users\v-dhramaraj\Desktop\Python\Projects\Assignment2_StockAnalysis\Data-20250430T011355Z-1-001\Data\data\2023-10,LT,2929.05,2023-10-31 05:30:00,2951.55,2907.95,2023-10,2929.95,1556467
C:\Users\v-dhramaraj\Desktop\Python\Projects\Assignment2_StockAnalysis\Data-20250430T011355Z-1-001\Data\data\2023-11,LT,2895.3,2023-11-01 05:30:00,2983.15,2871.05,2023-11,2947.45,3875595
C:\Users\v-dhramaraj\Desktop\Python\Projects\Assignment2_StockAnalysis\Data-20250430T011355Z-1-001\Data\data\2023-11,LT,2918.1,2023-11-02 05:30:00,2937.85,2903.2,2023-11,2935.0,1451606
C:\Users\v-dhramaraj\Desktop\Python\Projects\Assignment2_StockAnalysis\Data-20250430T011355Z-1-001\Data\data\2023-11,LT,2911.25,2023-11-03 05:30:00,2948.05,2905.0,2023-11,2934.0,1136175
C:\Users\v-dhramaraj\Desktop\Python\Projects\Assignment2_StockAnalysis\Data-20250430T011355Z-1-001\Data\data\2023-11,LT,2975.45,2023-11-06 05:30:00,2979.0,2927.25,2023-11,2933.0,1235499
C:\Users\v-dhramaraj\Desktop\Python\Projects\Assignment2_StockAnalysis\Data-20250430T011355Z-1-001\Data\data\2023-11,LT,2961.3,2023-11-07 05:30:00,2983.6,2956.1,2023-11,2970.0,1112206
C:\Users\v-dhramaraj\Desktop\Python\Projects\Assignment2_StockAnalysis\Data-20250430T011355Z-1-001\Data\data\2023-11,LT,2996.45,2023-11-08 05:30:00,3002.75,2961.0,2023-11,2974.7,1013438
C:\Users\v-dhramaraj\Desktop\Python\Projects\Assignment2_StockAnalysis\Data-20250430T011355Z-1-001\Data\data\2023-11,LT,3024.85,2023-11-09 05:30:00,3028.7,2997.0,2023-11,3003.0,1719911
C:\Users\v-dhramaraj\Desktop\Python\Projects\Assignment2_StockAnalysis\Data-20250430T011355Z-1-001\Data\data\2023-11,LT,3033.25,2023-11-10 05:30:00,3044.0,3005.25,2023-11,3021.05,947753
C:\Users\v-dhramaraj\Desktop\Python\Projects\Assignment2_StockAnalysis\Data-20250430T011355Z-1-001\Data\data\2023-11,LT,3052.0,2023-11-12 05:30:00,3060.0,3044.0,2023-11,3054.95,256389
C:\Users\v-dhramaraj\Desktop\Python\Projects\Assignment2_StockAnalysis\Data-20250430T011355Z-1-001\Data\data\2023-11,LT,3048.5,2023-11-13 05:30:00,3054.35,3031.65,2023-11,3050.0,531769
C:\Users\v-dhramaraj\Desktop\Python\Projects\Assignment2_StockAnalysis\Data-20250430T011355Z-1-001\Data\data\2023-11,LT,3064.95,2023-11-15 05:30:00,3071.05,3055.0,2023-11,3062.35,1160184
C:\Users\v-dhramaraj\Desktop\Python\Projects\Assignment2_StockAnalysis\Data-20250430T011355Z-1-001\Data\data\2023-11,LT,3051.15,2023-11-16 05:30:00,3082.1,3045.0,2023-11,3057.95,1597607
C:\Users\v-dhramaraj\Desktop\Python\Projects\Assignment2_StockAnalysis\Data-20250430T011355Z-1-001\Data\data\2023-11,LT,3109.0,2023-11-17 05:30:00,3115.45,3045.15,2023-11,3050.0,1325050
C:\Users\v-dhramaraj\Desktop\Python\Projects\Assignment2_StockAnalysis\Data-20250430T011355Z-1-001\Data\data\2023-11,LT,3088.8,2023-11-20 05:30:00,3111.95,3076.2,2023-11,3095.1,1231164
C:\Users\v-dhramaraj\Desktop\Python\Projects\Assignment2_StockAnalysis\Data-20250430T011355Z-1-001\Data\data\2023-11,LT,3074.85,2023-11-21 05:30:00,3099.0,3062.45,2023-11,3088.5,1884782
C:\Users\v-dhramaraj\Desktop\Python\Projects\Assignment2_StockAnalysis\Data-20250430T011355Z-1-001\Data\data\2023-11,LT,3082.3,2023-11-22 05:30:00,3088.65,3062.5,2023-11,3074.85,1104208
C:\Users\v-dhramaraj\Desktop\Python\Projects\Assignment2_StockAnalysis\Data-20250430T011355Z-1-001\Data\data\2023-11,LT,3045.65,2023-11-23 05:30:00,3088.0,3031.05,2023-11,3080.0,1514688
C:\Users\v-dhramaraj\Desktop\Python\Projects\Assignment2_StockAnalysis\Data-20250430T011355Z-1-001\Data\data\2023-11,LT,3054.25,2023-11-24 05:30:00,3067.0,3039.6,2023-11,3050.0,915121
C:\Users\v-dhramaraj\Desktop\Python\Projects\Assignment2_StockAnalysis\Data-20250430T011355Z-1-001\Data\data\2023-11,LT,3050.0,2023-11-28 05:30:00,3059.15,3035.0,2023-11,3054.0,1210508
C:\Users\v-dhramaraj\Desktop\Python\Projects\Assignment2_StockAnalysis\Data-20250430T011355Z-1-001\Data\data\2023-11,LT,3083.75,2023-11-29 05:30:00,3089.9,3049.0,2023-11,3050.0,1801107
C:\Users\v-dhramaraj\Desktop\Python\Projects\Assignment2_StockAnalysis\Data-20250430T011355Z-1-001\Data\data\2023-11,LT,3109.2,2023-11-30 05:30:00,3124.55,3058.7,2023-11,3076.3,3131624
C:\Users\v-dhramaraj\Desktop\Python\Projects\Assignment2_StockAnalysis\Data-20250430T011355Z-1-001\Data\data\2023-12,LT,3190.65,2023-12-01 05:30:00,3197.95,3121.05,2023-12,3129.95,2112908
C:\Users\v-dhramaraj\Desktop\Python\Projects\Assignment2_StockAnalysis\Data-20250430T011355Z-1-001\Data\data\2023-12,LT,3313.55,2023-12-04 05:30:00,3347.55,3250.0,2023-12,3285.0,3095974
C:\Users\v-dhramaraj\Desktop\Python\Projects\Assignment2_StockAnalysis\Data-20250430T011355Z-1-001\Data\data\2023-12,LT,3315.45,2023-12-05 05:30:00,3325.0,3279.05,2023-12,3319.05,1659309
C:\Users\v-dhramaraj\Desktop\Python\Projects\Assignment2_StockAnalysis\Data-20250430T011355Z-1-001\Data\data\2023-12,LT,3392.3,2023-12-06 05:30:00,3401.0,3321.0,2023-12,3330.0,2057233
C:\Users\v-dhramaraj\Desktop\Python\Projects\Assignment2_StockAnalysis\Data-20250430T011355Z-1-001\Data\data\2023-12,LT,3355.6,2023-12-07 05:30:00,3409.9,3337.05,2023-12,3392.3,2128823
C:\Users\v-dhramaraj\Desktop\Python\Projects\Assignment2_StockAnalysis\Data-20250430T011355Z-1-001\Data\data\2023-12,LT,3378.45,2023-12-08 05:30:00,3430.0,3366.0,2023-12,3377.0,2428891
C:\Users\v-dhramaraj\Desktop\Python\Projects\Assignment2_StockAnalysis\Data-20250430T011355Z-1-001\Data\data\2023-12,LT,3385.8,2023-12-11 05:30:00,3405.0,3360.0,2023-12,3377.95,1534238
C:\Users\v-dhramaraj\Desktop\Python\Projects\Assignment2_StockAnalysis\Data-20250430T011355Z-1-001\Data\data\2023-12,LT,3342.4,2023-12-12 05:30:00,3375.0,3332.0,2023-12,3375.0,1888423
C:\Users\v-dhramaraj\Desktop\Python\Projects\Assignment2_StockAnalysis\Data-20250430T011355Z-1-001\Data\data\2023-12,LT,3399.8,2023-12-13 05:30:00,3410.0,3346.2,2023-12,3352.95,1509107
C:\Users\v-dhramaraj\Desktop\Python\Projects\Assignment2_StockAnalysis\Data-20250430T011355Z-1-001\Data\data\2023-12,LT,3433.1,2023-12-14 05:30:00,3440.0,3400.1,2023-12,3425.95,2425646
C:\Users\v-dhramaraj\Desktop\Python\Projects\Assignment2_StockAnalysis\Data-20250430T011355Z-1-001\Data\data\2023-12,LT,3488.0,2023-12-15 05:30:00,3498.9,3432.85,2023-12,3435.15,2632935
C:\Users\v-dhramaraj\Desktop\Python\Projects\Assignment2_StockAnalysis\Data-20250430T011355Z-1-001\Data\data\2023-12,LT,3491.6,2023-12-18 05:30:00,3506.0,3466.0,2023-12,3496.0,1767429
C:\Users\v-dhramaraj\Desktop\Python\Projects\Assignment2_StockAnalysis\Data-20250430T011355Z-1-001\Data\data\2023-12,LT,3498.95,2023-12-19 05:30:00,3525.0,3476.05,2023-12,3488.95,1311700
C:\Users\v-dhramaraj\Desktop\Python\Projects\Assignment2_StockAnalysis\Data-20250430T011355Z-1-001\Data\data\2023-12,LT,3418.5,2023-12-20 05:30:00,3514.6,3412.55,2023-12,3505.0,1876048
C:\Users\v-dhramaraj\Desktop\Python\Projects\Assignment2_StockAnalysis\Data-20250430T011355Z-1-001\Data\data\2023-12,LT,3424.15,2023-12-21 05:30:00,3439.95,3333.0,2023-12,3390.05,2292802
C:\Users\v-dhramaraj\Desktop\Python\Projects\Assignment2_StockAnalysis\Data-20250430T011355Z-1-001\Data\data\2023-12,LT,3477.95,2023-12-22 05:30:00,3496.0,3408.6,2023-12,3424.0,1681707
C:\Users\v-dhramaraj\Desktop\Python\Projects\Assignment2_StockAnalysis\Data-20250430T011355Z-1-001\Data\data\2023-12,LT,3490.05,2023-12-26 05:30:00,3508.35,3477.95,2023-12,3477.95,1072263
C:\Users\v-dhramaraj\Desktop\Python\Projects\Assignment2_StockAnalysis\Data-20250430T011355Z-1-001\Data\data\2023-12,LT,3544.0,2023-12-27 05:30:00,3549.0,3504.15,2023-12,3510.0,1389266
C:\Users\v-dhramaraj\Desktop\Python\Projects\Assignment2_StockAnalysis\Data-20250430T011355Z-1-001\Data\data\2023-12,LT,3518.05,2023-12-28 05:30:00,3559.95,3500.5,2023-12,3545.0,3371121
C:\Users\v-dhramaraj\Desktop\Python\Projects\Assignment2_StockAnalysis\Data-20250430T011355Z-1-001\Data\data\2023-12,LT,3526.0,2023-12-29 05:30:00,3540.0,3495.0,2023-12,3531.0,968577
C:\Users\v-dhramaraj\Desktop\Python\Projects\Assignment2_StockAnalysis\Data-20250430T011355Z-1-001\Data\data\2024-01,LT,3525.45,2024-01-01 05:30:00,3538.0,3496.05,2024-01,3538.0,777080
C:\Users\v-dhramaraj\Desktop\Python\Projects\Assignment2_StockAnalysis\Data-20250430T011355Z-1-001\Data\data\2024-01,LT,3438.1,2024-01-02 05:30:00,3525.45,3432.0,2024-01,3525.05,1511464
C:\Users\v-dhramaraj\Desktop\Python\Projects\Assignment2_StockAnalysis\Data-20250430T011355Z-1-001\Data\data\2024-01,LT,3440.35,2024-01-03 05:30:00,3465.85,3411.6,2024-01,3433.0,1283859
C:\Users\v-dhramaraj\Desktop\Python\Projects\Assignment2_StockAnalysis\Data-20250430T011355Z-1-001\Data\data\2024-01,LT,3458.7,2024-01-04 05:30:00,3480.1,3423.0,2024-01,3441.05,1651616
C:\Users\v-dhramaraj\Desktop\Python\Projects\Assignment2_StockAnalysis\Data-20250430T011355Z-1-001\Data\data\2024-01,LT,3521.9,2024-01-05 05:30:00,3555.0,3460.0,2024-01,3464.95,2069018
C:\Users\v-dhramaraj\Desktop\Python\Projects\Assignment2_StockAnalysis\Data-20250430T011355Z-1-001\Data\data\2024-01,LT,3501.1,2024-01-08 05:30:00,3559.95,3490.0,2024-01,3540.0,1993855
C:\Users\v-dhramaraj\Desktop\Python\Projects\Assignment2_StockAnalysis\Data-20250430T011355Z-1-001\Data\data\2024-01,LT,3555.95,2024-01-09 05:30:00,3593.75,3520.1,2024-01,3527.45,1807271
C:\Users\v-dhramaraj\Desktop\Python\Projects\Assignment2_StockAnalysis\Data-20250430T011355Z-1-001\Data\data\2024-01,LT,3545.5,2024-01-10 05:30:00,3558.95,3520.0,2024-01,3549.95,1534821
C:\Users\v-dhramaraj\Desktop\Python\Projects\Assignment2_StockAnalysis\Data-20250430T011355Z-1-001\Data\data\2024-01,LT,3504.85,2024-01-11 05:30:00,3559.55,3500.55,2024-01,3545.5,1105348
C:\Users\v-dhramaraj\Desktop\Python\Projects\Assignment2_StockAnalysis\Data-20250430T011355Z-1-001\Data\data\2024-01,LT,3568.8,2024-01-12 05:30:00,3578.65,3494.05,2024-01,3505.05,1782631
C:\Users\v-dhramaraj\Desktop\Python\Projects\Assignment2_StockAnalysis\Data-20250430T011355Z-1-001\Data\data\2024-01,LT,3543.05,2024-01-15 05:30:00,3605.7,3538.05,2024-01,3576.1,1783518
C:\Users\v-dhramaraj\Desktop\Python\Projects\Assignment2_StockAnalysis\Data-20250430T011355Z-1-001\Data\data\2024-01,LT,3573.5,2024-01-16 05:30:00,3589.0,3538.0,2024-01,3548.0,1791818
C:\Users\v-dhramaraj\Desktop\Python\Projects\Assignment2_StockAnalysis\Data-20250430T011355Z-1-001\Data\data\2024-01,LT,3570.95,2024-01-17 05:30:00,3614.45,3547.7,2024-01,3555.0,2699076
C:\Users\v-dhramaraj\Desktop\Python\Projects\Assignment2_StockAnalysis\Data-20250430T011355Z-1-001\Data\data\2024-01,LT,3596.0,2024-01-18 05:30:00,3616.95,3525.0,2024-01,3570.8,2148898
C:\Users\v-dhramaraj\Desktop\Python\Projects\Assignment2_StockAnalysis\Data-20250430T011355Z-1-001\Data\data\2024-01,LT,3646.0,2024-01-19 05:30:00,3655.85,3603.0,2024-01,3603.0,1913923
C:\Users\v-dhramaraj\Desktop\Python\Projects\Assignment2_StockAnalysis\Data-20250430T011355Z-1-001\Data\data\2024-01,LT,3634.5,2024-01-20 05:30:00,3670.0,3621.05,2024-01,3667.0,468514
C:\Users\v-dhramaraj\Desktop\Python\Projects\Assignment2_StockAnalysis\Data-20250430T011355Z-1-001\Data\data\2024-01,LT,3551.0,2024-01-23 05:30:00,3661.35,3536.2,2024-01,3637.6,1742142
C:\Users\v-dhramaraj\Desktop\Python\Projects\Assignment2_StockAnalysis\Data-20250430T011355Z-1-001\Data\data\2024-01,LT,3589.2,2024-01-24 05:30:00,3617.95,3521.7,2024-01,3570.0,3711521
C:\Users\v-dhramaraj\Desktop\Python\Projects\Assignment2_StockAnalysis\Data-20250430T011355Z-1-001\Data\data\2024-01,LT,3593.45,2024-01-25 05:30:00,3618.25,3564.8,2024-01,3599.9,2206540
C:\Users\v-dhramaraj\Desktop\Python\Projects\Assignment2_StockAnalysis\Data-20250430T011355Z-1-001\Data\data\2024-01,LT,3708.0,2024-01-29 05:30:00,3733.85,3600.1,2024-01,3604.0,2072982
C:\Users\v-dhramaraj\Desktop\Python\Projects\Assignment2_StockAnalysis\Data-20250430T011355Z-1-001\Data\data\2024-01,LT,3633.3,2024-01-30 05:30:00,3737.9,3624.9,2024-01,3715.95,1454989
C:\Users\v-dhramaraj\Desktop\Python\Projects\Assignment2_StockAnalysis\Data-20250430T011355Z-1-001\Data\data\2024-01,LT,3479.75,2024-01-31 05:30:00,3538.0,3387.05,2024-01,3520.0,9637606
C:\Users\v-dhramaraj\Desktop\Python\Projects\Assignment2_StockAnalysis\Data-20250430T011355Z-1-001\Data\data\2024-02,LT,3398.0,2024-02-01 05:30:00,3493.75,3371.0,2024-02,3480.0,6149780
C:\Users\v-dhramaraj\Desktop\Python\Projects\Assignment2_StockAnalysis\Data-20250430T011355Z-1-001\Data\data\2024-02,LT,3376.05,2024-02-02 05:30:00,3436.35,3361.0,2024-02,3402.7,7579802
C:\Users\v-dhramaraj\Desktop\Python\Projects\Assignment2_StockAnalysis\Data-20250430T011355Z-1-001\Data\data\2024-02,LT,3341.75,2024-02-05 05:30:00,3407.95,3318.45,2024-02,3375.5,2954238
C:\Users\v-dhramaraj\Desktop\Python\Projects\Assignment2_StockAnalysis\Data-20250430T011355Z-1-001\Data\data\2024-02,LT,3424.25,2024-02-06 05:30:00,3427.75,3337.55,2024-02,3346.0,2545192
C:\Users\v-dhramaraj\Desktop\Python\Projects\Assignment2_StockAnalysis\Data-20250430T011355Z-1-001\Data\data\2024-02,LT,3394.7,2024-02-07 05:30:00,3447.0,3389.0,2024-02,3445.0,2099940
C:\Users\v-dhramaraj\Desktop\Python\Projects\Assignment2_StockAnalysis\Data-20250430T011355Z-1-001\Data\data\2024-02,LT,3335.5,2024-02-08 05:30:00,3417.8,3293.85,2024-02,3413.0,3471727
C:\Users\v-dhramaraj\Desktop\Python\Projects\Assignment2_StockAnalysis\Data-20250430T011355Z-1-001\Data\data\2024-02,LT,3324.55,2024-02-09 05:30:00,3390.0,3308.95,2024-02,3336.25,3121873
C:\Users\v-dhramaraj\Desktop\Python\Projects\Assignment2_StockAnalysis\Data-20250430T011355Z-1-001\Data\data\2024-02,LT,3299.55,2024-02-12 05:30:00,3339.15,3287.0,2024-02,3330.0,1922273
C:\Users\v-dhramaraj\Desktop\Python\Projects\Assignment2_StockAnalysis\Data-20250430T011355Z-1-001\Data\data\2024-02,LT,3321.5,2024-02-13 05:30:00,3338.55,3284.1,2024-02,3312.0,2151493
C:\Users\v-dhramaraj\Desktop\Python\Projects\Assignment2_StockAnalysis\Data-20250430T011355Z-1-001\Data\data\2024-02,LT,3309.0,2024-02-14 05:30:00,3316.95,3263.05,2024-02,3290.05,2502138
C:\Users\v-dhramaraj\Desktop\Python\Projects\Assignment2_StockAnalysis\Data-20250430T011355Z-1-001\Data\data\2024-02,LT,3300.3,2024-02-15 05:30:00,3321.95,3290.2,2024-02,3309.0,1999189
C:\Users\v-dhramaraj\Desktop\Python\Projects\Assignment2_StockAnalysis\Data-20250430T011355Z-1-001\Data\data\2024-02,LT,3386.75,2024-02-16 05:30:00,3398.0,3304.05,2024-02,3304.95,2768329
C:\Users\v-dhramaraj\Desktop\Python\Projects\Assignment2_StockAnalysis\Data-20250430T011355Z-1-001\Data\data\2024-02,LT,3339.85,2024-02-19 05:30:00,3408.0,3335.5,2024-02,3400.55,1216447
C:\Users\v-dhramaraj\Desktop\Python\Projects\Assignment2_StockAnalysis\Data-20250430T011355Z-1-001\Data\data\2024-02,LT,3356.75,2024-02-20 05:30:00,3367.75,3328.45,2024-02,3339.85,1578162
C:\Users\v-dhramaraj\Desktop\Python\Projects\Assignment2_StockAnalysis\Data-20250430T011355Z-1-001\Data\data\2024-02,LT,3296.4,2024-02-21 05:30:00,3356.9,3290.05,2024-02,3356.9,2430672
C:\Users\v-dhramaraj\Desktop\Python\Projects\Assignment2_StockAnalysis\Data-20250430T011355Z-1-001\Data\data\2024-02,LT,3363.75,2024-02-22 05:30:00,3369.0,3276.95,2024-02,3310.0,2521388
C:\Users\v-dhramaraj\Desktop\Python\Projects\Assignment2_StockAnalysis\Data-20250430T011355Z-1-001\Data\data\2024-02,LT,3387.95,2024-02-23 05:30:00,3399.9,3340.75,2024-02,3363.75,2107176
C:\Users\v-dhramaraj\Desktop\Python\Projects\Assignment2_StockAnalysis\Data-20250430T011355Z-1-001\Data\data\2024-02,LT,3470.15,2024-02-26 05:30:00,3491.65,3393.0,2024-02,3400.0,4122419
C:\Users\v-dhramaraj\Desktop\Python\Projects\Assignment2_StockAnalysis\Data-20250430T011355Z-1-001\Data\data\2024-02,LT,3506.45,2024-02-27 05:30:00,3512.0,3451.9,2024-02,3475.0,2122286
C:\Users\v-dhramaraj\Desktop\Python\Projects\Assignment2_StockAnalysis\Data-20250430T011355Z-1-001\Data\data\2024-02,LT,3470.2,2024-02-28 05:30:00,3513.0,3446.15,2024-02,3505.0,1666903
C:\Users\v-dhramaraj\Desktop\Python\Projects\Assignment2_StockAnalysis\Data-20250430T011355Z-1-001\Data\data\2024-02,LT,3477.55,2024-02-29 05:30:00,3496.0,3436.45,2024-02,3485.0,2119512
C:\Users\v-dhramaraj\Desktop\Python\Projects\Assignment2_StockAnalysis\Data-20250430T011355Z-1-001\Data\data\2024-03,LT,3633.5,2024-03-01 05:30:00,3658.35,3500.0,2024-03,3501.65,4407803
C:\Users\v-dhramaraj\Desktop\Python\Projects\Assignment2_StockAnalysis\Data-20250430T011355Z-1-001\Data\data\2024-03,LT,3655.25,2024-03-02 05:30:00,3690.0,3646.2,2024-03,3647.9,246957
C:\Users\v-dhramaraj\Desktop\Python\Projects\Assignment2_StockAnalysis\Data-20250430T011355Z-1-001\Data\data\2024-03,LT,3644.45,2024-03-04 05:30:00,3679.8,3622.05,2024-03,3670.0,1307501
C:\Users\v-dhramaraj\Desktop\Python\Projects\Assignment2_StockAnalysis\Data-20250430T011355Z-1-001\Data\data\2024-03,LT,3612.6,2024-03-05 05:30:00,3644.45,3590.3,2024-03,3631.2,1981370
C:\Users\v-dhramaraj\Desktop\Python\Projects\Assignment2_StockAnalysis\Data-20250430T011355Z-1-001\Data\data\2024-03,LT,3642.2,2024-03-06 05:30:00,3652.45,3586.05,2024-03,3618.0,1500196
C:\Users\v-dhramaraj\Desktop\Python\Projects\Assignment2_StockAnalysis\Data-20250430T011355Z-1-001\Data\data\2024-03,LT,3676.95,2024-03-07 05:30:00,3705.15,3643.25,2024-03,3660.75,2344401
C:\Users\v-dhramaraj\Desktop\Python\Projects\Assignment2_StockAnalysis\Data-20250430T011355Z-1-001\Data\data\2024-03,LT,3640.6,2024-03-11 05:30:00,3700.0,3631.45,2024-03,3700.0,1748541
C:\Users\v-dhramaraj\Desktop\Python\Projects\Assignment2_StockAnalysis\Data-20250430T011355Z-1-001\Data\data\2024-03,LT,3621.65,2024-03-12 05:30:00,3672.0,3613.15,2024-03,3639.05,1470377
C:\Users\v-dhramaraj\Desktop\Python\Projects\Assignment2_StockAnalysis\Data-20250430T011355Z-1-001\Data\data\2024-03,LT,3538.55,2024-03-13 05:30:00,3636.8,3511.9,2024-03,3634.9,2503293
C:\Users\v-dhramaraj\Desktop\Python\Projects\Assignment2_StockAnalysis\Data-20250430T011355Z-1-001\Data\data\2024-03,LT,3608.2,2024-03-14 05:30:00,3636.0,3522.0,2024-03,3527.05,4528490
C:\Users\v-dhramaraj\Desktop\Python\Projects\Assignment2_StockAnalysis\Data-20250430T011355Z-1-001\Data\data\2024-03,LT,3537.15,2024-03-15 05:30:00,3603.0,3524.05,2024-03,3598.0,4054210
C:\Users\v-dhramaraj\Desktop\Python\Projects\Assignment2_StockAnalysis\Data-20250430T011355Z-1-001\Data\data\2024-03,LT,3561.2,2024-03-18 05:30:00,3572.2,3526.7,2024-03,3537.15,1354787
C:\Users\v-dhramaraj\Desktop\Python\Projects\Assignment2_StockAnalysis\Data-20250430T011355Z-1-001\Data\data\2024-03,LT,3501.7,2024-03-19 05:30:00,3549.5,3481.0,2024-03,3541.0,1447405
C:\Users\v-dhramaraj\Desktop\Python\Projects\Assignment2_StockAnalysis\Data-20250430T011355Z-1-001\Data\data\2024-03,LT,3509.7,2024-03-20 05:30:00,3524.95,3487.75,2024-03,3502.75,1442811
C:\Users\v-dhramaraj\Desktop\Python\Projects\Assignment2_StockAnalysis\Data-20250430T011355Z-1-001\Data\data\2024-03,LT,3560.0,2024-03-21 05:30:00,3596.0,3525.15,2024-03,3525.15,2504962
C:\Users\v-dhramaraj\Desktop\Python\Projects\Assignment2_StockAnalysis\Data-20250430T011355Z-1-001\Data\data\2024-03,LT,3617.8,2024-03-22 05:30:00,3647.3,3546.2,2024-03,3546.2,3020545
C:\Users\v-dhramaraj\Desktop\Python\Projects\Assignment2_StockAnalysis\Data-20250430T011355Z-1-001\Data\data\2024-03,LT,3670.1,2024-03-26 05:30:00,3676.9,3600.0,2024-03,3605.0,2320963
C:\Users\v-dhramaraj\Desktop\Python\Projects\Assignment2_StockAnalysis\Data-20250430T011355Z-1-001\Data\data\2024-03,LT,3706.4,2024-03-27 05:30:00,3727.2,3670.1,2024-03,3683.0,2387693
C:\Users\v-dhramaraj\Desktop\Python\Projects\Assignment2_StockAnalysis\Data-20250430T011355Z-1-001\Data\data\2024-03,LT,3763.9,2024-03-28 05:30:00,3813.35,3697.55,2024-03,3706.55,4278668
C:\Users\v-dhramaraj\Desktop\Python\Projects\Assignment2_StockAnalysis\Data-20250430T011355Z-1-001\Data\data\2024-04,LT,3838.0,2024-04-01 05:30:00,3851.85,3780.85,2024-04,3780.85,1905190
C:\Users\v-dhramaraj\Desktop\Python\Projects\Assignment2_StockAnalysis\Data-20250430T011355Z-1-001\Data\data\2024-04,LT,3807.4,2024-04-02 05:30:00,3860.0,3771.25,2024-04,3849.8,3608162
C:\Users\v-dhramaraj\Desktop\Python\Projects\Assignment2_StockAnalysis\Data-20250430T011355Z-1-001\Data\data\2024-04,LT,3782.45,2024-04-03 05:30:00,3799.7,3770.15,2024-04,3799.7,1684618
C:\Users\v-dhramaraj\Desktop\Python\Projects\Assignment2_StockAnalysis\Data-20250430T011355Z-1-001\Data\data\2024-04,LT,3797.85,2024-04-04 05:30:00,3819.75,3731.05,2024-04,3804.9,2339529
C:\Users\v-dhramaraj\Desktop\Python\Projects\Assignment2_StockAnalysis\Data-20250430T011355Z-1-001\Data\data\2024-04,LT,3743.1,2024-04-05 05:30:00,3790.0,3716.25,2024-04,3770.1,1645597
C:\Users\v-dhramaraj\Desktop\Python\Projects\Assignment2_StockAnalysis\Data-20250430T011355Z-1-001\Data\data\2024-04,LT,3807.85,2024-04-08 05:30:00,3819.8,3743.1,2024-04,3745.0,1083395
C:\Users\v-dhramaraj\Desktop\Python\Projects\Assignment2_StockAnalysis\Data-20250430T011355Z-1-001\Data\data\2024-04,LT,3785.25,2024-04-09 05:30:00,3827.95,3775.0,2024-04,3820.0,1997057
C:\Users\v-dhramaraj\Desktop\Python\Projects\Assignment2_StockAnalysis\Data-20250430T011355Z-1-001\Data\data\2024-04,LT,3753.2,2024-04-10 05:30:00,3800.0,3750.1,2024-04,3800.0,1951581
C:\Users\v-dhramaraj\Desktop\Python\Projects\Assignment2_StockAnalysis\Data-20250430T011355Z-1-001\Data\data\2024-04,LT,3679.25,2024-04-12 05:30:00,3802.1,3663.5,2024-04,3749.95,3437544
C:\Users\v-dhramaraj\Desktop\Python\Projects\Assignment2_StockAnalysis\Data-20250430T011355Z-1-001\Data\data\2024-04,LT,3600.8,2024-04-15 05:30:00,3679.85,3586.2,2024-04,3626.05,1719910
C:\Users\v-dhramaraj\Desktop\Python\Projects\Assignment2_StockAnalysis\Data-20250430T011355Z-1-001\Data\data\2024-04,LT,3543.45,2024-04-16 05:30:00,3598.15,3529.45,2024-04,3580.05,2291042
C:\Users\v-dhramaraj\Desktop\Python\Projects\Assignment2_StockAnalysis\Data-20250430T011355Z-1-001\Data\data\2024-04,LT,3550.95,2024-04-18 05:30:00,3617.65,3539.7,2024-04,3561.95,3273257
C:\Users\v-dhramaraj\Desktop\Python\Projects\Assignment2_StockAnalysis\Data-20250430T011355Z-1-001\Data\data\2024-04,LT,3518.35,2024-04-19 05:30:00,3542.9,3472.4,2024-04,3525.0,2759031
C:\Users\v-dhramaraj\Desktop\Python\Projects\Assignment2_StockAnalysis\Data-20250430T011355Z-1-001\Data\data\2024-04,LT,3612.7,2024-04-22 05:30:00,3620.0,3540.95,2024-04,3568.75,2605754
C:\Users\v-dhramaraj\Desktop\Python\Projects\Assignment2_StockAnalysis\Data-20250430T011355Z-1-001\Data\data\2024-04,LT,3610.15,2024-04-23 05:30:00,3632.75,3588.0,2024-04,3632.75,1434580
C:\Users\v-dhramaraj\Desktop\Python\Projects\Assignment2_StockAnalysis\Data-20250430T011355Z-1-001\Data\data\2024-04,LT,3634.85,2024-04-24 05:30:00,3654.95,3601.1,2024-04,3616.55,1501234
C:\Users\v-dhramaraj\Desktop\Python\Projects\Assignment2_StockAnalysis\Data-20250430T011355Z-1-001\Data\data\2024-04,LT,3652.3,2024-04-25 05:30:00,3666.0,3611.6,2024-04,3616.1,2420380
C:\Users\v-dhramaraj\Desktop\Python\Projects\Assignment2_StockAnalysis\Data-20250430T011355Z-1-001\Data\data\2024-04,LT,3605.2,2024-04-26 05:30:00,3660.9,3585.0,2024-04,3652.0,1973113
C:\Users\v-dhramaraj\Desktop\Python\Projects\Assignment2_StockAnalysis\Data-20250430T011355Z-1-001\Data\data\2024-04,LT,3634.3,2024-04-29 05:30:00,3649.9,3605.2,2024-04,3606.1,1396979
C:\Users\v-dhramaraj\Desktop\Python\Projects\Assignment2_StockAnalysis\Data-20250430T011355Z-1-001\Data\data\2024-04,LT,3594.3,2024-04-30 05:30:00,3648.95,3584.05,2024-04,3639.0,1571996
C:\Users\v-dhramaraj\Desktop\Python\Projects\Assignment2_StockAnalysis\Data-20250430T011355Z-1-001\Data\data\2024-05,LT,3599.5,2024-05-02 05:30:00,3634.15,3576.05,2024-05,3590.05,3748847
C:\Users\v-dhramaraj\Desktop\Python\Projects\Assignment2_StockAnalysis\Data-20250430T011355Z-1-001\Data\data\2024-05,LT,3499.8,2024-05-03 05:30:00,3622.0,3488.45,2024-05,3610.0,4079696
C:\Users\v-dhramaraj\Desktop\Python\Projects\Assignment2_StockAnalysis\Data-20250430T011355Z-1-001\Data\data\2024-05,LT,3463.3,2024-05-06 05:30:00,3527.0,3441.1,2024-05,3522.8,2614667
C:\Users\v-dhramaraj\Desktop\Python\Projects\Assignment2_StockAnalysis\Data-20250430T011355Z-1-001\Data\data\2024-05,LT,3427.75,2024-05-07 05:30:00,3496.0,3425.0,2024-05,3479.4,3376013
C:\Users\v-dhramaraj\Desktop\Python\Projects\Assignment2_StockAnalysis\Data-20250430T011355Z-1-001\Data\data\2024-05,LT,3486.85,2024-05-08 05:30:00,3497.4,3367.8,2024-05,3429.0,4116670
C:\Users\v-dhramaraj\Desktop\Python\Projects\Assignment2_StockAnalysis\Data-20250430T011355Z-1-001\Data\data\2024-05,LT,3275.45,2024-05-09 05:30:00,3377.0,3266.65,2024-05,3312.75,12120574
C:\Users\v-dhramaraj\Desktop\Python\Projects\Assignment2_StockAnalysis\Data-20250430T011355Z-1-001\Data\data\2024-05,LT,3271.45,2024-05-10 05:30:00,3306.15,3234.6,2024-05,3281.6,4132191
C:\Users\v-dhramaraj\Desktop\Python\Projects\Assignment2_StockAnalysis\Data-20250430T011355Z-1-001\Data\data\2024-05,LT,3293.85,2024-05-13 05:30:00,3315.0,3225.2,2024-05,3267.05,3557067
C:\Users\v-dhramaraj\Desktop\Python\Projects\Assignment2_StockAnalysis\Data-20250430T011355Z-1-001\Data\data\2024-05,LT,3379.45,2024-05-14 05:30:00,3384.9,3293.4,2024-05,3300.0,2870328
C:\Users\v-dhramaraj\Desktop\Python\Projects\Assignment2_StockAnalysis\Data-20250430T011355Z-1-001\Data\data\2024-05,LT,3411.3,2024-05-15 05:30:00,3417.4,3353.15,2024-05,3390.0,2718682
C:\Users\v-dhramaraj\Desktop\Python\Projects\Assignment2_StockAnalysis\Data-20250430T011355Z-1-001\Data\data\2024-05,LT,3460.6,2024-05-16 05:30:00,3468.5,3378.7,2024-05,3428.95,3398714
C:\Users\v-dhramaraj\Desktop\Python\Projects\Assignment2_StockAnalysis\Data-20250430T011355Z-1-001\Data\data\2024-05,LT,3450.75,2024-05-17 05:30:00,3475.95,3412.15,2024-05,3475.95,2676919
C:\Users\v-dhramaraj\Desktop\Python\Projects\Assignment2_StockAnalysis\Data-20250430T011355Z-1-001\Data\data\2024-05,LT,3464.2,2024-05-18 05:30:00,3468.0,3445.8,2024-05,3452.0,141462
C:\Users\v-dhramaraj\Desktop\Python\Projects\Assignment2_StockAnalysis\Data-20250430T011355Z-1-001\Data\data\2024-05,LT,3440.95,2024-05-21 05:30:00,3470.3,3434.0,2024-05,3458.0,2100848
C:\Users\v-dhramaraj\Desktop\Python\Projects\Assignment2_StockAnalysis\Data-20250430T011355Z-1-001\Data\data\2024-05,LT,3460.85,2024-05-22 05:30:00,3472.7,3435.05,2024-05,3450.05,1409992
C:\Users\v-dhramaraj\Desktop\Python\Projects\Assignment2_StockAnalysis\Data-20250430T011355Z-1-001\Data\data\2024-05,LT,3585.4,2024-05-23 05:30:00,3601.65,3455.0,2024-05,3460.9,4525637
C:\Users\v-dhramaraj\Desktop\Python\Projects\Assignment2_StockAnalysis\Data-20250430T011355Z-1-001\Data\data\2024-05,LT,3625.9,2024-05-24 05:30:00,3659.0,3582.3,2024-05,3586.0,2740360
C:\Users\v-dhramaraj\Desktop\Python\Projects\Assignment2_StockAnalysis\Data-20250430T011355Z-1-001\Data\data\2024-05,LT,3652.0,2024-05-27 05:30:00,3695.0,3600.0,2024-05,3644.9,2570708
C:\Users\v-dhramaraj\Desktop\Python\Projects\Assignment2_StockAnalysis\Data-20250430T011355Z-1-001\Data\data\2024-05,LT,3658.2,2024-05-28 05:30:00,3685.25,3646.05,2024-05,3652.0,1440187
C:\Users\v-dhramaraj\Desktop\Python\Projects\Assignment2_StockAnalysis\Data-20250430T011355Z-1-001\Data\data\2024-05,LT,3634.8,2024-05-29 05:30:00,3661.85,3610.35,2024-05,3611.0,1506146
C:\Users\v-dhramaraj\Desktop\Python\Projects\Assignment2_StockAnalysis\Data-20250430T011355Z-1-001\Data\data\2024-05,LT,3634.7,2024-05-30 05:30:00,3643.95,3607.75,2024-05,3626.05,2701849
C:\Users\v-dhramaraj\Desktop\Python\Projects\Assignment2_StockAnalysis\Data-20250430T011355Z-1-001\Data\data\2024-05,LT,3669.3,2024-05-31 05:30:00,3744.8,3636.4,2024-05,3636.4,6432341
C:\Users\v-dhramaraj\Desktop\Python\Projects\Assignment2_StockAnalysis\Data-20250430T011355Z-1-001\Data\data\2024-06,LT,3897.15,2024-06-03 05:30:00,3919.9,3801.1,2024-06,3855.4,5767666
C:\Users\v-dhramaraj\Desktop\Python\Projects\Assignment2_StockAnalysis\Data-20250430T011355Z-1-001\Data\data\2024-06,LT,3403.2,2024-06-04 05:30:00,3898.0,3320.0,2024-06,3852.0,9920882
C:\Users\v-dhramaraj\Desktop\Python\Projects\Assignment2_StockAnalysis\Data-20250430T011355Z-1-001\Data\data\2024-06,LT,3409.0,2024-06-05 05:30:00,3441.5,3175.05,2024-06,3441.5,10372458
C:\Users\v-dhramaraj\Desktop\Python\Projects\Assignment2_StockAnalysis\Data-20250430T011355Z-1-001\Data\data\2024-06,LT,3482.55,2024-06-06 05:30:00,3538.2,3385.3,2024-06,3438.0,8374602
C:\Users\v-dhramaraj\Desktop\Python\Projects\Assignment2_StockAnalysis\Data-20250430T011355Z-1-001\Data\data\2024-06,LT,3532.5,2024-06-07 05:30:00,3548.0,3446.0,2024-06,3465.05,5879660
C:\Users\v-dhramaraj\Desktop\Python\Projects\Assignment2_StockAnalysis\Data-20250430T011355Z-1-001\Data\data\2024-06,LT,3543.75,2024-06-10 05:30:00,3585.0,3521.05,2024-06,3521.05,3151257
C:\Users\v-dhramaraj\Desktop\Python\Projects\Assignment2_StockAnalysis\Data-20250430T011355Z-1-001\Data\data\2024-06,LT,3598.7,2024-06-11 05:30:00,3639.0,3551.2,2024-06,3570.0,2548176
C:\Users\v-dhramaraj\Desktop\Python\Projects\Assignment2_StockAnalysis\Data-20250430T011355Z-1-001\Data\data\2024-06,LT,3630.3,2024-06-12 05:30:00,3648.95,3578.0,2024-06,3615.0,2242274
C:\Users\v-dhramaraj\Desktop\Python\Projects\Assignment2_StockAnalysis\Data-20250430T011355Z-1-001\Data\data\2024-06,LT,3703.65,2024-06-13 05:30:00,3715.9,3635.0,2024-06,3665.5,2965500
C:\Users\v-dhramaraj\Desktop\Python\Projects\Assignment2_StockAnalysis\Data-20250430T011355Z-1-001\Data\data\2024-06,LT,3687.8,2024-06-14 05:30:00,3720.0,3675.0,2024-06,3718.0,1746508
C:\Users\v-dhramaraj\Desktop\Python\Projects\Assignment2_StockAnalysis\Data-20250430T011355Z-1-001\Data\data\2024-06,LT,3689.2,2024-06-18 05:30:00,3710.0,3675.0,2024-06,3708.0,1936792
C:\Users\v-dhramaraj\Desktop\Python\Projects\Assignment2_StockAnalysis\Data-20250430T011355Z-1-001\Data\data\2024-06,LT,3589.95,2024-06-19 05:30:00,3699.0,3575.0,2024-06,3690.0,2936151
C:\Users\v-dhramaraj\Desktop\Python\Projects\Assignment2_StockAnalysis\Data-20250430T011355Z-1-001\Data\data\2024-06,LT,3594.45,2024-06-20 05:30:00,3613.3,3564.6,2024-06,3584.95,2618715
C:\Users\v-dhramaraj\Desktop\Python\Projects\Assignment2_StockAnalysis\Data-20250430T011355Z-1-001\Data\data\2024-06,LT,3535.0,2024-06-21 05:30:00,3610.0,3516.0,2024-06,3604.05,4508508
C:\Users\v-dhramaraj\Desktop\Python\Projects\Assignment2_StockAnalysis\Data-20250430T011355Z-1-001\Data\data\2024-06,LT,3531.6,2024-06-24 05:30:00,3567.0,3505.0,2024-06,3520.35,2330559
C:\Users\v-dhramaraj\Desktop\Python\Projects\Assignment2_StockAnalysis\Data-20250430T011355Z-1-001\Data\data\2024-06,LT,3587.8,2024-06-25 05:30:00,3591.95,3528.0,2024-06,3556.5,2158039
C:\Users\v-dhramaraj\Desktop\Python\Projects\Assignment2_StockAnalysis\Data-20250430T011355Z-1-001\Data\data\2024-06,LT,3602.95,2024-06-26 05:30:00,3624.9,3592.25,2024-06,3601.0,2480187
C:\Users\v-dhramaraj\Desktop\Python\Projects\Assignment2_StockAnalysis\Data-20250430T011355Z-1-001\Data\data\2024-06,LT,3564.4,2024-06-27 05:30:00,3601.3,3550.0,2024-06,3597.45,5519875
C:\Users\v-dhramaraj\Desktop\Python\Projects\Assignment2_StockAnalysis\Data-20250430T011355Z-1-001\Data\data\2024-06,LT,3548.45,2024-06-28 05:30:00,3575.95,3538.1,2024-06,3540.0,3141514
C:\Users\v-dhramaraj\Desktop\Python\Projects\Assignment2_StockAnalysis\Data-20250430T011355Z-1-001\Data\data\2024-07,LT,3526.55,2024-07-01 05:30:00,3541.4,3514.0,2024-07,3535.2,2961120
C:\Users\v-dhramaraj\Desktop\Python\Projects\Assignment2_StockAnalysis\Data-20250430T011355Z-1-001\Data\data\2024-07,LT,3626.5,2024-07-02 05:30:00,3634.0,3535.05,2024-07,3535.05,5087748
C:\Users\v-dhramaraj\Desktop\Python\Projects\Assignment2_StockAnalysis\Data-20250430T011355Z-1-001\Data\data\2024-07,LT,3614.35,2024-07-03 05:30:00,3650.5,3605.0,2024-07,3650.35,1923801
C:\Users\v-dhramaraj\Desktop\Python\Projects\Assignment2_StockAnalysis\Data-20250430T011355Z-1-001\Data\data\2024-07,LT,3573.3,2024-07-04 05:30:00,3644.0,3565.8,2024-07,3616.1,1851947
C:\Users\v-dhramaraj\Desktop\Python\Projects\Assignment2_StockAnalysis\Data-20250430T011355Z-1-001\Data\data\2024-07,LT,3627.15,2024-07-05 05:30:00,3638.0,3568.0,2024-07,3573.3,1635209
C:\Users\v-dhramaraj\Desktop\Python\Projects\Assignment2_StockAnalysis\Data-20250430T011355Z-1-001\Data\data\2024-07,LT,3632.0,2024-07-08 05:30:00,3645.7,3594.0,2024-07,3640.1,1706210
C:\Users\v-dhramaraj\Desktop\Python\Projects\Assignment2_StockAnalysis\Data-20250430T011355Z-1-001\Data\data\2024-07,LT,3666.1,2024-07-09 05:30:00,3685.0,3646.1,2024-07,3650.0,2425176
C:\Users\v-dhramaraj\Desktop\Python\Projects\Assignment2_StockAnalysis\Data-20250430T011355Z-1-001\Data\data\2024-07,LT,3650.05,2024-07-10 05:30:00,3694.0,3601.0,2024-07,3685.05,2231438
C:\Users\v-dhramaraj\Desktop\Python\Projects\Assignment2_StockAnalysis\Data-20250430T011355Z-1-001\Data\data\2024-07,LT,3621.1,2024-07-11 05:30:00,3684.6,3603.0,2024-07,3660.0,2942924
C:\Users\v-dhramaraj\Desktop\Python\Projects\Assignment2_StockAnalysis\Data-20250430T011355Z-1-001\Data\data\2024-07,LT,3649.35,2024-07-12 05:30:00,3667.7,3612.7,2024-07,3630.0,2001185
C:\Users\v-dhramaraj\Desktop\Python\Projects\Assignment2_StockAnalysis\Data-20250430T011355Z-1-001\Data\data\2024-07,LT,3651.6,2024-07-15 05:30:00,3674.0,3637.0,2024-07,3670.0,943302
C:\Users\v-dhramaraj\Desktop\Python\Projects\Assignment2_StockAnalysis\Data-20250430T011355Z-1-001\Data\data\2024-07,LT,3636.55,2024-07-16 05:30:00,3651.6,3621.0,2024-07,3646.1,2220953
C:\Users\v-dhramaraj\Desktop\Python\Projects\Assignment2_StockAnalysis\Data-20250430T011355Z-1-001\Data\data\2024-07,LT,3656.2,2024-07-18 05:30:00,3679.25,3598.65,2024-07,3640.0,3240772
C:\Users\v-dhramaraj\Desktop\Python\Projects\Assignment2_StockAnalysis\Data-20250430T011355Z-1-001\Data\data\2024-07,LT,3618.5,2024-07-19 05:30:00,3658.95,3610.0,2024-07,3651.0,2432533
C:\Users\v-dhramaraj\Desktop\Python\Projects\Assignment2_StockAnalysis\Data-20250430T011355Z-1-001\Data\data\2024-07,LT,3651.45,2024-07-22 05:30:00,3661.85,3567.6,2024-07,3617.9,3639057
C:\Users\v-dhramaraj\Desktop\Python\Projects\Assignment2_StockAnalysis\Data-20250430T011355Z-1-001\Data\data\2024-07,LT,3538.05,2024-07-23 05:30:00,3714.0,3460.0,2024-07,3669.6,6957691
C:\Users\v-dhramaraj\Desktop\Python\Projects\Assignment2_StockAnalysis\Data-20250430T011355Z-1-001\Data\data\2024-07,LT,3519.45,2024-07-24 05:30:00,3557.95,3501.0,2024-07,3549.0,3184060
C:\Users\v-dhramaraj\Desktop\Python\Projects\Assignment2_StockAnalysis\Data-20250430T011355Z-1-001\Data\data\2024-07,LT,3619.15,2024-07-25 05:30:00,3630.9,3532.05,2024-07,3539.0,4691483
C:\Users\v-dhramaraj\Desktop\Python\Projects\Assignment2_StockAnalysis\Data-20250430T011355Z-1-001\Data\data\2024-07,LT,3679.9,2024-07-26 05:30:00,3701.0,3596.1,2024-07,3629.0,2617659
C:\Users\v-dhramaraj\Desktop\Python\Projects\Assignment2_StockAnalysis\Data-20250430T011355Z-1-001\Data\data\2024-07,LT,3774.95,2024-07-29 05:30:00,3790.0,3686.6,2024-07,3701.0,4159919
C:\Users\v-dhramaraj\Desktop\Python\Projects\Assignment2_StockAnalysis\Data-20250430T011355Z-1-001\Data\data\2024-07,LT,3784.65,2024-07-30 05:30:00,3795.0,3738.6,2024-07,3774.85,1979989
C:\Users\v-dhramaraj\Desktop\Python\Projects\Assignment2_StockAnalysis\Data-20250430T011355Z-1-001\Data\data\2024-07,LT,3815.0,2024-07-31 05:30:00,3822.0,3763.1,2024-07,3777.05,2703636
C:\Users\v-dhramaraj\Desktop\Python\Projects\Assignment2_StockAnalysis\Data-20250430T011355Z-1-001\Data\data\2024-08,LT,3779.3,2024-08-01 05:30:00,3838.95,3765.85,2024-08,3810.0,1998663
C:\Users\v-dhramaraj\Desktop\Python\Projects\Assignment2_StockAnalysis\Data-20250430T011355Z-1-001\Data\data\2024-08,LT,3665.7,2024-08-02 05:30:00,3748.9,3657.1,2024-08,3730.35,2512525
C:\Users\v-dhramaraj\Desktop\Python\Projects\Assignment2_StockAnalysis\Data-20250430T011355Z-1-001\Data\data\2024-08,LT,3528.0,2024-08-05 05:30:00,3607.9,3511.5,2024-08,3597.0,2900685
C:\Users\v-dhramaraj\Desktop\Python\Projects\Assignment2_StockAnalysis\Data-20250430T011355Z-1-001\Data\data\2024-08,LT,3576.2,2024-08-06 05:30:00,3634.9,3546.0,2024-08,3548.0,2125532
C:\Users\v-dhramaraj\Desktop\Python\Projects\Assignment2_StockAnalysis\Data-20250430T011355Z-1-001\Data\data\2024-08,LT,3638.25,2024-08-07 05:30:00,3655.75,3610.35,2024-08,3630.0,1613097
C:\Users\v-dhramaraj\Desktop\Python\Projects\Assignment2_StockAnalysis\Data-20250430T011355Z-1-001\Data\data\2024-08,LT,3553.55,2024-08-08 05:30:00,3628.75,3547.45,2024-08,3621.0,2038088
C:\Users\v-dhramaraj\Desktop\Python\Projects\Assignment2_StockAnalysis\Data-20250430T011355Z-1-001\Data\data\2024-08,LT,3592.05,2024-08-09 05:30:00,3605.55,3575.7,2024-08,3600.0,848232
C:\Users\v-dhramaraj\Desktop\Python\Projects\Assignment2_StockAnalysis\Data-20250430T011355Z-1-001\Data\data\2024-08,LT,3571.95,2024-08-12 05:30:00,3611.0,3563.0,2024-08,3579.0,1965035
C:\Users\v-dhramaraj\Desktop\Python\Projects\Assignment2_StockAnalysis\Data-20250430T011355Z-1-001\Data\data\2024-08,LT,3551.8,2024-08-13 05:30:00,3607.0,3545.2,2024-08,3580.0,1316218
C:\Users\v-dhramaraj\Desktop\Python\Projects\Assignment2_StockAnalysis\Data-20250430T011355Z-1-001\Data\data\2024-08,LT,3545.2,2024-08-14 05:30:00,3578.7,3536.5,2024-08,3558.95,1584372
C:\Users\v-dhramaraj\Desktop\Python\Projects\Assignment2_StockAnalysis\Data-20250430T011355Z-1-001\Data\data\2024-08,LT,3568.35,2024-08-16 05:30:00,3580.9,3533.0,2024-08,3578.0,2808865
C:\Users\v-dhramaraj\Desktop\Python\Projects\Assignment2_StockAnalysis\Data-20250430T011355Z-1-001\Data\data\2024-08,LT,3555.05,2024-08-19 05:30:00,3599.9,3547.0,2024-08,3599.85,1898535
C:\Users\v-dhramaraj\Desktop\Python\Projects\Assignment2_StockAnalysis\Data-20250430T011355Z-1-001\Data\data\2024-08,LT,3572.7,2024-08-20 05:30:00,3580.0,3548.0,2024-08,3562.0,1285569
C:\Users\v-dhramaraj\Desktop\Python\Projects\Assignment2_StockAnalysis\Data-20250430T011355Z-1-001\Data\data\2024-08,LT,3596.05,2024-08-21 05:30:00,3615.3,3581.9,2024-08,3590.0,1714248
C:\Users\v-dhramaraj\Desktop\Python\Projects\Assignment2_StockAnalysis\Data-20250430T011355Z-1-001\Data\data\2024-08,LT,3606.5,2024-08-22 05:30:00,3612.15,3583.95,2024-08,3607.05,1734927
C:\Users\v-dhramaraj\Desktop\Python\Projects\Assignment2_StockAnalysis\Data-20250430T011355Z-1-001\Data\data\2024-08,LT,3598.55,2024-08-23 05:30:00,3622.0,3587.05,2024-08,3606.5,1825180
C:\Users\v-dhramaraj\Desktop\Python\Projects\Assignment2_StockAnalysis\Data-20250430T011355Z-1-001\Data\data\2024-08,LT,3641.9,2024-08-26 05:30:00,3648.0,3594.7,2024-08,3611.0,1606911
C:\Users\v-dhramaraj\Desktop\Python\Projects\Assignment2_StockAnalysis\Data-20250430T011355Z-1-001\Data\data\2024-08,LT,3702.7,2024-08-27 05:30:00,3737.0,3636.0,2024-08,3642.65,3315435
C:\Users\v-dhramaraj\Desktop\Python\Projects\Assignment2_StockAnalysis\Data-20250430T011355Z-1-001\Data\data\2024-08,LT,3689.05,2024-08-28 05:30:00,3724.4,3685.0,2024-08,3705.0,1278175
C:\Users\v-dhramaraj\Desktop\Python\Projects\Assignment2_StockAnalysis\Data-20250430T011355Z-1-001\Data\data\2024-08,LT,3683.45,2024-08-29 05:30:00,3710.0,3651.55,2024-08,3690.5,2165489
C:\Users\v-dhramaraj\Desktop\Python\Projects\Assignment2_StockAnalysis\Data-20250430T011355Z-1-001\Data\data\2024-08,LT,3704.65,2024-08-30 05:30:00,3745.0,3666.4,2024-08,3718.35,2592912
C:\Users\v-dhramaraj\Desktop\Python\Projects\Assignment2_StockAnalysis\Data-20250430T011355Z-1-001\Data\data\2024-09,LT,3683.1,2024-09-02 05:30:00,3721.95,3666.35,2024-09,3706.0,1277813
C:\Users\v-dhramaraj\Desktop\Python\Projects\Assignment2_StockAnalysis\Data-20250430T011355Z-1-001\Data\data\2024-09,LT,3690.15,2024-09-03 05:30:00,3713.95,3666.9,2024-09,3693.95,1211993
C:\Users\v-dhramaraj\Desktop\Python\Projects\Assignment2_StockAnalysis\Data-20250430T011355Z-1-001\Data\data\2024-09,LT,3650.8,2024-09-04 05:30:00,3681.0,3631.1,2024-09,3650.0,1930121
C:\Users\v-dhramaraj\Desktop\Python\Projects\Assignment2_StockAnalysis\Data-20250430T011355Z-1-001\Data\data\2024-09,LT,3624.15,2024-09-05 05:30:00,3668.0,3608.4,2024-09,3668.0,2958770
C:\Users\v-dhramaraj\Desktop\Python\Projects\Assignment2_StockAnalysis\Data-20250430T011355Z-1-001\Data\data\2024-09,LT,3574.75,2024-09-06 05:30:00,3623.8,3536.2,2024-09,3615.1,3096557
C:\Users\v-dhramaraj\Desktop\Python\Projects\Assignment2_StockAnalysis\Data-20250430T011355Z-1-001\Data\data\2024-09,LT,3578.3,2024-09-09 05:30:00,3594.0,3553.85,2024-09,3584.0,1454589
C:\Users\v-dhramaraj\Desktop\Python\Projects\Assignment2_StockAnalysis\Data-20250430T011355Z-1-001\Data\data\2024-09,LT,3596.15,2024-09-10 05:30:00,3625.0,3571.0,2024-09,3585.0,1203483
C:\Users\v-dhramaraj\Desktop\Python\Projects\Assignment2_StockAnalysis\Data-20250430T011355Z-1-001\Data\data\2024-09,LT,3536.95,2024-09-11 05:30:00,3603.95,3516.4,2024-09,3595.0,1865165
C:\Users\v-dhramaraj\Desktop\Python\Projects\Assignment2_StockAnalysis\Data-20250430T011355Z-1-001\Data\data\2024-09,LT,3622.0,2024-09-12 05:30:00,3638.05,3534.0,2024-09,3558.0,3751523
C:\Users\v-dhramaraj\Desktop\Python\Projects\Assignment2_StockAnalysis\Data-20250430T011355Z-1-001\Data\data\2024-09,LT,3613.0,2024-09-13 05:30:00,3634.75,3600.05,2024-09,3622.0,1752455
C:\Users\v-dhramaraj\Desktop\Python\Projects\Assignment2_StockAnalysis\Data-20250430T011355Z-1-001\Data\data\2024-09,LT,3662.25,2024-09-16 05:30:00,3670.0,3613.0,2024-09,3619.15,1045964
C:\Users\v-dhramaraj\Desktop\Python\Projects\Assignment2_StockAnalysis\Data-20250430T011355Z-1-001\Data\data\2024-09,LT,3695.2,2024-09-17 05:30:00,3705.0,3659.7,2024-09,3668.0,1289060
C:\Users\v-dhramaraj\Desktop\Python\Projects\Assignment2_StockAnalysis\Data-20250430T011355Z-1-001\Data\data\2024-09,LT,3730.45,2024-09-18 05:30:00,3757.95,3684.2,2024-09,3689.0,2249929
C:\Users\v-dhramaraj\Desktop\Python\Projects\Assignment2_StockAnalysis\Data-20250430T011355Z-1-001\Data\data\2024-09,LT,3683.7,2024-09-19 05:30:00,3750.4,3674.0,2024-09,3750.0,1711564
C:\Users\v-dhramaraj\Desktop\Python\Projects\Assignment2_StockAnalysis\Data-20250430T011355Z-1-001\Data\data\2024-09,LT,3793.9,2024-09-20 05:30:00,3809.9,3680.25,2024-09,3700.0,5401701
C:\Users\v-dhramaraj\Desktop\Python\Projects\Assignment2_StockAnalysis\Data-20250430T011355Z-1-001\Data\data\2024-09,LT,3787.7,2024-09-23 05:30:00,3838.8,3749.0,2024-09,3800.0,1937874
C:\Users\v-dhramaraj\Desktop\Python\Projects\Assignment2_StockAnalysis\Data-20250430T011355Z-1-001\Data\data\2024-09,LT,3791.6,2024-09-24 05:30:00,3831.8,3775.0,2024-09,3787.7,2676546
C:\Users\v-dhramaraj\Desktop\Python\Projects\Assignment2_StockAnalysis\Data-20250430T011355Z-1-001\Data\data\2024-09,LT,3793.85,2024-09-25 05:30:00,3813.2,3778.0,2024-09,3787.55,2113862
C:\Users\v-dhramaraj\Desktop\Python\Projects\Assignment2_StockAnalysis\Data-20250430T011355Z-1-001\Data\data\2024-09,LT,3762.15,2024-09-26 05:30:00,3802.95,3736.4,2024-09,3801.0,2750597
C:\Users\v-dhramaraj\Desktop\Python\Projects\Assignment2_StockAnalysis\Data-20250430T011355Z-1-001\Data\data\2024-09,LT,3705.65,2024-09-27 05:30:00,3738.0,3651.0,2024-09,3738.0,4095425
C:\Users\v-dhramaraj\Desktop\Python\Projects\Assignment2_StockAnalysis\Data-20250430T011355Z-1-001\Data\data\2024-09,LT,3675.55,2024-09-30 05:30:00,3715.65,3665.0,2024-09,3699.0,1837697
C:\Users\v-dhramaraj\Desktop\Python\Projects\Assignment2_StockAnalysis\Data-20250430T011355Z-1-001\Data\data\2024-10,LT,3653.5,2024-10-01 05:30:00,3724.0,3639.35,2024-10,3667.0,1674100
C:\Users\v-dhramaraj\Desktop\Python\Projects\Assignment2_StockAnalysis\Data-20250430T011355Z-1-001\Data\data\2024-10,LT,3497.65,2024-10-03 05:30:00,3617.0,3485.4,2024-10,3582.5,5315877
C:\Users\v-dhramaraj\Desktop\Python\Projects\Assignment2_StockAnalysis\Data-20250430T011355Z-1-001\Data\data\2024-10,LT,3493.95,2024-10-04 05:30:00,3553.55,3468.5,2024-10,3515.0,3445879
C:\Users\v-dhramaraj\Desktop\Python\Projects\Assignment2_StockAnalysis\Data-20250430T011355Z-1-001\Data\data\2024-10,LT,3468.35,2024-10-07 05:30:00,3512.95,3429.0,2024-10,3505.0,2304227
C:\Users\v-dhramaraj\Desktop\Python\Projects\Assignment2_StockAnalysis\Data-20250430T011355Z-1-001\Data\data\2024-10,LT,3532.4,2024-10-08 05:30:00,3538.5,3469.0,2024-10,3492.95,2249452
C:\Users\v-dhramaraj\Desktop\Python\Projects\Assignment2_StockAnalysis\Data-20250430T011355Z-1-001\Data\data\2024-10,LT,3487.1,2024-10-09 05:30:00,3557.7,3481.0,2024-10,3542.05,1645791
C:\Users\v-dhramaraj\Desktop\Python\Projects\Assignment2_StockAnalysis\Data-20250430T011355Z-1-001\Data\data\2024-10,LT,3460.35,2024-10-10 05:30:00,3554.9,3455.5,2024-10,3515.0,2686116
C:\Users\v-dhramaraj\Desktop\Python\Projects\Assignment2_StockAnalysis\Data-20250430T011355Z-1-001\Data\data\2024-10,LT,3482.55,2024-10-11 05:30:00,3497.1,3447.0,2024-10,3469.4,1280465
C:\Users\v-dhramaraj\Desktop\Python\Projects\Assignment2_StockAnalysis\Data-20250430T011355Z-1-001\Data\data\2024-10,LT,3555.05,2024-10-14 05:30:00,3573.85,3501.3,2024-10,3510.0,1974378
C:\Users\v-dhramaraj\Desktop\Python\Projects\Assignment2_StockAnalysis\Data-20250430T011355Z-1-001\Data\data\2024-10,LT,3551.9,2024-10-15 05:30:00,3570.0,3520.15,2024-10,3570.0,1231552
C:\Users\v-dhramaraj\Desktop\Python\Projects\Assignment2_StockAnalysis\Data-20250430T011355Z-1-001\Data\data\2024-10,LT,3532.6,2024-10-16 05:30:00,3581.9,3513.55,2024-10,3550.0,1961835
C:\Users\v-dhramaraj\Desktop\Python\Projects\Assignment2_StockAnalysis\Data-20250430T011355Z-1-001\Data\data\2024-10,LT,3570.3,2024-10-17 05:30:00,3583.0,3521.8,2024-10,3549.9,2968537
C:\Users\v-dhramaraj\Desktop\Python\Projects\Assignment2_StockAnalysis\Data-20250430T011355Z-1-001\Data\data\2024-10,LT,3577.8,2024-10-18 05:30:00,3592.45,3540.25,2024-10,3569.95,2102609
C:\Users\v-dhramaraj\Desktop\Python\Projects\Assignment2_StockAnalysis\Data-20250430T011355Z-1-001\Data\data\2024-10,LT,3585.6,2024-10-21 05:30:00,3621.95,3571.3,2024-10,3580.0,1750549
C:\Users\v-dhramaraj\Desktop\Python\Projects\Assignment2_StockAnalysis\Data-20250430T011355Z-1-001\Data\data\2024-10,LT,3511.9,2024-10-22 05:30:00,3591.65,3500.0,2024-10,3585.0,1363574
C:\Users\v-dhramaraj\Desktop\Python\Projects\Assignment2_StockAnalysis\Data-20250430T011355Z-1-001\Data\data\2024-10,LT,3455.4,2024-10-23 05:30:00,3513.95,3443.0,2024-10,3501.05,2125268
C:\Users\v-dhramaraj\Desktop\Python\Projects\Assignment2_StockAnalysis\Data-20250430T011355Z-1-001\Data\data\2024-10,LT,3442.65,2024-10-24 05:30:00,3474.6,3416.75,2024-10,3444.0,1924421
C:\Users\v-dhramaraj\Desktop\Python\Projects\Assignment2_StockAnalysis\Data-20250430T011355Z-1-001\Data\data\2024-10,LT,3326.4,2024-10-25 05:30:00,3435.0,3315.05,2024-10,3425.0,3236774
C:\Users\v-dhramaraj\Desktop\Python\Projects\Assignment2_StockAnalysis\Data-20250430T011355Z-1-001\Data\data\2024-10,LT,3340.8,2024-10-28 05:30:00,3373.0,3262.55,2024-10,3316.0,2991674
C:\Users\v-dhramaraj\Desktop\Python\Projects\Assignment2_StockAnalysis\Data-20250430T011355Z-1-001\Data\data\2024-10,LT,3380.9,2024-10-29 05:30:00,3384.4,3316.0,2024-10,3316.0,2253467
C:\Users\v-dhramaraj\Desktop\Python\Projects\Assignment2_StockAnalysis\Data-20250430T011355Z-1-001\Data\data\2024-10,LT,3408.35,2024-10-30 05:30:00,3438.4,3353.0,2024-10,3379.95,1785128
C:\Users\v-dhramaraj\Desktop\Python\Projects\Assignment2_StockAnalysis\Data-20250430T011355Z-1-001\Data\data\2024-10,LT,3622.3,2024-10-31 05:30:00,3654.95,3508.35,2024-10,3530.0,7637083
C:\Users\v-dhramaraj\Desktop\Python\Projects\Assignment2_StockAnalysis\Data-20250430T011355Z-1-001\Data\data\2024-11,LT,3626.35,2024-11-01 05:30:00,3641.9,3620.0,2024-11,3624.95,212796
C:\Users\v-dhramaraj\Desktop\Python\Projects\Assignment2_StockAnalysis\Data-20250430T011355Z-1-001\Data\data\2024-11,LT,3574.45,2024-11-04 05:30:00,3624.95,3530.9,2024-11,3624.95,1724189
C:\Users\v-dhramaraj\Desktop\Python\Projects\Assignment2_StockAnalysis\Data-20250430T011355Z-1-001\Data\data\2024-11,LT,3574.8,2024-11-05 05:30:00,3585.0,3541.9,2024-11,3556.0,1251506
C:\Users\v-dhramaraj\Desktop\Python\Projects\Assignment2_StockAnalysis\Data-20250430T011355Z-1-001\Data\data\2024-11,LT,3645.45,2024-11-06 05:30:00,3659.9,3557.4,2024-11,3594.0,1819732
C:\Users\v-dhramaraj\Desktop\Python\Projects\Assignment2_StockAnalysis\Data-20250430T011355Z-1-001\Data\data\2024-11,LT,3646.55,2024-11-07 05:30:00,3663.0,3620.0,2024-11,3647.35,1581009
C:\Users\v-dhramaraj\Desktop\Python\Projects\Assignment2_StockAnalysis\Data-20250430T011355Z-1-001\Data\data\2024-11,LT,3660.3,2024-11-08 05:30:00,3667.0,3620.65,2024-11,3640.4,1622142
C:\Users\v-dhramaraj\Desktop\Python\Projects\Assignment2_StockAnalysis\Data-20250430T011355Z-1-001\Data\data\2024-11,LT,3628.85,2024-11-11 05:30:00,3661.0,3606.0,2024-11,3646.0,926127
C:\Users\v-dhramaraj\Desktop\Python\Projects\Assignment2_StockAnalysis\Data-20250430T011355Z-1-001\Data\data\2024-11,LT,3591.35,2024-11-12 05:30:00,3651.0,3580.0,2024-11,3650.0,1116206
C:\Users\v-dhramaraj\Desktop\Python\Projects\Assignment2_StockAnalysis\Data-20250430T011355Z-1-001\Data\data\2024-11,LT,3547.95,2024-11-13 05:30:00,3604.85,3535.65,2024-11,3585.0,1568694
C:\Users\v-dhramaraj\Desktop\Python\Projects\Assignment2_StockAnalysis\Data-20250430T011355Z-1-001\Data\data\2024-11,LT,3526.25,2024-11-14 05:30:00,3565.75,3500.15,2024-11,3558.0,1291765
C:\Users\v-dhramaraj\Desktop\Python\Projects\Assignment2_StockAnalysis\Data-20250430T011355Z-1-001\Data\data\2024-11,LT,3542.15,2024-11-18 05:30:00,3568.3,3510.85,2024-11,3521.1,1233217
C:\Users\v-dhramaraj\Desktop\Python\Projects\Assignment2_StockAnalysis\Data-20250430T011355Z-1-001\Data\data\2024-11,LT,3505.9,2024-11-19 05:30:00,3607.0,3495.0,2024-11,3559.9,1826460
C:\Users\v-dhramaraj\Desktop\Python\Projects\Assignment2_StockAnalysis\Data-20250430T011355Z-1-001\Data\data\2024-11,LT,3483.5,2024-11-21 05:30:00,3530.55,3452.45,2024-11,3530.0,1510581
C:\Users\v-dhramaraj\Desktop\Python\Projects\Assignment2_StockAnalysis\Data-20250430T011355Z-1-001\Data\data\2024-11,LT,3603.5,2024-11-22 05:30:00,3613.5,3473.1,2024-11,3500.0,2534018
