Source Folder,Ticker,close,date,high,low,month,open,volume
C:\Users\v-dhramaraj\Desktop\Python\Projects\Assignment2_StockAnalysis\Data-20250430T011355Z-1-001\Data\data\2023-10,NESTLEIND,2231.52,2023-10-03 05:30:00,2259.47,2225.52,2023-10,2250.69,500130
C:\Users\v-dhramaraj\Desktop\Python\Projects\Assignment2_StockAnalysis\Data-20250430T011355Z-1-001\Data\data\2023-10,NESTLEIND,2298.62,2023-10-04 05:30:00,2335.88,2255.1,2023-10,2280.51,2134880
C:\Users\v-dhramaraj\Desktop\Python\Projects\Assignment2_StockAnalysis\Data-20250430T011355Z-1-001\Data\data\2023-10,NESTLEIND,2291.87,2023-10-05 05:30:00,2310.72,2277.5,2023-10,2300.5,680000
C:\Users\v-dhramaraj\Desktop\Python\Projects\Assignment2_StockAnalysis\Data-20250430T011355Z-1-001\Data\data\2023-10,NESTLEIND,2291.23,2023-10-06 05:30:00,2306.76,2281.49,2023-10,2298.99,388120
C:\Users\v-dhramaraj\Desktop\Python\Projects\Assignment2_StockAnalysis\Data-20250430T011355Z-1-001\Data\data\2023-10,NESTLEIND,2288.19,2023-10-09 05:30:00,2298.08,2280.0,2023-10,2281.21,237550
C:\Users\v-dhramaraj\Desktop\Python\Projects\Assignment2_StockAnalysis\Data-20250430T011355Z-1-001\Data\data\2023-10,NESTLEIND,2296.81,2023-10-10 05:30:00,2301.7,2282.53,2023-10,2296.0,396630
C:\Users\v-dhramaraj\Desktop\Python\Projects\Assignment2_StockAnalysis\Data-20250430T011355Z-1-001\Data\data\2023-10,NESTLEIND,2320.21,2023-10-11 05:30:00,2327.39,2293.0,2023-10,2296.81,673380
C:\Users\v-dhramaraj\Desktop\Python\Projects\Assignment2_StockAnalysis\Data-20250430T011355Z-1-001\Data\data\2023-10,NESTLEIND,2307.52,2023-10-12 05:30:00,2330.0,2296.21,2023-10,2322.3,542220
C:\Users\v-dhramaraj\Desktop\Python\Projects\Assignment2_StockAnalysis\Data-20250430T011355Z-1-001\Data\data\2023-10,NESTLEIND,2355.44,2023-10-13 05:30:00,2359.98,2295.54,2023-10,2307.51,907910
C:\Users\v-dhramaraj\Desktop\Python\Projects\Assignment2_StockAnalysis\Data-20250430T011355Z-1-001\Data\data\2023-10,NESTLEIND,2310.85,2023-10-16 05:30:00,2355.0,2297.51,2023-10,2355.0,866080
C:\Users\v-dhramaraj\Desktop\Python\Projects\Assignment2_StockAnalysis\Data-20250430T011355Z-1-001\Data\data\2023-10,NESTLEIND,2332.53,2023-10-17 05:30:00,2336.22,2313.0,2023-10,2313.0,381660
C:\Users\v-dhramaraj\Desktop\Python\Projects\Assignment2_StockAnalysis\Data-20250430T011355Z-1-001\Data\data\2023-10,NESTLEIND,2326.29,2023-10-18 05:30:00,2344.72,2320.0,2023-10,2332.53,356710
C:\Users\v-dhramaraj\Desktop\Python\Projects\Assignment2_StockAnalysis\Data-20250430T011355Z-1-001\Data\data\2023-10,NESTLEIND,2413.23,2023-10-19 05:30:00,2422.7,2310.05,2023-10,2325.69,2924120
C:\Users\v-dhramaraj\Desktop\Python\Projects\Assignment2_StockAnalysis\Data-20250430T011355Z-1-001\Data\data\2023-10,NESTLEIND,2427.97,2023-10-20 05:30:00,2474.5,2400.18,2023-10,2409.99,2079340
C:\Users\v-dhramaraj\Desktop\Python\Projects\Assignment2_StockAnalysis\Data-20250430T011355Z-1-001\Data\data\2023-10,NESTLEIND,2419.77,2023-10-23 05:30:00,2467.49,2412.83,2023-10,2430.0,792300
C:\Users\v-dhramaraj\Desktop\Python\Projects\Assignment2_StockAnalysis\Data-20250430T011355Z-1-001\Data\data\2023-10,NESTLEIND,2426.27,2023-10-25 05:30:00,2452.97,2415.31,2023-10,2428.0,1113500
C:\Users\v-dhramaraj\Desktop\Python\Projects\Assignment2_StockAnalysis\Data-20250430T011355Z-1-001\Data\data\2023-10,NESTLEIND,2354.56,2023-10-26 05:30:00,2426.06,2342.1,2023-10,2426.0,1269400
C:\Users\v-dhramaraj\Desktop\Python\Projects\Assignment2_StockAnalysis\Data-20250430T011355Z-1-001\Data\data\2023-10,NESTLEIND,2405.69,2023-10-27 05:30:00,2422.8,2344.03,2023-10,2355.05,1304370
C:\Users\v-dhramaraj\Desktop\Python\Projects\Assignment2_StockAnalysis\Data-20250430T011355Z-1-001\Data\data\2023-10,NESTLEIND,2417.17,2023-10-30 05:30:00,2425.0,2386.51,2023-10,2410.0,726140
C:\Users\v-dhramaraj\Desktop\Python\Projects\Assignment2_StockAnalysis\Data-20250430T011355Z-1-001\Data\data\2023-10,NESTLEIND,2423.48,2023-10-31 05:30:00,2433.0,2412.21,2023-10,2430.0,516390
C:\Users\v-dhramaraj\Desktop\Python\Projects\Assignment2_StockAnalysis\Data-20250430T011355Z-1-001\Data\data\2023-11,NESTLEIND,2387.27,2023-11-01 05:30:00,2420.01,2378.0,2023-11,2420.0,636900
C:\Users\v-dhramaraj\Desktop\Python\Projects\Assignment2_StockAnalysis\Data-20250430T011355Z-1-001\Data\data\2023-11,NESTLEIND,2411.18,2023-11-02 05:30:00,2414.98,2377.31,2023-11,2399.02,1070680
C:\Users\v-dhramaraj\Desktop\Python\Projects\Assignment2_StockAnalysis\Data-20250430T011355Z-1-001\Data\data\2023-11,NESTLEIND,2399.91,2023-11-03 05:30:00,2420.0,2397.69,2023-11,2414.29,477140
C:\Users\v-dhramaraj\Desktop\Python\Projects\Assignment2_StockAnalysis\Data-20250430T011355Z-1-001\Data\data\2023-11,NESTLEIND,2428.96,2023-11-06 05:30:00,2439.05,2405.87,2023-11,2415.01,742760
C:\Users\v-dhramaraj\Desktop\Python\Projects\Assignment2_StockAnalysis\Data-20250430T011355Z-1-001\Data\data\2023-11,NESTLEIND,2436.95,2023-11-07 05:30:00,2448.0,2412.01,2023-11,2428.7,529650
C:\Users\v-dhramaraj\Desktop\Python\Projects\Assignment2_StockAnalysis\Data-20250430T011355Z-1-001\Data\data\2023-11,NESTLEIND,2428.16,2023-11-08 05:30:00,2441.27,2422.01,2023-11,2436.91,363050
C:\Users\v-dhramaraj\Desktop\Python\Projects\Assignment2_StockAnalysis\Data-20250430T011355Z-1-001\Data\data\2023-11,NESTLEIND,2422.68,2023-11-09 05:30:00,2441.5,2419.23,2023-11,2435.0,422230
C:\Users\v-dhramaraj\Desktop\Python\Projects\Assignment2_StockAnalysis\Data-20250430T011355Z-1-001\Data\data\2023-11,NESTLEIND,2413.72,2023-11-10 05:30:00,2424.95,2405.56,2023-11,2422.68,283170
C:\Users\v-dhramaraj\Desktop\Python\Projects\Assignment2_StockAnalysis\Data-20250430T011355Z-1-001\Data\data\2023-11,NESTLEIND,2428.33,2023-11-12 05:30:00,2434.8,2414.1,2023-11,2434.0,63580
C:\Users\v-dhramaraj\Desktop\Python\Projects\Assignment2_StockAnalysis\Data-20250430T011355Z-1-001\Data\data\2023-11,NESTLEIND,2408.58,2023-11-13 05:30:00,2429.8,2403.2,2023-11,2429.8,285280
C:\Users\v-dhramaraj\Desktop\Python\Projects\Assignment2_StockAnalysis\Data-20250430T011355Z-1-001\Data\data\2023-11,NESTLEIND,2417.41,2023-11-15 05:30:00,2424.9,2400.8,2023-11,2424.5,766970
C:\Users\v-dhramaraj\Desktop\Python\Projects\Assignment2_StockAnalysis\Data-20250430T011355Z-1-001\Data\data\2023-11,NESTLEIND,2408.29,2023-11-16 05:30:00,2427.25,2404.6,2023-11,2419.51,694180
C:\Users\v-dhramaraj\Desktop\Python\Projects\Assignment2_StockAnalysis\Data-20250430T011355Z-1-001\Data\data\2023-11,NESTLEIND,2437.31,2023-11-17 05:30:00,2448.49,2406.46,2023-11,2410.0,700510
C:\Users\v-dhramaraj\Desktop\Python\Projects\Assignment2_StockAnalysis\Data-20250430T011355Z-1-001\Data\data\2023-11,NESTLEIND,2430.26,2023-11-20 05:30:00,2440.38,2416.6,2023-11,2437.51,541150
C:\Users\v-dhramaraj\Desktop\Python\Projects\Assignment2_StockAnalysis\Data-20250430T011355Z-1-001\Data\data\2023-11,NESTLEIND,2437.34,2023-11-21 05:30:00,2441.98,2418.02,2023-11,2430.5,453290
C:\Users\v-dhramaraj\Desktop\Python\Projects\Assignment2_StockAnalysis\Data-20250430T011355Z-1-001\Data\data\2023-11,NESTLEIND,2435.08,2023-11-22 05:30:00,2452.0,2426.0,2023-11,2437.01,368210
C:\Users\v-dhramaraj\Desktop\Python\Projects\Assignment2_StockAnalysis\Data-20250430T011355Z-1-001\Data\data\2023-11,NESTLEIND,2439.33,2023-11-23 05:30:00,2458.99,2435.11,2023-11,2441.41,368140
C:\Users\v-dhramaraj\Desktop\Python\Projects\Assignment2_StockAnalysis\Data-20250430T011355Z-1-001\Data\data\2023-11,NESTLEIND,2413.9,2023-11-24 05:30:00,2447.28,2410.81,2023-11,2445.0,404120
C:\Users\v-dhramaraj\Desktop\Python\Projects\Assignment2_StockAnalysis\Data-20250430T011355Z-1-001\Data\data\2023-11,NESTLEIND,2421.86,2023-11-28 05:30:00,2426.0,2388.31,2023-11,2413.8,876970
C:\Users\v-dhramaraj\Desktop\Python\Projects\Assignment2_StockAnalysis\Data-20250430T011355Z-1-001\Data\data\2023-11,NESTLEIND,2406.75,2023-11-29 05:30:00,2433.5,2401.1,2023-11,2422.1,627150
C:\Users\v-dhramaraj\Desktop\Python\Projects\Assignment2_StockAnalysis\Data-20250430T011355Z-1-001\Data\data\2023-11,NESTLEIND,2423.61,2023-11-30 05:30:00,2434.02,2396.53,2023-11,2408.0,1472030
C:\Users\v-dhramaraj\Desktop\Python\Projects\Assignment2_StockAnalysis\Data-20250430T011355Z-1-001\Data\data\2023-12,NESTLEIND,2433.86,2023-12-01 05:30:00,2436.5,2415.64,2023-12,2433.99,636500
C:\Users\v-dhramaraj\Desktop\Python\Projects\Assignment2_StockAnalysis\Data-20250430T011355Z-1-001\Data\data\2023-12,NESTLEIND,2440.28,2023-12-04 05:30:00,2453.5,2413.86,2023-12,2438.9,993920
C:\Users\v-dhramaraj\Desktop\Python\Projects\Assignment2_StockAnalysis\Data-20250430T011355Z-1-001\Data\data\2023-12,NESTLEIND,2460.89,2023-12-05 05:30:00,2467.39,2440.28,2023-12,2445.1,671870
C:\Users\v-dhramaraj\Desktop\Python\Projects\Assignment2_StockAnalysis\Data-20250430T011355Z-1-001\Data\data\2023-12,NESTLEIND,2496.85,2023-12-06 05:30:00,2509.69,2470.2,2023-12,2472.88,796080
C:\Users\v-dhramaraj\Desktop\Python\Projects\Assignment2_StockAnalysis\Data-20250430T011355Z-1-001\Data\data\2023-12,NESTLEIND,2497.52,2023-12-07 05:30:00,2517.01,2481.33,2023-12,2496.85,600850
C:\Users\v-dhramaraj\Desktop\Python\Projects\Assignment2_StockAnalysis\Data-20250430T011355Z-1-001\Data\data\2023-12,NESTLEIND,2478.96,2023-12-08 05:30:00,2517.57,2475.64,2023-12,2499.5,700760
C:\Users\v-dhramaraj\Desktop\Python\Projects\Assignment2_StockAnalysis\Data-20250430T011355Z-1-001\Data\data\2023-12,NESTLEIND,2504.34,2023-12-11 05:30:00,2512.0,2463.9,2023-12,2488.0,539370
C:\Users\v-dhramaraj\Desktop\Python\Projects\Assignment2_StockAnalysis\Data-20250430T011355Z-1-001\Data\data\2023-12,NESTLEIND,2494.72,2023-12-12 05:30:00,2524.07,2480.23,2023-12,2504.34,641230
C:\Users\v-dhramaraj\Desktop\Python\Projects\Assignment2_StockAnalysis\Data-20250430T011355Z-1-001\Data\data\2023-12,NESTLEIND,2504.44,2023-12-13 05:30:00,2508.0,2482.5,2023-12,2495.84,445720
C:\Users\v-dhramaraj\Desktop\Python\Projects\Assignment2_StockAnalysis\Data-20250430T011355Z-1-001\Data\data\2023-12,NESTLEIND,2479.33,2023-12-14 05:30:00,2514.4,2475.01,2023-12,2514.4,1047260
C:\Users\v-dhramaraj\Desktop\Python\Projects\Assignment2_StockAnalysis\Data-20250430T011355Z-1-001\Data\data\2023-12,NESTLEIND,2436.64,2023-12-15 05:30:00,2495.22,2422.0,2023-12,2485.01,1595410
C:\Users\v-dhramaraj\Desktop\Python\Projects\Assignment2_StockAnalysis\Data-20250430T011355Z-1-001\Data\data\2023-12,NESTLEIND,2435.43,2023-12-18 05:30:00,2458.06,2429.9,2023-12,2445.0,663240
C:\Users\v-dhramaraj\Desktop\Python\Projects\Assignment2_StockAnalysis\Data-20250430T011355Z-1-001\Data\data\2023-12,NESTLEIND,2548.97,2023-12-19 05:30:00,2570.5,2451.09,2023-12,2456.98,3528660
C:\Users\v-dhramaraj\Desktop\Python\Projects\Assignment2_StockAnalysis\Data-20250430T011355Z-1-001\Data\data\2023-12,NESTLEIND,2509.77,2023-12-20 05:30:00,2577.84,2505.52,2023-12,2569.4,1444880
C:\Users\v-dhramaraj\Desktop\Python\Projects\Assignment2_StockAnalysis\Data-20250430T011355Z-1-001\Data\data\2023-12,NESTLEIND,2511.58,2023-12-21 05:30:00,2524.8,2490.77,2023-12,2509.77,1106380
C:\Users\v-dhramaraj\Desktop\Python\Projects\Assignment2_StockAnalysis\Data-20250430T011355Z-1-001\Data\data\2023-12,NESTLEIND,2536.84,2023-12-22 05:30:00,2540.99,2510.0,2023-12,2524.0,888280
C:\Users\v-dhramaraj\Desktop\Python\Projects\Assignment2_StockAnalysis\Data-20250430T011355Z-1-001\Data\data\2023-12,NESTLEIND,2556.21,2023-12-26 05:30:00,2560.0,2536.5,2023-12,2548.6,617850
C:\Users\v-dhramaraj\Desktop\Python\Projects\Assignment2_StockAnalysis\Data-20250430T011355Z-1-001\Data\data\2023-12,NESTLEIND,2572.04,2023-12-27 05:30:00,2576.79,2558.05,2023-12,2560.0,714160
C:\Users\v-dhramaraj\Desktop\Python\Projects\Assignment2_StockAnalysis\Data-20250430T011355Z-1-001\Data\data\2023-12,NESTLEIND,2624.99,2023-12-28 05:30:00,2637.4,2577.52,2023-12,2586.98,1577720
C:\Users\v-dhramaraj\Desktop\Python\Projects\Assignment2_StockAnalysis\Data-20250430T011355Z-1-001\Data\data\2023-12,NESTLEIND,2658.03,2023-12-29 05:30:00,2665.0,2614.56,2023-12,2625.0,1034080
C:\Users\v-dhramaraj\Desktop\Python\Projects\Assignment2_StockAnalysis\Data-20250430T011355Z-1-001\Data\data\2024-01,NESTLEIND,2737.24,2024-01-01 05:30:00,2744.52,2664.0,2024-01,2665.0,1316100
C:\Users\v-dhramaraj\Desktop\Python\Projects\Assignment2_StockAnalysis\Data-20250430T011355Z-1-001\Data\data\2024-01,NESTLEIND,2722.31,2024-01-02 05:30:00,2769.3,2702.41,2024-01,2750.0,1415770
C:\Users\v-dhramaraj\Desktop\Python\Projects\Assignment2_StockAnalysis\Data-20250430T011355Z-1-001\Data\data\2024-01,NESTLEIND,2663.52,2024-01-03 05:30:00,2741.73,2657.3,2024-01,2734.5,1013460
C:\Users\v-dhramaraj\Desktop\Python\Projects\Assignment2_StockAnalysis\Data-20250430T011355Z-1-001\Data\data\2024-01,NESTLEIND,2711.64,2024-01-04 05:30:00,2715.01,2665.21,2024-01,2685.1,1323900
C:\Users\v-dhramaraj\Desktop\Python\Projects\Assignment2_StockAnalysis\Data-20250430T011355Z-1-001\Data\data\2024-01,NESTLEIND,2666.4,2024-01-05 05:30:00,2754.0,2642.45,2024-01,2754.0,2577064
C:\Users\v-dhramaraj\Desktop\Python\Projects\Assignment2_StockAnalysis\Data-20250430T011355Z-1-001\Data\data\2024-01,NESTLEIND,2619.3,2024-01-08 05:30:00,2689.0,2611.0,2024-01,2683.0,1032378
C:\Users\v-dhramaraj\Desktop\Python\Projects\Assignment2_StockAnalysis\Data-20250430T011355Z-1-001\Data\data\2024-01,NESTLEIND,2592.6,2024-01-09 05:30:00,2640.3,2586.95,2024-01,2640.0,813027
C:\Users\v-dhramaraj\Desktop\Python\Projects\Assignment2_StockAnalysis\Data-20250430T011355Z-1-001\Data\data\2024-01,NESTLEIND,2578.1,2024-01-10 05:30:00,2622.4,2570.45,2024-01,2590.0,1026468
C:\Users\v-dhramaraj\Desktop\Python\Projects\Assignment2_StockAnalysis\Data-20250430T011355Z-1-001\Data\data\2024-01,NESTLEIND,2557.2,2024-01-11 05:30:00,2589.95,2550.1,2024-01,2580.0,775667
C:\Users\v-dhramaraj\Desktop\Python\Projects\Assignment2_StockAnalysis\Data-20250430T011355Z-1-001\Data\data\2024-01,NESTLEIND,2549.6,2024-01-12 05:30:00,2559.95,2530.0,2024-01,2557.2,1107055
C:\Users\v-dhramaraj\Desktop\Python\Projects\Assignment2_StockAnalysis\Data-20250430T011355Z-1-001\Data\data\2024-01,NESTLEIND,2547.55,2024-01-15 05:30:00,2576.15,2530.65,2024-01,2564.0,893834
C:\Users\v-dhramaraj\Desktop\Python\Projects\Assignment2_StockAnalysis\Data-20250430T011355Z-1-001\Data\data\2024-01,NESTLEIND,2542.05,2024-01-16 05:30:00,2556.9,2531.35,2024-01,2556.9,693370
C:\Users\v-dhramaraj\Desktop\Python\Projects\Assignment2_StockAnalysis\Data-20250430T011355Z-1-001\Data\data\2024-01,NESTLEIND,2543.1,2024-01-17 05:30:00,2557.15,2525.4,2024-01,2542.05,801619
C:\Users\v-dhramaraj\Desktop\Python\Projects\Assignment2_StockAnalysis\Data-20250430T011355Z-1-001\Data\data\2024-01,NESTLEIND,2502.0,2024-01-18 05:30:00,2550.0,2496.15,2024-01,2535.0,634910
C:\Users\v-dhramaraj\Desktop\Python\Projects\Assignment2_StockAnalysis\Data-20250430T011355Z-1-001\Data\data\2024-01,NESTLEIND,2514.15,2024-01-19 05:30:00,2521.9,2499.7,2024-01,2510.0,941391
C:\Users\v-dhramaraj\Desktop\Python\Projects\Assignment2_StockAnalysis\Data-20250430T011355Z-1-001\Data\data\2024-01,NESTLEIND,2479.95,2024-01-20 05:30:00,2525.0,2470.8,2024-01,2520.0,445592
C:\Users\v-dhramaraj\Desktop\Python\Projects\Assignment2_StockAnalysis\Data-20250430T011355Z-1-001\Data\data\2024-01,NESTLEIND,2462.9,2024-01-23 05:30:00,2498.2,2446.0,2024-01,2480.0,690538
C:\Users\v-dhramaraj\Desktop\Python\Projects\Assignment2_StockAnalysis\Data-20250430T011355Z-1-001\Data\data\2024-01,NESTLEIND,2513.95,2024-01-24 05:30:00,2519.4,2455.0,2024-01,2477.9,659038
C:\Users\v-dhramaraj\Desktop\Python\Projects\Assignment2_StockAnalysis\Data-20250430T011355Z-1-001\Data\data\2024-01,NESTLEIND,2482.15,2024-01-25 05:30:00,2528.0,2467.7,2024-01,2525.05,785773
C:\Users\v-dhramaraj\Desktop\Python\Projects\Assignment2_StockAnalysis\Data-20250430T011355Z-1-001\Data\data\2024-01,NESTLEIND,2498.55,2024-01-29 05:30:00,2505.0,2476.6,2024-01,2482.15,632719
C:\Users\v-dhramaraj\Desktop\Python\Projects\Assignment2_StockAnalysis\Data-20250430T011355Z-1-001\Data\data\2024-01,NESTLEIND,2492.05,2024-01-30 05:30:00,2531.15,2488.0,2024-01,2512.0,668034
C:\Users\v-dhramaraj\Desktop\Python\Projects\Assignment2_StockAnalysis\Data-20250430T011355Z-1-001\Data\data\2024-01,NESTLEIND,2506.0,2024-01-31 05:30:00,2511.75,2481.7,2024-01,2509.0,716094
C:\Users\v-dhramaraj\Desktop\Python\Projects\Assignment2_StockAnalysis\Data-20250430T011355Z-1-001\Data\data\2024-02,NESTLEIND,2467.8,2024-02-01 05:30:00,2510.9,2462.7,2024-02,2510.0,820566
C:\Users\v-dhramaraj\Desktop\Python\Projects\Assignment2_StockAnalysis\Data-20250430T011355Z-1-001\Data\data\2024-02,NESTLEIND,2481.4,2024-02-02 05:30:00,2496.0,2463.05,2024-02,2468.0,754061
C:\Users\v-dhramaraj\Desktop\Python\Projects\Assignment2_StockAnalysis\Data-20250430T011355Z-1-001\Data\data\2024-02,NESTLEIND,2462.7,2024-02-05 05:30:00,2505.0,2456.7,2024-02,2505.0,532977
C:\Users\v-dhramaraj\Desktop\Python\Projects\Assignment2_StockAnalysis\Data-20250430T011355Z-1-001\Data\data\2024-02,NESTLEIND,2456.65,2024-02-06 05:30:00,2477.95,2445.75,2024-02,2462.35,770183
C:\Users\v-dhramaraj\Desktop\Python\Projects\Assignment2_StockAnalysis\Data-20250430T011355Z-1-001\Data\data\2024-02,NESTLEIND,2499.6,2024-02-07 05:30:00,2511.55,2446.7,2024-02,2470.0,1547404
C:\Users\v-dhramaraj\Desktop\Python\Projects\Assignment2_StockAnalysis\Data-20250430T011355Z-1-001\Data\data\2024-02,NESTLEIND,2423.05,2024-02-08 05:30:00,2513.85,2409.1,2024-02,2503.95,1654447
C:\Users\v-dhramaraj\Desktop\Python\Projects\Assignment2_StockAnalysis\Data-20250430T011355Z-1-001\Data\data\2024-02,NESTLEIND,2450.1,2024-02-09 05:30:00,2465.9,2420.05,2024-02,2442.85,838819
C:\Users\v-dhramaraj\Desktop\Python\Projects\Assignment2_StockAnalysis\Data-20250430T011355Z-1-001\Data\data\2024-02,NESTLEIND,2459.05,2024-02-12 05:30:00,2467.95,2439.3,2024-02,2459.75,445269
C:\Users\v-dhramaraj\Desktop\Python\Projects\Assignment2_StockAnalysis\Data-20250430T011355Z-1-001\Data\data\2024-02,NESTLEIND,2457.35,2024-02-13 05:30:00,2476.6,2444.95,2024-02,2474.0,310985
C:\Users\v-dhramaraj\Desktop\Python\Projects\Assignment2_StockAnalysis\Data-20250430T011355Z-1-001\Data\data\2024-02,NESTLEIND,2487.0,2024-02-14 05:30:00,2497.35,2435.05,2024-02,2450.0,509308
C:\Users\v-dhramaraj\Desktop\Python\Projects\Assignment2_StockAnalysis\Data-20250430T011355Z-1-001\Data\data\2024-02,NESTLEIND,2453.55,2024-02-15 05:30:00,2495.0,2438.0,2024-02,2495.0,840476
C:\Users\v-dhramaraj\Desktop\Python\Projects\Assignment2_StockAnalysis\Data-20250430T011355Z-1-001\Data\data\2024-02,NESTLEIND,2487.65,2024-02-16 05:30:00,2490.5,2448.6,2024-02,2457.05,746616
C:\Users\v-dhramaraj\Desktop\Python\Projects\Assignment2_StockAnalysis\Data-20250430T011355Z-1-001\Data\data\2024-02,NESTLEIND,2513.25,2024-02-19 05:30:00,2525.5,2481.4,2024-02,2495.0,477520
C:\Users\v-dhramaraj\Desktop\Python\Projects\Assignment2_StockAnalysis\Data-20250430T011355Z-1-001\Data\data\2024-02,NESTLEIND,2539.4,2024-02-20 05:30:00,2541.8,2497.1,2024-02,2519.0,631444
C:\Users\v-dhramaraj\Desktop\Python\Projects\Assignment2_StockAnalysis\Data-20250430T011355Z-1-001\Data\data\2024-02,NESTLEIND,2543.6,2024-02-21 05:30:00,2551.0,2518.15,2024-02,2539.4,893182
C:\Users\v-dhramaraj\Desktop\Python\Projects\Assignment2_StockAnalysis\Data-20250430T011355Z-1-001\Data\data\2024-02,NESTLEIND,2563.15,2024-02-22 05:30:00,2565.95,2525.0,2024-02,2560.0,752371
C:\Users\v-dhramaraj\Desktop\Python\Projects\Assignment2_StockAnalysis\Data-20250430T011355Z-1-001\Data\data\2024-02,NESTLEIND,2579.0,2024-02-23 05:30:00,2583.0,2551.95,2024-02,2565.0,605619
C:\Users\v-dhramaraj\Desktop\Python\Projects\Assignment2_StockAnalysis\Data-20250430T011355Z-1-001\Data\data\2024-02,NESTLEIND,2583.9,2024-02-26 05:30:00,2588.0,2566.75,2024-02,2588.0,661947
C:\Users\v-dhramaraj\Desktop\Python\Projects\Assignment2_StockAnalysis\Data-20250430T011355Z-1-001\Data\data\2024-02,NESTLEIND,2598.7,2024-02-27 05:30:00,2601.45,2566.75,2024-02,2585.0,630872
C:\Users\v-dhramaraj\Desktop\Python\Projects\Assignment2_StockAnalysis\Data-20250430T011355Z-1-001\Data\data\2024-02,NESTLEIND,2570.9,2024-02-28 05:30:00,2605.0,2560.25,2024-02,2601.0,492787
C:\Users\v-dhramaraj\Desktop\Python\Projects\Assignment2_StockAnalysis\Data-20250430T011355Z-1-001\Data\data\2024-02,NESTLEIND,2596.2,2024-02-29 05:30:00,2606.2,2547.05,2024-02,2571.45,1387288
C:\Users\v-dhramaraj\Desktop\Python\Projects\Assignment2_StockAnalysis\Data-20250430T011355Z-1-001\Data\data\2024-03,NESTLEIND,2601.45,2024-03-01 05:30:00,2616.55,2582.5,2024-03,2596.2,755728
C:\Users\v-dhramaraj\Desktop\Python\Projects\Assignment2_StockAnalysis\Data-20250430T011355Z-1-001\Data\data\2024-03,NESTLEIND,2594.9,2024-03-02 05:30:00,2609.4,2585.4,2024-03,2601.45,25525
C:\Users\v-dhramaraj\Desktop\Python\Projects\Assignment2_StockAnalysis\Data-20250430T011355Z-1-001\Data\data\2024-03,NESTLEIND,2589.1,2024-03-04 05:30:00,2601.1,2577.4,2024-03,2594.9,634310
C:\Users\v-dhramaraj\Desktop\Python\Projects\Assignment2_StockAnalysis\Data-20250430T011355Z-1-001\Data\data\2024-03,NESTLEIND,2538.65,2024-03-05 05:30:00,2595.2,2532.0,2024-03,2590.0,339302
C:\Users\v-dhramaraj\Desktop\Python\Projects\Assignment2_StockAnalysis\Data-20250430T011355Z-1-001\Data\data\2024-03,NESTLEIND,2533.05,2024-03-06 05:30:00,2566.75,2508.25,2024-03,2540.0,991640
C:\Users\v-dhramaraj\Desktop\Python\Projects\Assignment2_StockAnalysis\Data-20250430T011355Z-1-001\Data\data\2024-03,NESTLEIND,2560.95,2024-03-07 05:30:00,2566.0,2519.0,2024-03,2530.0,648652
C:\Users\v-dhramaraj\Desktop\Python\Projects\Assignment2_StockAnalysis\Data-20250430T011355Z-1-001\Data\data\2024-03,NESTLEIND,2611.5,2024-03-11 05:30:00,2631.0,2548.55,2024-03,2560.95,1495299
C:\Users\v-dhramaraj\Desktop\Python\Projects\Assignment2_StockAnalysis\Data-20250430T011355Z-1-001\Data\data\2024-03,NESTLEIND,2590.15,2024-03-12 05:30:00,2615.05,2566.3,2024-03,2606.05,863235
C:\Users\v-dhramaraj\Desktop\Python\Projects\Assignment2_StockAnalysis\Data-20250430T011355Z-1-001\Data\data\2024-03,NESTLEIND,2582.95,2024-03-13 05:30:00,2653.65,2552.85,2024-03,2594.95,1813802
C:\Users\v-dhramaraj\Desktop\Python\Projects\Assignment2_StockAnalysis\Data-20250430T011355Z-1-001\Data\data\2024-03,NESTLEIND,2612.75,2024-03-14 05:30:00,2619.95,2573.9,2024-03,2590.0,1122997
C:\Users\v-dhramaraj\Desktop\Python\Projects\Assignment2_StockAnalysis\Data-20250430T011355Z-1-001\Data\data\2024-03,NESTLEIND,2603.65,2024-03-15 05:30:00,2629.9,2585.2,2024-03,2616.95,1266992
C:\Users\v-dhramaraj\Desktop\Python\Projects\Assignment2_StockAnalysis\Data-20250430T011355Z-1-001\Data\data\2024-03,NESTLEIND,2580.35,2024-03-18 05:30:00,2610.8,2558.75,2024-03,2603.65,642596
C:\Users\v-dhramaraj\Desktop\Python\Projects\Assignment2_StockAnalysis\Data-20250430T011355Z-1-001\Data\data\2024-03,NESTLEIND,2496.05,2024-03-19 05:30:00,2584.75,2468.15,2024-03,2580.0,1748864
C:\Users\v-dhramaraj\Desktop\Python\Projects\Assignment2_StockAnalysis\Data-20250430T011355Z-1-001\Data\data\2024-03,NESTLEIND,2550.25,2024-03-20 05:30:00,2555.0,2498.05,2024-03,2514.0,699645
C:\Users\v-dhramaraj\Desktop\Python\Projects\Assignment2_StockAnalysis\Data-20250430T011355Z-1-001\Data\data\2024-03,NESTLEIND,2553.65,2024-03-21 05:30:00,2562.05,2525.15,2024-03,2551.0,903877
C:\Users\v-dhramaraj\Desktop\Python\Projects\Assignment2_StockAnalysis\Data-20250430T011355Z-1-001\Data\data\2024-03,NESTLEIND,2573.4,2024-03-22 05:30:00,2592.0,2537.0,2024-03,2540.2,1013563
C:\Users\v-dhramaraj\Desktop\Python\Projects\Assignment2_StockAnalysis\Data-20250430T011355Z-1-001\Data\data\2024-03,NESTLEIND,2586.1,2024-03-26 05:30:00,2596.5,2532.15,2024-03,2568.0,970852
C:\Users\v-dhramaraj\Desktop\Python\Projects\Assignment2_StockAnalysis\Data-20250430T011355Z-1-001\Data\data\2024-03,NESTLEIND,2566.45,2024-03-27 05:30:00,2590.55,2551.75,2024-03,2586.1,900596
C:\Users\v-dhramaraj\Desktop\Python\Projects\Assignment2_StockAnalysis\Data-20250430T011355Z-1-001\Data\data\2024-03,NESTLEIND,2622.35,2024-03-28 05:30:00,2638.7,2567.05,2024-03,2567.05,2182916
C:\Users\v-dhramaraj\Desktop\Python\Projects\Assignment2_StockAnalysis\Data-20250430T011355Z-1-001\Data\data\2024-04,NESTLEIND,2585.6,2024-04-01 05:30:00,2642.6,2582.5,2024-04,2622.35,743032
C:\Users\v-dhramaraj\Desktop\Python\Projects\Assignment2_StockAnalysis\Data-20250430T011355Z-1-001\Data\data\2024-04,NESTLEIND,2623.3,2024-04-02 05:30:00,2630.0,2583.0,2024-04,2597.0,722883
C:\Users\v-dhramaraj\Desktop\Python\Projects\Assignment2_StockAnalysis\Data-20250430T011355Z-1-001\Data\data\2024-04,NESTLEIND,2553.95,2024-04-03 05:30:00,2623.95,2545.0,2024-04,2623.3,1925139
C:\Users\v-dhramaraj\Desktop\Python\Projects\Assignment2_StockAnalysis\Data-20250430T011355Z-1-001\Data\data\2024-04,NESTLEIND,2549.6,2024-04-04 05:30:00,2570.0,2514.1,2024-04,2569.8,1391376
C:\Users\v-dhramaraj\Desktop\Python\Projects\Assignment2_StockAnalysis\Data-20250430T011355Z-1-001\Data\data\2024-04,NESTLEIND,2537.65,2024-04-05 05:30:00,2576.0,2534.0,2024-04,2575.0,766227
C:\Users\v-dhramaraj\Desktop\Python\Projects\Assignment2_StockAnalysis\Data-20250430T011355Z-1-001\Data\data\2024-04,NESTLEIND,2498.05,2024-04-08 05:30:00,2547.25,2492.85,2024-04,2531.0,1218490
C:\Users\v-dhramaraj\Desktop\Python\Projects\Assignment2_StockAnalysis\Data-20250430T011355Z-1-001\Data\data\2024-04,NESTLEIND,2502.8,2024-04-09 05:30:00,2522.2,2497.0,2024-04,2506.0,433941
C:\Users\v-dhramaraj\Desktop\Python\Projects\Assignment2_StockAnalysis\Data-20250430T011355Z-1-001\Data\data\2024-04,NESTLEIND,2527.6,2024-04-10 05:30:00,2533.0,2494.05,2024-04,2514.0,494880
C:\Users\v-dhramaraj\Desktop\Python\Projects\Assignment2_StockAnalysis\Data-20250430T011355Z-1-001\Data\data\2024-04,NESTLEIND,2536.2,2024-04-12 05:30:00,2559.0,2516.2,2024-04,2534.7,1239965
C:\Users\v-dhramaraj\Desktop\Python\Projects\Assignment2_StockAnalysis\Data-20250430T011355Z-1-001\Data\data\2024-04,NESTLEIND,2553.65,2024-04-15 05:30:00,2577.0,2510.0,2024-04,2510.0,1146823
C:\Users\v-dhramaraj\Desktop\Python\Projects\Assignment2_StockAnalysis\Data-20250430T011355Z-1-001\Data\data\2024-04,NESTLEIND,2546.1,2024-04-16 05:30:00,2583.65,2542.3,2024-04,2550.15,768861
C:\Users\v-dhramaraj\Desktop\Python\Projects\Assignment2_StockAnalysis\Data-20250430T011355Z-1-001\Data\data\2024-04,NESTLEIND,2462.55,2024-04-18 05:30:00,2542.65,2410.6,2024-04,2540.1,3038833
C:\Users\v-dhramaraj\Desktop\Python\Projects\Assignment2_StockAnalysis\Data-20250430T011355Z-1-001\Data\data\2024-04,NESTLEIND,2437.7,2024-04-19 05:30:00,2471.35,2410.0,2024-04,2430.0,1851012
C:\Users\v-dhramaraj\Desktop\Python\Projects\Assignment2_StockAnalysis\Data-20250430T011355Z-1-001\Data\data\2024-04,NESTLEIND,2458.7,2024-04-22 05:30:00,2482.0,2427.85,2024-04,2436.5,1252353
C:\Users\v-dhramaraj\Desktop\Python\Projects\Assignment2_StockAnalysis\Data-20250430T011355Z-1-001\Data\data\2024-04,NESTLEIND,2501.25,2024-04-23 05:30:00,2510.0,2425.95,2024-04,2449.0,1124409
C:\Users\v-dhramaraj\Desktop\Python\Projects\Assignment2_StockAnalysis\Data-20250430T011355Z-1-001\Data\data\2024-04,NESTLEIND,2500.15,2024-04-24 05:30:00,2535.8,2488.25,2024-04,2515.05,723518
C:\Users\v-dhramaraj\Desktop\Python\Projects\Assignment2_StockAnalysis\Data-20250430T011355Z-1-001\Data\data\2024-04,NESTLEIND,2562.65,2024-04-25 05:30:00,2577.9,2471.25,2024-04,2519.95,3240864
C:\Users\v-dhramaraj\Desktop\Python\Projects\Assignment2_StockAnalysis\Data-20250430T011355Z-1-001\Data\data\2024-04,NESTLEIND,2482.75,2024-04-26 05:30:00,2582.8,2471.05,2024-04,2574.95,1321564
C:\Users\v-dhramaraj\Desktop\Python\Projects\Assignment2_StockAnalysis\Data-20250430T011355Z-1-001\Data\data\2024-04,NESTLEIND,2509.8,2024-04-29 05:30:00,2524.4,2490.0,2024-04,2502.0,621562
C:\Users\v-dhramaraj\Desktop\Python\Projects\Assignment2_StockAnalysis\Data-20250430T011355Z-1-001\Data\data\2024-04,NESTLEIND,2507.4,2024-04-30 05:30:00,2537.6,2500.55,2024-04,2517.7,812639
C:\Users\v-dhramaraj\Desktop\Python\Projects\Assignment2_StockAnalysis\Data-20250430T011355Z-1-001\Data\data\2024-05,NESTLEIND,2512.3,2024-05-02 05:30:00,2541.0,2505.0,2024-05,2507.4,1111913
C:\Users\v-dhramaraj\Desktop\Python\Projects\Assignment2_StockAnalysis\Data-20250430T011355Z-1-001\Data\data\2024-05,NESTLEIND,2456.1,2024-05-03 05:30:00,2523.05,2436.25,2024-05,2515.1,1128730
C:\Users\v-dhramaraj\Desktop\Python\Projects\Assignment2_StockAnalysis\Data-20250430T011355Z-1-001\Data\data\2024-05,NESTLEIND,2457.4,2024-05-06 05:30:00,2479.95,2446.95,2024-05,2474.4,715996
C:\Users\v-dhramaraj\Desktop\Python\Projects\Assignment2_StockAnalysis\Data-20250430T011355Z-1-001\Data\data\2024-05,NESTLEIND,2508.65,2024-05-07 05:30:00,2528.35,2459.55,2024-05,2469.0,1073459
C:\Users\v-dhramaraj\Desktop\Python\Projects\Assignment2_StockAnalysis\Data-20250430T011355Z-1-001\Data\data\2024-05,NESTLEIND,2539.0,2024-05-08 05:30:00,2548.0,2485.65,2024-05,2502.45,699070
C:\Users\v-dhramaraj\Desktop\Python\Projects\Assignment2_StockAnalysis\Data-20250430T011355Z-1-001\Data\data\2024-05,NESTLEIND,2513.45,2024-05-09 05:30:00,2549.9,2502.0,2024-05,2539.0,702155
C:\Users\v-dhramaraj\Desktop\Python\Projects\Assignment2_StockAnalysis\Data-20250430T011355Z-1-001\Data\data\2024-05,NESTLEIND,2533.2,2024-05-10 05:30:00,2549.0,2503.45,2024-05,2513.45,697416
C:\Users\v-dhramaraj\Desktop\Python\Projects\Assignment2_StockAnalysis\Data-20250430T011355Z-1-001\Data\data\2024-05,NESTLEIND,2516.25,2024-05-13 05:30:00,2541.9,2506.05,2024-05,2532.75,340381
C:\Users\v-dhramaraj\Desktop\Python\Projects\Assignment2_StockAnalysis\Data-20250430T011355Z-1-001\Data\data\2024-05,NESTLEIND,2487.35,2024-05-14 05:30:00,2518.95,2482.0,2024-05,2506.1,556747
C:\Users\v-dhramaraj\Desktop\Python\Projects\Assignment2_StockAnalysis\Data-20250430T011355Z-1-001\Data\data\2024-05,NESTLEIND,2465.0,2024-05-15 05:30:00,2499.0,2460.0,2024-05,2488.0,434406
C:\Users\v-dhramaraj\Desktop\Python\Projects\Assignment2_StockAnalysis\Data-20250430T011355Z-1-001\Data\data\2024-05,NESTLEIND,2468.35,2024-05-16 05:30:00,2479.95,2420.3,2024-05,2470.0,972494
C:\Users\v-dhramaraj\Desktop\Python\Projects\Assignment2_StockAnalysis\Data-20250430T011355Z-1-001\Data\data\2024-05,NESTLEIND,2445.5,2024-05-17 05:30:00,2468.35,2433.8,2024-05,2468.35,721178
C:\Users\v-dhramaraj\Desktop\Python\Projects\Assignment2_StockAnalysis\Data-20250430T011355Z-1-001\Data\data\2024-05,NESTLEIND,2504.4,2024-05-18 05:30:00,2518.75,2459.8,2024-05,2464.0,252529
C:\Users\v-dhramaraj\Desktop\Python\Projects\Assignment2_StockAnalysis\Data-20250430T011355Z-1-001\Data\data\2024-05,NESTLEIND,2460.8,2024-05-21 05:30:00,2489.6,2432.0,2024-05,2466.0,1287451
C:\Users\v-dhramaraj\Desktop\Python\Projects\Assignment2_StockAnalysis\Data-20250430T011355Z-1-001\Data\data\2024-05,NESTLEIND,2469.15,2024-05-22 05:30:00,2487.5,2461.9,2024-05,2472.0,787327
C:\Users\v-dhramaraj\Desktop\Python\Projects\Assignment2_StockAnalysis\Data-20250430T011355Z-1-001\Data\data\2024-05,NESTLEIND,2474.15,2024-05-23 05:30:00,2487.5,2455.55,2024-05,2481.0,781663
C:\Users\v-dhramaraj\Desktop\Python\Projects\Assignment2_StockAnalysis\Data-20250430T011355Z-1-001\Data\data\2024-05,NESTLEIND,2467.75,2024-05-24 05:30:00,2485.0,2458.05,2024-05,2476.95,453772
C:\Users\v-dhramaraj\Desktop\Python\Projects\Assignment2_StockAnalysis\Data-20250430T011355Z-1-001\Data\data\2024-05,NESTLEIND,2459.9,2024-05-27 05:30:00,2479.0,2455.0,2024-05,2477.0,535831
C:\Users\v-dhramaraj\Desktop\Python\Projects\Assignment2_StockAnalysis\Data-20250430T011355Z-1-001\Data\data\2024-05,NESTLEIND,2451.7,2024-05-28 05:30:00,2467.65,2446.0,2024-05,2461.15,521672
C:\Users\v-dhramaraj\Desktop\Python\Projects\Assignment2_StockAnalysis\Data-20250430T011355Z-1-001\Data\data\2024-05,NESTLEIND,2476.2,2024-05-29 05:30:00,2497.0,2445.0,2024-05,2447.7,869600
C:\Users\v-dhramaraj\Desktop\Python\Projects\Assignment2_StockAnalysis\Data-20250430T011355Z-1-001\Data\data\2024-05,NESTLEIND,2404.8,2024-05-30 05:30:00,2473.1,2400.55,2024-05,2465.05,1274214
C:\Users\v-dhramaraj\Desktop\Python\Projects\Assignment2_StockAnalysis\Data-20250430T011355Z-1-001\Data\data\2024-05,NESTLEIND,2354.9,2024-05-31 05:30:00,2425.6,2345.0,2024-05,2425.6,2532973
C:\Users\v-dhramaraj\Desktop\Python\Projects\Assignment2_StockAnalysis\Data-20250430T011355Z-1-001\Data\data\2024-06,NESTLEIND,2355.05,2024-06-03 05:30:00,2388.95,2350.0,2024-06,2374.8,1072515
C:\Users\v-dhramaraj\Desktop\Python\Projects\Assignment2_StockAnalysis\Data-20250430T011355Z-1-001\Data\data\2024-06,NESTLEIND,2427.75,2024-06-04 05:30:00,2438.0,2327.45,2024-06,2363.95,1558531
C:\Users\v-dhramaraj\Desktop\Python\Projects\Assignment2_StockAnalysis\Data-20250430T011355Z-1-001\Data\data\2024-06,NESTLEIND,2509.85,2024-06-05 05:30:00,2574.05,2430.0,2024-06,2430.0,2028779
C:\Users\v-dhramaraj\Desktop\Python\Projects\Assignment2_StockAnalysis\Data-20250430T011355Z-1-001\Data\data\2024-06,NESTLEIND,2471.4,2024-06-06 05:30:00,2518.0,2452.65,2024-06,2518.0,972140
C:\Users\v-dhramaraj\Desktop\Python\Projects\Assignment2_StockAnalysis\Data-20250430T011355Z-1-001\Data\data\2024-06,NESTLEIND,2502.45,2024-06-07 05:30:00,2516.25,2467.0,2024-06,2476.45,1011202
C:\Users\v-dhramaraj\Desktop\Python\Projects\Assignment2_StockAnalysis\Data-20250430T011355Z-1-001\Data\data\2024-06,NESTLEIND,2548.2,2024-06-10 05:30:00,2565.0,2507.05,2024-06,2510.0,795174
C:\Users\v-dhramaraj\Desktop\Python\Projects\Assignment2_StockAnalysis\Data-20250430T011355Z-1-001\Data\data\2024-06,NESTLEIND,2541.95,2024-06-11 05:30:00,2575.0,2534.0,2024-06,2560.0,569411
C:\Users\v-dhramaraj\Desktop\Python\Projects\Assignment2_StockAnalysis\Data-20250430T011355Z-1-001\Data\data\2024-06,NESTLEIND,2537.3,2024-06-12 05:30:00,2554.75,2521.0,2024-06,2544.0,480408
C:\Users\v-dhramaraj\Desktop\Python\Projects\Assignment2_StockAnalysis\Data-20250430T011355Z-1-001\Data\data\2024-06,NESTLEIND,2551.75,2024-06-13 05:30:00,2614.45,2545.15,2024-06,2594.15,1081272
C:\Users\v-dhramaraj\Desktop\Python\Projects\Assignment2_StockAnalysis\Data-20250430T011355Z-1-001\Data\data\2024-06,NESTLEIND,2542.5,2024-06-14 05:30:00,2564.6,2534.1,2024-06,2564.6,429472
C:\Users\v-dhramaraj\Desktop\Python\Projects\Assignment2_StockAnalysis\Data-20250430T011355Z-1-001\Data\data\2024-06,NESTLEIND,2550.35,2024-06-18 05:30:00,2555.0,2534.0,2024-06,2549.0,259554
C:\Users\v-dhramaraj\Desktop\Python\Projects\Assignment2_StockAnalysis\Data-20250430T011355Z-1-001\Data\data\2024-06,NESTLEIND,2526.05,2024-06-19 05:30:00,2559.6,2517.85,2024-06,2550.0,784307
C:\Users\v-dhramaraj\Desktop\Python\Projects\Assignment2_StockAnalysis\Data-20250430T011355Z-1-001\Data\data\2024-06,NESTLEIND,2539.75,2024-06-20 05:30:00,2551.15,2500.0,2024-06,2525.0,657413
C:\Users\v-dhramaraj\Desktop\Python\Projects\Assignment2_StockAnalysis\Data-20250430T011355Z-1-001\Data\data\2024-06,NESTLEIND,2498.4,2024-06-21 05:30:00,2548.0,2488.5,2024-06,2532.6,1271544
C:\Users\v-dhramaraj\Desktop\Python\Projects\Assignment2_StockAnalysis\Data-20250430T011355Z-1-001\Data\data\2024-06,NESTLEIND,2530.05,2024-06-24 05:30:00,2532.0,2484.5,2024-06,2498.4,724201
C:\Users\v-dhramaraj\Desktop\Python\Projects\Assignment2_StockAnalysis\Data-20250430T011355Z-1-001\Data\data\2024-06,NESTLEIND,2515.45,2024-06-25 05:30:00,2538.3,2505.0,2024-06,2535.0,312730
C:\Users\v-dhramaraj\Desktop\Python\Projects\Assignment2_StockAnalysis\Data-20250430T011355Z-1-001\Data\data\2024-06,NESTLEIND,2534.25,2024-06-26 05:30:00,2547.0,2507.45,2024-06,2522.6,479356
C:\Users\v-dhramaraj\Desktop\Python\Projects\Assignment2_StockAnalysis\Data-20250430T011355Z-1-001\Data\data\2024-06,NESTLEIND,2533.75,2024-06-27 05:30:00,2554.0,2508.05,2024-06,2531.2,866311
C:\Users\v-dhramaraj\Desktop\Python\Projects\Assignment2_StockAnalysis\Data-20250430T011355Z-1-001\Data\data\2024-06,NESTLEIND,2551.65,2024-06-28 05:30:00,2573.7,2528.3,2024-06,2533.75,1182033
C:\Users\v-dhramaraj\Desktop\Python\Projects\Assignment2_StockAnalysis\Data-20250430T011355Z-1-001\Data\data\2024-07,NESTLEIND,2568.1,2024-07-01 05:30:00,2591.1,2557.0,2024-07,2559.8,924514
C:\Users\v-dhramaraj\Desktop\Python\Projects\Assignment2_StockAnalysis\Data-20250430T011355Z-1-001\Data\data\2024-07,NESTLEIND,2544.45,2024-07-02 05:30:00,2588.0,2533.15,2024-07,2585.4,581100
C:\Users\v-dhramaraj\Desktop\Python\Projects\Assignment2_StockAnalysis\Data-20250430T011355Z-1-001\Data\data\2024-07,NESTLEIND,2551.5,2024-07-03 05:30:00,2569.55,2540.7,2024-07,2550.1,315956
C:\Users\v-dhramaraj\Desktop\Python\Projects\Assignment2_StockAnalysis\Data-20250430T011355Z-1-001\Data\data\2024-07,NESTLEIND,2545.15,2024-07-04 05:30:00,2565.0,2542.05,2024-07,2560.0,313676
C:\Users\v-dhramaraj\Desktop\Python\Projects\Assignment2_StockAnalysis\Data-20250430T011355Z-1-001\Data\data\2024-07,NESTLEIND,2574.15,2024-07-05 05:30:00,2579.6,2532.5,2024-07,2550.6,791513
C:\Users\v-dhramaraj\Desktop\Python\Projects\Assignment2_StockAnalysis\Data-20250430T011355Z-1-001\Data\data\2024-07,NESTLEIND,2603.4,2024-07-08 05:30:00,2620.0,2561.45,2024-07,2574.15,724276
C:\Users\v-dhramaraj\Desktop\Python\Projects\Assignment2_StockAnalysis\Data-20250430T011355Z-1-001\Data\data\2024-07,NESTLEIND,2633.1,2024-07-09 05:30:00,2640.1,2593.6,2024-07,2627.3,832573
C:\Users\v-dhramaraj\Desktop\Python\Projects\Assignment2_StockAnalysis\Data-20250430T011355Z-1-001\Data\data\2024-07,NESTLEIND,2616.45,2024-07-10 05:30:00,2649.95,2598.05,2024-07,2637.9,534990
C:\Users\v-dhramaraj\Desktop\Python\Projects\Assignment2_StockAnalysis\Data-20250430T011355Z-1-001\Data\data\2024-07,NESTLEIND,2593.2,2024-07-11 05:30:00,2631.6,2563.7,2024-07,2620.0,1053799
C:\Users\v-dhramaraj\Desktop\Python\Projects\Assignment2_StockAnalysis\Data-20250430T011355Z-1-001\Data\data\2024-07,NESTLEIND,2609.0,2024-07-12 05:30:00,2619.85,2585.85,2024-07,2605.0,725893
C:\Users\v-dhramaraj\Desktop\Python\Projects\Assignment2_StockAnalysis\Data-20250430T011355Z-1-001\Data\data\2024-07,NESTLEIND,2605.1,2024-07-15 05:30:00,2619.5,2597.0,2024-07,2609.05,347961
C:\Users\v-dhramaraj\Desktop\Python\Projects\Assignment2_StockAnalysis\Data-20250430T011355Z-1-001\Data\data\2024-07,NESTLEIND,2607.3,2024-07-16 05:30:00,2618.85,2569.05,2024-07,2604.6,757069
C:\Users\v-dhramaraj\Desktop\Python\Projects\Assignment2_StockAnalysis\Data-20250430T011355Z-1-001\Data\data\2024-07,NESTLEIND,2627.05,2024-07-18 05:30:00,2634.9,2575.0,2024-07,2575.0,866797
C:\Users\v-dhramaraj\Desktop\Python\Projects\Assignment2_StockAnalysis\Data-20250430T011355Z-1-001\Data\data\2024-07,NESTLEIND,2597.85,2024-07-19 05:30:00,2645.5,2586.45,2024-07,2634.85,538936
C:\Users\v-dhramaraj\Desktop\Python\Projects\Assignment2_StockAnalysis\Data-20250430T011355Z-1-001\Data\data\2024-07,NESTLEIND,2587.3,2024-07-22 05:30:00,2630.0,2565.3,2024-07,2597.85,745171
C:\Users\v-dhramaraj\Desktop\Python\Projects\Assignment2_StockAnalysis\Data-20250430T011355Z-1-001\Data\data\2024-07,NESTLEIND,2581.55,2024-07-23 05:30:00,2606.5,2550.0,2024-07,2596.6,968499
C:\Users\v-dhramaraj\Desktop\Python\Projects\Assignment2_StockAnalysis\Data-20250430T011355Z-1-001\Data\data\2024-07,NESTLEIND,2541.4,2024-07-24 05:30:00,2581.0,2518.7,2024-07,2581.0,1311044
C:\Users\v-dhramaraj\Desktop\Python\Projects\Assignment2_StockAnalysis\Data-20250430T011355Z-1-001\Data\data\2024-07,NESTLEIND,2480.65,2024-07-25 05:30:00,2556.65,2459.45,2024-07,2544.8,3469181
C:\Users\v-dhramaraj\Desktop\Python\Projects\Assignment2_StockAnalysis\Data-20250430T011355Z-1-001\Data\data\2024-07,NESTLEIND,2476.9,2024-07-26 05:30:00,2492.6,2451.5,2024-07,2492.6,1619693
C:\Users\v-dhramaraj\Desktop\Python\Projects\Assignment2_StockAnalysis\Data-20250430T011355Z-1-001\Data\data\2024-07,NESTLEIND,2470.3,2024-07-29 05:30:00,2486.95,2459.0,2024-07,2483.6,802901
C:\Users\v-dhramaraj\Desktop\Python\Projects\Assignment2_StockAnalysis\Data-20250430T011355Z-1-001\Data\data\2024-07,NESTLEIND,2457.65,2024-07-30 05:30:00,2480.4,2451.0,2024-07,2470.35,1714758
C:\Users\v-dhramaraj\Desktop\Python\Projects\Assignment2_StockAnalysis\Data-20250430T011355Z-1-001\Data\data\2024-07,NESTLEIND,2456.35,2024-07-31 05:30:00,2477.0,2452.0,2024-07,2470.0,822361
C:\Users\v-dhramaraj\Desktop\Python\Projects\Assignment2_StockAnalysis\Data-20250430T011355Z-1-001\Data\data\2024-08,NESTLEIND,2484.0,2024-08-01 05:30:00,2492.3,2456.35,2024-08,2465.0,1326762
C:\Users\v-dhramaraj\Desktop\Python\Projects\Assignment2_StockAnalysis\Data-20250430T011355Z-1-001\Data\data\2024-08,NESTLEIND,2495.1,2024-08-02 05:30:00,2514.0,2465.0,2024-08,2480.0,1155474
C:\Users\v-dhramaraj\Desktop\Python\Projects\Assignment2_StockAnalysis\Data-20250430T011355Z-1-001\Data\data\2024-08,NESTLEIND,2510.9,2024-08-05 05:30:00,2528.9,2475.05,2024-08,2488.0,1325910
C:\Users\v-dhramaraj\Desktop\Python\Projects\Assignment2_StockAnalysis\Data-20250430T011355Z-1-001\Data\data\2024-08,NESTLEIND,2508.5,2024-08-06 05:30:00,2528.0,2501.0,2024-08,2513.9,949431
C:\Users\v-dhramaraj\Desktop\Python\Projects\Assignment2_StockAnalysis\Data-20250430T011355Z-1-001\Data\data\2024-08,NESTLEIND,2522.8,2024-08-07 05:30:00,2528.95,2510.25,2024-08,2518.55,649970
C:\Users\v-dhramaraj\Desktop\Python\Projects\Assignment2_StockAnalysis\Data-20250430T011355Z-1-001\Data\data\2024-08,NESTLEIND,2489.1,2024-08-08 05:30:00,2525.0,2478.0,2024-08,2518.55,1425006
C:\Users\v-dhramaraj\Desktop\Python\Projects\Assignment2_StockAnalysis\Data-20250430T011355Z-1-001\Data\data\2024-08,NESTLEIND,2504.7,2024-08-09 05:30:00,2511.9,2490.2,2024-08,2506.6,270006
C:\Users\v-dhramaraj\Desktop\Python\Projects\Assignment2_StockAnalysis\Data-20250430T011355Z-1-001\Data\data\2024-08,NESTLEIND,2473.1,2024-08-12 05:30:00,2509.95,2468.35,2024-08,2501.8,475020
C:\Users\v-dhramaraj\Desktop\Python\Projects\Assignment2_StockAnalysis\Data-20250430T011355Z-1-001\Data\data\2024-08,NESTLEIND,2484.7,2024-08-13 05:30:00,2492.0,2473.5,2024-08,2474.0,311846
C:\Users\v-dhramaraj\Desktop\Python\Projects\Assignment2_StockAnalysis\Data-20250430T011355Z-1-001\Data\data\2024-08,NESTLEIND,2474.6,2024-08-14 05:30:00,2491.95,2460.6,2024-08,2486.9,561876
C:\Users\v-dhramaraj\Desktop\Python\Projects\Assignment2_StockAnalysis\Data-20250430T011355Z-1-001\Data\data\2024-08,NESTLEIND,2525.45,2024-08-16 05:30:00,2533.45,2471.35,2024-08,2490.0,859834
C:\Users\v-dhramaraj\Desktop\Python\Projects\Assignment2_StockAnalysis\Data-20250430T011355Z-1-001\Data\data\2024-08,NESTLEIND,2503.15,2024-08-19 05:30:00,2546.0,2500.55,2024-08,2530.0,477701
C:\Users\v-dhramaraj\Desktop\Python\Projects\Assignment2_StockAnalysis\Data-20250430T011355Z-1-001\Data\data\2024-08,NESTLEIND,2518.5,2024-08-20 05:30:00,2526.0,2499.05,2024-08,2510.6,484732
C:\Users\v-dhramaraj\Desktop\Python\Projects\Assignment2_StockAnalysis\Data-20250430T011355Z-1-001\Data\data\2024-08,NESTLEIND,2551.75,2024-08-21 05:30:00,2555.0,2521.65,2024-08,2529.9,624773
C:\Users\v-dhramaraj\Desktop\Python\Projects\Assignment2_StockAnalysis\Data-20250430T011355Z-1-001\Data\data\2024-08,NESTLEIND,2551.0,2024-08-22 05:30:00,2565.05,2545.0,2024-08,2565.0,634905
C:\Users\v-dhramaraj\Desktop\Python\Projects\Assignment2_StockAnalysis\Data-20250430T011355Z-1-001\Data\data\2024-08,NESTLEIND,2529.2,2024-08-23 05:30:00,2551.35,2520.0,2024-08,2550.95,511537
C:\Users\v-dhramaraj\Desktop\Python\Projects\Assignment2_StockAnalysis\Data-20250430T011355Z-1-001\Data\data\2024-08,NESTLEIND,2519.55,2024-08-26 05:30:00,2545.0,2507.95,2024-08,2529.2,633399
C:\Users\v-dhramaraj\Desktop\Python\Projects\Assignment2_StockAnalysis\Data-20250430T011355Z-1-001\Data\data\2024-08,NESTLEIND,2521.45,2024-08-27 05:30:00,2532.8,2511.5,2024-08,2528.65,391065
C:\Users\v-dhramaraj\Desktop\Python\Projects\Assignment2_StockAnalysis\Data-20250430T011355Z-1-001\Data\data\2024-08,NESTLEIND,2492.5,2024-08-28 05:30:00,2519.0,2490.0,2024-08,2519.0,565161
C:\Users\v-dhramaraj\Desktop\Python\Projects\Assignment2_StockAnalysis\Data-20250430T011355Z-1-001\Data\data\2024-08,NESTLEIND,2504.55,2024-08-29 05:30:00,2519.45,2490.65,2024-08,2498.9,899794
C:\Users\v-dhramaraj\Desktop\Python\Projects\Assignment2_StockAnalysis\Data-20250430T011355Z-1-001\Data\data\2024-08,NESTLEIND,2500.75,2024-08-30 05:30:00,2517.3,2491.8,2024-08,2504.55,1904487
C:\Users\v-dhramaraj\Desktop\Python\Projects\Assignment2_StockAnalysis\Data-20250430T011355Z-1-001\Data\data\2024-09,NESTLEIND,2509.9,2024-09-02 05:30:00,2516.0,2497.05,2024-09,2500.0,875591
C:\Users\v-dhramaraj\Desktop\Python\Projects\Assignment2_StockAnalysis\Data-20250430T011355Z-1-001\Data\data\2024-09,NESTLEIND,2530.75,2024-09-03 05:30:00,2559.0,2502.0,2024-09,2502.0,987527
C:\Users\v-dhramaraj\Desktop\Python\Projects\Assignment2_StockAnalysis\Data-20250430T011355Z-1-001\Data\data\2024-09,NESTLEIND,2534.75,2024-09-04 05:30:00,2541.45,2513.7,2024-09,2525.05,502943
C:\Users\v-dhramaraj\Desktop\Python\Projects\Assignment2_StockAnalysis\Data-20250430T011355Z-1-001\Data\data\2024-09,NESTLEIND,2504.9,2024-09-05 05:30:00,2535.0,2492.15,2024-09,2534.75,1119296
C:\Users\v-dhramaraj\Desktop\Python\Projects\Assignment2_StockAnalysis\Data-20250430T011355Z-1-001\Data\data\2024-09,NESTLEIND,2503.2,2024-09-06 05:30:00,2519.25,2488.05,2024-09,2508.6,836700
C:\Users\v-dhramaraj\Desktop\Python\Projects\Assignment2_StockAnalysis\Data-20250430T011355Z-1-001\Data\data\2024-09,NESTLEIND,2516.75,2024-09-09 05:30:00,2520.0,2488.75,2024-09,2495.15,583598
C:\Users\v-dhramaraj\Desktop\Python\Projects\Assignment2_StockAnalysis\Data-20250430T011355Z-1-001\Data\data\2024-09,NESTLEIND,2535.5,2024-09-10 05:30:00,2547.9,2514.0,2024-09,2529.0,1522039
C:\Users\v-dhramaraj\Desktop\Python\Projects\Assignment2_StockAnalysis\Data-20250430T011355Z-1-001\Data\data\2024-09,NESTLEIND,2526.85,2024-09-11 05:30:00,2561.6,2519.45,2024-09,2547.0,979938
C:\Users\v-dhramaraj\Desktop\Python\Projects\Assignment2_StockAnalysis\Data-20250430T011355Z-1-001\Data\data\2024-09,NESTLEIND,2527.85,2024-09-12 05:30:00,2540.0,2488.0,2024-09,2529.9,1554879
C:\Users\v-dhramaraj\Desktop\Python\Projects\Assignment2_StockAnalysis\Data-20250430T011355Z-1-001\Data\data\2024-09,NESTLEIND,2531.4,2024-09-13 05:30:00,2561.0,2528.25,2024-09,2530.0,732717
C:\Users\v-dhramaraj\Desktop\Python\Projects\Assignment2_StockAnalysis\Data-20250430T011355Z-1-001\Data\data\2024-09,NESTLEIND,2549.6,2024-09-16 05:30:00,2555.6,2500.0,2024-09,2530.0,394397
C:\Users\v-dhramaraj\Desktop\Python\Projects\Assignment2_StockAnalysis\Data-20250430T011355Z-1-001\Data\data\2024-09,NESTLEIND,2546.85,2024-09-17 05:30:00,2585.3,2538.7,2024-09,2551.15,695187
C:\Users\v-dhramaraj\Desktop\Python\Projects\Assignment2_StockAnalysis\Data-20250430T011355Z-1-001\Data\data\2024-09,NESTLEIND,2597.15,2024-09-18 05:30:00,2601.1,2546.0,2024-09,2549.95,1177029
C:\Users\v-dhramaraj\Desktop\Python\Projects\Assignment2_StockAnalysis\Data-20250430T011355Z-1-001\Data\data\2024-09,NESTLEIND,2634.2,2024-09-19 05:30:00,2677.0,2597.15,2024-09,2603.0,2534289
C:\Users\v-dhramaraj\Desktop\Python\Projects\Assignment2_StockAnalysis\Data-20250430T011355Z-1-001\Data\data\2024-09,NESTLEIND,2699.55,2024-09-20 05:30:00,2704.25,2631.15,2024-09,2644.0,2322758
C:\Users\v-dhramaraj\Desktop\Python\Projects\Assignment2_StockAnalysis\Data-20250430T011355Z-1-001\Data\data\2024-09,NESTLEIND,2725.15,2024-09-23 05:30:00,2729.85,2690.0,2024-09,2705.15,1072247
C:\Users\v-dhramaraj\Desktop\Python\Projects\Assignment2_StockAnalysis\Data-20250430T011355Z-1-001\Data\data\2024-09,NESTLEIND,2696.4,2024-09-24 05:30:00,2766.8,2674.0,2024-09,2725.0,1540033
C:\Users\v-dhramaraj\Desktop\Python\Projects\Assignment2_StockAnalysis\Data-20250430T011355Z-1-001\Data\data\2024-09,NESTLEIND,2697.35,2024-09-25 05:30:00,2704.6,2659.05,2024-09,2685.25,718957
C:\Users\v-dhramaraj\Desktop\Python\Projects\Assignment2_StockAnalysis\Data-20250430T011355Z-1-001\Data\data\2024-09,NESTLEIND,2755.5,2024-09-26 05:30:00,2762.45,2707.95,2024-09,2707.95,1158606
C:\Users\v-dhramaraj\Desktop\Python\Projects\Assignment2_StockAnalysis\Data-20250430T011355Z-1-001\Data\data\2024-09,NESTLEIND,2745.7,2024-09-27 05:30:00,2778.0,2731.0,2024-09,2750.0,1097167
C:\Users\v-dhramaraj\Desktop\Python\Projects\Assignment2_StockAnalysis\Data-20250430T011355Z-1-001\Data\data\2024-09,NESTLEIND,2689.95,2024-09-30 05:30:00,2740.0,2684.8,2024-09,2720.0,883192
C:\Users\v-dhramaraj\Desktop\Python\Projects\Assignment2_StockAnalysis\Data-20250430T011355Z-1-001\Data\data\2024-10,NESTLEIND,2707.05,2024-10-01 05:30:00,2710.0,2672.9,2024-10,2690.0,552759
C:\Users\v-dhramaraj\Desktop\Python\Projects\Assignment2_StockAnalysis\Data-20250430T011355Z-1-001\Data\data\2024-10,NESTLEIND,2674.85,2024-10-03 05:30:00,2695.0,2650.35,2024-10,2685.0,812365
C:\Users\v-dhramaraj\Desktop\Python\Projects\Assignment2_StockAnalysis\Data-20250430T011355Z-1-001\Data\data\2024-10,NESTLEIND,2598.15,2024-10-04 05:30:00,2678.35,2590.3,2024-10,2663.0,1033034
C:\Users\v-dhramaraj\Desktop\Python\Projects\Assignment2_StockAnalysis\Data-20250430T011355Z-1-001\Data\data\2024-10,NESTLEIND,2573.85,2024-10-07 05:30:00,2620.0,2566.9,2024-10,2604.95,1102858
C:\Users\v-dhramaraj\Desktop\Python\Projects\Assignment2_StockAnalysis\Data-20250430T011355Z-1-001\Data\data\2024-10,NESTLEIND,2581.75,2024-10-08 05:30:00,2594.0,2551.6,2024-10,2570.6,1202170
C:\Users\v-dhramaraj\Desktop\Python\Projects\Assignment2_StockAnalysis\Data-20250430T011355Z-1-001\Data\data\2024-10,NESTLEIND,2516.0,2024-10-09 05:30:00,2580.0,2468.95,2024-10,2579.0,2366595
C:\Users\v-dhramaraj\Desktop\Python\Projects\Assignment2_StockAnalysis\Data-20250430T011355Z-1-001\Data\data\2024-10,NESTLEIND,2512.45,2024-10-10 05:30:00,2531.7,2506.0,2024-10,2529.0,1030002
C:\Users\v-dhramaraj\Desktop\Python\Projects\Assignment2_StockAnalysis\Data-20250430T011355Z-1-001\Data\data\2024-10,NESTLEIND,2511.8,2024-10-11 05:30:00,2522.0,2496.1,2024-10,2520.0,628464
C:\Users\v-dhramaraj\Desktop\Python\Projects\Assignment2_StockAnalysis\Data-20250430T011355Z-1-001\Data\data\2024-10,NESTLEIND,2502.05,2024-10-14 05:30:00,2519.7,2493.15,2024-10,2519.7,670384
C:\Users\v-dhramaraj\Desktop\Python\Projects\Assignment2_StockAnalysis\Data-20250430T011355Z-1-001\Data\data\2024-10,NESTLEIND,2484.25,2024-10-15 05:30:00,2502.05,2472.0,2024-10,2502.05,795154
C:\Users\v-dhramaraj\Desktop\Python\Projects\Assignment2_StockAnalysis\Data-20250430T011355Z-1-001\Data\data\2024-10,NESTLEIND,2462.25,2024-10-16 05:30:00,2493.05,2431.45,2024-10,2490.0,1236643
C:\Users\v-dhramaraj\Desktop\Python\Projects\Assignment2_StockAnalysis\Data-20250430T011355Z-1-001\Data\data\2024-10,NESTLEIND,2378.7,2024-10-17 05:30:00,2474.95,2365.0,2024-10,2474.95,2627754
C:\Users\v-dhramaraj\Desktop\Python\Projects\Assignment2_StockAnalysis\Data-20250430T011355Z-1-001\Data\data\2024-10,NESTLEIND,2350.25,2024-10-18 05:30:00,2383.65,2326.1,2024-10,2380.0,1639185
C:\Users\v-dhramaraj\Desktop\Python\Projects\Assignment2_StockAnalysis\Data-20250430T011355Z-1-001\Data\data\2024-10,NESTLEIND,2354.65,2024-10-21 05:30:00,2374.0,2333.0,2024-10,2360.0,748704
C:\Users\v-dhramaraj\Desktop\Python\Projects\Assignment2_StockAnalysis\Data-20250430T011355Z-1-001\Data\data\2024-10,NESTLEIND,2350.25,2024-10-22 05:30:00,2385.0,2340.05,2024-10,2354.5,967131
C:\Users\v-dhramaraj\Desktop\Python\Projects\Assignment2_StockAnalysis\Data-20250430T011355Z-1-001\Data\data\2024-10,NESTLEIND,2327.15,2024-10-23 05:30:00,2374.9,2320.1,2024-10,2350.05,707261
C:\Users\v-dhramaraj\Desktop\Python\Projects\Assignment2_StockAnalysis\Data-20250430T011355Z-1-001\Data\data\2024-10,NESTLEIND,2258.65,2024-10-24 05:30:00,2340.0,2216.0,2024-10,2339.0,2955497
C:\Users\v-dhramaraj\Desktop\Python\Projects\Assignment2_StockAnalysis\Data-20250430T011355Z-1-001\Data\data\2024-10,NESTLEIND,2260.7,2024-10-25 05:30:00,2286.5,2257.0,2024-10,2269.0,1341509
C:\Users\v-dhramaraj\Desktop\Python\Projects\Assignment2_StockAnalysis\Data-20250430T011355Z-1-001\Data\data\2024-10,NESTLEIND,2272.05,2024-10-28 05:30:00,2319.0,2256.05,2024-10,2270.95,875565
C:\Users\v-dhramaraj\Desktop\Python\Projects\Assignment2_StockAnalysis\Data-20250430T011355Z-1-001\Data\data\2024-10,NESTLEIND,2267.4,2024-10-29 05:30:00,2285.8,2260.75,2024-10,2280.0,929831
C:\Users\v-dhramaraj\Desktop\Python\Projects\Assignment2_StockAnalysis\Data-20250430T011355Z-1-001\Data\data\2024-10,NESTLEIND,2276.3,2024-10-30 05:30:00,2297.25,2260.2,2024-10,2278.75,893773
C:\Users\v-dhramaraj\Desktop\Python\Projects\Assignment2_StockAnalysis\Data-20250430T011355Z-1-001\Data\data\2024-10,NESTLEIND,2262.95,2024-10-31 05:30:00,2287.0,2260.0,2024-10,2287.0,659765
C:\Users\v-dhramaraj\Desktop\Python\Projects\Assignment2_StockAnalysis\Data-20250430T011355Z-1-001\Data\data\2024-11,NESTLEIND,2282.3,2024-11-01 05:30:00,2292.95,2268.35,2024-11,2292.9,121614
C:\Users\v-dhramaraj\Desktop\Python\Projects\Assignment2_StockAnalysis\Data-20250430T011355Z-1-001\Data\data\2024-11,NESTLEIND,2246.2,2024-11-04 05:30:00,2287.0,2230.9,2024-11,2283.0,963160
C:\Users\v-dhramaraj\Desktop\Python\Projects\Assignment2_StockAnalysis\Data-20250430T011355Z-1-001\Data\data\2024-11,NESTLEIND,2262.45,2024-11-05 05:30:00,2267.9,2236.3,2024-11,2256.0,725930
C:\Users\v-dhramaraj\Desktop\Python\Projects\Assignment2_StockAnalysis\Data-20250430T011355Z-1-001\Data\data\2024-11,NESTLEIND,2275.6,2024-11-06 05:30:00,2279.7,2258.05,2024-11,2268.0,806973
C:\Users\v-dhramaraj\Desktop\Python\Projects\Assignment2_StockAnalysis\Data-20250430T011355Z-1-001\Data\data\2024-11,NESTLEIND,2262.85,2024-11-07 05:30:00,2284.85,2241.7,2024-11,2273.0,891957
C:\Users\v-dhramaraj\Desktop\Python\Projects\Assignment2_StockAnalysis\Data-20250430T011355Z-1-001\Data\data\2024-11,NESTLEIND,2295.65,2024-11-08 05:30:00,2298.0,2258.8,2024-11,2270.0,834995
C:\Users\v-dhramaraj\Desktop\Python\Projects\Assignment2_StockAnalysis\Data-20250430T011355Z-1-001\Data\data\2024-11,NESTLEIND,2279.05,2024-11-11 05:30:00,2294.85,2254.2,2024-11,2280.0,773595
C:\Users\v-dhramaraj\Desktop\Python\Projects\Assignment2_StockAnalysis\Data-20250430T011355Z-1-001\Data\data\2024-11,NESTLEIND,2256.2,2024-11-12 05:30:00,2290.45,2241.0,2024-11,2290.45,1105339
C:\Users\v-dhramaraj\Desktop\Python\Projects\Assignment2_StockAnalysis\Data-20250430T011355Z-1-001\Data\data\2024-11,NESTLEIND,2235.25,2024-11-13 05:30:00,2251.95,2222.0,2024-11,2241.25,763388
C:\Users\v-dhramaraj\Desktop\Python\Projects\Assignment2_StockAnalysis\Data-20250430T011355Z-1-001\Data\data\2024-11,NESTLEIND,2182.8,2024-11-14 05:30:00,2244.95,2178.4,2024-11,2239.05,1159238
C:\Users\v-dhramaraj\Desktop\Python\Projects\Assignment2_StockAnalysis\Data-20250430T011355Z-1-001\Data\data\2024-11,NESTLEIND,2213.2,2024-11-18 05:30:00,2218.95,2168.7,2024-11,2190.7,691665
C:\Users\v-dhramaraj\Desktop\Python\Projects\Assignment2_StockAnalysis\Data-20250430T011355Z-1-001\Data\data\2024-11,NESTLEIND,2214.15,2024-11-19 05:30:00,2243.65,2203.9,2024-11,2225.0,806020
C:\Users\v-dhramaraj\Desktop\Python\Projects\Assignment2_StockAnalysis\Data-20250430T011355Z-1-001\Data\data\2024-11,NESTLEIND,2211.2,2024-11-21 05:30:00,2250.0,2187.0,2024-11,2205.55,827884
C:\Users\v-dhramaraj\Desktop\Python\Projects\Assignment2_StockAnalysis\Data-20250430T011355Z-1-001\Data\data\2024-11,NESTLEIND,2247.3,2024-11-22 05:30:00,2252.85,2204.2,2024-11,2214.2,771958
