Source Folder,Ticker,close,date,high,low,month,open,volume
C:\Users\v-dhramaraj\Desktop\Python\Projects\Assignment2_StockAnalysis\Data-20250430T011355Z-1-001\Data\data\2023-10,ONGC,184.6,2023-10-03 05:30:00,189.3,183.65,2023-10,189.3,22118500
C:\Users\v-dhramaraj\Desktop\Python\Projects\Assignment2_StockAnalysis\Data-20250430T011355Z-1-001\Data\data\2023-10,ONGC,182.75,2023-10-04 05:30:00,184.6,182.1,2023-10,184.45,9360058
C:\Users\v-dhramaraj\Desktop\Python\Projects\Assignment2_StockAnalysis\Data-20250430T011355Z-1-001\Data\data\2023-10,ONGC,182.2,2023-10-05 05:30:00,184.0,181.0,2023-10,181.25,11128340
C:\Users\v-dhramaraj\Desktop\Python\Projects\Assignment2_StockAnalysis\Data-20250430T011355Z-1-001\Data\data\2023-10,ONGC,181.45,2023-10-06 05:30:00,183.5,180.6,2023-10,183.5,5759904
C:\Users\v-dhramaraj\Desktop\Python\Projects\Assignment2_StockAnalysis\Data-20250430T011355Z-1-001\Data\data\2023-10,ONGC,181.7,2023-10-09 05:30:00,184.7,181.25,2023-10,182.9,14622727
C:\Users\v-dhramaraj\Desktop\Python\Projects\Assignment2_StockAnalysis\Data-20250430T011355Z-1-001\Data\data\2023-10,ONGC,183.5,2023-10-10 05:30:00,184.5,182.05,2023-10,182.3,11819690
C:\Users\v-dhramaraj\Desktop\Python\Projects\Assignment2_StockAnalysis\Data-20250430T011355Z-1-001\Data\data\2023-10,ONGC,183.25,2023-10-11 05:30:00,184.7,182.75,2023-10,184.4,8499601
C:\Users\v-dhramaraj\Desktop\Python\Projects\Assignment2_StockAnalysis\Data-20250430T011355Z-1-001\Data\data\2023-10,ONGC,184.45,2023-10-12 05:30:00,184.85,183.0,2023-10,183.2,8677885
C:\Users\v-dhramaraj\Desktop\Python\Projects\Assignment2_StockAnalysis\Data-20250430T011355Z-1-001\Data\data\2023-10,ONGC,184.9,2023-10-13 05:30:00,186.25,184.05,2023-10,184.5,7435899
C:\Users\v-dhramaraj\Desktop\Python\Projects\Assignment2_StockAnalysis\Data-20250430T011355Z-1-001\Data\data\2023-10,ONGC,186.55,2023-10-16 05:30:00,188.2,186.25,2023-10,187.95,12376549
C:\Users\v-dhramaraj\Desktop\Python\Projects\Assignment2_StockAnalysis\Data-20250430T011355Z-1-001\Data\data\2023-10,ONGC,186.25,2023-10-17 05:30:00,187.05,185.55,2023-10,187.0,4381065
C:\Users\v-dhramaraj\Desktop\Python\Projects\Assignment2_StockAnalysis\Data-20250430T011355Z-1-001\Data\data\2023-10,ONGC,186.95,2023-10-18 05:30:00,188.05,186.05,2023-10,188.0,10181113
C:\Users\v-dhramaraj\Desktop\Python\Projects\Assignment2_StockAnalysis\Data-20250430T011355Z-1-001\Data\data\2023-10,ONGC,186.3,2023-10-19 05:30:00,186.65,185.05,2023-10,186.0,9148124
C:\Users\v-dhramaraj\Desktop\Python\Projects\Assignment2_StockAnalysis\Data-20250430T011355Z-1-001\Data\data\2023-10,ONGC,186.2,2023-10-20 05:30:00,187.3,185.15,2023-10,187.0,7912216
C:\Users\v-dhramaraj\Desktop\Python\Projects\Assignment2_StockAnalysis\Data-20250430T011355Z-1-001\Data\data\2023-10,ONGC,184.85,2023-10-23 05:30:00,185.95,184.2,2023-10,185.95,4723090
C:\Users\v-dhramaraj\Desktop\Python\Projects\Assignment2_StockAnalysis\Data-20250430T011355Z-1-001\Data\data\2023-10,ONGC,184.35,2023-10-25 05:30:00,185.85,183.0,2023-10,184.85,6812004
C:\Users\v-dhramaraj\Desktop\Python\Projects\Assignment2_StockAnalysis\Data-20250430T011355Z-1-001\Data\data\2023-10,ONGC,180.9,2023-10-26 05:30:00,184.15,179.9,2023-10,183.5,8474867
C:\Users\v-dhramaraj\Desktop\Python\Projects\Assignment2_StockAnalysis\Data-20250430T011355Z-1-001\Data\data\2023-10,ONGC,184.75,2023-10-27 05:30:00,185.8,180.3,2023-10,181.0,6422123
C:\Users\v-dhramaraj\Desktop\Python\Projects\Assignment2_StockAnalysis\Data-20250430T011355Z-1-001\Data\data\2023-10,ONGC,188.8,2023-10-30 05:30:00,189.2,184.6,2023-10,185.0,7352638
C:\Users\v-dhramaraj\Desktop\Python\Projects\Assignment2_StockAnalysis\Data-20250430T011355Z-1-001\Data\data\2023-10,ONGC,186.15,2023-10-31 05:30:00,189.8,184.2,2023-10,189.2,9404675
C:\Users\v-dhramaraj\Desktop\Python\Projects\Assignment2_StockAnalysis\Data-20250430T011355Z-1-001\Data\data\2023-11,ONGC,186.7,2023-11-01 05:30:00,188.8,185.05,2023-11,186.15,9167869
C:\Users\v-dhramaraj\Desktop\Python\Projects\Assignment2_StockAnalysis\Data-20250430T011355Z-1-001\Data\data\2023-11,ONGC,186.2,2023-11-02 05:30:00,187.65,185.75,2023-11,187.0,11471209
C:\Users\v-dhramaraj\Desktop\Python\Projects\Assignment2_StockAnalysis\Data-20250430T011355Z-1-001\Data\data\2023-11,ONGC,190.0,2023-11-03 05:30:00,190.65,185.8,2023-11,186.65,7464912
C:\Users\v-dhramaraj\Desktop\Python\Projects\Assignment2_StockAnalysis\Data-20250430T011355Z-1-001\Data\data\2023-11,ONGC,193.3,2023-11-06 05:30:00,194.2,189.55,2023-11,190.2,8962124
C:\Users\v-dhramaraj\Desktop\Python\Projects\Assignment2_StockAnalysis\Data-20250430T011355Z-1-001\Data\data\2023-11,ONGC,193.2,2023-11-07 05:30:00,198.0,192.35,2023-11,193.4,13921916
C:\Users\v-dhramaraj\Desktop\Python\Projects\Assignment2_StockAnalysis\Data-20250430T011355Z-1-001\Data\data\2023-11,ONGC,195.35,2023-11-08 05:30:00,196.55,192.3,2023-11,193.7,10186886
C:\Users\v-dhramaraj\Desktop\Python\Projects\Assignment2_StockAnalysis\Data-20250430T011355Z-1-001\Data\data\2023-11,ONGC,192.7,2023-11-09 05:30:00,196.7,192.2,2023-11,196.5,5303833
C:\Users\v-dhramaraj\Desktop\Python\Projects\Assignment2_StockAnalysis\Data-20250430T011355Z-1-001\Data\data\2023-11,ONGC,195.9,2023-11-10 05:30:00,196.5,192.7,2023-11,192.7,6025889
C:\Users\v-dhramaraj\Desktop\Python\Projects\Assignment2_StockAnalysis\Data-20250430T011355Z-1-001\Data\data\2023-11,ONGC,196.75,2023-11-12 05:30:00,198.8,195.9,2023-11,198.8,2988611
C:\Users\v-dhramaraj\Desktop\Python\Projects\Assignment2_StockAnalysis\Data-20250430T011355Z-1-001\Data\data\2023-11,ONGC,195.8,2023-11-13 05:30:00,197.3,194.1,2023-11,195.9,11181086
C:\Users\v-dhramaraj\Desktop\Python\Projects\Assignment2_StockAnalysis\Data-20250430T011355Z-1-001\Data\data\2023-11,ONGC,199.5,2023-11-15 05:30:00,203.0,197.65,2023-11,198.5,19769385
C:\Users\v-dhramaraj\Desktop\Python\Projects\Assignment2_StockAnalysis\Data-20250430T011355Z-1-001\Data\data\2023-11,ONGC,201.8,2023-11-16 05:30:00,203.4,201.0,2023-11,202.5,18629240
C:\Users\v-dhramaraj\Desktop\Python\Projects\Assignment2_StockAnalysis\Data-20250430T011355Z-1-001\Data\data\2023-11,ONGC,196.35,2023-11-17 05:30:00,201.25,195.55,2023-11,200.85,13199928
C:\Users\v-dhramaraj\Desktop\Python\Projects\Assignment2_StockAnalysis\Data-20250430T011355Z-1-001\Data\data\2023-11,ONGC,197.85,2023-11-20 05:30:00,198.5,197.0,2023-11,198.0,6423265
C:\Users\v-dhramaraj\Desktop\Python\Projects\Assignment2_StockAnalysis\Data-20250430T011355Z-1-001\Data\data\2023-11,ONGC,191.2,2023-11-21 05:30:00,193.95,191.0,2023-11,193.0,10720353
C:\Users\v-dhramaraj\Desktop\Python\Projects\Assignment2_StockAnalysis\Data-20250430T011355Z-1-001\Data\data\2023-11,ONGC,191.0,2023-11-22 05:30:00,191.85,189.75,2023-11,191.2,7538825
C:\Users\v-dhramaraj\Desktop\Python\Projects\Assignment2_StockAnalysis\Data-20250430T011355Z-1-001\Data\data\2023-11,ONGC,190.65,2023-11-23 05:30:00,191.75,189.6,2023-11,191.0,6541617
C:\Users\v-dhramaraj\Desktop\Python\Projects\Assignment2_StockAnalysis\Data-20250430T011355Z-1-001\Data\data\2023-11,ONGC,188.85,2023-11-24 05:30:00,191.85,188.15,2023-11,190.85,5751331
C:\Users\v-dhramaraj\Desktop\Python\Projects\Assignment2_StockAnalysis\Data-20250430T011355Z-1-001\Data\data\2023-11,ONGC,193.95,2023-11-28 05:30:00,194.45,188.4,2023-11,188.85,9277764
C:\Users\v-dhramaraj\Desktop\Python\Projects\Assignment2_StockAnalysis\Data-20250430T011355Z-1-001\Data\data\2023-11,ONGC,192.0,2023-11-29 05:30:00,195.5,191.7,2023-11,195.5,8791333
C:\Users\v-dhramaraj\Desktop\Python\Projects\Assignment2_StockAnalysis\Data-20250430T011355Z-1-001\Data\data\2023-11,ONGC,194.95,2023-11-30 05:30:00,195.65,192.05,2023-11,192.65,14965403
C:\Users\v-dhramaraj\Desktop\Python\Projects\Assignment2_StockAnalysis\Data-20250430T011355Z-1-001\Data\data\2023-12,ONGC,194.55,2023-12-01 05:30:00,198.25,194.25,2023-12,195.25,9935740
C:\Users\v-dhramaraj\Desktop\Python\Projects\Assignment2_StockAnalysis\Data-20250430T011355Z-1-001\Data\data\2023-12,ONGC,202.05,2023-12-04 05:30:00,205.9,196.05,2023-12,196.5,28615290
C:\Users\v-dhramaraj\Desktop\Python\Projects\Assignment2_StockAnalysis\Data-20250430T011355Z-1-001\Data\data\2023-12,ONGC,202.05,2023-12-05 05:30:00,203.95,199.15,2023-12,202.2,14557746
C:\Users\v-dhramaraj\Desktop\Python\Projects\Assignment2_StockAnalysis\Data-20250430T011355Z-1-001\Data\data\2023-12,ONGC,201.95,2023-12-06 05:30:00,203.75,199.1,2023-12,203.75,12662213
C:\Users\v-dhramaraj\Desktop\Python\Projects\Assignment2_StockAnalysis\Data-20250430T011355Z-1-001\Data\data\2023-12,ONGC,198.9,2023-12-07 05:30:00,200.9,196.05,2023-12,200.9,16425880
C:\Users\v-dhramaraj\Desktop\Python\Projects\Assignment2_StockAnalysis\Data-20250430T011355Z-1-001\Data\data\2023-12,ONGC,195.95,2023-12-08 05:30:00,200.3,194.1,2023-12,199.85,10414387
C:\Users\v-dhramaraj\Desktop\Python\Projects\Assignment2_StockAnalysis\Data-20250430T011355Z-1-001\Data\data\2023-12,ONGC,197.8,2023-12-11 05:30:00,200.85,194.25,2023-12,197.05,10108266
C:\Users\v-dhramaraj\Desktop\Python\Projects\Assignment2_StockAnalysis\Data-20250430T011355Z-1-001\Data\data\2023-12,ONGC,195.4,2023-12-12 05:30:00,197.8,194.55,2023-12,196.95,10719911
C:\Users\v-dhramaraj\Desktop\Python\Projects\Assignment2_StockAnalysis\Data-20250430T011355Z-1-001\Data\data\2023-12,ONGC,193.15,2023-12-13 05:30:00,195.4,192.05,2023-12,195.4,10892122
C:\Users\v-dhramaraj\Desktop\Python\Projects\Assignment2_StockAnalysis\Data-20250430T011355Z-1-001\Data\data\2023-12,ONGC,195.95,2023-12-14 05:30:00,196.3,193.25,2023-12,195.9,15257294
C:\Users\v-dhramaraj\Desktop\Python\Projects\Assignment2_StockAnalysis\Data-20250430T011355Z-1-001\Data\data\2023-12,ONGC,201.05,2023-12-15 05:30:00,201.95,196.85,2023-12,197.25,22863981
C:\Users\v-dhramaraj\Desktop\Python\Projects\Assignment2_StockAnalysis\Data-20250430T011355Z-1-001\Data\data\2023-12,ONGC,199.0,2023-12-18 05:30:00,201.65,197.35,2023-12,201.05,8061011
C:\Users\v-dhramaraj\Desktop\Python\Projects\Assignment2_StockAnalysis\Data-20250430T011355Z-1-001\Data\data\2023-12,ONGC,200.3,2023-12-19 05:30:00,203.55,199.3,2023-12,202.0,16739742
C:\Users\v-dhramaraj\Desktop\Python\Projects\Assignment2_StockAnalysis\Data-20250430T011355Z-1-001\Data\data\2023-12,ONGC,203.2,2023-12-20 05:30:00,212.0,200.95,2023-12,201.75,57762576
C:\Users\v-dhramaraj\Desktop\Python\Projects\Assignment2_StockAnalysis\Data-20250430T011355Z-1-001\Data\data\2023-12,ONGC,202.65,2023-12-21 05:30:00,206.75,201.2,2023-12,203.95,22823936
C:\Users\v-dhramaraj\Desktop\Python\Projects\Assignment2_StockAnalysis\Data-20250430T011355Z-1-001\Data\data\2023-12,ONGC,203.95,2023-12-22 05:30:00,204.5,201.8,2023-12,204.0,9910694
C:\Users\v-dhramaraj\Desktop\Python\Projects\Assignment2_StockAnalysis\Data-20250430T011355Z-1-001\Data\data\2023-12,ONGC,207.35,2023-12-26 05:30:00,208.5,203.65,2023-12,204.5,17052969
C:\Users\v-dhramaraj\Desktop\Python\Projects\Assignment2_StockAnalysis\Data-20250430T011355Z-1-001\Data\data\2023-12,ONGC,205.55,2023-12-27 05:30:00,209.9,204.5,2023-12,209.5,20361303
C:\Users\v-dhramaraj\Desktop\Python\Projects\Assignment2_StockAnalysis\Data-20250430T011355Z-1-001\Data\data\2023-12,ONGC,208.3,2023-12-28 05:30:00,208.9,205.35,2023-12,206.5,22010872
C:\Users\v-dhramaraj\Desktop\Python\Projects\Assignment2_StockAnalysis\Data-20250430T011355Z-1-001\Data\data\2023-12,ONGC,205.05,2023-12-29 05:30:00,208.0,204.25,2023-12,208.0,12171663
C:\Users\v-dhramaraj\Desktop\Python\Projects\Assignment2_StockAnalysis\Data-20250430T011355Z-1-001\Data\data\2024-01,ONGC,205.35,2024-01-01 05:30:00,207.1,204.75,2024-01,206.0,4820168
C:\Users\v-dhramaraj\Desktop\Python\Projects\Assignment2_StockAnalysis\Data-20250430T011355Z-1-001\Data\data\2024-01,ONGC,207.05,2024-01-02 05:30:00,210.75,203.65,2024-01,205.35,21141219
C:\Users\v-dhramaraj\Desktop\Python\Projects\Assignment2_StockAnalysis\Data-20250430T011355Z-1-001\Data\data\2024-01,ONGC,208.25,2024-01-03 05:30:00,210.45,204.5,2024-01,205.5,11650902
C:\Users\v-dhramaraj\Desktop\Python\Projects\Assignment2_StockAnalysis\Data-20250430T011355Z-1-001\Data\data\2024-01,ONGC,214.65,2024-01-04 05:30:00,215.4,209.3,2024-01,210.5,31054419
C:\Users\v-dhramaraj\Desktop\Python\Projects\Assignment2_StockAnalysis\Data-20250430T011355Z-1-001\Data\data\2024-01,ONGC,216.45,2024-01-05 05:30:00,217.5,213.05,2024-01,215.45,20743811
C:\Users\v-dhramaraj\Desktop\Python\Projects\Assignment2_StockAnalysis\Data-20250430T011355Z-1-001\Data\data\2024-01,ONGC,217.95,2024-01-08 05:30:00,220.8,217.1,2024-01,218.0,19310595
C:\Users\v-dhramaraj\Desktop\Python\Projects\Assignment2_StockAnalysis\Data-20250430T011355Z-1-001\Data\data\2024-01,ONGC,216.65,2024-01-09 05:30:00,221.45,215.95,2024-01,221.0,11951525
C:\Users\v-dhramaraj\Desktop\Python\Projects\Assignment2_StockAnalysis\Data-20250430T011355Z-1-001\Data\data\2024-01,ONGC,212.1,2024-01-10 05:30:00,215.0,209.7,2024-01,215.0,16500666
C:\Users\v-dhramaraj\Desktop\Python\Projects\Assignment2_StockAnalysis\Data-20250430T011355Z-1-001\Data\data\2024-01,ONGC,211.85,2024-01-11 05:30:00,214.0,210.85,2024-01,214.0,12586419
C:\Users\v-dhramaraj\Desktop\Python\Projects\Assignment2_StockAnalysis\Data-20250430T011355Z-1-001\Data\data\2024-01,ONGC,223.4,2024-01-12 05:30:00,224.75,212.35,2024-01,213.8,39228118
C:\Users\v-dhramaraj\Desktop\Python\Projects\Assignment2_StockAnalysis\Data-20250430T011355Z-1-001\Data\data\2024-01,ONGC,233.5,2024-01-15 05:30:00,235.45,224.65,2024-01,228.5,57884916
C:\Users\v-dhramaraj\Desktop\Python\Projects\Assignment2_StockAnalysis\Data-20250430T011355Z-1-001\Data\data\2024-01,ONGC,235.1,2024-01-16 05:30:00,238.95,231.1,2024-01,234.95,34505065
C:\Users\v-dhramaraj\Desktop\Python\Projects\Assignment2_StockAnalysis\Data-20250430T011355Z-1-001\Data\data\2024-01,ONGC,232.05,2024-01-17 05:30:00,237.25,230.7,2024-01,232.2,26010955
C:\Users\v-dhramaraj\Desktop\Python\Projects\Assignment2_StockAnalysis\Data-20250430T011355Z-1-001\Data\data\2024-01,ONGC,233.55,2024-01-18 05:30:00,234.5,224.65,2024-01,230.05,19232183
C:\Users\v-dhramaraj\Desktop\Python\Projects\Assignment2_StockAnalysis\Data-20250430T011355Z-1-001\Data\data\2024-01,ONGC,242.05,2024-01-19 05:30:00,242.55,235.0,2024-01,236.0,26391844
C:\Users\v-dhramaraj\Desktop\Python\Projects\Assignment2_StockAnalysis\Data-20250430T011355Z-1-001\Data\data\2024-01,ONGC,242.05,2024-01-20 05:30:00,245.45,240.45,2024-01,243.0,15133785
C:\Users\v-dhramaraj\Desktop\Python\Projects\Assignment2_StockAnalysis\Data-20250430T011355Z-1-001\Data\data\2024-01,ONGC,229.9,2024-01-23 05:30:00,245.65,228.0,2024-01,245.0,20282617
C:\Users\v-dhramaraj\Desktop\Python\Projects\Assignment2_StockAnalysis\Data-20250430T011355Z-1-001\Data\data\2024-01,ONGC,234.35,2024-01-24 05:30:00,235.0,228.1,2024-01,231.0,14458601
C:\Users\v-dhramaraj\Desktop\Python\Projects\Assignment2_StockAnalysis\Data-20250430T011355Z-1-001\Data\data\2024-01,ONGC,234.05,2024-01-25 05:30:00,237.5,232.8,2024-01,235.0,18291957
C:\Users\v-dhramaraj\Desktop\Python\Projects\Assignment2_StockAnalysis\Data-20250430T011355Z-1-001\Data\data\2024-01,ONGC,252.5,2024-01-29 05:30:00,254.95,239.1,2024-01,241.0,54127939
C:\Users\v-dhramaraj\Desktop\Python\Projects\Assignment2_StockAnalysis\Data-20250430T011355Z-1-001\Data\data\2024-01,ONGC,249.2,2024-01-30 05:30:00,263.3,248.65,2024-01,256.5,51491099
C:\Users\v-dhramaraj\Desktop\Python\Projects\Assignment2_StockAnalysis\Data-20250430T011355Z-1-001\Data\data\2024-01,ONGC,252.25,2024-01-31 05:30:00,254.35,246.3,2024-01,250.45,33293192
C:\Users\v-dhramaraj\Desktop\Python\Projects\Assignment2_StockAnalysis\Data-20250430T011355Z-1-001\Data\data\2024-02,ONGC,247.65,2024-02-01 05:30:00,254.65,245.45,2024-02,254.65,29758133
C:\Users\v-dhramaraj\Desktop\Python\Projects\Assignment2_StockAnalysis\Data-20250430T011355Z-1-001\Data\data\2024-02,ONGC,257.25,2024-02-02 05:30:00,260.0,249.0,2024-02,250.0,30482663
C:\Users\v-dhramaraj\Desktop\Python\Projects\Assignment2_StockAnalysis\Data-20250430T011355Z-1-001\Data\data\2024-02,ONGC,262.95,2024-02-05 05:30:00,268.05,255.1,2024-02,260.05,34001868
C:\Users\v-dhramaraj\Desktop\Python\Projects\Assignment2_StockAnalysis\Data-20250430T011355Z-1-001\Data\data\2024-02,ONGC,272.3,2024-02-06 05:30:00,273.4,260.2,2024-02,265.35,36708949
C:\Users\v-dhramaraj\Desktop\Python\Projects\Assignment2_StockAnalysis\Data-20250430T011355Z-1-001\Data\data\2024-02,ONGC,271.9,2024-02-07 05:30:00,275.65,267.55,2024-02,275.0,23756939
C:\Users\v-dhramaraj\Desktop\Python\Projects\Assignment2_StockAnalysis\Data-20250430T011355Z-1-001\Data\data\2024-02,ONGC,273.15,2024-02-08 05:30:00,275.65,269.1,2024-02,273.05,25252940
C:\Users\v-dhramaraj\Desktop\Python\Projects\Assignment2_StockAnalysis\Data-20250430T011355Z-1-001\Data\data\2024-02,ONGC,267.55,2024-02-09 05:30:00,275.65,259.15,2024-02,275.0,26743792
C:\Users\v-dhramaraj\Desktop\Python\Projects\Assignment2_StockAnalysis\Data-20250430T011355Z-1-001\Data\data\2024-02,ONGC,257.9,2024-02-12 05:30:00,266.6,256.8,2024-02,261.95,30906374
C:\Users\v-dhramaraj\Desktop\Python\Projects\Assignment2_StockAnalysis\Data-20250430T011355Z-1-001\Data\data\2024-02,ONGC,259.5,2024-02-13 05:30:00,262.4,254.7,2024-02,258.0,20711842
C:\Users\v-dhramaraj\Desktop\Python\Projects\Assignment2_StockAnalysis\Data-20250430T011355Z-1-001\Data\data\2024-02,ONGC,268.85,2024-02-14 05:30:00,269.65,256.0,2024-02,258.0,36168962
C:\Users\v-dhramaraj\Desktop\Python\Projects\Assignment2_StockAnalysis\Data-20250430T011355Z-1-001\Data\data\2024-02,ONGC,277.3,2024-02-15 05:30:00,279.85,269.0,2024-02,271.65,32831246
C:\Users\v-dhramaraj\Desktop\Python\Projects\Assignment2_StockAnalysis\Data-20250430T011355Z-1-001\Data\data\2024-02,ONGC,274.7,2024-02-16 05:30:00,278.0,270.35,2024-02,275.15,27044984
C:\Users\v-dhramaraj\Desktop\Python\Projects\Assignment2_StockAnalysis\Data-20250430T011355Z-1-001\Data\data\2024-02,ONGC,274.65,2024-02-19 05:30:00,279.05,272.4,2024-02,274.7,15322964
C:\Users\v-dhramaraj\Desktop\Python\Projects\Assignment2_StockAnalysis\Data-20250430T011355Z-1-001\Data\data\2024-02,ONGC,276.6,2024-02-20 05:30:00,281.15,274.05,2024-02,274.8,18968785
C:\Users\v-dhramaraj\Desktop\Python\Projects\Assignment2_StockAnalysis\Data-20250430T011355Z-1-001\Data\data\2024-02,ONGC,272.95,2024-02-21 05:30:00,281.1,271.6,2024-02,276.0,16340579
C:\Users\v-dhramaraj\Desktop\Python\Projects\Assignment2_StockAnalysis\Data-20250430T011355Z-1-001\Data\data\2024-02,ONGC,274.7,2024-02-22 05:30:00,276.0,268.5,2024-02,273.85,16791453
C:\Users\v-dhramaraj\Desktop\Python\Projects\Assignment2_StockAnalysis\Data-20250430T011355Z-1-001\Data\data\2024-02,ONGC,272.2,2024-02-23 05:30:00,276.0,271.1,2024-02,274.9,9464646
C:\Users\v-dhramaraj\Desktop\Python\Projects\Assignment2_StockAnalysis\Data-20250430T011355Z-1-001\Data\data\2024-02,ONGC,269.85,2024-02-26 05:30:00,271.9,267.8,2024-02,271.9,8661999
C:\Users\v-dhramaraj\Desktop\Python\Projects\Assignment2_StockAnalysis\Data-20250430T011355Z-1-001\Data\data\2024-02,ONGC,269.35,2024-02-27 05:30:00,270.2,264.95,2024-02,268.05,19582774
C:\Users\v-dhramaraj\Desktop\Python\Projects\Assignment2_StockAnalysis\Data-20250430T011355Z-1-001\Data\data\2024-02,ONGC,265.75,2024-02-28 05:30:00,270.3,264.6,2024-02,270.0,9118196
C:\Users\v-dhramaraj\Desktop\Python\Projects\Assignment2_StockAnalysis\Data-20250430T011355Z-1-001\Data\data\2024-02,ONGC,264.6,2024-02-29 05:30:00,266.35,261.5,2024-02,265.0,17179832
C:\Users\v-dhramaraj\Desktop\Python\Projects\Assignment2_StockAnalysis\Data-20250430T011355Z-1-001\Data\data\2024-03,ONGC,270.55,2024-03-01 05:30:00,272.95,266.5,2024-03,266.5,12930057
C:\Users\v-dhramaraj\Desktop\Python\Projects\Assignment2_StockAnalysis\Data-20250430T011355Z-1-001\Data\data\2024-03,ONGC,271.9,2024-03-02 05:30:00,272.9,271.35,2024-03,272.0,864693
C:\Users\v-dhramaraj\Desktop\Python\Projects\Assignment2_StockAnalysis\Data-20250430T011355Z-1-001\Data\data\2024-03,ONGC,279.2,2024-03-04 05:30:00,280.55,272.5,2024-03,272.75,22280353
C:\Users\v-dhramaraj\Desktop\Python\Projects\Assignment2_StockAnalysis\Data-20250430T011355Z-1-001\Data\data\2024-03,ONGC,283.75,2024-03-05 05:30:00,284.95,276.65,2024-03,280.0,18544484
C:\Users\v-dhramaraj\Desktop\Python\Projects\Assignment2_StockAnalysis\Data-20250430T011355Z-1-001\Data\data\2024-03,ONGC,280.25,2024-03-06 05:30:00,284.3,273.55,2024-03,284.3,16807149
C:\Users\v-dhramaraj\Desktop\Python\Projects\Assignment2_StockAnalysis\Data-20250430T011355Z-1-001\Data\data\2024-03,ONGC,278.1,2024-03-07 05:30:00,284.35,277.25,2024-03,280.25,11386963
C:\Users\v-dhramaraj\Desktop\Python\Projects\Assignment2_StockAnalysis\Data-20250430T011355Z-1-001\Data\data\2024-03,ONGC,274.0,2024-03-11 05:30:00,280.5,273.2,2024-03,278.1,10684598
C:\Users\v-dhramaraj\Desktop\Python\Projects\Assignment2_StockAnalysis\Data-20250430T011355Z-1-001\Data\data\2024-03,ONGC,270.4,2024-03-12 05:30:00,275.6,269.05,2024-03,274.0,13780189
C:\Users\v-dhramaraj\Desktop\Python\Projects\Assignment2_StockAnalysis\Data-20250430T011355Z-1-001\Data\data\2024-03,ONGC,255.35,2024-03-13 05:30:00,271.0,252.75,2024-03,270.8,20079496
C:\Users\v-dhramaraj\Desktop\Python\Projects\Assignment2_StockAnalysis\Data-20250430T011355Z-1-001\Data\data\2024-03,ONGC,263.25,2024-03-14 05:30:00,264.35,251.2,2024-03,252.5,21404057
C:\Users\v-dhramaraj\Desktop\Python\Projects\Assignment2_StockAnalysis\Data-20250430T011355Z-1-001\Data\data\2024-03,ONGC,258.75,2024-03-15 05:30:00,266.4,248.9,2024-03,263.95,34961065
C:\Users\v-dhramaraj\Desktop\Python\Projects\Assignment2_StockAnalysis\Data-20250430T011355Z-1-001\Data\data\2024-03,ONGC,261.6,2024-03-18 05:30:00,263.05,257.55,2024-03,258.95,9246173
C:\Users\v-dhramaraj\Desktop\Python\Projects\Assignment2_StockAnalysis\Data-20250430T011355Z-1-001\Data\data\2024-03,ONGC,259.25,2024-03-19 05:30:00,263.95,256.65,2024-03,262.0,8758348
C:\Users\v-dhramaraj\Desktop\Python\Projects\Assignment2_StockAnalysis\Data-20250430T011355Z-1-001\Data\data\2024-03,ONGC,263.85,2024-03-20 05:30:00,264.6,257.2,2024-03,259.45,10484778
C:\Users\v-dhramaraj\Desktop\Python\Projects\Assignment2_StockAnalysis\Data-20250430T011355Z-1-001\Data\data\2024-03,ONGC,262.95,2024-03-21 05:30:00,266.95,262.35,2024-03,264.7,12163200
C:\Users\v-dhramaraj\Desktop\Python\Projects\Assignment2_StockAnalysis\Data-20250430T011355Z-1-001\Data\data\2024-03,ONGC,263.25,2024-03-22 05:30:00,265.25,258.45,2024-03,262.95,13025089
C:\Users\v-dhramaraj\Desktop\Python\Projects\Assignment2_StockAnalysis\Data-20250430T011355Z-1-001\Data\data\2024-03,ONGC,265.5,2024-03-26 05:30:00,267.9,259.3,2024-03,261.65,10830926
C:\Users\v-dhramaraj\Desktop\Python\Projects\Assignment2_StockAnalysis\Data-20250430T011355Z-1-001\Data\data\2024-03,ONGC,261.75,2024-03-27 05:30:00,268.2,259.65,2024-03,265.0,28563001
C:\Users\v-dhramaraj\Desktop\Python\Projects\Assignment2_StockAnalysis\Data-20250430T011355Z-1-001\Data\data\2024-03,ONGC,268.05,2024-03-28 05:30:00,271.0,261.95,2024-03,262.45,18888942
C:\Users\v-dhramaraj\Desktop\Python\Projects\Assignment2_StockAnalysis\Data-20250430T011355Z-1-001\Data\data\2024-04,ONGC,269.9,2024-04-01 05:30:00,271.5,267.8,2024-04,268.05,6440401
C:\Users\v-dhramaraj\Desktop\Python\Projects\Assignment2_StockAnalysis\Data-20250430T011355Z-1-001\Data\data\2024-04,ONGC,272.5,2024-04-02 05:30:00,274.05,269.45,2024-04,270.1,14439120
C:\Users\v-dhramaraj\Desktop\Python\Projects\Assignment2_StockAnalysis\Data-20250430T011355Z-1-001\Data\data\2024-04,ONGC,275.35,2024-04-03 05:30:00,279.0,273.85,2024-04,275.05,22600929
C:\Users\v-dhramaraj\Desktop\Python\Projects\Assignment2_StockAnalysis\Data-20250430T011355Z-1-001\Data\data\2024-04,ONGC,269.0,2024-04-04 05:30:00,278.65,265.35,2024-04,278.65,24624383
C:\Users\v-dhramaraj\Desktop\Python\Projects\Assignment2_StockAnalysis\Data-20250430T011355Z-1-001\Data\data\2024-04,ONGC,267.95,2024-04-05 05:30:00,271.9,266.5,2024-04,267.85,13029904
C:\Users\v-dhramaraj\Desktop\Python\Projects\Assignment2_StockAnalysis\Data-20250430T011355Z-1-001\Data\data\2024-04,ONGC,270.4,2024-04-08 05:30:00,272.0,266.6,2024-04,267.55,13011300
C:\Users\v-dhramaraj\Desktop\Python\Projects\Assignment2_StockAnalysis\Data-20250430T011355Z-1-001\Data\data\2024-04,ONGC,268.95,2024-04-09 05:30:00,272.65,268.0,2024-04,270.0,13173933
C:\Users\v-dhramaraj\Desktop\Python\Projects\Assignment2_StockAnalysis\Data-20250430T011355Z-1-001\Data\data\2024-04,ONGC,272.0,2024-04-10 05:30:00,273.2,269.15,2024-04,269.95,11137195
C:\Users\v-dhramaraj\Desktop\Python\Projects\Assignment2_StockAnalysis\Data-20250430T011355Z-1-001\Data\data\2024-04,ONGC,265.7,2024-04-12 05:30:00,272.5,265.0,2024-04,271.9,21894584
C:\Users\v-dhramaraj\Desktop\Python\Projects\Assignment2_StockAnalysis\Data-20250430T011355Z-1-001\Data\data\2024-04,ONGC,279.85,2024-04-15 05:30:00,282.95,267.1,2024-04,269.1,75063828
C:\Users\v-dhramaraj\Desktop\Python\Projects\Assignment2_StockAnalysis\Data-20250430T011355Z-1-001\Data\data\2024-04,ONGC,283.15,2024-04-16 05:30:00,292.55,275.25,2024-04,277.0,79082544
C:\Users\v-dhramaraj\Desktop\Python\Projects\Assignment2_StockAnalysis\Data-20250430T011355Z-1-001\Data\data\2024-04,ONGC,274.15,2024-04-18 05:30:00,287.7,273.35,2024-04,286.0,34136482
C:\Users\v-dhramaraj\Desktop\Python\Projects\Assignment2_StockAnalysis\Data-20250430T011355Z-1-001\Data\data\2024-04,ONGC,275.25,2024-04-19 05:30:00,280.8,274.1,2024-04,276.75,32658724
C:\Users\v-dhramaraj\Desktop\Python\Projects\Assignment2_StockAnalysis\Data-20250430T011355Z-1-001\Data\data\2024-04,ONGC,276.8,2024-04-22 05:30:00,278.0,273.75,2024-04,277.3,14184019
C:\Users\v-dhramaraj\Desktop\Python\Projects\Assignment2_StockAnalysis\Data-20250430T011355Z-1-001\Data\data\2024-04,ONGC,276.8,2024-04-23 05:30:00,278.75,275.55,2024-04,276.85,8799147
C:\Users\v-dhramaraj\Desktop\Python\Projects\Assignment2_StockAnalysis\Data-20250430T011355Z-1-001\Data\data\2024-04,ONGC,279.35,2024-04-24 05:30:00,280.4,276.3,2024-04,277.6,9253985
C:\Users\v-dhramaraj\Desktop\Python\Projects\Assignment2_StockAnalysis\Data-20250430T011355Z-1-001\Data\data\2024-04,ONGC,281.95,2024-04-25 05:30:00,282.6,278.0,2024-04,279.35,17050557
C:\Users\v-dhramaraj\Desktop\Python\Projects\Assignment2_StockAnalysis\Data-20250430T011355Z-1-001\Data\data\2024-04,ONGC,282.9,2024-04-26 05:30:00,286.15,282.2,2024-04,283.0,11070290
C:\Users\v-dhramaraj\Desktop\Python\Projects\Assignment2_StockAnalysis\Data-20250430T011355Z-1-001\Data\data\2024-04,ONGC,283.2,2024-04-29 05:30:00,285.25,282.15,2024-04,283.95,8952420
C:\Users\v-dhramaraj\Desktop\Python\Projects\Assignment2_StockAnalysis\Data-20250430T011355Z-1-001\Data\data\2024-04,ONGC,282.85,2024-04-30 05:30:00,286.35,281.45,2024-04,284.5,10658906
C:\Users\v-dhramaraj\Desktop\Python\Projects\Assignment2_StockAnalysis\Data-20250430T011355Z-1-001\Data\data\2024-05,ONGC,282.8,2024-05-02 05:30:00,284.6,279.05,2024-05,281.0,15677336
C:\Users\v-dhramaraj\Desktop\Python\Projects\Assignment2_StockAnalysis\Data-20250430T011355Z-1-001\Data\data\2024-05,ONGC,286.1,2024-05-03 05:30:00,292.95,284.0,2024-05,284.0,28913016
C:\Users\v-dhramaraj\Desktop\Python\Projects\Assignment2_StockAnalysis\Data-20250430T011355Z-1-001\Data\data\2024-05,ONGC,282.15,2024-05-06 05:30:00,288.75,275.25,2024-05,288.7,15491865
C:\Users\v-dhramaraj\Desktop\Python\Projects\Assignment2_StockAnalysis\Data-20250430T011355Z-1-001\Data\data\2024-05,ONGC,273.6,2024-05-07 05:30:00,285.0,272.0,2024-05,283.9,13179001
C:\Users\v-dhramaraj\Desktop\Python\Projects\Assignment2_StockAnalysis\Data-20250430T011355Z-1-001\Data\data\2024-05,ONGC,276.85,2024-05-08 05:30:00,280.25,272.35,2024-05,273.5,12797721
C:\Users\v-dhramaraj\Desktop\Python\Projects\Assignment2_StockAnalysis\Data-20250430T011355Z-1-001\Data\data\2024-05,ONGC,265.25,2024-05-09 05:30:00,278.55,263.2,2024-05,277.25,14869187
C:\Users\v-dhramaraj\Desktop\Python\Projects\Assignment2_StockAnalysis\Data-20250430T011355Z-1-001\Data\data\2024-05,ONGC,270.25,2024-05-10 05:30:00,271.2,264.45,2024-05,267.0,9530738
C:\Users\v-dhramaraj\Desktop\Python\Projects\Assignment2_StockAnalysis\Data-20250430T011355Z-1-001\Data\data\2024-05,ONGC,266.9,2024-05-13 05:30:00,271.9,262.05,2024-05,271.9,7163239
C:\Users\v-dhramaraj\Desktop\Python\Projects\Assignment2_StockAnalysis\Data-20250430T011355Z-1-001\Data\data\2024-05,ONGC,272.9,2024-05-14 05:30:00,274.65,266.45,2024-05,267.95,9123849
C:\Users\v-dhramaraj\Desktop\Python\Projects\Assignment2_StockAnalysis\Data-20250430T011355Z-1-001\Data\data\2024-05,ONGC,273.45,2024-05-15 05:30:00,276.0,272.5,2024-05,274.5,6368662
C:\Users\v-dhramaraj\Desktop\Python\Projects\Assignment2_StockAnalysis\Data-20250430T011355Z-1-001\Data\data\2024-05,ONGC,277.65,2024-05-16 05:30:00,279.35,273.8,2024-05,276.0,23757779
C:\Users\v-dhramaraj\Desktop\Python\Projects\Assignment2_StockAnalysis\Data-20250430T011355Z-1-001\Data\data\2024-05,ONGC,277.45,2024-05-17 05:30:00,283.4,276.6,2024-05,278.8,11529157
C:\Users\v-dhramaraj\Desktop\Python\Projects\Assignment2_StockAnalysis\Data-20250430T011355Z-1-001\Data\data\2024-05,ONGC,279.0,2024-05-18 05:30:00,281.7,278.45,2024-05,280.3,2010993
C:\Users\v-dhramaraj\Desktop\Python\Projects\Assignment2_StockAnalysis\Data-20250430T011355Z-1-001\Data\data\2024-05,ONGC,280.1,2024-05-21 05:30:00,284.0,278.35,2024-05,281.1,17559555
C:\Users\v-dhramaraj\Desktop\Python\Projects\Assignment2_StockAnalysis\Data-20250430T011355Z-1-001\Data\data\2024-05,ONGC,278.0,2024-05-22 05:30:00,284.0,276.9,2024-05,284.0,17935064
C:\Users\v-dhramaraj\Desktop\Python\Projects\Assignment2_StockAnalysis\Data-20250430T011355Z-1-001\Data\data\2024-05,ONGC,283.45,2024-05-23 05:30:00,284.55,279.1,2024-05,279.95,17719819
C:\Users\v-dhramaraj\Desktop\Python\Projects\Assignment2_StockAnalysis\Data-20250430T011355Z-1-001\Data\data\2024-05,ONGC,283.25,2024-05-24 05:30:00,285.95,281.85,2024-05,284.0,11041667
C:\Users\v-dhramaraj\Desktop\Python\Projects\Assignment2_StockAnalysis\Data-20250430T011355Z-1-001\Data\data\2024-05,ONGC,277.65,2024-05-27 05:30:00,284.2,275.7,2024-05,284.0,13719808
C:\Users\v-dhramaraj\Desktop\Python\Projects\Assignment2_StockAnalysis\Data-20250430T011355Z-1-001\Data\data\2024-05,ONGC,274.3,2024-05-28 05:30:00,279.3,273.05,2024-05,279.3,6927361
C:\Users\v-dhramaraj\Desktop\Python\Projects\Assignment2_StockAnalysis\Data-20250430T011355Z-1-001\Data\data\2024-05,ONGC,271.85,2024-05-29 05:30:00,273.8,270.25,2024-05,273.8,8327205
C:\Users\v-dhramaraj\Desktop\Python\Projects\Assignment2_StockAnalysis\Data-20250430T011355Z-1-001\Data\data\2024-05,ONGC,266.7,2024-05-30 05:30:00,275.1,265.0,2024-05,273.0,15390964
C:\Users\v-dhramaraj\Desktop\Python\Projects\Assignment2_StockAnalysis\Data-20250430T011355Z-1-001\Data\data\2024-05,ONGC,264.35,2024-05-31 05:30:00,268.45,263.0,2024-05,268.45,24167379
C:\Users\v-dhramaraj\Desktop\Python\Projects\Assignment2_StockAnalysis\Data-20250430T011355Z-1-001\Data\data\2024-06,ONGC,284.1,2024-06-03 05:30:00,286.55,273.2,2024-06,277.95,30195397
C:\Users\v-dhramaraj\Desktop\Python\Projects\Assignment2_StockAnalysis\Data-20250430T011355Z-1-001\Data\data\2024-06,ONGC,236.3,2024-06-04 05:30:00,285.0,223.0,2024-06,285.0,72779900
C:\Users\v-dhramaraj\Desktop\Python\Projects\Assignment2_StockAnalysis\Data-20250430T011355Z-1-001\Data\data\2024-06,ONGC,247.5,2024-06-05 05:30:00,249.75,230.45,2024-06,247.0,37078551
C:\Users\v-dhramaraj\Desktop\Python\Projects\Assignment2_StockAnalysis\Data-20250430T011355Z-1-001\Data\data\2024-06,ONGC,252.3,2024-06-06 05:30:00,259.5,249.25,2024-06,254.0,30881233
C:\Users\v-dhramaraj\Desktop\Python\Projects\Assignment2_StockAnalysis\Data-20250430T011355Z-1-001\Data\data\2024-06,ONGC,260.4,2024-06-07 05:30:00,260.8,251.8,2024-06,253.5,22010688
C:\Users\v-dhramaraj\Desktop\Python\Projects\Assignment2_StockAnalysis\Data-20250430T011355Z-1-001\Data\data\2024-06,ONGC,259.15,2024-06-10 05:30:00,264.0,258.05,2024-06,264.0,14138524
C:\Users\v-dhramaraj\Desktop\Python\Projects\Assignment2_StockAnalysis\Data-20250430T011355Z-1-001\Data\data\2024-06,ONGC,273.55,2024-06-11 05:30:00,275.0,265.25,2024-06,266.85,47270206
C:\Users\v-dhramaraj\Desktop\Python\Projects\Assignment2_StockAnalysis\Data-20250430T011355Z-1-001\Data\data\2024-06,ONGC,275.5,2024-06-12 05:30:00,279.1,274.6,2024-06,278.0,20560662
C:\Users\v-dhramaraj\Desktop\Python\Projects\Assignment2_StockAnalysis\Data-20250430T011355Z-1-001\Data\data\2024-06,ONGC,276.55,2024-06-13 05:30:00,278.0,272.5,2024-06,278.0,16013386
C:\Users\v-dhramaraj\Desktop\Python\Projects\Assignment2_StockAnalysis\Data-20250430T011355Z-1-001\Data\data\2024-06,ONGC,275.4,2024-06-14 05:30:00,278.2,274.6,2024-06,277.0,10642648
C:\Users\v-dhramaraj\Desktop\Python\Projects\Assignment2_StockAnalysis\Data-20250430T011355Z-1-001\Data\data\2024-06,ONGC,275.8,2024-06-18 05:30:00,279.0,274.0,2024-06,278.95,17044769
C:\Users\v-dhramaraj\Desktop\Python\Projects\Assignment2_StockAnalysis\Data-20250430T011355Z-1-001\Data\data\2024-06,ONGC,271.55,2024-06-19 05:30:00,276.6,271.1,2024-06,275.9,13361607
C:\Users\v-dhramaraj\Desktop\Python\Projects\Assignment2_StockAnalysis\Data-20250430T011355Z-1-001\Data\data\2024-06,ONGC,271.85,2024-06-20 05:30:00,274.0,269.1,2024-06,271.8,12826509
C:\Users\v-dhramaraj\Desktop\Python\Projects\Assignment2_StockAnalysis\Data-20250430T011355Z-1-001\Data\data\2024-06,ONGC,269.65,2024-06-21 05:30:00,274.75,268.9,2024-06,271.45,17406416
C:\Users\v-dhramaraj\Desktop\Python\Projects\Assignment2_StockAnalysis\Data-20250430T011355Z-1-001\Data\data\2024-06,ONGC,269.9,2024-06-24 05:30:00,271.25,266.6,2024-06,269.65,7282347
C:\Users\v-dhramaraj\Desktop\Python\Projects\Assignment2_StockAnalysis\Data-20250430T011355Z-1-001\Data\data\2024-06,ONGC,267.0,2024-06-25 05:30:00,270.8,265.0,2024-06,270.1,14425434
C:\Users\v-dhramaraj\Desktop\Python\Projects\Assignment2_StockAnalysis\Data-20250430T011355Z-1-001\Data\data\2024-06,ONGC,267.75,2024-06-26 05:30:00,269.15,264.1,2024-06,266.9,10650910
C:\Users\v-dhramaraj\Desktop\Python\Projects\Assignment2_StockAnalysis\Data-20250430T011355Z-1-001\Data\data\2024-06,ONGC,267.5,2024-06-27 05:30:00,268.1,263.5,2024-06,267.4,22830930
C:\Users\v-dhramaraj\Desktop\Python\Projects\Assignment2_StockAnalysis\Data-20250430T011355Z-1-001\Data\data\2024-06,ONGC,274.2,2024-06-28 05:30:00,275.45,268.35,2024-06,269.0,19532912
C:\Users\v-dhramaraj\Desktop\Python\Projects\Assignment2_StockAnalysis\Data-20250430T011355Z-1-001\Data\data\2024-07,ONGC,272.95,2024-07-01 05:30:00,275.8,271.6,2024-07,275.0,11750972
C:\Users\v-dhramaraj\Desktop\Python\Projects\Assignment2_StockAnalysis\Data-20250430T011355Z-1-001\Data\data\2024-07,ONGC,274.85,2024-07-02 05:30:00,279.8,271.5,2024-07,273.2,24470518
C:\Users\v-dhramaraj\Desktop\Python\Projects\Assignment2_StockAnalysis\Data-20250430T011355Z-1-001\Data\data\2024-07,ONGC,274.7,2024-07-03 05:30:00,277.7,274.0,2024-07,276.0,9125400
C:\Users\v-dhramaraj\Desktop\Python\Projects\Assignment2_StockAnalysis\Data-20250430T011355Z-1-001\Data\data\2024-07,ONGC,277.05,2024-07-04 05:30:00,278.9,273.05,2024-07,275.0,13444669
C:\Users\v-dhramaraj\Desktop\Python\Projects\Assignment2_StockAnalysis\Data-20250430T011355Z-1-001\Data\data\2024-07,ONGC,288.2,2024-07-05 05:30:00,289.3,276.5,2024-07,277.25,39781962
C:\Users\v-dhramaraj\Desktop\Python\Projects\Assignment2_StockAnalysis\Data-20250430T011355Z-1-001\Data\data\2024-07,ONGC,299.15,2024-07-08 05:30:00,303.0,287.35,2024-07,290.0,53136198
C:\Users\v-dhramaraj\Desktop\Python\Projects\Assignment2_StockAnalysis\Data-20250430T011355Z-1-001\Data\data\2024-07,ONGC,297.45,2024-07-09 05:30:00,301.85,293.35,2024-07,300.8,18686252
C:\Users\v-dhramaraj\Desktop\Python\Projects\Assignment2_StockAnalysis\Data-20250430T011355Z-1-001\Data\data\2024-07,ONGC,298.15,2024-07-10 05:30:00,299.8,288.85,2024-07,299.7,19278800
C:\Users\v-dhramaraj\Desktop\Python\Projects\Assignment2_StockAnalysis\Data-20250430T011355Z-1-001\Data\data\2024-07,ONGC,304.75,2024-07-11 05:30:00,307.2,295.15,2024-07,300.0,36020507
C:\Users\v-dhramaraj\Desktop\Python\Projects\Assignment2_StockAnalysis\Data-20250430T011355Z-1-001\Data\data\2024-07,ONGC,307.1,2024-07-12 05:30:00,311.75,304.2,2024-07,306.8,31788101
C:\Users\v-dhramaraj\Desktop\Python\Projects\Assignment2_StockAnalysis\Data-20250430T011355Z-1-001\Data\data\2024-07,ONGC,322.5,2024-07-15 05:30:00,323.65,308.65,2024-07,311.8,51435537
C:\Users\v-dhramaraj\Desktop\Python\Projects\Assignment2_StockAnalysis\Data-20250430T011355Z-1-001\Data\data\2024-07,ONGC,322.65,2024-07-16 05:30:00,327.6,319.75,2024-07,323.6,37468292
C:\Users\v-dhramaraj\Desktop\Python\Projects\Assignment2_StockAnalysis\Data-20250430T011355Z-1-001\Data\data\2024-07,ONGC,331.7,2024-07-18 05:30:00,333.3,321.65,2024-07,325.1,48189915
C:\Users\v-dhramaraj\Desktop\Python\Projects\Assignment2_StockAnalysis\Data-20250430T011355Z-1-001\Data\data\2024-07,ONGC,319.65,2024-07-19 05:30:00,333.2,318.05,2024-07,333.0,26579496
C:\Users\v-dhramaraj\Desktop\Python\Projects\Assignment2_StockAnalysis\Data-20250430T011355Z-1-001\Data\data\2024-07,ONGC,320.8,2024-07-22 05:30:00,323.35,314.5,2024-07,320.0,22234557
C:\Users\v-dhramaraj\Desktop\Python\Projects\Assignment2_StockAnalysis\Data-20250430T011355Z-1-001\Data\data\2024-07,ONGC,314.15,2024-07-23 05:30:00,321.4,297.4,2024-07,320.05,37871058
C:\Users\v-dhramaraj\Desktop\Python\Projects\Assignment2_StockAnalysis\Data-20250430T011355Z-1-001\Data\data\2024-07,ONGC,319.55,2024-07-24 05:30:00,325.75,312.1,2024-07,313.05,28259305
C:\Users\v-dhramaraj\Desktop\Python\Projects\Assignment2_StockAnalysis\Data-20250430T011355Z-1-001\Data\data\2024-07,ONGC,335.8,2024-07-25 05:30:00,337.55,316.1,2024-07,318.05,42054664
C:\Users\v-dhramaraj\Desktop\Python\Projects\Assignment2_StockAnalysis\Data-20250430T011355Z-1-001\Data\data\2024-07,ONGC,331.6,2024-07-26 05:30:00,338.5,330.1,2024-07,336.5,25703985
C:\Users\v-dhramaraj\Desktop\Python\Projects\Assignment2_StockAnalysis\Data-20250430T011355Z-1-001\Data\data\2024-07,ONGC,332.9,2024-07-29 05:30:00,339.55,330.75,2024-07,333.8,26721790
C:\Users\v-dhramaraj\Desktop\Python\Projects\Assignment2_StockAnalysis\Data-20250430T011355Z-1-001\Data\data\2024-07,ONGC,331.9,2024-07-30 05:30:00,338.25,331.0,2024-07,332.0,19792253
C:\Users\v-dhramaraj\Desktop\Python\Projects\Assignment2_StockAnalysis\Data-20250430T011355Z-1-001\Data\data\2024-07,ONGC,334.2,2024-07-31 05:30:00,337.45,329.75,2024-07,332.05,21393361
C:\Users\v-dhramaraj\Desktop\Python\Projects\Assignment2_StockAnalysis\Data-20250430T011355Z-1-001\Data\data\2024-08,ONGC,341.75,2024-08-01 05:30:00,344.7,337.15,2024-08,337.8,36044960
C:\Users\v-dhramaraj\Desktop\Python\Projects\Assignment2_StockAnalysis\Data-20250430T011355Z-1-001\Data\data\2024-08,ONGC,330.1,2024-08-02 05:30:00,338.0,328.65,2024-08,338.0,22939377
C:\Users\v-dhramaraj\Desktop\Python\Projects\Assignment2_StockAnalysis\Data-20250430T011355Z-1-001\Data\data\2024-08,ONGC,310.25,2024-08-05 05:30:00,323.3,306.0,2024-08,320.35,37986023
C:\Users\v-dhramaraj\Desktop\Python\Projects\Assignment2_StockAnalysis\Data-20250430T011355Z-1-001\Data\data\2024-08,ONGC,306.1,2024-08-06 05:30:00,322.45,305.15,2024-08,314.8,28386636
C:\Users\v-dhramaraj\Desktop\Python\Projects\Assignment2_StockAnalysis\Data-20250430T011355Z-1-001\Data\data\2024-08,ONGC,329.1,2024-08-07 05:30:00,330.95,312.0,2024-08,312.4,66110716
C:\Users\v-dhramaraj\Desktop\Python\Projects\Assignment2_StockAnalysis\Data-20250430T011355Z-1-001\Data\data\2024-08,ONGC,322.7,2024-08-08 05:30:00,329.0,321.7,2024-08,329.0,23478224
C:\Users\v-dhramaraj\Desktop\Python\Projects\Assignment2_StockAnalysis\Data-20250430T011355Z-1-001\Data\data\2024-08,ONGC,332.55,2024-08-09 05:30:00,335.85,328.2,2024-08,333.95,29814474
C:\Users\v-dhramaraj\Desktop\Python\Projects\Assignment2_StockAnalysis\Data-20250430T011355Z-1-001\Data\data\2024-08,ONGC,341.3,2024-08-12 05:30:00,344.7,329.9,2024-08,332.75,34754596
C:\Users\v-dhramaraj\Desktop\Python\Projects\Assignment2_StockAnalysis\Data-20250430T011355Z-1-001\Data\data\2024-08,ONGC,335.9,2024-08-13 05:30:00,345.0,332.95,2024-08,344.1,28943385
C:\Users\v-dhramaraj\Desktop\Python\Projects\Assignment2_StockAnalysis\Data-20250430T011355Z-1-001\Data\data\2024-08,ONGC,328.15,2024-08-14 05:30:00,336.5,326.8,2024-08,335.85,17812763
C:\Users\v-dhramaraj\Desktop\Python\Projects\Assignment2_StockAnalysis\Data-20250430T011355Z-1-001\Data\data\2024-08,ONGC,329.6,2024-08-16 05:30:00,335.75,328.65,2024-08,332.55,16584396
C:\Users\v-dhramaraj\Desktop\Python\Projects\Assignment2_StockAnalysis\Data-20250430T011355Z-1-001\Data\data\2024-08,ONGC,335.3,2024-08-19 05:30:00,338.75,333.55,2024-08,335.0,19636518
C:\Users\v-dhramaraj\Desktop\Python\Projects\Assignment2_StockAnalysis\Data-20250430T011355Z-1-001\Data\data\2024-08,ONGC,330.1,2024-08-20 05:30:00,336.0,328.05,2024-08,335.85,14972714
C:\Users\v-dhramaraj\Desktop\Python\Projects\Assignment2_StockAnalysis\Data-20250430T011355Z-1-001\Data\data\2024-08,ONGC,327.7,2024-08-21 05:30:00,331.5,326.5,2024-08,330.65,11835143
C:\Users\v-dhramaraj\Desktop\Python\Projects\Assignment2_StockAnalysis\Data-20250430T011355Z-1-001\Data\data\2024-08,ONGC,324.35,2024-08-22 05:30:00,330.5,323.6,2024-08,328.55,13387819
C:\Users\v-dhramaraj\Desktop\Python\Projects\Assignment2_StockAnalysis\Data-20250430T011355Z-1-001\Data\data\2024-08,ONGC,318.9,2024-08-23 05:30:00,324.8,317.55,2024-08,324.4,13229612
C:\Users\v-dhramaraj\Desktop\Python\Projects\Assignment2_StockAnalysis\Data-20250430T011355Z-1-001\Data\data\2024-08,ONGC,327.85,2024-08-26 05:30:00,329.1,322.8,2024-08,323.5,21346682
C:\Users\v-dhramaraj\Desktop\Python\Projects\Assignment2_StockAnalysis\Data-20250430T011355Z-1-001\Data\data\2024-08,ONGC,328.85,2024-08-27 05:30:00,332.55,326.0,2024-08,329.4,20165503
C:\Users\v-dhramaraj\Desktop\Python\Projects\Assignment2_StockAnalysis\Data-20250430T011355Z-1-001\Data\data\2024-08,ONGC,327.8,2024-08-28 05:30:00,330.3,324.65,2024-08,328.65,12446738
C:\Users\v-dhramaraj\Desktop\Python\Projects\Assignment2_StockAnalysis\Data-20250430T011355Z-1-001\Data\data\2024-08,ONGC,329.6,2024-08-29 05:30:00,330.15,324.95,2024-08,326.1,13799961
C:\Users\v-dhramaraj\Desktop\Python\Projects\Assignment2_StockAnalysis\Data-20250430T011355Z-1-001\Data\data\2024-08,ONGC,330.75,2024-08-30 05:30:00,334.4,329.55,2024-08,330.45,19666466
C:\Users\v-dhramaraj\Desktop\Python\Projects\Assignment2_StockAnalysis\Data-20250430T011355Z-1-001\Data\data\2024-09,ONGC,326.2,2024-09-02 05:30:00,331.95,325.8,2024-09,330.0,8975511
C:\Users\v-dhramaraj\Desktop\Python\Projects\Assignment2_StockAnalysis\Data-20250430T011355Z-1-001\Data\data\2024-09,ONGC,322.2,2024-09-03 05:30:00,328.0,321.65,2024-09,327.0,10321111
C:\Users\v-dhramaraj\Desktop\Python\Projects\Assignment2_StockAnalysis\Data-20250430T011355Z-1-001\Data\data\2024-09,ONGC,314.4,2024-09-04 05:30:00,316.2,308.4,2024-09,315.0,25397204
C:\Users\v-dhramaraj\Desktop\Python\Projects\Assignment2_StockAnalysis\Data-20250430T011355Z-1-001\Data\data\2024-09,ONGC,311.4,2024-09-05 05:30:00,316.95,310.15,2024-09,316.95,15571640
C:\Users\v-dhramaraj\Desktop\Python\Projects\Assignment2_StockAnalysis\Data-20250430T011355Z-1-001\Data\data\2024-09,ONGC,308.8,2024-09-06 05:30:00,313.15,303.7,2024-09,311.5,27946491
C:\Users\v-dhramaraj\Desktop\Python\Projects\Assignment2_StockAnalysis\Data-20250430T011355Z-1-001\Data\data\2024-09,ONGC,298.9,2024-09-09 05:30:00,308.7,294.65,2024-09,308.7,30369085
C:\Users\v-dhramaraj\Desktop\Python\Projects\Assignment2_StockAnalysis\Data-20250430T011355Z-1-001\Data\data\2024-09,ONGC,295.6,2024-09-10 05:30:00,301.5,295.0,2024-09,300.1,15618589
C:\Users\v-dhramaraj\Desktop\Python\Projects\Assignment2_StockAnalysis\Data-20250430T011355Z-1-001\Data\data\2024-09,ONGC,285.3,2024-09-11 05:30:00,292.4,283.25,2024-09,292.4,44826300
C:\Users\v-dhramaraj\Desktop\Python\Projects\Assignment2_StockAnalysis\Data-20250430T011355Z-1-001\Data\data\2024-09,ONGC,294.05,2024-09-12 05:30:00,294.75,286.5,2024-09,288.0,21964895
C:\Users\v-dhramaraj\Desktop\Python\Projects\Assignment2_StockAnalysis\Data-20250430T011355Z-1-001\Data\data\2024-09,ONGC,291.45,2024-09-13 05:30:00,297.25,291.05,2024-09,295.7,13672371
C:\Users\v-dhramaraj\Desktop\Python\Projects\Assignment2_StockAnalysis\Data-20250430T011355Z-1-001\Data\data\2024-09,ONGC,292.5,2024-09-16 05:30:00,295.4,291.35,2024-09,294.8,10971110
C:\Users\v-dhramaraj\Desktop\Python\Projects\Assignment2_StockAnalysis\Data-20250430T011355Z-1-001\Data\data\2024-09,ONGC,294.65,2024-09-17 05:30:00,296.6,292.15,2024-09,293.7,11873436
C:\Users\v-dhramaraj\Desktop\Python\Projects\Assignment2_StockAnalysis\Data-20250430T011355Z-1-001\Data\data\2024-09,ONGC,290.4,2024-09-18 05:30:00,297.8,287.9,2024-09,297.6,13421760
C:\Users\v-dhramaraj\Desktop\Python\Projects\Assignment2_StockAnalysis\Data-20250430T011355Z-1-001\Data\data\2024-09,ONGC,285.25,2024-09-19 05:30:00,289.2,282.5,2024-09,287.4,17067311
C:\Users\v-dhramaraj\Desktop\Python\Projects\Assignment2_StockAnalysis\Data-20250430T011355Z-1-001\Data\data\2024-09,ONGC,286.25,2024-09-20 05:30:00,289.05,285.2,2024-09,287.0,16585530
C:\Users\v-dhramaraj\Desktop\Python\Projects\Assignment2_StockAnalysis\Data-20250430T011355Z-1-001\Data\data\2024-09,ONGC,295.45,2024-09-23 05:30:00,296.4,287.55,2024-09,288.4,14621229
C:\Users\v-dhramaraj\Desktop\Python\Projects\Assignment2_StockAnalysis\Data-20250430T011355Z-1-001\Data\data\2024-09,ONGC,299.45,2024-09-24 05:30:00,302.0,294.7,2024-09,296.3,16986759
C:\Users\v-dhramaraj\Desktop\Python\Projects\Assignment2_StockAnalysis\Data-20250430T011355Z-1-001\Data\data\2024-09,ONGC,298.7,2024-09-25 05:30:00,301.2,296.7,2024-09,299.45,10609614
C:\Users\v-dhramaraj\Desktop\Python\Projects\Assignment2_StockAnalysis\Data-20250430T011355Z-1-001\Data\data\2024-09,ONGC,295.2,2024-09-26 05:30:00,298.7,291.5,2024-09,297.05,27812412
C:\Users\v-dhramaraj\Desktop\Python\Projects\Assignment2_StockAnalysis\Data-20250430T011355Z-1-001\Data\data\2024-09,ONGC,297.2,2024-09-27 05:30:00,298.45,289.7,2024-09,292.7,35706130
C:\Users\v-dhramaraj\Desktop\Python\Projects\Assignment2_StockAnalysis\Data-20250430T011355Z-1-001\Data\data\2024-09,ONGC,297.6,2024-09-30 05:30:00,301.8,293.75,2024-09,297.0,16294341
C:\Users\v-dhramaraj\Desktop\Python\Projects\Assignment2_StockAnalysis\Data-20250430T011355Z-1-001\Data\data\2024-10,ONGC,291.95,2024-10-01 05:30:00,299.15,290.7,2024-10,297.0,10919818
C:\Users\v-dhramaraj\Desktop\Python\Projects\Assignment2_StockAnalysis\Data-20250430T011355Z-1-001\Data\data\2024-10,ONGC,292.05,2024-10-03 05:30:00,298.0,290.55,2024-10,295.0,28124665
C:\Users\v-dhramaraj\Desktop\Python\Projects\Assignment2_StockAnalysis\Data-20250430T011355Z-1-001\Data\data\2024-10,ONGC,295.25,2024-10-04 05:30:00,299.7,293.2,2024-10,297.0,23104209
C:\Users\v-dhramaraj\Desktop\Python\Projects\Assignment2_StockAnalysis\Data-20250430T011355Z-1-001\Data\data\2024-10,ONGC,289.45,2024-10-07 05:30:00,296.3,281.5,2024-10,296.0,20917962
C:\Users\v-dhramaraj\Desktop\Python\Projects\Assignment2_StockAnalysis\Data-20250430T011355Z-1-001\Data\data\2024-10,ONGC,293.45,2024-10-08 05:30:00,293.9,280.55,2024-10,288.15,10572360
C:\Users\v-dhramaraj\Desktop\Python\Projects\Assignment2_StockAnalysis\Data-20250430T011355Z-1-001\Data\data\2024-10,ONGC,288.5,2024-10-09 05:30:00,291.9,286.85,2024-10,291.25,13147475
C:\Users\v-dhramaraj\Desktop\Python\Projects\Assignment2_StockAnalysis\Data-20250430T011355Z-1-001\Data\data\2024-10,ONGC,288.75,2024-10-10 05:30:00,292.15,287.55,2024-10,288.7,7237212
C:\Users\v-dhramaraj\Desktop\Python\Projects\Assignment2_StockAnalysis\Data-20250430T011355Z-1-001\Data\data\2024-10,ONGC,292.55,2024-10-11 05:30:00,293.65,289.5,2024-10,291.3,7011704
C:\Users\v-dhramaraj\Desktop\Python\Projects\Assignment2_StockAnalysis\Data-20250430T011355Z-1-001\Data\data\2024-10,ONGC,286.5,2024-10-14 05:30:00,292.9,285.15,2024-10,292.7,12690951
C:\Users\v-dhramaraj\Desktop\Python\Projects\Assignment2_StockAnalysis\Data-20250430T011355Z-1-001\Data\data\2024-10,ONGC,283.7,2024-10-15 05:30:00,286.4,280.85,2024-10,286.4,15087155
C:\Users\v-dhramaraj\Desktop\Python\Projects\Assignment2_StockAnalysis\Data-20250430T011355Z-1-001\Data\data\2024-10,ONGC,285.4,2024-10-16 05:30:00,287.25,280.65,2024-10,283.0,18188885
C:\Users\v-dhramaraj\Desktop\Python\Projects\Assignment2_StockAnalysis\Data-20250430T011355Z-1-001\Data\data\2024-10,ONGC,281.6,2024-10-17 05:30:00,287.6,280.95,2024-10,285.0,13343303
C:\Users\v-dhramaraj\Desktop\Python\Projects\Assignment2_StockAnalysis\Data-20250430T011355Z-1-001\Data\data\2024-10,ONGC,283.3,2024-10-18 05:30:00,284.5,279.2,2024-10,282.0,14028398
C:\Users\v-dhramaraj\Desktop\Python\Projects\Assignment2_StockAnalysis\Data-20250430T011355Z-1-001\Data\data\2024-10,ONGC,276.6,2024-10-21 05:30:00,284.0,274.55,2024-10,281.15,10299773
C:\Users\v-dhramaraj\Desktop\Python\Projects\Assignment2_StockAnalysis\Data-20250430T011355Z-1-001\Data\data\2024-10,ONGC,270.8,2024-10-22 05:30:00,278.15,270.0,2024-10,278.0,10028511
C:\Users\v-dhramaraj\Desktop\Python\Projects\Assignment2_StockAnalysis\Data-20250430T011355Z-1-001\Data\data\2024-10,ONGC,270.85,2024-10-23 05:30:00,274.4,265.05,2024-10,270.0,18823321
C:\Users\v-dhramaraj\Desktop\Python\Projects\Assignment2_StockAnalysis\Data-20250430T011355Z-1-001\Data\data\2024-10,ONGC,269.1,2024-10-24 05:30:00,272.45,268.35,2024-10,271.9,7488521
C:\Users\v-dhramaraj\Desktop\Python\Projects\Assignment2_StockAnalysis\Data-20250430T011355Z-1-001\Data\data\2024-10,ONGC,264.05,2024-10-25 05:30:00,270.3,261.6,2024-10,270.0,12961181
C:\Users\v-dhramaraj\Desktop\Python\Projects\Assignment2_StockAnalysis\Data-20250430T011355Z-1-001\Data\data\2024-10,ONGC,263.35,2024-10-28 05:30:00,265.05,255.3,2024-10,260.65,13835091
C:\Users\v-dhramaraj\Desktop\Python\Projects\Assignment2_StockAnalysis\Data-20250430T011355Z-1-001\Data\data\2024-10,ONGC,265.0,2024-10-29 05:30:00,265.55,259.4,2024-10,263.35,9122757
C:\Users\v-dhramaraj\Desktop\Python\Projects\Assignment2_StockAnalysis\Data-20250430T011355Z-1-001\Data\data\2024-10,ONGC,261.65,2024-10-30 05:30:00,266.2,261.05,2024-10,265.0,11166643
C:\Users\v-dhramaraj\Desktop\Python\Projects\Assignment2_StockAnalysis\Data-20250430T011355Z-1-001\Data\data\2024-10,ONGC,266.15,2024-10-31 05:30:00,268.3,261.15,2024-10,263.4,16173656
C:\Users\v-dhramaraj\Desktop\Python\Projects\Assignment2_StockAnalysis\Data-20250430T011355Z-1-001\Data\data\2024-11,ONGC,271.75,2024-11-01 05:30:00,274.0,268.65,2024-11,269.8,2955757
C:\Users\v-dhramaraj\Desktop\Python\Projects\Assignment2_StockAnalysis\Data-20250430T011355Z-1-001\Data\data\2024-11,ONGC,265.3,2024-11-04 05:30:00,274.35,260.15,2024-11,274.0,14355959
C:\Users\v-dhramaraj\Desktop\Python\Projects\Assignment2_StockAnalysis\Data-20250430T011355Z-1-001\Data\data\2024-11,ONGC,267.4,2024-11-05 05:30:00,268.6,263.6,2024-11,265.2,11676017
C:\Users\v-dhramaraj\Desktop\Python\Projects\Assignment2_StockAnalysis\Data-20250430T011355Z-1-001\Data\data\2024-11,ONGC,269.05,2024-11-06 05:30:00,270.6,264.4,2024-11,267.7,19244545
C:\Users\v-dhramaraj\Desktop\Python\Projects\Assignment2_StockAnalysis\Data-20250430T011355Z-1-001\Data\data\2024-11,ONGC,265.2,2024-11-07 05:30:00,270.5,264.8,2024-11,270.5,6766663
C:\Users\v-dhramaraj\Desktop\Python\Projects\Assignment2_StockAnalysis\Data-20250430T011355Z-1-001\Data\data\2024-11,ONGC,262.55,2024-11-08 05:30:00,266.5,259.65,2024-11,265.95,7836093
C:\Users\v-dhramaraj\Desktop\Python\Projects\Assignment2_StockAnalysis\Data-20250430T011355Z-1-001\Data\data\2024-11,ONGC,256.9,2024-11-11 05:30:00,262.35,256.0,2024-11,262.35,8450657
C:\Users\v-dhramaraj\Desktop\Python\Projects\Assignment2_StockAnalysis\Data-20250430T011355Z-1-001\Data\data\2024-11,ONGC,256.15,2024-11-12 05:30:00,263.2,255.4,2024-11,260.85,22445400
C:\Users\v-dhramaraj\Desktop\Python\Projects\Assignment2_StockAnalysis\Data-20250430T011355Z-1-001\Data\data\2024-11,ONGC,252.55,2024-11-13 05:30:00,256.95,249.0,2024-11,256.15,17483332
C:\Users\v-dhramaraj\Desktop\Python\Projects\Assignment2_StockAnalysis\Data-20250430T011355Z-1-001\Data\data\2024-11,ONGC,250.8,2024-11-14 05:30:00,254.3,249.0,2024-11,252.55,12454540
C:\Users\v-dhramaraj\Desktop\Python\Projects\Assignment2_StockAnalysis\Data-20250430T011355Z-1-001\Data\data\2024-11,ONGC,250.65,2024-11-18 05:30:00,252.1,247.1,2024-11,251.1,14636541
C:\Users\v-dhramaraj\Desktop\Python\Projects\Assignment2_StockAnalysis\Data-20250430T011355Z-1-001\Data\data\2024-11,ONGC,248.0,2024-11-19 05:30:00,255.4,247.1,2024-11,250.0,17397559
C:\Users\v-dhramaraj\Desktop\Python\Projects\Assignment2_StockAnalysis\Data-20250430T011355Z-1-001\Data\data\2024-11,ONGC,242.15,2024-11-21 05:30:00,248.0,240.8,2024-11,248.0,16189440
C:\Users\v-dhramaraj\Desktop\Python\Projects\Assignment2_StockAnalysis\Data-20250430T011355Z-1-001\Data\data\2024-11,ONGC,245.6,2024-11-22 05:30:00,246.95,243.5,2024-11,244.8,9637581
