Source Folder,Ticker,close,date,high,low,month,open,volume
C:\Users\v-dhramaraj\Desktop\Python\Projects\Assignment2_StockAnalysis\Data-20250430T011355Z-1-001\Data\data\2023-10,POWERGRID,199.55,2023-10-03 05:30:00,200.0,196.9,2023-10,198.75,10830728
C:\Users\v-dhramaraj\Desktop\Python\Projects\Assignment2_StockAnalysis\Data-20250430T011355Z-1-001\Data\data\2023-10,POWERGRID,199.0,2023-10-04 05:30:00,199.4,195.4,2023-10,198.9,14120040
C:\Users\v-dhramaraj\Desktop\Python\Projects\Assignment2_StockAnalysis\Data-20250430T011355Z-1-001\Data\data\2023-10,POWERGRID,196.6,2023-10-05 05:30:00,199.5,195.35,2023-10,199.5,14575590
C:\Users\v-dhramaraj\Desktop\Python\Projects\Assignment2_StockAnalysis\Data-20250430T011355Z-1-001\Data\data\2023-10,POWERGRID,197.05,2023-10-06 05:30:00,197.45,194.85,2023-10,197.0,12857229
C:\Users\v-dhramaraj\Desktop\Python\Projects\Assignment2_StockAnalysis\Data-20250430T011355Z-1-001\Data\data\2023-10,POWERGRID,196.25,2023-10-09 05:30:00,196.9,193.75,2023-10,196.5,7853369
C:\Users\v-dhramaraj\Desktop\Python\Projects\Assignment2_StockAnalysis\Data-20250430T011355Z-1-001\Data\data\2023-10,POWERGRID,197.95,2023-10-10 05:30:00,198.55,195.7,2023-10,196.25,7440527
C:\Users\v-dhramaraj\Desktop\Python\Projects\Assignment2_StockAnalysis\Data-20250430T011355Z-1-001\Data\data\2023-10,POWERGRID,198.5,2023-10-11 05:30:00,199.15,197.35,2023-10,197.35,10031916
C:\Users\v-dhramaraj\Desktop\Python\Projects\Assignment2_StockAnalysis\Data-20250430T011355Z-1-001\Data\data\2023-10,POWERGRID,200.75,2023-10-12 05:30:00,202.0,197.35,2023-10,197.35,21872719
C:\Users\v-dhramaraj\Desktop\Python\Projects\Assignment2_StockAnalysis\Data-20250430T011355Z-1-001\Data\data\2023-10,POWERGRID,201.8,2023-10-13 05:30:00,202.4,199.3,2023-10,200.45,13105921
C:\Users\v-dhramaraj\Desktop\Python\Projects\Assignment2_StockAnalysis\Data-20250430T011355Z-1-001\Data\data\2023-10,POWERGRID,203.05,2023-10-16 05:30:00,203.85,200.1,2023-10,200.3,18336656
C:\Users\v-dhramaraj\Desktop\Python\Projects\Assignment2_StockAnalysis\Data-20250430T011355Z-1-001\Data\data\2023-10,POWERGRID,207.15,2023-10-17 05:30:00,209.0,202.6,2023-10,203.55,19378328
C:\Users\v-dhramaraj\Desktop\Python\Projects\Assignment2_StockAnalysis\Data-20250430T011355Z-1-001\Data\data\2023-10,POWERGRID,206.5,2023-10-18 05:30:00,208.45,204.0,2023-10,208.45,14923328
C:\Users\v-dhramaraj\Desktop\Python\Projects\Assignment2_StockAnalysis\Data-20250430T011355Z-1-001\Data\data\2023-10,POWERGRID,205.8,2023-10-19 05:30:00,207.4,202.2,2023-10,204.0,13192888
C:\Users\v-dhramaraj\Desktop\Python\Projects\Assignment2_StockAnalysis\Data-20250430T011355Z-1-001\Data\data\2023-10,POWERGRID,202.85,2023-10-20 05:30:00,205.2,200.9,2023-10,205.2,22081120
C:\Users\v-dhramaraj\Desktop\Python\Projects\Assignment2_StockAnalysis\Data-20250430T011355Z-1-001\Data\data\2023-10,POWERGRID,199.75,2023-10-23 05:30:00,205.15,199.0,2023-10,202.0,6988219
C:\Users\v-dhramaraj\Desktop\Python\Projects\Assignment2_StockAnalysis\Data-20250430T011355Z-1-001\Data\data\2023-10,POWERGRID,199.5,2023-10-25 05:30:00,200.45,197.8,2023-10,199.0,16817158
C:\Users\v-dhramaraj\Desktop\Python\Projects\Assignment2_StockAnalysis\Data-20250430T011355Z-1-001\Data\data\2023-10,POWERGRID,198.95,2023-10-26 05:30:00,200.0,196.3,2023-10,198.75,11070090
C:\Users\v-dhramaraj\Desktop\Python\Projects\Assignment2_StockAnalysis\Data-20250430T011355Z-1-001\Data\data\2023-10,POWERGRID,200.95,2023-10-27 05:30:00,201.8,199.15,2023-10,199.25,9995487
C:\Users\v-dhramaraj\Desktop\Python\Projects\Assignment2_StockAnalysis\Data-20250430T011355Z-1-001\Data\data\2023-10,POWERGRID,200.85,2023-10-30 05:30:00,202.2,197.65,2023-10,200.95,7679981
C:\Users\v-dhramaraj\Desktop\Python\Projects\Assignment2_StockAnalysis\Data-20250430T011355Z-1-001\Data\data\2023-10,POWERGRID,202.15,2023-10-31 05:30:00,202.95,200.55,2023-10,201.5,7474770
C:\Users\v-dhramaraj\Desktop\Python\Projects\Assignment2_StockAnalysis\Data-20250430T011355Z-1-001\Data\data\2023-11,POWERGRID,200.95,2023-11-01 05:30:00,202.35,200.5,2023-11,202.35,5598615
C:\Users\v-dhramaraj\Desktop\Python\Projects\Assignment2_StockAnalysis\Data-20250430T011355Z-1-001\Data\data\2023-11,POWERGRID,203.1,2023-11-02 05:30:00,203.65,200.9,2023-11,201.75,12924797
C:\Users\v-dhramaraj\Desktop\Python\Projects\Assignment2_StockAnalysis\Data-20250430T011355Z-1-001\Data\data\2023-11,POWERGRID,204.4,2023-11-03 05:30:00,206.5,203.1,2023-11,203.4,8684015
C:\Users\v-dhramaraj\Desktop\Python\Projects\Assignment2_StockAnalysis\Data-20250430T011355Z-1-001\Data\data\2023-11,POWERGRID,208.2,2023-11-06 05:30:00,208.95,204.95,2023-11,205.0,9804415
C:\Users\v-dhramaraj\Desktop\Python\Projects\Assignment2_StockAnalysis\Data-20250430T011355Z-1-001\Data\data\2023-11,POWERGRID,208.0,2023-11-07 05:30:00,209.1,205.75,2023-11,208.2,10730361
C:\Users\v-dhramaraj\Desktop\Python\Projects\Assignment2_StockAnalysis\Data-20250430T011355Z-1-001\Data\data\2023-11,POWERGRID,207.0,2023-11-08 05:30:00,209.6,206.65,2023-11,209.0,7435543
C:\Users\v-dhramaraj\Desktop\Python\Projects\Assignment2_StockAnalysis\Data-20250430T011355Z-1-001\Data\data\2023-11,POWERGRID,209.8,2023-11-09 05:30:00,210.5,206.1,2023-11,207.3,13777877
C:\Users\v-dhramaraj\Desktop\Python\Projects\Assignment2_StockAnalysis\Data-20250430T011355Z-1-001\Data\data\2023-11,POWERGRID,211.15,2023-11-10 05:30:00,213.0,209.6,2023-11,210.5,12066023
C:\Users\v-dhramaraj\Desktop\Python\Projects\Assignment2_StockAnalysis\Data-20250430T011355Z-1-001\Data\data\2023-11,POWERGRID,212.0,2023-11-12 05:30:00,213.7,211.7,2023-11,213.6,1008214
C:\Users\v-dhramaraj\Desktop\Python\Projects\Assignment2_StockAnalysis\Data-20250430T011355Z-1-001\Data\data\2023-11,POWERGRID,212.3,2023-11-13 05:30:00,215.1,210.7,2023-11,212.0,11352269
C:\Users\v-dhramaraj\Desktop\Python\Projects\Assignment2_StockAnalysis\Data-20250430T011355Z-1-001\Data\data\2023-11,POWERGRID,210.15,2023-11-15 05:30:00,215.0,209.8,2023-11,215.0,19182861
C:\Users\v-dhramaraj\Desktop\Python\Projects\Assignment2_StockAnalysis\Data-20250430T011355Z-1-001\Data\data\2023-11,POWERGRID,207.2,2023-11-16 05:30:00,208.85,205.7,2023-11,206.7,27533260
C:\Users\v-dhramaraj\Desktop\Python\Projects\Assignment2_StockAnalysis\Data-20250430T011355Z-1-001\Data\data\2023-11,POWERGRID,209.5,2023-11-17 05:30:00,210.7,206.9,2023-11,207.7,16705395
C:\Users\v-dhramaraj\Desktop\Python\Projects\Assignment2_StockAnalysis\Data-20250430T011355Z-1-001\Data\data\2023-11,POWERGRID,209.3,2023-11-20 05:30:00,211.2,208.85,2023-11,210.1,11156900
C:\Users\v-dhramaraj\Desktop\Python\Projects\Assignment2_StockAnalysis\Data-20250430T011355Z-1-001\Data\data\2023-11,POWERGRID,208.95,2023-11-21 05:30:00,210.15,207.95,2023-11,210.0,9608081
C:\Users\v-dhramaraj\Desktop\Python\Projects\Assignment2_StockAnalysis\Data-20250430T011355Z-1-001\Data\data\2023-11,POWERGRID,211.6,2023-11-22 05:30:00,212.6,208.2,2023-11,208.2,13079580
C:\Users\v-dhramaraj\Desktop\Python\Projects\Assignment2_StockAnalysis\Data-20250430T011355Z-1-001\Data\data\2023-11,POWERGRID,210.9,2023-11-23 05:30:00,213.1,209.25,2023-11,212.05,11382709
C:\Users\v-dhramaraj\Desktop\Python\Projects\Assignment2_StockAnalysis\Data-20250430T011355Z-1-001\Data\data\2023-11,POWERGRID,210.45,2023-11-24 05:30:00,212.1,209.5,2023-11,211.3,7250200
C:\Users\v-dhramaraj\Desktop\Python\Projects\Assignment2_StockAnalysis\Data-20250430T011355Z-1-001\Data\data\2023-11,POWERGRID,210.2,2023-11-28 05:30:00,214.45,209.5,2023-11,214.45,15629209
C:\Users\v-dhramaraj\Desktop\Python\Projects\Assignment2_StockAnalysis\Data-20250430T011355Z-1-001\Data\data\2023-11,POWERGRID,211.05,2023-11-29 05:30:00,211.45,209.1,2023-11,210.3,10062023
C:\Users\v-dhramaraj\Desktop\Python\Projects\Assignment2_StockAnalysis\Data-20250430T011355Z-1-001\Data\data\2023-11,POWERGRID,208.95,2023-11-30 05:30:00,212.8,208.25,2023-11,210.4,60354322
C:\Users\v-dhramaraj\Desktop\Python\Projects\Assignment2_StockAnalysis\Data-20250430T011355Z-1-001\Data\data\2023-12,POWERGRID,210.2,2023-12-01 05:30:00,212.45,209.45,2023-12,211.5,20719909
C:\Users\v-dhramaraj\Desktop\Python\Projects\Assignment2_StockAnalysis\Data-20250430T011355Z-1-001\Data\data\2023-12,POWERGRID,212.9,2023-12-04 05:30:00,214.1,211.7,2023-12,211.7,27914088
C:\Users\v-dhramaraj\Desktop\Python\Projects\Assignment2_StockAnalysis\Data-20250430T011355Z-1-001\Data\data\2023-12,POWERGRID,222.3,2023-12-05 05:30:00,223.25,211.55,2023-12,213.7,40709207
C:\Users\v-dhramaraj\Desktop\Python\Projects\Assignment2_StockAnalysis\Data-20250430T011355Z-1-001\Data\data\2023-12,POWERGRID,224.4,2023-12-06 05:30:00,226.25,222.5,2023-12,226.0,29544730
C:\Users\v-dhramaraj\Desktop\Python\Projects\Assignment2_StockAnalysis\Data-20250430T011355Z-1-001\Data\data\2023-12,POWERGRID,230.0,2023-12-07 05:30:00,232.4,224.25,2023-12,225.0,24534268
C:\Users\v-dhramaraj\Desktop\Python\Projects\Assignment2_StockAnalysis\Data-20250430T011355Z-1-001\Data\data\2023-12,POWERGRID,228.6,2023-12-08 05:30:00,233.4,226.45,2023-12,231.8,22206320
C:\Users\v-dhramaraj\Desktop\Python\Projects\Assignment2_StockAnalysis\Data-20250430T011355Z-1-001\Data\data\2023-12,POWERGRID,230.95,2023-12-11 05:30:00,232.9,226.55,2023-12,228.0,19106395
C:\Users\v-dhramaraj\Desktop\Python\Projects\Assignment2_StockAnalysis\Data-20250430T011355Z-1-001\Data\data\2023-12,POWERGRID,231.35,2023-12-12 05:30:00,233.3,229.5,2023-12,230.0,14355329
C:\Users\v-dhramaraj\Desktop\Python\Projects\Assignment2_StockAnalysis\Data-20250430T011355Z-1-001\Data\data\2023-12,POWERGRID,236.95,2023-12-13 05:30:00,237.5,230.6,2023-12,231.0,26878281
C:\Users\v-dhramaraj\Desktop\Python\Projects\Assignment2_StockAnalysis\Data-20250430T011355Z-1-001\Data\data\2023-12,POWERGRID,232.1,2023-12-14 05:30:00,237.6,231.1,2023-12,237.25,29972018
C:\Users\v-dhramaraj\Desktop\Python\Projects\Assignment2_StockAnalysis\Data-20250430T011355Z-1-001\Data\data\2023-12,POWERGRID,237.35,2023-12-15 05:30:00,238.1,227.15,2023-12,235.0,41341690
C:\Users\v-dhramaraj\Desktop\Python\Projects\Assignment2_StockAnalysis\Data-20250430T011355Z-1-001\Data\data\2023-12,POWERGRID,231.85,2023-12-18 05:30:00,236.9,231.45,2023-12,236.9,29051897
C:\Users\v-dhramaraj\Desktop\Python\Projects\Assignment2_StockAnalysis\Data-20250430T011355Z-1-001\Data\data\2023-12,POWERGRID,233.55,2023-12-19 05:30:00,234.4,230.85,2023-12,232.15,12612164
C:\Users\v-dhramaraj\Desktop\Python\Projects\Assignment2_StockAnalysis\Data-20250430T011355Z-1-001\Data\data\2023-12,POWERGRID,227.15,2023-12-20 05:30:00,235.4,226.2,2023-12,234.95,20400245
C:\Users\v-dhramaraj\Desktop\Python\Projects\Assignment2_StockAnalysis\Data-20250430T011355Z-1-001\Data\data\2023-12,POWERGRID,232.35,2023-12-21 05:30:00,233.2,222.7,2023-12,224.45,17755207
C:\Users\v-dhramaraj\Desktop\Python\Projects\Assignment2_StockAnalysis\Data-20250430T011355Z-1-001\Data\data\2023-12,POWERGRID,231.75,2023-12-22 05:30:00,234.2,230.5,2023-12,233.0,9735375
C:\Users\v-dhramaraj\Desktop\Python\Projects\Assignment2_StockAnalysis\Data-20250430T011355Z-1-001\Data\data\2023-12,POWERGRID,233.35,2023-12-26 05:30:00,235.8,231.05,2023-12,232.0,6772092
C:\Users\v-dhramaraj\Desktop\Python\Projects\Assignment2_StockAnalysis\Data-20250430T011355Z-1-001\Data\data\2023-12,POWERGRID,234.05,2023-12-27 05:30:00,235.85,232.5,2023-12,235.0,10231881
C:\Users\v-dhramaraj\Desktop\Python\Projects\Assignment2_StockAnalysis\Data-20250430T011355Z-1-001\Data\data\2023-12,POWERGRID,239.1,2023-12-28 05:30:00,239.95,234.1,2023-12,235.1,39164340
C:\Users\v-dhramaraj\Desktop\Python\Projects\Assignment2_StockAnalysis\Data-20250430T011355Z-1-001\Data\data\2023-12,POWERGRID,237.2,2023-12-29 05:30:00,238.25,234.75,2023-12,237.8,12665999
C:\Users\v-dhramaraj\Desktop\Python\Projects\Assignment2_StockAnalysis\Data-20250430T011355Z-1-001\Data\data\2024-01,POWERGRID,238.25,2024-01-01 05:30:00,239.5,236.4,2024-01,237.9,5952776
C:\Users\v-dhramaraj\Desktop\Python\Projects\Assignment2_StockAnalysis\Data-20250430T011355Z-1-001\Data\data\2024-01,POWERGRID,237.85,2024-01-02 05:30:00,240.1,236.15,2024-01,240.0,9128513
C:\Users\v-dhramaraj\Desktop\Python\Projects\Assignment2_StockAnalysis\Data-20250430T011355Z-1-001\Data\data\2024-01,POWERGRID,237.05,2024-01-03 05:30:00,238.7,234.6,2024-01,236.0,8284439
C:\Users\v-dhramaraj\Desktop\Python\Projects\Assignment2_StockAnalysis\Data-20250430T011355Z-1-001\Data\data\2024-01,POWERGRID,241.45,2024-01-04 05:30:00,243.1,237.05,2024-01,238.0,19663959
C:\Users\v-dhramaraj\Desktop\Python\Projects\Assignment2_StockAnalysis\Data-20250430T011355Z-1-001\Data\data\2024-01,POWERGRID,241.25,2024-01-05 05:30:00,245.0,239.3,2024-01,242.0,16345257
C:\Users\v-dhramaraj\Desktop\Python\Projects\Assignment2_StockAnalysis\Data-20250430T011355Z-1-001\Data\data\2024-01,POWERGRID,242.35,2024-01-08 05:30:00,245.25,240.4,2024-01,242.4,13585746
C:\Users\v-dhramaraj\Desktop\Python\Projects\Assignment2_StockAnalysis\Data-20250430T011355Z-1-001\Data\data\2024-01,POWERGRID,242.3,2024-01-09 05:30:00,244.65,241.5,2024-01,242.6,8688409
C:\Users\v-dhramaraj\Desktop\Python\Projects\Assignment2_StockAnalysis\Data-20250430T011355Z-1-001\Data\data\2024-01,POWERGRID,239.15,2024-01-10 05:30:00,242.1,238.0,2024-01,241.0,16872195
C:\Users\v-dhramaraj\Desktop\Python\Projects\Assignment2_StockAnalysis\Data-20250430T011355Z-1-001\Data\data\2024-01,POWERGRID,241.95,2024-01-11 05:30:00,243.1,239.2,2024-01,240.25,18812468
C:\Users\v-dhramaraj\Desktop\Python\Projects\Assignment2_StockAnalysis\Data-20250430T011355Z-1-001\Data\data\2024-01,POWERGRID,239.5,2024-01-12 05:30:00,242.65,238.8,2024-01,242.5,11296498
C:\Users\v-dhramaraj\Desktop\Python\Projects\Assignment2_StockAnalysis\Data-20250430T011355Z-1-001\Data\data\2024-01,POWERGRID,241.15,2024-01-15 05:30:00,241.5,237.0,2024-01,240.4,12597366
C:\Users\v-dhramaraj\Desktop\Python\Projects\Assignment2_StockAnalysis\Data-20250430T011355Z-1-001\Data\data\2024-01,POWERGRID,239.05,2024-01-16 05:30:00,242.4,237.7,2024-01,241.65,7478450
C:\Users\v-dhramaraj\Desktop\Python\Projects\Assignment2_StockAnalysis\Data-20250430T011355Z-1-001\Data\data\2024-01,POWERGRID,239.2,2024-01-17 05:30:00,241.2,237.7,2024-01,238.5,13620300
C:\Users\v-dhramaraj\Desktop\Python\Projects\Assignment2_StockAnalysis\Data-20250430T011355Z-1-001\Data\data\2024-01,POWERGRID,233.45,2024-01-18 05:30:00,235.7,226.05,2024-01,227.25,25522629
C:\Users\v-dhramaraj\Desktop\Python\Projects\Assignment2_StockAnalysis\Data-20250430T011355Z-1-001\Data\data\2024-01,POWERGRID,235.4,2024-01-19 05:30:00,236.95,232.4,2024-01,235.0,20931080
C:\Users\v-dhramaraj\Desktop\Python\Projects\Assignment2_StockAnalysis\Data-20250430T011355Z-1-001\Data\data\2024-01,POWERGRID,237.2,2024-01-20 05:30:00,240.8,236.5,2024-01,238.0,6491870
C:\Users\v-dhramaraj\Desktop\Python\Projects\Assignment2_StockAnalysis\Data-20250430T011355Z-1-001\Data\data\2024-01,POWERGRID,237.95,2024-01-23 05:30:00,246.8,236.25,2024-01,241.0,27492163
C:\Users\v-dhramaraj\Desktop\Python\Projects\Assignment2_StockAnalysis\Data-20250430T011355Z-1-001\Data\data\2024-01,POWERGRID,246.2,2024-01-24 05:30:00,247.0,235.0,2024-01,236.15,28309825
C:\Users\v-dhramaraj\Desktop\Python\Projects\Assignment2_StockAnalysis\Data-20250430T011355Z-1-001\Data\data\2024-01,POWERGRID,245.5,2024-01-25 05:30:00,248.7,243.1,2024-01,244.75,20651484
C:\Users\v-dhramaraj\Desktop\Python\Projects\Assignment2_StockAnalysis\Data-20250430T011355Z-1-001\Data\data\2024-01,POWERGRID,253.95,2024-01-29 05:30:00,255.0,245.15,2024-01,245.45,26181011
C:\Users\v-dhramaraj\Desktop\Python\Projects\Assignment2_StockAnalysis\Data-20250430T011355Z-1-001\Data\data\2024-01,POWERGRID,254.1,2024-01-30 05:30:00,256.95,251.5,2024-01,254.0,16031367
C:\Users\v-dhramaraj\Desktop\Python\Projects\Assignment2_StockAnalysis\Data-20250430T011355Z-1-001\Data\data\2024-01,POWERGRID,259.3,2024-01-31 05:30:00,260.0,252.4,2024-01,254.0,34369455
C:\Users\v-dhramaraj\Desktop\Python\Projects\Assignment2_StockAnalysis\Data-20250430T011355Z-1-001\Data\data\2024-02,POWERGRID,265.8,2024-02-01 05:30:00,270.95,258.3,2024-02,259.0,29929092
C:\Users\v-dhramaraj\Desktop\Python\Projects\Assignment2_StockAnalysis\Data-20250430T011355Z-1-001\Data\data\2024-02,POWERGRID,277.1,2024-02-02 05:30:00,281.4,263.95,2024-02,264.5,33900724
C:\Users\v-dhramaraj\Desktop\Python\Projects\Assignment2_StockAnalysis\Data-20250430T011355Z-1-001\Data\data\2024-02,POWERGRID,282.9,2024-02-05 05:30:00,289.4,274.9,2024-02,277.5,27440927
C:\Users\v-dhramaraj\Desktop\Python\Projects\Assignment2_StockAnalysis\Data-20250430T011355Z-1-001\Data\data\2024-02,POWERGRID,274.25,2024-02-06 05:30:00,282.9,272.3,2024-02,282.9,29668277
C:\Users\v-dhramaraj\Desktop\Python\Projects\Assignment2_StockAnalysis\Data-20250430T011355Z-1-001\Data\data\2024-02,POWERGRID,267.95,2024-02-07 05:30:00,274.4,266.8,2024-02,272.1,27335466
C:\Users\v-dhramaraj\Desktop\Python\Projects\Assignment2_StockAnalysis\Data-20250430T011355Z-1-001\Data\data\2024-02,POWERGRID,276.2,2024-02-08 05:30:00,288.05,270.8,2024-02,270.8,69776717
C:\Users\v-dhramaraj\Desktop\Python\Projects\Assignment2_StockAnalysis\Data-20250430T011355Z-1-001\Data\data\2024-02,POWERGRID,273.0,2024-02-09 05:30:00,279.45,269.1,2024-02,278.6,24496638
C:\Users\v-dhramaraj\Desktop\Python\Projects\Assignment2_StockAnalysis\Data-20250430T011355Z-1-001\Data\data\2024-02,POWERGRID,270.3,2024-02-12 05:30:00,276.0,266.25,2024-02,273.2,19140023
C:\Users\v-dhramaraj\Desktop\Python\Projects\Assignment2_StockAnalysis\Data-20250430T011355Z-1-001\Data\data\2024-02,POWERGRID,270.25,2024-02-13 05:30:00,270.85,264.25,2024-02,270.3,22031847
C:\Users\v-dhramaraj\Desktop\Python\Projects\Assignment2_StockAnalysis\Data-20250430T011355Z-1-001\Data\data\2024-02,POWERGRID,273.65,2024-02-14 05:30:00,275.0,267.0,2024-02,269.5,13546941
C:\Users\v-dhramaraj\Desktop\Python\Projects\Assignment2_StockAnalysis\Data-20250430T011355Z-1-001\Data\data\2024-02,POWERGRID,281.65,2024-02-15 05:30:00,283.35,271.35,2024-02,272.0,25475670
C:\Users\v-dhramaraj\Desktop\Python\Projects\Assignment2_StockAnalysis\Data-20250430T011355Z-1-001\Data\data\2024-02,POWERGRID,274.55,2024-02-16 05:30:00,282.9,273.3,2024-02,282.0,25129188
C:\Users\v-dhramaraj\Desktop\Python\Projects\Assignment2_StockAnalysis\Data-20250430T011355Z-1-001\Data\data\2024-02,POWERGRID,276.35,2024-02-19 05:30:00,278.3,273.3,2024-02,275.1,11429901
C:\Users\v-dhramaraj\Desktop\Python\Projects\Assignment2_StockAnalysis\Data-20250430T011355Z-1-001\Data\data\2024-02,POWERGRID,287.9,2024-02-20 05:30:00,288.75,277.7,2024-02,278.35,43053543
C:\Users\v-dhramaraj\Desktop\Python\Projects\Assignment2_StockAnalysis\Data-20250430T011355Z-1-001\Data\data\2024-02,POWERGRID,280.1,2024-02-21 05:30:00,289.45,279.25,2024-02,287.55,24651085
C:\Users\v-dhramaraj\Desktop\Python\Projects\Assignment2_StockAnalysis\Data-20250430T011355Z-1-001\Data\data\2024-02,POWERGRID,282.6,2024-02-22 05:30:00,283.5,273.25,2024-02,280.1,26793590
C:\Users\v-dhramaraj\Desktop\Python\Projects\Assignment2_StockAnalysis\Data-20250430T011355Z-1-001\Data\data\2024-02,POWERGRID,281.95,2024-02-23 05:30:00,285.2,279.0,2024-02,282.55,14313526
C:\Users\v-dhramaraj\Desktop\Python\Projects\Assignment2_StockAnalysis\Data-20250430T011355Z-1-001\Data\data\2024-02,POWERGRID,287.8,2024-02-26 05:30:00,291.5,282.05,2024-02,282.95,31012494
C:\Users\v-dhramaraj\Desktop\Python\Projects\Assignment2_StockAnalysis\Data-20250430T011355Z-1-001\Data\data\2024-02,POWERGRID,292.5,2024-02-27 05:30:00,293.4,284.1,2024-02,284.1,36510093
C:\Users\v-dhramaraj\Desktop\Python\Projects\Assignment2_StockAnalysis\Data-20250430T011355Z-1-001\Data\data\2024-02,POWERGRID,279.55,2024-02-28 05:30:00,293.65,278.4,2024-02,291.5,18824161
C:\Users\v-dhramaraj\Desktop\Python\Projects\Assignment2_StockAnalysis\Data-20250430T011355Z-1-001\Data\data\2024-02,POWERGRID,282.85,2024-02-29 05:30:00,285.0,274.4,2024-02,279.6,35043015
C:\Users\v-dhramaraj\Desktop\Python\Projects\Assignment2_StockAnalysis\Data-20250430T011355Z-1-001\Data\data\2024-03,POWERGRID,287.7,2024-03-01 05:30:00,289.4,284.6,2024-03,285.0,15149735
C:\Users\v-dhramaraj\Desktop\Python\Projects\Assignment2_StockAnalysis\Data-20250430T011355Z-1-001\Data\data\2024-03,POWERGRID,286.85,2024-03-02 05:30:00,289.8,286.2,2024-03,289.0,494394
C:\Users\v-dhramaraj\Desktop\Python\Projects\Assignment2_StockAnalysis\Data-20250430T011355Z-1-001\Data\data\2024-03,POWERGRID,294.65,2024-03-04 05:30:00,297.0,288.0,2024-03,288.0,23131460
C:\Users\v-dhramaraj\Desktop\Python\Projects\Assignment2_StockAnalysis\Data-20250430T011355Z-1-001\Data\data\2024-03,POWERGRID,295.0,2024-03-05 05:30:00,295.45,289.75,2024-03,292.05,13220556
C:\Users\v-dhramaraj\Desktop\Python\Projects\Assignment2_StockAnalysis\Data-20250430T011355Z-1-001\Data\data\2024-03,POWERGRID,293.7,2024-03-06 05:30:00,294.9,286.5,2024-03,290.3,15969436
C:\Users\v-dhramaraj\Desktop\Python\Projects\Assignment2_StockAnalysis\Data-20250430T011355Z-1-001\Data\data\2024-03,POWERGRID,292.65,2024-03-07 05:30:00,298.9,291.0,2024-03,294.0,14908694
C:\Users\v-dhramaraj\Desktop\Python\Projects\Assignment2_StockAnalysis\Data-20250430T011355Z-1-001\Data\data\2024-03,POWERGRID,285.55,2024-03-11 05:30:00,291.95,284.4,2024-03,288.4,19020659
C:\Users\v-dhramaraj\Desktop\Python\Projects\Assignment2_StockAnalysis\Data-20250430T011355Z-1-001\Data\data\2024-03,POWERGRID,285.15,2024-03-12 05:30:00,288.65,282.75,2024-03,284.9,17906155
C:\Users\v-dhramaraj\Desktop\Python\Projects\Assignment2_StockAnalysis\Data-20250430T011355Z-1-001\Data\data\2024-03,POWERGRID,264.3,2024-03-13 05:30:00,283.9,261.8,2024-03,283.3,39389523
C:\Users\v-dhramaraj\Desktop\Python\Projects\Assignment2_StockAnalysis\Data-20250430T011355Z-1-001\Data\data\2024-03,POWERGRID,266.35,2024-03-14 05:30:00,268.4,260.7,2024-03,264.05,26005940
C:\Users\v-dhramaraj\Desktop\Python\Projects\Assignment2_StockAnalysis\Data-20250430T011355Z-1-001\Data\data\2024-03,POWERGRID,265.95,2024-03-15 05:30:00,272.0,257.65,2024-03,268.1,43817794
C:\Users\v-dhramaraj\Desktop\Python\Projects\Assignment2_StockAnalysis\Data-20250430T011355Z-1-001\Data\data\2024-03,POWERGRID,264.9,2024-03-18 05:30:00,266.65,259.5,2024-03,265.95,12423655
C:\Users\v-dhramaraj\Desktop\Python\Projects\Assignment2_StockAnalysis\Data-20250430T011355Z-1-001\Data\data\2024-03,POWERGRID,259.0,2024-03-19 05:30:00,266.5,258.3,2024-03,262.15,20031514
C:\Users\v-dhramaraj\Desktop\Python\Projects\Assignment2_StockAnalysis\Data-20250430T011355Z-1-001\Data\data\2024-03,POWERGRID,264.65,2024-03-20 05:30:00,265.15,258.95,2024-03,259.95,11308487
C:\Users\v-dhramaraj\Desktop\Python\Projects\Assignment2_StockAnalysis\Data-20250430T011355Z-1-001\Data\data\2024-03,POWERGRID,273.75,2024-03-21 05:30:00,274.5,267.1,2024-03,267.8,23559105
C:\Users\v-dhramaraj\Desktop\Python\Projects\Assignment2_StockAnalysis\Data-20250430T011355Z-1-001\Data\data\2024-03,POWERGRID,275.75,2024-03-22 05:30:00,278.25,271.35,2024-03,273.75,22097588
C:\Users\v-dhramaraj\Desktop\Python\Projects\Assignment2_StockAnalysis\Data-20250430T011355Z-1-001\Data\data\2024-03,POWERGRID,270.05,2024-03-26 05:30:00,274.1,266.1,2024-03,270.1,28477120
C:\Users\v-dhramaraj\Desktop\Python\Projects\Assignment2_StockAnalysis\Data-20250430T011355Z-1-001\Data\data\2024-03,POWERGRID,270.25,2024-03-27 05:30:00,272.8,269.2,2024-03,271.0,18094214
C:\Users\v-dhramaraj\Desktop\Python\Projects\Assignment2_StockAnalysis\Data-20250430T011355Z-1-001\Data\data\2024-03,POWERGRID,276.9,2024-03-28 05:30:00,279.5,271.65,2024-03,272.0,26646830
C:\Users\v-dhramaraj\Desktop\Python\Projects\Assignment2_StockAnalysis\Data-20250430T011355Z-1-001\Data\data\2024-04,POWERGRID,280.15,2024-04-01 05:30:00,281.6,277.65,2024-04,280.75,8945400
C:\Users\v-dhramaraj\Desktop\Python\Projects\Assignment2_StockAnalysis\Data-20250430T011355Z-1-001\Data\data\2024-04,POWERGRID,279.55,2024-04-02 05:30:00,281.7,278.5,2024-04,279.25,13229425
C:\Users\v-dhramaraj\Desktop\Python\Projects\Assignment2_StockAnalysis\Data-20250430T011355Z-1-001\Data\data\2024-04,POWERGRID,280.1,2024-04-03 05:30:00,283.1,278.55,2024-04,280.15,14499308
C:\Users\v-dhramaraj\Desktop\Python\Projects\Assignment2_StockAnalysis\Data-20250430T011355Z-1-001\Data\data\2024-04,POWERGRID,277.65,2024-04-04 05:30:00,286.7,275.05,2024-04,282.8,23722104
C:\Users\v-dhramaraj\Desktop\Python\Projects\Assignment2_StockAnalysis\Data-20250430T011355Z-1-001\Data\data\2024-04,POWERGRID,278.4,2024-04-05 05:30:00,279.95,275.15,2024-04,279.95,9308711
C:\Users\v-dhramaraj\Desktop\Python\Projects\Assignment2_StockAnalysis\Data-20250430T011355Z-1-001\Data\data\2024-04,POWERGRID,281.75,2024-04-08 05:30:00,284.2,279.05,2024-04,280.55,14473340
C:\Users\v-dhramaraj\Desktop\Python\Projects\Assignment2_StockAnalysis\Data-20250430T011355Z-1-001\Data\data\2024-04,POWERGRID,281.2,2024-04-09 05:30:00,284.35,281.0,2024-04,282.85,5780865
C:\Users\v-dhramaraj\Desktop\Python\Projects\Assignment2_StockAnalysis\Data-20250430T011355Z-1-001\Data\data\2024-04,POWERGRID,282.55,2024-04-10 05:30:00,285.35,280.0,2024-04,280.0,8809693
C:\Users\v-dhramaraj\Desktop\Python\Projects\Assignment2_StockAnalysis\Data-20250430T011355Z-1-001\Data\data\2024-04,POWERGRID,275.25,2024-04-12 05:30:00,284.45,274.65,2024-04,281.5,17731780
C:\Users\v-dhramaraj\Desktop\Python\Projects\Assignment2_StockAnalysis\Data-20250430T011355Z-1-001\Data\data\2024-04,POWERGRID,274.05,2024-04-15 05:30:00,276.2,268.4,2024-04,270.25,13378690
C:\Users\v-dhramaraj\Desktop\Python\Projects\Assignment2_StockAnalysis\Data-20250430T011355Z-1-001\Data\data\2024-04,POWERGRID,274.25,2024-04-16 05:30:00,275.55,271.25,2024-04,273.0,9662195
C:\Users\v-dhramaraj\Desktop\Python\Projects\Assignment2_StockAnalysis\Data-20250430T011355Z-1-001\Data\data\2024-04,POWERGRID,280.1,2024-04-18 05:30:00,289.9,277.7,2024-04,287.9,51039603
C:\Users\v-dhramaraj\Desktop\Python\Projects\Assignment2_StockAnalysis\Data-20250430T011355Z-1-001\Data\data\2024-04,POWERGRID,281.65,2024-04-19 05:30:00,282.25,274.7,2024-04,278.1,18755469
C:\Users\v-dhramaraj\Desktop\Python\Projects\Assignment2_StockAnalysis\Data-20250430T011355Z-1-001\Data\data\2024-04,POWERGRID,283.65,2024-04-22 05:30:00,284.7,281.7,2024-04,284.0,14965203
C:\Users\v-dhramaraj\Desktop\Python\Projects\Assignment2_StockAnalysis\Data-20250430T011355Z-1-001\Data\data\2024-04,POWERGRID,285.35,2024-04-23 05:30:00,287.15,280.7,2024-04,283.65,11464036
C:\Users\v-dhramaraj\Desktop\Python\Projects\Assignment2_StockAnalysis\Data-20250430T011355Z-1-001\Data\data\2024-04,POWERGRID,290.4,2024-04-24 05:30:00,291.85,284.4,2024-04,285.0,19324163
C:\Users\v-dhramaraj\Desktop\Python\Projects\Assignment2_StockAnalysis\Data-20250430T011355Z-1-001\Data\data\2024-04,POWERGRID,293.3,2024-04-25 05:30:00,294.5,289.25,2024-04,292.0,22022414
C:\Users\v-dhramaraj\Desktop\Python\Projects\Assignment2_StockAnalysis\Data-20250430T011355Z-1-001\Data\data\2024-04,POWERGRID,292.25,2024-04-26 05:30:00,296.15,291.45,2024-04,294.25,15581578
C:\Users\v-dhramaraj\Desktop\Python\Projects\Assignment2_StockAnalysis\Data-20250430T011355Z-1-001\Data\data\2024-04,POWERGRID,293.7,2024-04-29 05:30:00,294.6,289.6,2024-04,292.3,9804396
C:\Users\v-dhramaraj\Desktop\Python\Projects\Assignment2_StockAnalysis\Data-20250430T011355Z-1-001\Data\data\2024-04,POWERGRID,301.85,2024-04-30 05:30:00,304.35,293.05,2024-04,293.7,33288857
C:\Users\v-dhramaraj\Desktop\Python\Projects\Assignment2_StockAnalysis\Data-20250430T011355Z-1-001\Data\data\2024-05,POWERGRID,313.6,2024-05-02 05:30:00,317.25,301.85,2024-05,301.95,44059506
C:\Users\v-dhramaraj\Desktop\Python\Projects\Assignment2_StockAnalysis\Data-20250430T011355Z-1-001\Data\data\2024-05,POWERGRID,310.85,2024-05-03 05:30:00,316.1,308.25,2024-05,312.0,27074447
C:\Users\v-dhramaraj\Desktop\Python\Projects\Assignment2_StockAnalysis\Data-20250430T011355Z-1-001\Data\data\2024-05,POWERGRID,306.85,2024-05-06 05:30:00,310.8,303.1,2024-05,310.2,16855909
C:\Users\v-dhramaraj\Desktop\Python\Projects\Assignment2_StockAnalysis\Data-20250430T011355Z-1-001\Data\data\2024-05,POWERGRID,295.25,2024-05-07 05:30:00,308.3,294.5,2024-05,307.0,13857464
C:\Users\v-dhramaraj\Desktop\Python\Projects\Assignment2_StockAnalysis\Data-20250430T011355Z-1-001\Data\data\2024-05,POWERGRID,302.0,2024-05-08 05:30:00,302.85,292.0,2024-05,292.0,18754452
C:\Users\v-dhramaraj\Desktop\Python\Projects\Assignment2_StockAnalysis\Data-20250430T011355Z-1-001\Data\data\2024-05,POWERGRID,296.15,2024-05-09 05:30:00,304.35,295.25,2024-05,302.75,11196567
C:\Users\v-dhramaraj\Desktop\Python\Projects\Assignment2_StockAnalysis\Data-20250430T011355Z-1-001\Data\data\2024-05,POWERGRID,303.75,2024-05-10 05:30:00,304.45,296.25,2024-05,296.25,11786977
C:\Users\v-dhramaraj\Desktop\Python\Projects\Assignment2_StockAnalysis\Data-20250430T011355Z-1-001\Data\data\2024-05,POWERGRID,306.55,2024-05-13 05:30:00,307.65,297.6,2024-05,304.2,11710605
C:\Users\v-dhramaraj\Desktop\Python\Projects\Assignment2_StockAnalysis\Data-20250430T011355Z-1-001\Data\data\2024-05,POWERGRID,309.25,2024-05-14 05:30:00,313.0,307.75,2024-05,308.0,9957875
C:\Users\v-dhramaraj\Desktop\Python\Projects\Assignment2_StockAnalysis\Data-20250430T011355Z-1-001\Data\data\2024-05,POWERGRID,314.85,2024-05-15 05:30:00,316.3,308.85,2024-05,310.0,11397656
C:\Users\v-dhramaraj\Desktop\Python\Projects\Assignment2_StockAnalysis\Data-20250430T011355Z-1-001\Data\data\2024-05,POWERGRID,312.5,2024-05-16 05:30:00,315.6,305.3,2024-05,314.5,19843532
C:\Users\v-dhramaraj\Desktop\Python\Projects\Assignment2_StockAnalysis\Data-20250430T011355Z-1-001\Data\data\2024-05,POWERGRID,313.15,2024-05-17 05:30:00,316.0,310.75,2024-05,314.9,9069551
C:\Users\v-dhramaraj\Desktop\Python\Projects\Assignment2_StockAnalysis\Data-20250430T011355Z-1-001\Data\data\2024-05,POWERGRID,316.9,2024-05-18 05:30:00,318.25,315.0,2024-05,315.85,1506930
C:\Users\v-dhramaraj\Desktop\Python\Projects\Assignment2_StockAnalysis\Data-20250430T011355Z-1-001\Data\data\2024-05,POWERGRID,325.65,2024-05-21 05:30:00,327.45,311.0,2024-05,311.0,21976662
C:\Users\v-dhramaraj\Desktop\Python\Projects\Assignment2_StockAnalysis\Data-20250430T011355Z-1-001\Data\data\2024-05,POWERGRID,325.75,2024-05-22 05:30:00,327.75,320.2,2024-05,327.75,10287081
C:\Users\v-dhramaraj\Desktop\Python\Projects\Assignment2_StockAnalysis\Data-20250430T011355Z-1-001\Data\data\2024-05,POWERGRID,319.9,2024-05-23 05:30:00,320.7,309.0,2024-05,319.45,35705284
C:\Users\v-dhramaraj\Desktop\Python\Projects\Assignment2_StockAnalysis\Data-20250430T011355Z-1-001\Data\data\2024-05,POWERGRID,318.8,2024-05-24 05:30:00,322.95,317.4,2024-05,318.0,15058182
C:\Users\v-dhramaraj\Desktop\Python\Projects\Assignment2_StockAnalysis\Data-20250430T011355Z-1-001\Data\data\2024-05,POWERGRID,317.95,2024-05-27 05:30:00,321.5,314.5,2024-05,321.5,12857918
C:\Users\v-dhramaraj\Desktop\Python\Projects\Assignment2_StockAnalysis\Data-20250430T011355Z-1-001\Data\data\2024-05,POWERGRID,312.8,2024-05-28 05:30:00,319.5,312.0,2024-05,319.0,10935739
C:\Users\v-dhramaraj\Desktop\Python\Projects\Assignment2_StockAnalysis\Data-20250430T011355Z-1-001\Data\data\2024-05,POWERGRID,317.7,2024-05-29 05:30:00,318.7,309.1,2024-05,309.1,16812268
C:\Users\v-dhramaraj\Desktop\Python\Projects\Assignment2_StockAnalysis\Data-20250430T011355Z-1-001\Data\data\2024-05,POWERGRID,306.7,2024-05-30 05:30:00,317.65,303.8,2024-05,314.6,22768893
C:\Users\v-dhramaraj\Desktop\Python\Projects\Assignment2_StockAnalysis\Data-20250430T011355Z-1-001\Data\data\2024-05,POWERGRID,310.0,2024-05-31 05:30:00,311.5,305.7,2024-05,308.55,36929443
C:\Users\v-dhramaraj\Desktop\Python\Projects\Assignment2_StockAnalysis\Data-20250430T011355Z-1-001\Data\data\2024-06,POWERGRID,337.65,2024-06-03 05:30:00,348.7,325.6,2024-06,335.0,55218939
C:\Users\v-dhramaraj\Desktop\Python\Projects\Assignment2_StockAnalysis\Data-20250430T011355Z-1-001\Data\data\2024-06,POWERGRID,295.95,2024-06-04 05:30:00,334.95,279.75,2024-06,334.95,73262478
C:\Users\v-dhramaraj\Desktop\Python\Projects\Assignment2_StockAnalysis\Data-20250430T011355Z-1-001\Data\data\2024-06,POWERGRID,298.8,2024-06-05 05:30:00,301.05,279.2,2024-06,296.3,45312613
C:\Users\v-dhramaraj\Desktop\Python\Projects\Assignment2_StockAnalysis\Data-20250430T011355Z-1-001\Data\data\2024-06,POWERGRID,300.45,2024-06-06 05:30:00,311.45,298.1,2024-06,303.4,36508044
C:\Users\v-dhramaraj\Desktop\Python\Projects\Assignment2_StockAnalysis\Data-20250430T011355Z-1-001\Data\data\2024-06,POWERGRID,309.35,2024-06-07 05:30:00,310.65,296.8,2024-06,298.05,38016104
C:\Users\v-dhramaraj\Desktop\Python\Projects\Assignment2_StockAnalysis\Data-20250430T011355Z-1-001\Data\data\2024-06,POWERGRID,315.8,2024-06-10 05:30:00,323.35,311.6,2024-06,313.0,25478964
C:\Users\v-dhramaraj\Desktop\Python\Projects\Assignment2_StockAnalysis\Data-20250430T011355Z-1-001\Data\data\2024-06,POWERGRID,316.55,2024-06-11 05:30:00,319.7,315.15,2024-06,316.2,12238518
C:\Users\v-dhramaraj\Desktop\Python\Projects\Assignment2_StockAnalysis\Data-20250430T011355Z-1-001\Data\data\2024-06,POWERGRID,324.65,2024-06-12 05:30:00,327.1,316.9,2024-06,319.9,20346144
C:\Users\v-dhramaraj\Desktop\Python\Projects\Assignment2_StockAnalysis\Data-20250430T011355Z-1-001\Data\data\2024-06,POWERGRID,321.45,2024-06-13 05:30:00,327.95,320.65,2024-06,327.0,11756503
C:\Users\v-dhramaraj\Desktop\Python\Projects\Assignment2_StockAnalysis\Data-20250430T011355Z-1-001\Data\data\2024-06,POWERGRID,321.5,2024-06-14 05:30:00,326.0,319.35,2024-06,326.0,14159988
C:\Users\v-dhramaraj\Desktop\Python\Projects\Assignment2_StockAnalysis\Data-20250430T011355Z-1-001\Data\data\2024-06,POWERGRID,331.8,2024-06-18 05:30:00,332.5,322.0,2024-06,322.0,21653702
C:\Users\v-dhramaraj\Desktop\Python\Projects\Assignment2_StockAnalysis\Data-20250430T011355Z-1-001\Data\data\2024-06,POWERGRID,327.3,2024-06-19 05:30:00,334.85,325.4,2024-06,334.0,14235150
C:\Users\v-dhramaraj\Desktop\Python\Projects\Assignment2_StockAnalysis\Data-20250430T011355Z-1-001\Data\data\2024-06,POWERGRID,324.55,2024-06-20 05:30:00,328.3,322.3,2024-06,327.5,11749507
C:\Users\v-dhramaraj\Desktop\Python\Projects\Assignment2_StockAnalysis\Data-20250430T011355Z-1-001\Data\data\2024-06,POWERGRID,325.95,2024-06-21 05:30:00,329.6,323.0,2024-06,326.7,17209541
C:\Users\v-dhramaraj\Desktop\Python\Projects\Assignment2_StockAnalysis\Data-20250430T011355Z-1-001\Data\data\2024-06,POWERGRID,332.95,2024-06-24 05:30:00,334.0,322.55,2024-06,323.1,18044357
C:\Users\v-dhramaraj\Desktop\Python\Projects\Assignment2_StockAnalysis\Data-20250430T011355Z-1-001\Data\data\2024-06,POWERGRID,327.4,2024-06-25 05:30:00,335.0,325.8,2024-06,335.0,13979671
C:\Users\v-dhramaraj\Desktop\Python\Projects\Assignment2_StockAnalysis\Data-20250430T011355Z-1-001\Data\data\2024-06,POWERGRID,326.7,2024-06-26 05:30:00,330.2,324.95,2024-06,325.7,12946277
C:\Users\v-dhramaraj\Desktop\Python\Projects\Assignment2_StockAnalysis\Data-20250430T011355Z-1-001\Data\data\2024-06,POWERGRID,331.55,2024-06-27 05:30:00,332.5,324.35,2024-06,328.55,27061015
C:\Users\v-dhramaraj\Desktop\Python\Projects\Assignment2_StockAnalysis\Data-20250430T011355Z-1-001\Data\data\2024-06,POWERGRID,330.95,2024-06-28 05:30:00,337.35,329.6,2024-06,333.0,21676594
C:\Users\v-dhramaraj\Desktop\Python\Projects\Assignment2_StockAnalysis\Data-20250430T011355Z-1-001\Data\data\2024-07,POWERGRID,329.6,2024-07-01 05:30:00,331.75,325.25,2024-07,331.0,11959181
C:\Users\v-dhramaraj\Desktop\Python\Projects\Assignment2_StockAnalysis\Data-20250430T011355Z-1-001\Data\data\2024-07,POWERGRID,330.8,2024-07-02 05:30:00,334.4,328.05,2024-07,330.05,12684459
C:\Users\v-dhramaraj\Desktop\Python\Projects\Assignment2_StockAnalysis\Data-20250430T011355Z-1-001\Data\data\2024-07,POWERGRID,335.15,2024-07-03 05:30:00,336.9,329.1,2024-07,331.1,9369793
C:\Users\v-dhramaraj\Desktop\Python\Projects\Assignment2_StockAnalysis\Data-20250430T011355Z-1-001\Data\data\2024-07,POWERGRID,335.0,2024-07-04 05:30:00,338.7,333.9,2024-07,337.0,12878827
C:\Users\v-dhramaraj\Desktop\Python\Projects\Assignment2_StockAnalysis\Data-20250430T011355Z-1-001\Data\data\2024-07,POWERGRID,339.4,2024-07-05 05:30:00,339.9,332.85,2024-07,335.0,10894118
C:\Users\v-dhramaraj\Desktop\Python\Projects\Assignment2_StockAnalysis\Data-20250430T011355Z-1-001\Data\data\2024-07,POWERGRID,339.4,2024-07-08 05:30:00,341.0,336.85,2024-07,341.0,7828162
C:\Users\v-dhramaraj\Desktop\Python\Projects\Assignment2_StockAnalysis\Data-20250430T011355Z-1-001\Data\data\2024-07,POWERGRID,341.15,2024-07-09 05:30:00,342.35,338.1,2024-07,340.0,9214579
C:\Users\v-dhramaraj\Desktop\Python\Projects\Assignment2_StockAnalysis\Data-20250430T011355Z-1-001\Data\data\2024-07,POWERGRID,346.05,2024-07-10 05:30:00,347.8,335.5,2024-07,343.0,10662609
C:\Users\v-dhramaraj\Desktop\Python\Projects\Assignment2_StockAnalysis\Data-20250430T011355Z-1-001\Data\data\2024-07,POWERGRID,342.8,2024-07-11 05:30:00,348.75,342.0,2024-07,348.5,12642065
C:\Users\v-dhramaraj\Desktop\Python\Projects\Assignment2_StockAnalysis\Data-20250430T011355Z-1-001\Data\data\2024-07,POWERGRID,343.1,2024-07-12 05:30:00,345.9,340.1,2024-07,342.8,11380570
C:\Users\v-dhramaraj\Desktop\Python\Projects\Assignment2_StockAnalysis\Data-20250430T011355Z-1-001\Data\data\2024-07,POWERGRID,343.85,2024-07-15 05:30:00,345.4,340.2,2024-07,345.4,5277531
C:\Users\v-dhramaraj\Desktop\Python\Projects\Assignment2_StockAnalysis\Data-20250430T011355Z-1-001\Data\data\2024-07,POWERGRID,342.45,2024-07-16 05:30:00,347.0,341.5,2024-07,342.75,11363095
C:\Users\v-dhramaraj\Desktop\Python\Projects\Assignment2_StockAnalysis\Data-20250430T011355Z-1-001\Data\data\2024-07,POWERGRID,341.25,2024-07-18 05:30:00,344.7,336.95,2024-07,342.0,13908161
C:\Users\v-dhramaraj\Desktop\Python\Projects\Assignment2_StockAnalysis\Data-20250430T011355Z-1-001\Data\data\2024-07,POWERGRID,332.2,2024-07-19 05:30:00,341.85,331.0,2024-07,339.55,12937990
C:\Users\v-dhramaraj\Desktop\Python\Projects\Assignment2_StockAnalysis\Data-20250430T011355Z-1-001\Data\data\2024-07,POWERGRID,338.6,2024-07-22 05:30:00,339.4,329.5,2024-07,330.0,10678640
C:\Users\v-dhramaraj\Desktop\Python\Projects\Assignment2_StockAnalysis\Data-20250430T011355Z-1-001\Data\data\2024-07,POWERGRID,334.25,2024-07-23 05:30:00,340.5,321.1,2024-07,339.1,15954324
C:\Users\v-dhramaraj\Desktop\Python\Projects\Assignment2_StockAnalysis\Data-20250430T011355Z-1-001\Data\data\2024-07,POWERGRID,337.15,2024-07-24 05:30:00,338.8,330.3,2024-07,330.9,12573882
C:\Users\v-dhramaraj\Desktop\Python\Projects\Assignment2_StockAnalysis\Data-20250430T011355Z-1-001\Data\data\2024-07,POWERGRID,339.45,2024-07-25 05:30:00,342.6,330.45,2024-07,330.45,16271884
C:\Users\v-dhramaraj\Desktop\Python\Projects\Assignment2_StockAnalysis\Data-20250430T011355Z-1-001\Data\data\2024-07,POWERGRID,344.2,2024-07-26 05:30:00,345.55,338.5,2024-07,340.35,11468068
C:\Users\v-dhramaraj\Desktop\Python\Projects\Assignment2_StockAnalysis\Data-20250430T011355Z-1-001\Data\data\2024-07,POWERGRID,342.35,2024-07-29 05:30:00,345.9,337.75,2024-07,339.8,31849674
C:\Users\v-dhramaraj\Desktop\Python\Projects\Assignment2_StockAnalysis\Data-20250430T011355Z-1-001\Data\data\2024-07,POWERGRID,349.8,2024-07-30 05:30:00,356.95,343.3,2024-07,345.0,25813219
C:\Users\v-dhramaraj\Desktop\Python\Projects\Assignment2_StockAnalysis\Data-20250430T011355Z-1-001\Data\data\2024-07,POWERGRID,348.2,2024-07-31 05:30:00,350.65,342.6,2024-07,348.25,17976593
C:\Users\v-dhramaraj\Desktop\Python\Projects\Assignment2_StockAnalysis\Data-20250430T011355Z-1-001\Data\data\2024-08,POWERGRID,361.1,2024-08-01 05:30:00,362.5,350.15,2024-08,351.15,26792459
C:\Users\v-dhramaraj\Desktop\Python\Projects\Assignment2_StockAnalysis\Data-20250430T011355Z-1-001\Data\data\2024-08,POWERGRID,358.25,2024-08-02 05:30:00,361.05,354.0,2024-08,358.0,13771470
C:\Users\v-dhramaraj\Desktop\Python\Projects\Assignment2_StockAnalysis\Data-20250430T011355Z-1-001\Data\data\2024-08,POWERGRID,342.8,2024-08-05 05:30:00,354.8,341.5,2024-08,352.75,13566586
C:\Users\v-dhramaraj\Desktop\Python\Projects\Assignment2_StockAnalysis\Data-20250430T011355Z-1-001\Data\data\2024-08,POWERGRID,340.75,2024-08-06 05:30:00,350.8,339.25,2024-08,342.8,12273667
C:\Users\v-dhramaraj\Desktop\Python\Projects\Assignment2_StockAnalysis\Data-20250430T011355Z-1-001\Data\data\2024-08,POWERGRID,352.05,2024-08-07 05:30:00,352.55,343.4,2024-08,345.85,12441847
C:\Users\v-dhramaraj\Desktop\Python\Projects\Assignment2_StockAnalysis\Data-20250430T011355Z-1-001\Data\data\2024-08,POWERGRID,342.65,2024-08-08 05:30:00,355.0,341.25,2024-08,355.0,15489731
C:\Users\v-dhramaraj\Desktop\Python\Projects\Assignment2_StockAnalysis\Data-20250430T011355Z-1-001\Data\data\2024-08,POWERGRID,346.0,2024-08-09 05:30:00,348.95,344.3,2024-08,347.9,8720610
C:\Users\v-dhramaraj\Desktop\Python\Projects\Assignment2_StockAnalysis\Data-20250430T011355Z-1-001\Data\data\2024-08,POWERGRID,341.15,2024-08-12 05:30:00,343.8,339.5,2024-08,343.0,12521136
C:\Users\v-dhramaraj\Desktop\Python\Projects\Assignment2_StockAnalysis\Data-20250430T011355Z-1-001\Data\data\2024-08,POWERGRID,336.95,2024-08-13 05:30:00,342.45,335.15,2024-08,337.0,10435954
C:\Users\v-dhramaraj\Desktop\Python\Projects\Assignment2_StockAnalysis\Data-20250430T011355Z-1-001\Data\data\2024-08,POWERGRID,333.5,2024-08-14 05:30:00,338.35,332.5,2024-08,337.0,12385993
C:\Users\v-dhramaraj\Desktop\Python\Projects\Assignment2_StockAnalysis\Data-20250430T011355Z-1-001\Data\data\2024-08,POWERGRID,338.6,2024-08-16 05:30:00,339.55,330.6,2024-08,333.0,13013828
C:\Users\v-dhramaraj\Desktop\Python\Projects\Assignment2_StockAnalysis\Data-20250430T011355Z-1-001\Data\data\2024-08,POWERGRID,340.3,2024-08-19 05:30:00,343.3,339.3,2024-08,342.65,5891370
C:\Users\v-dhramaraj\Desktop\Python\Projects\Assignment2_StockAnalysis\Data-20250430T011355Z-1-001\Data\data\2024-08,POWERGRID,340.5,2024-08-20 05:30:00,342.65,338.8,2024-08,340.45,6393840
C:\Users\v-dhramaraj\Desktop\Python\Projects\Assignment2_StockAnalysis\Data-20250430T011355Z-1-001\Data\data\2024-08,POWERGRID,336.65,2024-08-21 05:30:00,340.95,336.15,2024-08,340.0,10118601
C:\Users\v-dhramaraj\Desktop\Python\Projects\Assignment2_StockAnalysis\Data-20250430T011355Z-1-001\Data\data\2024-08,POWERGRID,334.0,2024-08-22 05:30:00,337.7,330.5,2024-08,336.0,18370039
C:\Users\v-dhramaraj\Desktop\Python\Projects\Assignment2_StockAnalysis\Data-20250430T011355Z-1-001\Data\data\2024-08,POWERGRID,336.25,2024-08-23 05:30:00,336.95,333.35,2024-08,334.65,7494822
C:\Users\v-dhramaraj\Desktop\Python\Projects\Assignment2_StockAnalysis\Data-20250430T011355Z-1-001\Data\data\2024-08,POWERGRID,338.25,2024-08-26 05:30:00,341.5,335.85,2024-08,336.45,7993675
C:\Users\v-dhramaraj\Desktop\Python\Projects\Assignment2_StockAnalysis\Data-20250430T011355Z-1-001\Data\data\2024-08,POWERGRID,335.35,2024-08-27 05:30:00,341.45,335.0,2024-08,339.0,9589690
C:\Users\v-dhramaraj\Desktop\Python\Projects\Assignment2_StockAnalysis\Data-20250430T011355Z-1-001\Data\data\2024-08,POWERGRID,334.45,2024-08-28 05:30:00,338.9,333.75,2024-08,335.35,8790600
C:\Users\v-dhramaraj\Desktop\Python\Projects\Assignment2_StockAnalysis\Data-20250430T011355Z-1-001\Data\data\2024-08,POWERGRID,333.3,2024-08-29 05:30:00,335.9,328.8,2024-08,332.5,17653536
C:\Users\v-dhramaraj\Desktop\Python\Projects\Assignment2_StockAnalysis\Data-20250430T011355Z-1-001\Data\data\2024-08,POWERGRID,337.4,2024-08-30 05:30:00,340.85,334.05,2024-08,335.0,22713812
C:\Users\v-dhramaraj\Desktop\Python\Projects\Assignment2_StockAnalysis\Data-20250430T011355Z-1-001\Data\data\2024-09,POWERGRID,335.55,2024-09-02 05:30:00,339.9,334.2,2024-09,338.4,9789776
C:\Users\v-dhramaraj\Desktop\Python\Projects\Assignment2_StockAnalysis\Data-20250430T011355Z-1-001\Data\data\2024-09,POWERGRID,334.65,2024-09-03 05:30:00,337.95,334.0,2024-09,336.0,8434423
C:\Users\v-dhramaraj\Desktop\Python\Projects\Assignment2_StockAnalysis\Data-20250430T011355Z-1-001\Data\data\2024-09,POWERGRID,332.9,2024-09-04 05:30:00,334.7,331.0,2024-09,331.2,9025610
C:\Users\v-dhramaraj\Desktop\Python\Projects\Assignment2_StockAnalysis\Data-20250430T011355Z-1-001\Data\data\2024-09,POWERGRID,331.25,2024-09-05 05:30:00,334.3,329.6,2024-09,332.35,13912371
C:\Users\v-dhramaraj\Desktop\Python\Projects\Assignment2_StockAnalysis\Data-20250430T011355Z-1-001\Data\data\2024-09,POWERGRID,329.8,2024-09-06 05:30:00,333.1,325.0,2024-09,333.05,23755639
C:\Users\v-dhramaraj\Desktop\Python\Projects\Assignment2_StockAnalysis\Data-20250430T011355Z-1-001\Data\data\2024-09,POWERGRID,328.55,2024-09-09 05:30:00,329.2,323.55,2024-09,327.7,18597200
C:\Users\v-dhramaraj\Desktop\Python\Projects\Assignment2_StockAnalysis\Data-20250430T011355Z-1-001\Data\data\2024-09,POWERGRID,334.15,2024-09-10 05:30:00,335.3,327.0,2024-09,327.0,15472387
C:\Users\v-dhramaraj\Desktop\Python\Projects\Assignment2_StockAnalysis\Data-20250430T011355Z-1-001\Data\data\2024-09,POWERGRID,333.2,2024-09-11 05:30:00,337.25,332.0,2024-09,336.9,10134008
C:\Users\v-dhramaraj\Desktop\Python\Projects\Assignment2_StockAnalysis\Data-20250430T011355Z-1-001\Data\data\2024-09,POWERGRID,338.2,2024-09-12 05:30:00,339.0,333.25,2024-09,334.85,18410837
C:\Users\v-dhramaraj\Desktop\Python\Projects\Assignment2_StockAnalysis\Data-20250430T011355Z-1-001\Data\data\2024-09,POWERGRID,337.25,2024-09-13 05:30:00,341.25,336.1,2024-09,339.8,10417461
C:\Users\v-dhramaraj\Desktop\Python\Projects\Assignment2_StockAnalysis\Data-20250430T011355Z-1-001\Data\data\2024-09,POWERGRID,338.25,2024-09-16 05:30:00,341.5,337.05,2024-09,337.25,7748570
C:\Users\v-dhramaraj\Desktop\Python\Projects\Assignment2_StockAnalysis\Data-20250430T011355Z-1-001\Data\data\2024-09,POWERGRID,336.9,2024-09-17 05:30:00,340.0,334.5,2024-09,336.7,11451846
C:\Users\v-dhramaraj\Desktop\Python\Projects\Assignment2_StockAnalysis\Data-20250430T011355Z-1-001\Data\data\2024-09,POWERGRID,334.3,2024-09-18 05:30:00,338.9,333.1,2024-09,338.5,6583254
C:\Users\v-dhramaraj\Desktop\Python\Projects\Assignment2_StockAnalysis\Data-20250430T011355Z-1-001\Data\data\2024-09,POWERGRID,334.9,2024-09-19 05:30:00,338.35,333.1,2024-09,336.2,10589610
C:\Users\v-dhramaraj\Desktop\Python\Projects\Assignment2_StockAnalysis\Data-20250430T011355Z-1-001\Data\data\2024-09,POWERGRID,340.85,2024-09-20 05:30:00,342.95,334.75,2024-09,338.15,31236123
C:\Users\v-dhramaraj\Desktop\Python\Projects\Assignment2_StockAnalysis\Data-20250430T011355Z-1-001\Data\data\2024-09,POWERGRID,341.15,2024-09-23 05:30:00,342.5,340.25,2024-09,342.0,6542941
C:\Users\v-dhramaraj\Desktop\Python\Projects\Assignment2_StockAnalysis\Data-20250430T011355Z-1-001\Data\data\2024-09,POWERGRID,350.05,2024-09-24 05:30:00,351.0,342.35,2024-09,344.55,26145769
C:\Users\v-dhramaraj\Desktop\Python\Projects\Assignment2_StockAnalysis\Data-20250430T011355Z-1-001\Data\data\2024-09,POWERGRID,363.75,2024-09-25 05:30:00,366.25,352.35,2024-09,353.85,40770462
C:\Users\v-dhramaraj\Desktop\Python\Projects\Assignment2_StockAnalysis\Data-20250430T011355Z-1-001\Data\data\2024-09,POWERGRID,365.45,2024-09-26 05:30:00,366.1,357.2,2024-09,364.05,18733959
C:\Users\v-dhramaraj\Desktop\Python\Projects\Assignment2_StockAnalysis\Data-20250430T011355Z-1-001\Data\data\2024-09,POWERGRID,354.25,2024-09-27 05:30:00,363.3,353.35,2024-09,362.2,33148043
C:\Users\v-dhramaraj\Desktop\Python\Projects\Assignment2_StockAnalysis\Data-20250430T011355Z-1-001\Data\data\2024-09,POWERGRID,352.85,2024-09-30 05:30:00,357.45,349.7,2024-09,354.25,16356171
C:\Users\v-dhramaraj\Desktop\Python\Projects\Assignment2_StockAnalysis\Data-20250430T011355Z-1-001\Data\data\2024-10,POWERGRID,350.8,2024-10-01 05:30:00,356.0,349.95,2024-10,351.1,9856291
C:\Users\v-dhramaraj\Desktop\Python\Projects\Assignment2_StockAnalysis\Data-20250430T011355Z-1-001\Data\data\2024-10,POWERGRID,344.15,2024-10-03 05:30:00,349.9,342.6,2024-10,343.0,19350466
C:\Users\v-dhramaraj\Desktop\Python\Projects\Assignment2_StockAnalysis\Data-20250430T011355Z-1-001\Data\data\2024-10,POWERGRID,338.85,2024-10-04 05:30:00,347.45,337.75,2024-10,343.0,20121706
C:\Users\v-dhramaraj\Desktop\Python\Projects\Assignment2_StockAnalysis\Data-20250430T011355Z-1-001\Data\data\2024-10,POWERGRID,328.95,2024-10-07 05:30:00,340.0,325.0,2024-10,340.0,13851446
C:\Users\v-dhramaraj\Desktop\Python\Projects\Assignment2_StockAnalysis\Data-20250430T011355Z-1-001\Data\data\2024-10,POWERGRID,327.15,2024-10-08 05:30:00,331.0,322.35,2024-10,327.3,21148292
C:\Users\v-dhramaraj\Desktop\Python\Projects\Assignment2_StockAnalysis\Data-20250430T011355Z-1-001\Data\data\2024-10,POWERGRID,329.75,2024-10-09 05:30:00,331.8,325.5,2024-10,327.0,9228363
C:\Users\v-dhramaraj\Desktop\Python\Projects\Assignment2_StockAnalysis\Data-20250430T011355Z-1-001\Data\data\2024-10,POWERGRID,334.35,2024-10-10 05:30:00,338.1,330.1,2024-10,330.2,20773976
C:\Users\v-dhramaraj\Desktop\Python\Projects\Assignment2_StockAnalysis\Data-20250430T011355Z-1-001\Data\data\2024-10,POWERGRID,330.05,2024-10-11 05:30:00,335.35,329.5,2024-10,334.45,6098468
C:\Users\v-dhramaraj\Desktop\Python\Projects\Assignment2_StockAnalysis\Data-20250430T011355Z-1-001\Data\data\2024-10,POWERGRID,330.7,2024-10-14 05:30:00,331.5,327.8,2024-10,330.05,5944216
C:\Users\v-dhramaraj\Desktop\Python\Projects\Assignment2_StockAnalysis\Data-20250430T011355Z-1-001\Data\data\2024-10,POWERGRID,329.85,2024-10-15 05:30:00,333.45,327.5,2024-10,333.45,12415489
C:\Users\v-dhramaraj\Desktop\Python\Projects\Assignment2_StockAnalysis\Data-20250430T011355Z-1-001\Data\data\2024-10,POWERGRID,327.2,2024-10-16 05:30:00,332.65,324.95,2024-10,331.7,22085298
C:\Users\v-dhramaraj\Desktop\Python\Projects\Assignment2_StockAnalysis\Data-20250430T011355Z-1-001\Data\data\2024-10,POWERGRID,331.15,2024-10-17 05:30:00,331.9,324.6,2024-10,328.5,17039729
C:\Users\v-dhramaraj\Desktop\Python\Projects\Assignment2_StockAnalysis\Data-20250430T011355Z-1-001\Data\data\2024-10,POWERGRID,332.05,2024-10-18 05:30:00,333.85,328.25,2024-10,331.5,10569021
C:\Users\v-dhramaraj\Desktop\Python\Projects\Assignment2_StockAnalysis\Data-20250430T011355Z-1-001\Data\data\2024-10,POWERGRID,331.15,2024-10-21 05:30:00,333.75,329.45,2024-10,333.0,8745904
C:\Users\v-dhramaraj\Desktop\Python\Projects\Assignment2_StockAnalysis\Data-20250430T011355Z-1-001\Data\data\2024-10,POWERGRID,322.75,2024-10-22 05:30:00,335.65,321.05,2024-10,332.9,11219831
C:\Users\v-dhramaraj\Desktop\Python\Projects\Assignment2_StockAnalysis\Data-20250430T011355Z-1-001\Data\data\2024-10,POWERGRID,316.9,2024-10-23 05:30:00,321.9,313.85,2024-10,319.2,12541589
C:\Users\v-dhramaraj\Desktop\Python\Projects\Assignment2_StockAnalysis\Data-20250430T011355Z-1-001\Data\data\2024-10,POWERGRID,319.15,2024-10-24 05:30:00,320.8,315.25,2024-10,315.25,8327779
C:\Users\v-dhramaraj\Desktop\Python\Projects\Assignment2_StockAnalysis\Data-20250430T011355Z-1-001\Data\data\2024-10,POWERGRID,315.8,2024-10-25 05:30:00,321.5,313.25,2024-10,321.5,12979410
C:\Users\v-dhramaraj\Desktop\Python\Projects\Assignment2_StockAnalysis\Data-20250430T011355Z-1-001\Data\data\2024-10,POWERGRID,318.3,2024-10-28 05:30:00,320.45,310.75,2024-10,314.5,9610615
C:\Users\v-dhramaraj\Desktop\Python\Projects\Assignment2_StockAnalysis\Data-20250430T011355Z-1-001\Data\data\2024-10,POWERGRID,320.55,2024-10-29 05:30:00,321.2,314.15,2024-10,316.1,15856332
C:\Users\v-dhramaraj\Desktop\Python\Projects\Assignment2_StockAnalysis\Data-20250430T011355Z-1-001\Data\data\2024-10,POWERGRID,318.45,2024-10-30 05:30:00,325.4,316.75,2024-10,318.55,14498110
C:\Users\v-dhramaraj\Desktop\Python\Projects\Assignment2_StockAnalysis\Data-20250430T011355Z-1-001\Data\data\2024-10,POWERGRID,320.8,2024-10-31 05:30:00,322.7,317.85,2024-10,320.4,9900390
C:\Users\v-dhramaraj\Desktop\Python\Projects\Assignment2_StockAnalysis\Data-20250430T011355Z-1-001\Data\data\2024-11,POWERGRID,322.05,2024-11-01 05:30:00,322.7,320.0,2024-11,322.45,847672
C:\Users\v-dhramaraj\Desktop\Python\Projects\Assignment2_StockAnalysis\Data-20250430T011355Z-1-001\Data\data\2024-11,POWERGRID,315.45,2024-11-04 05:30:00,324.7,311.6,2024-11,324.55,9249409
C:\Users\v-dhramaraj\Desktop\Python\Projects\Assignment2_StockAnalysis\Data-20250430T011355Z-1-001\Data\data\2024-11,POWERGRID,316.6,2024-11-05 05:30:00,317.7,312.0,2024-11,312.35,7518195
C:\Users\v-dhramaraj\Desktop\Python\Projects\Assignment2_StockAnalysis\Data-20250430T011355Z-1-001\Data\data\2024-11,POWERGRID,318.5,2024-11-06 05:30:00,320.35,313.9,2024-11,317.4,11019250
C:\Users\v-dhramaraj\Desktop\Python\Projects\Assignment2_StockAnalysis\Data-20250430T011355Z-1-001\Data\data\2024-11,POWERGRID,312.95,2024-11-07 05:30:00,319.0,311.7,2024-11,319.0,14504208
C:\Users\v-dhramaraj\Desktop\Python\Projects\Assignment2_StockAnalysis\Data-20250430T011355Z-1-001\Data\data\2024-11,POWERGRID,316.25,2024-11-08 05:30:00,317.55,308.7,2024-11,311.85,15740539
C:\Users\v-dhramaraj\Desktop\Python\Projects\Assignment2_StockAnalysis\Data-20250430T011355Z-1-001\Data\data\2024-11,POWERGRID,329.8,2024-11-11 05:30:00,332.4,312.8,2024-11,313.55,22838987
C:\Users\v-dhramaraj\Desktop\Python\Projects\Assignment2_StockAnalysis\Data-20250430T011355Z-1-001\Data\data\2024-11,POWERGRID,322.7,2024-11-12 05:30:00,332.5,321.8,2024-11,331.5,12069181
C:\Users\v-dhramaraj\Desktop\Python\Projects\Assignment2_StockAnalysis\Data-20250430T011355Z-1-001\Data\data\2024-11,POWERGRID,318.0,2024-11-13 05:30:00,324.6,317.15,2024-11,322.65,12918639
C:\Users\v-dhramaraj\Desktop\Python\Projects\Assignment2_StockAnalysis\Data-20250430T011355Z-1-001\Data\data\2024-11,POWERGRID,312.1,2024-11-14 05:30:00,318.8,310.6,2024-11,315.1,12500377
C:\Users\v-dhramaraj\Desktop\Python\Projects\Assignment2_StockAnalysis\Data-20250430T011355Z-1-001\Data\data\2024-11,POWERGRID,312.05,2024-11-18 05:30:00,315.55,310.1,2024-11,314.0,9408101
C:\Users\v-dhramaraj\Desktop\Python\Projects\Assignment2_StockAnalysis\Data-20250430T011355Z-1-001\Data\data\2024-11,POWERGRID,315.05,2024-11-19 05:30:00,318.25,312.25,2024-11,313.05,13157158
C:\Users\v-dhramaraj\Desktop\Python\Projects\Assignment2_StockAnalysis\Data-20250430T011355Z-1-001\Data\data\2024-11,POWERGRID,325.9,2024-11-21 05:30:00,326.75,313.0,2024-11,316.0,25406386
C:\Users\v-dhramaraj\Desktop\Python\Projects\Assignment2_StockAnalysis\Data-20250430T011355Z-1-001\Data\data\2024-11,POWERGRID,336.95,2024-11-22 05:30:00,337.6,324.0,2024-11,325.8,31523269
