Source Folder,Ticker,close,date,high,low,month,open,volume
C:\Users\v-dhramaraj\Desktop\Python\Projects\Assignment2_StockAnalysis\Data-20250430T011355Z-1-001\Data\data\2023-10,SBILIFE,1292.45,2023-10-03 05:30:00,1302.15,1282.65,2023-10,1302.15,1282289
C:\Users\v-dhramaraj\Desktop\Python\Projects\Assignment2_StockAnalysis\Data-20250430T011355Z-1-001\Data\data\2023-10,SBILIFE,1270.55,2023-10-04 05:30:00,1297.7,1264.35,2023-10,1291.6,1139615
C:\Users\v-dhramaraj\Desktop\Python\Projects\Assignment2_StockAnalysis\Data-20250430T011355Z-1-001\Data\data\2023-10,SBILIFE,1274.45,2023-10-05 05:30:00,1282.1,1264.95,2023-10,1271.0,979561
C:\Users\v-dhramaraj\Desktop\Python\Projects\Assignment2_StockAnalysis\Data-20250430T011355Z-1-001\Data\data\2023-10,SBILIFE,1282.95,2023-10-06 05:30:00,1287.55,1272.0,2023-10,1276.0,784191
C:\Users\v-dhramaraj\Desktop\Python\Projects\Assignment2_StockAnalysis\Data-20250430T011355Z-1-001\Data\data\2023-10,SBILIFE,1277.25,2023-10-09 05:30:00,1290.75,1272.0,2023-10,1278.1,1345177
C:\Users\v-dhramaraj\Desktop\Python\Projects\Assignment2_StockAnalysis\Data-20250430T011355Z-1-001\Data\data\2023-10,SBILIFE,1302.05,2023-10-10 05:30:00,1312.6,1279.8,2023-10,1285.0,1221002
C:\Users\v-dhramaraj\Desktop\Python\Projects\Assignment2_StockAnalysis\Data-20250430T011355Z-1-001\Data\data\2023-10,SBILIFE,1309.35,2023-10-11 05:30:00,1310.95,1291.15,2023-10,1310.0,1374812
C:\Users\v-dhramaraj\Desktop\Python\Projects\Assignment2_StockAnalysis\Data-20250430T011355Z-1-001\Data\data\2023-10,SBILIFE,1313.65,2023-10-12 05:30:00,1317.4,1300.95,2023-10,1311.95,726322
C:\Users\v-dhramaraj\Desktop\Python\Projects\Assignment2_StockAnalysis\Data-20250430T011355Z-1-001\Data\data\2023-10,SBILIFE,1316.45,2023-10-13 05:30:00,1329.65,1312.85,2023-10,1315.85,916350
C:\Users\v-dhramaraj\Desktop\Python\Projects\Assignment2_StockAnalysis\Data-20250430T011355Z-1-001\Data\data\2023-10,SBILIFE,1322.2,2023-10-16 05:30:00,1332.2,1310.55,2023-10,1319.2,578729
C:\Users\v-dhramaraj\Desktop\Python\Projects\Assignment2_StockAnalysis\Data-20250430T011355Z-1-001\Data\data\2023-10,SBILIFE,1348.35,2023-10-17 05:30:00,1351.1,1325.0,2023-10,1325.0,1073063
C:\Users\v-dhramaraj\Desktop\Python\Projects\Assignment2_StockAnalysis\Data-20250430T011355Z-1-001\Data\data\2023-10,SBILIFE,1356.35,2023-10-18 05:30:00,1358.6,1339.0,2023-10,1344.05,454861
C:\Users\v-dhramaraj\Desktop\Python\Projects\Assignment2_StockAnalysis\Data-20250430T011355Z-1-001\Data\data\2023-10,SBILIFE,1348.15,2023-10-19 05:30:00,1353.6,1338.6,2023-10,1349.0,595436
C:\Users\v-dhramaraj\Desktop\Python\Projects\Assignment2_StockAnalysis\Data-20250430T011355Z-1-001\Data\data\2023-10,SBILIFE,1362.65,2023-10-20 05:30:00,1368.65,1336.5,2023-10,1340.0,936229
C:\Users\v-dhramaraj\Desktop\Python\Projects\Assignment2_StockAnalysis\Data-20250430T011355Z-1-001\Data\data\2023-10,SBILIFE,1338.4,2023-10-23 05:30:00,1366.55,1329.05,2023-10,1359.95,976136
C:\Users\v-dhramaraj\Desktop\Python\Projects\Assignment2_StockAnalysis\Data-20250430T011355Z-1-001\Data\data\2023-10,SBILIFE,1314.15,2023-10-25 05:30:00,1346.1,1308.65,2023-10,1323.05,945901
C:\Users\v-dhramaraj\Desktop\Python\Projects\Assignment2_StockAnalysis\Data-20250430T011355Z-1-001\Data\data\2023-10,SBILIFE,1305.6,2023-10-26 05:30:00,1315.8,1290.75,2023-10,1315.8,1107874
C:\Users\v-dhramaraj\Desktop\Python\Projects\Assignment2_StockAnalysis\Data-20250430T011355Z-1-001\Data\data\2023-10,SBILIFE,1302.9,2023-10-27 05:30:00,1320.7,1293.65,2023-10,1307.6,654531
C:\Users\v-dhramaraj\Desktop\Python\Projects\Assignment2_StockAnalysis\Data-20250430T011355Z-1-001\Data\data\2023-10,SBILIFE,1326.2,2023-10-30 05:30:00,1330.7,1305.0,2023-10,1305.2,1242401
C:\Users\v-dhramaraj\Desktop\Python\Projects\Assignment2_StockAnalysis\Data-20250430T011355Z-1-001\Data\data\2023-10,SBILIFE,1367.85,2023-10-31 05:30:00,1375.4,1319.5,2023-10,1325.0,2287988
C:\Users\v-dhramaraj\Desktop\Python\Projects\Assignment2_StockAnalysis\Data-20250430T011355Z-1-001\Data\data\2023-11,SBILIFE,1336.05,2023-11-01 05:30:00,1377.95,1332.4,2023-11,1371.05,968893
C:\Users\v-dhramaraj\Desktop\Python\Projects\Assignment2_StockAnalysis\Data-20250430T011355Z-1-001\Data\data\2023-11,SBILIFE,1343.5,2023-11-02 05:30:00,1357.75,1340.15,2023-11,1342.0,637519
C:\Users\v-dhramaraj\Desktop\Python\Projects\Assignment2_StockAnalysis\Data-20250430T011355Z-1-001\Data\data\2023-11,SBILIFE,1329.35,2023-11-03 05:30:00,1349.95,1326.1,2023-11,1344.8,690163
C:\Users\v-dhramaraj\Desktop\Python\Projects\Assignment2_StockAnalysis\Data-20250430T011355Z-1-001\Data\data\2023-11,SBILIFE,1331.85,2023-11-06 05:30:00,1340.7,1323.4,2023-11,1335.0,377106
C:\Users\v-dhramaraj\Desktop\Python\Projects\Assignment2_StockAnalysis\Data-20250430T011355Z-1-001\Data\data\2023-11,SBILIFE,1340.85,2023-11-07 05:30:00,1344.05,1320.4,2023-11,1332.5,1038346
C:\Users\v-dhramaraj\Desktop\Python\Projects\Assignment2_StockAnalysis\Data-20250430T011355Z-1-001\Data\data\2023-11,SBILIFE,1345.5,2023-11-08 05:30:00,1349.35,1334.7,2023-11,1342.15,498283
C:\Users\v-dhramaraj\Desktop\Python\Projects\Assignment2_StockAnalysis\Data-20250430T011355Z-1-001\Data\data\2023-11,SBILIFE,1350.7,2023-11-09 05:30:00,1353.35,1335.45,2023-11,1345.1,493454
C:\Users\v-dhramaraj\Desktop\Python\Projects\Assignment2_StockAnalysis\Data-20250430T011355Z-1-001\Data\data\2023-11,SBILIFE,1355.4,2023-11-10 05:30:00,1360.0,1341.0,2023-11,1351.8,639801
C:\Users\v-dhramaraj\Desktop\Python\Projects\Assignment2_StockAnalysis\Data-20250430T011355Z-1-001\Data\data\2023-11,SBILIFE,1358.85,2023-11-12 05:30:00,1370.5,1353.1,2023-11,1364.5,67960
C:\Users\v-dhramaraj\Desktop\Python\Projects\Assignment2_StockAnalysis\Data-20250430T011355Z-1-001\Data\data\2023-11,SBILIFE,1328.35,2023-11-13 05:30:00,1359.7,1325.0,2023-11,1351.5,1332535
C:\Users\v-dhramaraj\Desktop\Python\Projects\Assignment2_StockAnalysis\Data-20250430T011355Z-1-001\Data\data\2023-11,SBILIFE,1357.1,2023-11-15 05:30:00,1359.0,1332.05,2023-11,1348.95,742427
C:\Users\v-dhramaraj\Desktop\Python\Projects\Assignment2_StockAnalysis\Data-20250430T011355Z-1-001\Data\data\2023-11,SBILIFE,1359.95,2023-11-16 05:30:00,1365.1,1348.05,2023-11,1362.75,577249
C:\Users\v-dhramaraj\Desktop\Python\Projects\Assignment2_StockAnalysis\Data-20250430T011355Z-1-001\Data\data\2023-11,SBILIFE,1413.95,2023-11-17 05:30:00,1434.45,1354.0,2023-11,1354.0,3192944
C:\Users\v-dhramaraj\Desktop\Python\Projects\Assignment2_StockAnalysis\Data-20250430T011355Z-1-001\Data\data\2023-11,SBILIFE,1385.3,2023-11-20 05:30:00,1420.0,1383.0,2023-11,1413.95,726211
C:\Users\v-dhramaraj\Desktop\Python\Projects\Assignment2_StockAnalysis\Data-20250430T011355Z-1-001\Data\data\2023-11,SBILIFE,1423.65,2023-11-21 05:30:00,1425.15,1387.1,2023-11,1389.0,2049132
C:\Users\v-dhramaraj\Desktop\Python\Projects\Assignment2_StockAnalysis\Data-20250430T011355Z-1-001\Data\data\2023-11,SBILIFE,1430.1,2023-11-22 05:30:00,1438.55,1417.35,2023-11,1425.0,865655
C:\Users\v-dhramaraj\Desktop\Python\Projects\Assignment2_StockAnalysis\Data-20250430T011355Z-1-001\Data\data\2023-11,SBILIFE,1410.95,2023-11-23 05:30:00,1434.4,1406.35,2023-11,1430.1,549853
C:\Users\v-dhramaraj\Desktop\Python\Projects\Assignment2_StockAnalysis\Data-20250430T011355Z-1-001\Data\data\2023-11,SBILIFE,1409.7,2023-11-24 05:30:00,1418.95,1401.05,2023-11,1414.0,387896
C:\Users\v-dhramaraj\Desktop\Python\Projects\Assignment2_StockAnalysis\Data-20250430T011355Z-1-001\Data\data\2023-11,SBILIFE,1412.45,2023-11-28 05:30:00,1417.3,1393.1,2023-11,1409.8,1123470
C:\Users\v-dhramaraj\Desktop\Python\Projects\Assignment2_StockAnalysis\Data-20250430T011355Z-1-001\Data\data\2023-11,SBILIFE,1407.85,2023-11-29 05:30:00,1421.8,1406.0,2023-11,1415.45,887709
C:\Users\v-dhramaraj\Desktop\Python\Projects\Assignment2_StockAnalysis\Data-20250430T011355Z-1-001\Data\data\2023-11,SBILIFE,1435.25,2023-11-30 05:30:00,1444.2,1409.05,2023-11,1410.0,3027395
C:\Users\v-dhramaraj\Desktop\Python\Projects\Assignment2_StockAnalysis\Data-20250430T011355Z-1-001\Data\data\2023-12,SBILIFE,1423.65,2023-12-01 05:30:00,1445.0,1420.1,2023-12,1438.05,808841
C:\Users\v-dhramaraj\Desktop\Python\Projects\Assignment2_StockAnalysis\Data-20250430T011355Z-1-001\Data\data\2023-12,SBILIFE,1454.0,2023-12-04 05:30:00,1458.7,1415.0,2023-12,1439.9,2078827
C:\Users\v-dhramaraj\Desktop\Python\Projects\Assignment2_StockAnalysis\Data-20250430T011355Z-1-001\Data\data\2023-12,SBILIFE,1460.95,2023-12-05 05:30:00,1472.1,1443.0,2023-12,1454.0,1932719
C:\Users\v-dhramaraj\Desktop\Python\Projects\Assignment2_StockAnalysis\Data-20250430T011355Z-1-001\Data\data\2023-12,SBILIFE,1450.7,2023-12-06 05:30:00,1462.95,1445.15,2023-12,1462.0,724418
C:\Users\v-dhramaraj\Desktop\Python\Projects\Assignment2_StockAnalysis\Data-20250430T011355Z-1-001\Data\data\2023-12,SBILIFE,1455.75,2023-12-07 05:30:00,1483.45,1450.1,2023-12,1456.85,1244939
C:\Users\v-dhramaraj\Desktop\Python\Projects\Assignment2_StockAnalysis\Data-20250430T011355Z-1-001\Data\data\2023-12,SBILIFE,1465.2,2023-12-08 05:30:00,1469.55,1451.55,2023-12,1455.0,1654799
C:\Users\v-dhramaraj\Desktop\Python\Projects\Assignment2_StockAnalysis\Data-20250430T011355Z-1-001\Data\data\2023-12,SBILIFE,1460.6,2023-12-11 05:30:00,1468.3,1455.0,2023-12,1465.2,731571
C:\Users\v-dhramaraj\Desktop\Python\Projects\Assignment2_StockAnalysis\Data-20250430T011355Z-1-001\Data\data\2023-12,SBILIFE,1481.45,2023-12-12 05:30:00,1491.9,1459.95,2023-12,1464.5,1763549
C:\Users\v-dhramaraj\Desktop\Python\Projects\Assignment2_StockAnalysis\Data-20250430T011355Z-1-001\Data\data\2023-12,SBILIFE,1466.8,2023-12-13 05:30:00,1483.15,1460.0,2023-12,1483.15,2279728
C:\Users\v-dhramaraj\Desktop\Python\Projects\Assignment2_StockAnalysis\Data-20250430T011355Z-1-001\Data\data\2023-12,SBILIFE,1469.85,2023-12-14 05:30:00,1477.6,1454.95,2023-12,1473.0,2953215
C:\Users\v-dhramaraj\Desktop\Python\Projects\Assignment2_StockAnalysis\Data-20250430T011355Z-1-001\Data\data\2023-12,SBILIFE,1452.5,2023-12-15 05:30:00,1485.0,1448.6,2023-12,1474.0,1482700
C:\Users\v-dhramaraj\Desktop\Python\Projects\Assignment2_StockAnalysis\Data-20250430T011355Z-1-001\Data\data\2023-12,SBILIFE,1446.95,2023-12-18 05:30:00,1461.4,1441.65,2023-12,1452.5,1580916
C:\Users\v-dhramaraj\Desktop\Python\Projects\Assignment2_StockAnalysis\Data-20250430T011355Z-1-001\Data\data\2023-12,SBILIFE,1424.55,2023-12-19 05:30:00,1448.0,1419.05,2023-12,1444.95,1282514
C:\Users\v-dhramaraj\Desktop\Python\Projects\Assignment2_StockAnalysis\Data-20250430T011355Z-1-001\Data\data\2023-12,SBILIFE,1409.25,2023-12-20 05:30:00,1437.0,1404.05,2023-12,1437.0,1151553
C:\Users\v-dhramaraj\Desktop\Python\Projects\Assignment2_StockAnalysis\Data-20250430T011355Z-1-001\Data\data\2023-12,SBILIFE,1403.75,2023-12-21 05:30:00,1410.3,1379.95,2023-12,1401.5,1841616
C:\Users\v-dhramaraj\Desktop\Python\Projects\Assignment2_StockAnalysis\Data-20250430T011355Z-1-001\Data\data\2023-12,SBILIFE,1394.3,2023-12-22 05:30:00,1417.7,1387.05,2023-12,1414.0,1111420
C:\Users\v-dhramaraj\Desktop\Python\Projects\Assignment2_StockAnalysis\Data-20250430T011355Z-1-001\Data\data\2023-12,SBILIFE,1395.3,2023-12-26 05:30:00,1409.15,1387.65,2023-12,1400.0,875367
C:\Users\v-dhramaraj\Desktop\Python\Projects\Assignment2_StockAnalysis\Data-20250430T011355Z-1-001\Data\data\2023-12,SBILIFE,1421.35,2023-12-27 05:30:00,1424.0,1399.1,2023-12,1405.0,718369
C:\Users\v-dhramaraj\Desktop\Python\Projects\Assignment2_StockAnalysis\Data-20250430T011355Z-1-001\Data\data\2023-12,SBILIFE,1435.3,2023-12-28 05:30:00,1444.95,1419.2,2023-12,1428.5,1446654
C:\Users\v-dhramaraj\Desktop\Python\Projects\Assignment2_StockAnalysis\Data-20250430T011355Z-1-001\Data\data\2023-12,SBILIFE,1432.6,2023-12-29 05:30:00,1435.25,1421.05,2023-12,1433.0,383858
C:\Users\v-dhramaraj\Desktop\Python\Projects\Assignment2_StockAnalysis\Data-20250430T011355Z-1-001\Data\data\2024-01,SBILIFE,1432.1,2024-01-01 05:30:00,1437.6,1425.95,2024-01,1435.85,158288
C:\Users\v-dhramaraj\Desktop\Python\Projects\Assignment2_StockAnalysis\Data-20250430T011355Z-1-001\Data\data\2024-01,SBILIFE,1437.65,2024-01-02 05:30:00,1449.7,1421.75,2024-01,1437.0,691712
C:\Users\v-dhramaraj\Desktop\Python\Projects\Assignment2_StockAnalysis\Data-20250430T011355Z-1-001\Data\data\2024-01,SBILIFE,1422.7,2024-01-03 05:30:00,1440.9,1415.6,2024-01,1430.0,550221
C:\Users\v-dhramaraj\Desktop\Python\Projects\Assignment2_StockAnalysis\Data-20250430T011355Z-1-001\Data\data\2024-01,SBILIFE,1431.6,2024-01-04 05:30:00,1436.6,1415.0,2024-01,1420.8,938454
C:\Users\v-dhramaraj\Desktop\Python\Projects\Assignment2_StockAnalysis\Data-20250430T011355Z-1-001\Data\data\2024-01,SBILIFE,1454.15,2024-01-05 05:30:00,1468.0,1433.7,2024-01,1435.9,1258280
C:\Users\v-dhramaraj\Desktop\Python\Projects\Assignment2_StockAnalysis\Data-20250430T011355Z-1-001\Data\data\2024-01,SBILIFE,1421.05,2024-01-08 05:30:00,1460.1,1416.4,2024-01,1454.15,738502
C:\Users\v-dhramaraj\Desktop\Python\Projects\Assignment2_StockAnalysis\Data-20250430T011355Z-1-001\Data\data\2024-01,SBILIFE,1449.35,2024-01-09 05:30:00,1468.25,1421.0,2024-01,1429.0,1871763
C:\Users\v-dhramaraj\Desktop\Python\Projects\Assignment2_StockAnalysis\Data-20250430T011355Z-1-001\Data\data\2024-01,SBILIFE,1451.45,2024-01-10 05:30:00,1495.35,1448.0,2024-01,1454.95,2547856
C:\Users\v-dhramaraj\Desktop\Python\Projects\Assignment2_StockAnalysis\Data-20250430T011355Z-1-001\Data\data\2024-01,SBILIFE,1427.8,2024-01-11 05:30:00,1463.3,1425.9,2024-01,1450.05,908421
C:\Users\v-dhramaraj\Desktop\Python\Projects\Assignment2_StockAnalysis\Data-20250430T011355Z-1-001\Data\data\2024-01,SBILIFE,1435.3,2024-01-12 05:30:00,1440.9,1418.5,2024-01,1434.8,557158
C:\Users\v-dhramaraj\Desktop\Python\Projects\Assignment2_StockAnalysis\Data-20250430T011355Z-1-001\Data\data\2024-01,SBILIFE,1430.05,2024-01-15 05:30:00,1444.55,1424.55,2024-01,1442.0,902104
C:\Users\v-dhramaraj\Desktop\Python\Projects\Assignment2_StockAnalysis\Data-20250430T011355Z-1-001\Data\data\2024-01,SBILIFE,1408.8,2024-01-16 05:30:00,1431.9,1405.55,2024-01,1425.05,1729041
C:\Users\v-dhramaraj\Desktop\Python\Projects\Assignment2_StockAnalysis\Data-20250430T011355Z-1-001\Data\data\2024-01,SBILIFE,1421.15,2024-01-17 05:30:00,1444.95,1386.55,2024-01,1397.0,2628568
C:\Users\v-dhramaraj\Desktop\Python\Projects\Assignment2_StockAnalysis\Data-20250430T011355Z-1-001\Data\data\2024-01,SBILIFE,1404.9,2024-01-18 05:30:00,1438.0,1384.2,2024-01,1416.9,2296538
C:\Users\v-dhramaraj\Desktop\Python\Projects\Assignment2_StockAnalysis\Data-20250430T011355Z-1-001\Data\data\2024-01,SBILIFE,1440.6,2024-01-19 05:30:00,1445.0,1405.4,2024-01,1405.9,570639
C:\Users\v-dhramaraj\Desktop\Python\Projects\Assignment2_StockAnalysis\Data-20250430T011355Z-1-001\Data\data\2024-01,SBILIFE,1442.2,2024-01-20 05:30:00,1454.35,1431.6,2024-01,1448.9,463302
C:\Users\v-dhramaraj\Desktop\Python\Projects\Assignment2_StockAnalysis\Data-20250430T011355Z-1-001\Data\data\2024-01,SBILIFE,1375.5,2024-01-23 05:30:00,1448.65,1367.35,2024-01,1444.0,2880301
C:\Users\v-dhramaraj\Desktop\Python\Projects\Assignment2_StockAnalysis\Data-20250430T011355Z-1-001\Data\data\2024-01,SBILIFE,1410.55,2024-01-24 05:30:00,1413.9,1368.55,2024-01,1380.4,1255876
C:\Users\v-dhramaraj\Desktop\Python\Projects\Assignment2_StockAnalysis\Data-20250430T011355Z-1-001\Data\data\2024-01,SBILIFE,1380.9,2024-01-25 05:30:00,1414.9,1357.15,2024-01,1414.9,3230297
C:\Users\v-dhramaraj\Desktop\Python\Projects\Assignment2_StockAnalysis\Data-20250430T011355Z-1-001\Data\data\2024-01,SBILIFE,1418.4,2024-01-29 05:30:00,1424.6,1388.0,2024-01,1388.0,1607583
C:\Users\v-dhramaraj\Desktop\Python\Projects\Assignment2_StockAnalysis\Data-20250430T011355Z-1-001\Data\data\2024-01,SBILIFE,1399.0,2024-01-30 05:30:00,1433.7,1392.85,2024-01,1425.0,1464906
C:\Users\v-dhramaraj\Desktop\Python\Projects\Assignment2_StockAnalysis\Data-20250430T011355Z-1-001\Data\data\2024-01,SBILIFE,1401.15,2024-01-31 05:30:00,1406.5,1381.7,2024-01,1400.0,1343827
C:\Users\v-dhramaraj\Desktop\Python\Projects\Assignment2_StockAnalysis\Data-20250430T011355Z-1-001\Data\data\2024-02,SBILIFE,1432.75,2024-02-01 05:30:00,1459.7,1398.5,2024-02,1407.3,1803699
C:\Users\v-dhramaraj\Desktop\Python\Projects\Assignment2_StockAnalysis\Data-20250430T011355Z-1-001\Data\data\2024-02,SBILIFE,1435.45,2024-02-02 05:30:00,1456.0,1420.05,2024-02,1440.8,1817169
C:\Users\v-dhramaraj\Desktop\Python\Projects\Assignment2_StockAnalysis\Data-20250430T011355Z-1-001\Data\data\2024-02,SBILIFE,1419.85,2024-02-05 05:30:00,1460.0,1414.9,2024-02,1435.0,1010779
C:\Users\v-dhramaraj\Desktop\Python\Projects\Assignment2_StockAnalysis\Data-20250430T011355Z-1-001\Data\data\2024-02,SBILIFE,1464.0,2024-02-06 05:30:00,1469.95,1404.9,2024-02,1422.6,1515381
C:\Users\v-dhramaraj\Desktop\Python\Projects\Assignment2_StockAnalysis\Data-20250430T011355Z-1-001\Data\data\2024-02,SBILIFE,1469.45,2024-02-07 05:30:00,1493.0,1453.65,2024-02,1472.6,690402
C:\Users\v-dhramaraj\Desktop\Python\Projects\Assignment2_StockAnalysis\Data-20250430T011355Z-1-001\Data\data\2024-02,SBILIFE,1459.05,2024-02-08 05:30:00,1492.1,1455.15,2024-02,1481.9,1679065
C:\Users\v-dhramaraj\Desktop\Python\Projects\Assignment2_StockAnalysis\Data-20250430T011355Z-1-001\Data\data\2024-02,SBILIFE,1439.7,2024-02-09 05:30:00,1468.0,1436.5,2024-02,1468.0,596482
C:\Users\v-dhramaraj\Desktop\Python\Projects\Assignment2_StockAnalysis\Data-20250430T011355Z-1-001\Data\data\2024-02,SBILIFE,1436.0,2024-02-12 05:30:00,1452.0,1423.25,2024-02,1442.45,515507
C:\Users\v-dhramaraj\Desktop\Python\Projects\Assignment2_StockAnalysis\Data-20250430T011355Z-1-001\Data\data\2024-02,SBILIFE,1467.6,2024-02-13 05:30:00,1475.85,1428.2,2024-02,1436.0,1388464
C:\Users\v-dhramaraj\Desktop\Python\Projects\Assignment2_StockAnalysis\Data-20250430T011355Z-1-001\Data\data\2024-02,SBILIFE,1453.7,2024-02-14 05:30:00,1464.0,1439.05,2024-02,1460.0,504590
C:\Users\v-dhramaraj\Desktop\Python\Projects\Assignment2_StockAnalysis\Data-20250430T011355Z-1-001\Data\data\2024-02,SBILIFE,1453.35,2024-02-15 05:30:00,1464.35,1443.65,2024-02,1464.0,736364
C:\Users\v-dhramaraj\Desktop\Python\Projects\Assignment2_StockAnalysis\Data-20250430T011355Z-1-001\Data\data\2024-02,SBILIFE,1508.45,2024-02-16 05:30:00,1516.2,1451.6,2024-02,1456.4,2008339
C:\Users\v-dhramaraj\Desktop\Python\Projects\Assignment2_StockAnalysis\Data-20250430T011355Z-1-001\Data\data\2024-02,SBILIFE,1488.85,2024-02-19 05:30:00,1522.0,1486.0,2024-02,1517.1,1163429
C:\Users\v-dhramaraj\Desktop\Python\Projects\Assignment2_StockAnalysis\Data-20250430T011355Z-1-001\Data\data\2024-02,SBILIFE,1513.55,2024-02-20 05:30:00,1517.65,1473.35,2024-02,1488.85,1569035
C:\Users\v-dhramaraj\Desktop\Python\Projects\Assignment2_StockAnalysis\Data-20250430T011355Z-1-001\Data\data\2024-02,SBILIFE,1501.7,2024-02-21 05:30:00,1519.5,1495.4,2024-02,1510.05,1156081
C:\Users\v-dhramaraj\Desktop\Python\Projects\Assignment2_StockAnalysis\Data-20250430T011355Z-1-001\Data\data\2024-02,SBILIFE,1509.65,2024-02-22 05:30:00,1513.5,1470.2,2024-02,1510.0,1355358
C:\Users\v-dhramaraj\Desktop\Python\Projects\Assignment2_StockAnalysis\Data-20250430T011355Z-1-001\Data\data\2024-02,SBILIFE,1529.15,2024-02-23 05:30:00,1536.25,1501.25,2024-02,1508.4,1115653
C:\Users\v-dhramaraj\Desktop\Python\Projects\Assignment2_StockAnalysis\Data-20250430T011355Z-1-001\Data\data\2024-02,SBILIFE,1549.15,2024-02-26 05:30:00,1553.4,1525.1,2024-02,1531.15,1283074
C:\Users\v-dhramaraj\Desktop\Python\Projects\Assignment2_StockAnalysis\Data-20250430T011355Z-1-001\Data\data\2024-02,SBILIFE,1542.7,2024-02-27 05:30:00,1569.0,1538.9,2024-02,1553.8,1764621
C:\Users\v-dhramaraj\Desktop\Python\Projects\Assignment2_StockAnalysis\Data-20250430T011355Z-1-001\Data\data\2024-02,SBILIFE,1540.2,2024-02-28 05:30:00,1556.75,1536.4,2024-02,1544.0,834214
C:\Users\v-dhramaraj\Desktop\Python\Projects\Assignment2_StockAnalysis\Data-20250430T011355Z-1-001\Data\data\2024-02,SBILIFE,1552.55,2024-02-29 05:30:00,1567.1,1525.4,2024-02,1540.2,1672455
C:\Users\v-dhramaraj\Desktop\Python\Projects\Assignment2_StockAnalysis\Data-20250430T011355Z-1-001\Data\data\2024-03,SBILIFE,1542.15,2024-03-01 05:30:00,1569.35,1536.05,2024-03,1564.9,1088145
C:\Users\v-dhramaraj\Desktop\Python\Projects\Assignment2_StockAnalysis\Data-20250430T011355Z-1-001\Data\data\2024-03,SBILIFE,1546.8,2024-03-02 05:30:00,1569.4,1535.2,2024-03,1553.05,50098
C:\Users\v-dhramaraj\Desktop\Python\Projects\Assignment2_StockAnalysis\Data-20250430T011355Z-1-001\Data\data\2024-03,SBILIFE,1517.95,2024-03-04 05:30:00,1554.0,1508.25,2024-03,1553.85,2126926
C:\Users\v-dhramaraj\Desktop\Python\Projects\Assignment2_StockAnalysis\Data-20250430T011355Z-1-001\Data\data\2024-03,SBILIFE,1491.25,2024-03-05 05:30:00,1525.0,1487.95,2024-03,1525.0,1476872
C:\Users\v-dhramaraj\Desktop\Python\Projects\Assignment2_StockAnalysis\Data-20250430T011355Z-1-001\Data\data\2024-03,SBILIFE,1520.4,2024-03-06 05:30:00,1523.9,1487.0,2024-03,1492.25,1568041
C:\Users\v-dhramaraj\Desktop\Python\Projects\Assignment2_StockAnalysis\Data-20250430T011355Z-1-001\Data\data\2024-03,SBILIFE,1510.4,2024-03-07 05:30:00,1521.3,1489.0,2024-03,1520.0,2468543
C:\Users\v-dhramaraj\Desktop\Python\Projects\Assignment2_StockAnalysis\Data-20250430T011355Z-1-001\Data\data\2024-03,SBILIFE,1532.1,2024-03-11 05:30:00,1539.8,1513.6,2024-03,1526.95,1824218
C:\Users\v-dhramaraj\Desktop\Python\Projects\Assignment2_StockAnalysis\Data-20250430T011355Z-1-001\Data\data\2024-03,SBILIFE,1516.4,2024-03-12 05:30:00,1551.75,1509.05,2024-03,1533.0,1608593
C:\Users\v-dhramaraj\Desktop\Python\Projects\Assignment2_StockAnalysis\Data-20250430T011355Z-1-001\Data\data\2024-03,SBILIFE,1487.35,2024-03-13 05:30:00,1532.6,1480.65,2024-03,1524.0,1461171
C:\Users\v-dhramaraj\Desktop\Python\Projects\Assignment2_StockAnalysis\Data-20250430T011355Z-1-001\Data\data\2024-03,SBILIFE,1505.85,2024-03-14 05:30:00,1514.55,1465.3,2024-03,1482.2,1094035
C:\Users\v-dhramaraj\Desktop\Python\Projects\Assignment2_StockAnalysis\Data-20250430T011355Z-1-001\Data\data\2024-03,SBILIFE,1500.0,2024-03-15 05:30:00,1504.95,1481.1,2024-03,1482.0,1466897
C:\Users\v-dhramaraj\Desktop\Python\Projects\Assignment2_StockAnalysis\Data-20250430T011355Z-1-001\Data\data\2024-03,SBILIFE,1489.7,2024-03-18 05:30:00,1503.45,1478.3,2024-03,1493.0,641326
C:\Users\v-dhramaraj\Desktop\Python\Projects\Assignment2_StockAnalysis\Data-20250430T011355Z-1-001\Data\data\2024-03,SBILIFE,1461.35,2024-03-19 05:30:00,1488.95,1456.3,2024-03,1480.0,1010444
C:\Users\v-dhramaraj\Desktop\Python\Projects\Assignment2_StockAnalysis\Data-20250430T011355Z-1-001\Data\data\2024-03,SBILIFE,1458.4,2024-03-20 05:30:00,1469.45,1450.0,2024-03,1460.0,477278
C:\Users\v-dhramaraj\Desktop\Python\Projects\Assignment2_StockAnalysis\Data-20250430T011355Z-1-001\Data\data\2024-03,SBILIFE,1468.05,2024-03-21 05:30:00,1477.0,1458.0,2024-03,1472.9,958834
C:\Users\v-dhramaraj\Desktop\Python\Projects\Assignment2_StockAnalysis\Data-20250430T011355Z-1-001\Data\data\2024-03,SBILIFE,1501.1,2024-03-22 05:30:00,1511.0,1458.1,2024-03,1474.0,563028
C:\Users\v-dhramaraj\Desktop\Python\Projects\Assignment2_StockAnalysis\Data-20250430T011355Z-1-001\Data\data\2024-03,SBILIFE,1486.4,2024-03-26 05:30:00,1509.45,1457.8,2024-03,1458.5,1349881
C:\Users\v-dhramaraj\Desktop\Python\Projects\Assignment2_StockAnalysis\Data-20250430T011355Z-1-001\Data\data\2024-03,SBILIFE,1479.55,2024-03-27 05:30:00,1499.0,1473.5,2024-03,1490.0,795193
C:\Users\v-dhramaraj\Desktop\Python\Projects\Assignment2_StockAnalysis\Data-20250430T011355Z-1-001\Data\data\2024-03,SBILIFE,1500.25,2024-03-28 05:30:00,1521.85,1480.0,2024-03,1480.0,1704887
C:\Users\v-dhramaraj\Desktop\Python\Projects\Assignment2_StockAnalysis\Data-20250430T011355Z-1-001\Data\data\2024-04,SBILIFE,1489.95,2024-04-01 05:30:00,1519.1,1486.75,2024-04,1498.0,838186
C:\Users\v-dhramaraj\Desktop\Python\Projects\Assignment2_StockAnalysis\Data-20250430T011355Z-1-001\Data\data\2024-04,SBILIFE,1470.6,2024-04-02 05:30:00,1496.6,1465.3,2024-04,1495.0,941688
C:\Users\v-dhramaraj\Desktop\Python\Projects\Assignment2_StockAnalysis\Data-20250430T011355Z-1-001\Data\data\2024-04,SBILIFE,1460.8,2024-04-03 05:30:00,1472.95,1456.05,2024-04,1470.0,1862464
C:\Users\v-dhramaraj\Desktop\Python\Projects\Assignment2_StockAnalysis\Data-20250430T011355Z-1-001\Data\data\2024-04,SBILIFE,1463.75,2024-04-04 05:30:00,1475.05,1447.0,2024-04,1467.5,1905528
C:\Users\v-dhramaraj\Desktop\Python\Projects\Assignment2_StockAnalysis\Data-20250430T011355Z-1-001\Data\data\2024-04,SBILIFE,1485.3,2024-04-05 05:30:00,1489.9,1460.15,2024-04,1469.0,836975
C:\Users\v-dhramaraj\Desktop\Python\Projects\Assignment2_StockAnalysis\Data-20250430T011355Z-1-001\Data\data\2024-04,SBILIFE,1518.8,2024-04-08 05:30:00,1528.0,1487.0,2024-04,1488.7,822205
C:\Users\v-dhramaraj\Desktop\Python\Projects\Assignment2_StockAnalysis\Data-20250430T011355Z-1-001\Data\data\2024-04,SBILIFE,1510.55,2024-04-09 05:30:00,1527.4,1503.05,2024-04,1525.1,718575
C:\Users\v-dhramaraj\Desktop\Python\Projects\Assignment2_StockAnalysis\Data-20250430T011355Z-1-001\Data\data\2024-04,SBILIFE,1503.35,2024-04-10 05:30:00,1516.7,1481.0,2024-04,1515.0,1056524
C:\Users\v-dhramaraj\Desktop\Python\Projects\Assignment2_StockAnalysis\Data-20250430T011355Z-1-001\Data\data\2024-04,SBILIFE,1493.15,2024-04-12 05:30:00,1511.4,1488.2,2024-04,1501.0,787733
C:\Users\v-dhramaraj\Desktop\Python\Projects\Assignment2_StockAnalysis\Data-20250430T011355Z-1-001\Data\data\2024-04,SBILIFE,1466.9,2024-04-15 05:30:00,1489.9,1462.5,2024-04,1489.85,994053
C:\Users\v-dhramaraj\Desktop\Python\Projects\Assignment2_StockAnalysis\Data-20250430T011355Z-1-001\Data\data\2024-04,SBILIFE,1462.75,2024-04-16 05:30:00,1476.9,1452.0,2024-04,1460.2,717750
C:\Users\v-dhramaraj\Desktop\Python\Projects\Assignment2_StockAnalysis\Data-20250430T011355Z-1-001\Data\data\2024-04,SBILIFE,1456.95,2024-04-18 05:30:00,1483.65,1448.0,2024-04,1465.0,1746383
C:\Users\v-dhramaraj\Desktop\Python\Projects\Assignment2_StockAnalysis\Data-20250430T011355Z-1-001\Data\data\2024-04,SBILIFE,1447.55,2024-04-19 05:30:00,1457.55,1425.35,2024-04,1450.0,1129149
C:\Users\v-dhramaraj\Desktop\Python\Projects\Assignment2_StockAnalysis\Data-20250430T011355Z-1-001\Data\data\2024-04,SBILIFE,1475.4,2024-04-22 05:30:00,1482.9,1452.0,2024-04,1456.5,772048
C:\Users\v-dhramaraj\Desktop\Python\Projects\Assignment2_StockAnalysis\Data-20250430T011355Z-1-001\Data\data\2024-04,SBILIFE,1469.85,2024-04-23 05:30:00,1489.2,1464.25,2024-04,1478.0,1042729
C:\Users\v-dhramaraj\Desktop\Python\Projects\Assignment2_StockAnalysis\Data-20250430T011355Z-1-001\Data\data\2024-04,SBILIFE,1460.05,2024-04-24 05:30:00,1478.0,1452.55,2024-04,1469.85,898680
C:\Users\v-dhramaraj\Desktop\Python\Projects\Assignment2_StockAnalysis\Data-20250430T011355Z-1-001\Data\data\2024-04,SBILIFE,1444.45,2024-04-25 05:30:00,1464.0,1436.15,2024-04,1464.0,2406788
C:\Users\v-dhramaraj\Desktop\Python\Projects\Assignment2_StockAnalysis\Data-20250430T011355Z-1-001\Data\data\2024-04,SBILIFE,1415.25,2024-04-26 05:30:00,1466.85,1411.2,2024-04,1455.0,2180945
C:\Users\v-dhramaraj\Desktop\Python\Projects\Assignment2_StockAnalysis\Data-20250430T011355Z-1-001\Data\data\2024-04,SBILIFE,1422.35,2024-04-29 05:30:00,1460.9,1414.05,2024-04,1437.0,4381119
C:\Users\v-dhramaraj\Desktop\Python\Projects\Assignment2_StockAnalysis\Data-20250430T011355Z-1-001\Data\data\2024-04,SBILIFE,1436.55,2024-04-30 05:30:00,1449.85,1423.2,2024-04,1432.0,2402464
C:\Users\v-dhramaraj\Desktop\Python\Projects\Assignment2_StockAnalysis\Data-20250430T011355Z-1-001\Data\data\2024-05,SBILIFE,1460.9,2024-05-02 05:30:00,1464.75,1416.35,2024-05,1416.35,2194261
C:\Users\v-dhramaraj\Desktop\Python\Projects\Assignment2_StockAnalysis\Data-20250430T011355Z-1-001\Data\data\2024-05,SBILIFE,1443.25,2024-05-03 05:30:00,1472.7,1438.4,2024-05,1469.0,1355425
C:\Users\v-dhramaraj\Desktop\Python\Projects\Assignment2_StockAnalysis\Data-20250430T011355Z-1-001\Data\data\2024-05,SBILIFE,1440.6,2024-05-06 05:30:00,1457.45,1431.6,2024-05,1450.0,920880
C:\Users\v-dhramaraj\Desktop\Python\Projects\Assignment2_StockAnalysis\Data-20250430T011355Z-1-001\Data\data\2024-05,SBILIFE,1450.15,2024-05-07 05:30:00,1458.9,1431.55,2024-05,1440.9,1800920
C:\Users\v-dhramaraj\Desktop\Python\Projects\Assignment2_StockAnalysis\Data-20250430T011355Z-1-001\Data\data\2024-05,SBILIFE,1426.75,2024-05-08 05:30:00,1465.95,1423.0,2024-05,1440.0,1297162
C:\Users\v-dhramaraj\Desktop\Python\Projects\Assignment2_StockAnalysis\Data-20250430T011355Z-1-001\Data\data\2024-05,SBILIFE,1422.4,2024-05-09 05:30:00,1439.5,1413.2,2024-05,1431.9,1645954
C:\Users\v-dhramaraj\Desktop\Python\Projects\Assignment2_StockAnalysis\Data-20250430T011355Z-1-001\Data\data\2024-05,SBILIFE,1431.95,2024-05-10 05:30:00,1438.5,1415.75,2024-05,1425.0,741292
C:\Users\v-dhramaraj\Desktop\Python\Projects\Assignment2_StockAnalysis\Data-20250430T011355Z-1-001\Data\data\2024-05,SBILIFE,1425.1,2024-05-13 05:30:00,1440.0,1420.55,2024-05,1435.0,771284
C:\Users\v-dhramaraj\Desktop\Python\Projects\Assignment2_StockAnalysis\Data-20250430T011355Z-1-001\Data\data\2024-05,SBILIFE,1432.85,2024-05-14 05:30:00,1436.75,1422.05,2024-05,1427.2,896653
C:\Users\v-dhramaraj\Desktop\Python\Projects\Assignment2_StockAnalysis\Data-20250430T011355Z-1-001\Data\data\2024-05,SBILIFE,1430.1,2024-05-15 05:30:00,1443.85,1425.75,2024-05,1440.0,254646
C:\Users\v-dhramaraj\Desktop\Python\Projects\Assignment2_StockAnalysis\Data-20250430T011355Z-1-001\Data\data\2024-05,SBILIFE,1452.2,2024-05-16 05:30:00,1458.2,1420.15,2024-05,1431.55,1176239
C:\Users\v-dhramaraj\Desktop\Python\Projects\Assignment2_StockAnalysis\Data-20250430T011355Z-1-001\Data\data\2024-05,SBILIFE,1434.2,2024-05-17 05:30:00,1450.0,1430.5,2024-05,1450.0,2433315
C:\Users\v-dhramaraj\Desktop\Python\Projects\Assignment2_StockAnalysis\Data-20250430T011355Z-1-001\Data\data\2024-05,SBILIFE,1439.85,2024-05-18 05:30:00,1444.1,1430.5,2024-05,1434.0,29747
C:\Users\v-dhramaraj\Desktop\Python\Projects\Assignment2_StockAnalysis\Data-20250430T011355Z-1-001\Data\data\2024-05,SBILIFE,1429.65,2024-05-21 05:30:00,1440.7,1422.5,2024-05,1438.85,1300334
C:\Users\v-dhramaraj\Desktop\Python\Projects\Assignment2_StockAnalysis\Data-20250430T011355Z-1-001\Data\data\2024-05,SBILIFE,1427.4,2024-05-22 05:30:00,1435.55,1424.0,2024-05,1434.25,966583
C:\Users\v-dhramaraj\Desktop\Python\Projects\Assignment2_StockAnalysis\Data-20250430T011355Z-1-001\Data\data\2024-05,SBILIFE,1446.8,2024-05-23 05:30:00,1452.95,1424.05,2024-05,1434.0,1206423
C:\Users\v-dhramaraj\Desktop\Python\Projects\Assignment2_StockAnalysis\Data-20250430T011355Z-1-001\Data\data\2024-05,SBILIFE,1436.25,2024-05-24 05:30:00,1448.45,1433.45,2024-05,1442.5,487961
C:\Users\v-dhramaraj\Desktop\Python\Projects\Assignment2_StockAnalysis\Data-20250430T011355Z-1-001\Data\data\2024-05,SBILIFE,1410.2,2024-05-27 05:30:00,1448.0,1402.15,2024-05,1435.0,1675749
C:\Users\v-dhramaraj\Desktop\Python\Projects\Assignment2_StockAnalysis\Data-20250430T011355Z-1-001\Data\data\2024-05,SBILIFE,1450.75,2024-05-28 05:30:00,1455.0,1405.9,2024-05,1415.0,1600105
C:\Users\v-dhramaraj\Desktop\Python\Projects\Assignment2_StockAnalysis\Data-20250430T011355Z-1-001\Data\data\2024-05,SBILIFE,1412.8,2024-05-29 05:30:00,1449.45,1406.6,2024-05,1448.0,1518325
C:\Users\v-dhramaraj\Desktop\Python\Projects\Assignment2_StockAnalysis\Data-20250430T011355Z-1-001\Data\data\2024-05,SBILIFE,1380.05,2024-05-30 05:30:00,1418.8,1371.0,2024-05,1418.8,2097166
C:\Users\v-dhramaraj\Desktop\Python\Projects\Assignment2_StockAnalysis\Data-20250430T011355Z-1-001\Data\data\2024-05,SBILIFE,1386.4,2024-05-31 05:30:00,1401.15,1372.6,2024-05,1393.8,2559060
C:\Users\v-dhramaraj\Desktop\Python\Projects\Assignment2_StockAnalysis\Data-20250430T011355Z-1-001\Data\data\2024-06,SBILIFE,1391.5,2024-06-03 05:30:00,1436.4,1387.35,2024-06,1435.3,870693
C:\Users\v-dhramaraj\Desktop\Python\Projects\Assignment2_StockAnalysis\Data-20250430T011355Z-1-001\Data\data\2024-06,SBILIFE,1338.85,2024-06-04 05:30:00,1402.7,1307.7,2024-06,1398.15,3277433
C:\Users\v-dhramaraj\Desktop\Python\Projects\Assignment2_StockAnalysis\Data-20250430T011355Z-1-001\Data\data\2024-06,SBILIFE,1390.1,2024-06-05 05:30:00,1396.2,1330.7,2024-06,1341.0,1238176
C:\Users\v-dhramaraj\Desktop\Python\Projects\Assignment2_StockAnalysis\Data-20250430T011355Z-1-001\Data\data\2024-06,SBILIFE,1442.85,2024-06-06 05:30:00,1445.8,1380.25,2024-06,1390.1,2227021
C:\Users\v-dhramaraj\Desktop\Python\Projects\Assignment2_StockAnalysis\Data-20250430T011355Z-1-001\Data\data\2024-06,SBILIFE,1425.85,2024-06-07 05:30:00,1440.0,1420.0,2024-06,1435.1,1279929
C:\Users\v-dhramaraj\Desktop\Python\Projects\Assignment2_StockAnalysis\Data-20250430T011355Z-1-001\Data\data\2024-06,SBILIFE,1432.3,2024-06-10 05:30:00,1452.0,1418.35,2024-06,1436.85,2059288
C:\Users\v-dhramaraj\Desktop\Python\Projects\Assignment2_StockAnalysis\Data-20250430T011355Z-1-001\Data\data\2024-06,SBILIFE,1428.05,2024-06-11 05:30:00,1439.8,1422.0,2024-06,1432.45,991450
C:\Users\v-dhramaraj\Desktop\Python\Projects\Assignment2_StockAnalysis\Data-20250430T011355Z-1-001\Data\data\2024-06,SBILIFE,1452.7,2024-06-12 05:30:00,1461.8,1425.8,2024-06,1428.1,1823958
C:\Users\v-dhramaraj\Desktop\Python\Projects\Assignment2_StockAnalysis\Data-20250430T011355Z-1-001\Data\data\2024-06,SBILIFE,1449.9,2024-06-13 05:30:00,1479.45,1432.85,2024-06,1459.65,3086173
C:\Users\v-dhramaraj\Desktop\Python\Projects\Assignment2_StockAnalysis\Data-20250430T011355Z-1-001\Data\data\2024-06,SBILIFE,1469.9,2024-06-14 05:30:00,1473.75,1440.6,2024-06,1444.9,856835
C:\Users\v-dhramaraj\Desktop\Python\Projects\Assignment2_StockAnalysis\Data-20250430T011355Z-1-001\Data\data\2024-06,SBILIFE,1473.55,2024-06-18 05:30:00,1480.0,1455.05,2024-06,1480.0,1427035
C:\Users\v-dhramaraj\Desktop\Python\Projects\Assignment2_StockAnalysis\Data-20250430T011355Z-1-001\Data\data\2024-06,SBILIFE,1449.2,2024-06-19 05:30:00,1478.4,1446.15,2024-06,1478.35,578983
C:\Users\v-dhramaraj\Desktop\Python\Projects\Assignment2_StockAnalysis\Data-20250430T011355Z-1-001\Data\data\2024-06,SBILIFE,1455.5,2024-06-20 05:30:00,1480.9,1451.45,2024-06,1476.0,1444553
C:\Users\v-dhramaraj\Desktop\Python\Projects\Assignment2_StockAnalysis\Data-20250430T011355Z-1-001\Data\data\2024-06,SBILIFE,1464.15,2024-06-21 05:30:00,1478.55,1445.15,2024-06,1455.5,1184387
C:\Users\v-dhramaraj\Desktop\Python\Projects\Assignment2_StockAnalysis\Data-20250430T011355Z-1-001\Data\data\2024-06,SBILIFE,1452.75,2024-06-24 05:30:00,1464.15,1447.2,2024-06,1464.15,460942
C:\Users\v-dhramaraj\Desktop\Python\Projects\Assignment2_StockAnalysis\Data-20250430T011355Z-1-001\Data\data\2024-06,SBILIFE,1462.0,2024-06-25 05:30:00,1467.5,1430.0,2024-06,1457.4,1845922
C:\Users\v-dhramaraj\Desktop\Python\Projects\Assignment2_StockAnalysis\Data-20250430T011355Z-1-001\Data\data\2024-06,SBILIFE,1450.9,2024-06-26 05:30:00,1475.65,1447.0,2024-06,1462.0,780636
C:\Users\v-dhramaraj\Desktop\Python\Projects\Assignment2_StockAnalysis\Data-20250430T011355Z-1-001\Data\data\2024-06,SBILIFE,1463.45,2024-06-27 05:30:00,1473.65,1437.55,2024-06,1445.0,1492222
C:\Users\v-dhramaraj\Desktop\Python\Projects\Assignment2_StockAnalysis\Data-20250430T011355Z-1-001\Data\data\2024-06,SBILIFE,1491.95,2024-06-28 05:30:00,1498.8,1450.0,2024-06,1450.1,1533271
C:\Users\v-dhramaraj\Desktop\Python\Projects\Assignment2_StockAnalysis\Data-20250430T011355Z-1-001\Data\data\2024-07,SBILIFE,1501.85,2024-07-01 05:30:00,1511.9,1481.9,2024-07,1491.95,788569
C:\Users\v-dhramaraj\Desktop\Python\Projects\Assignment2_StockAnalysis\Data-20250430T011355Z-1-001\Data\data\2024-07,SBILIFE,1494.9,2024-07-02 05:30:00,1510.35,1468.1,2024-07,1507.0,1462260
C:\Users\v-dhramaraj\Desktop\Python\Projects\Assignment2_StockAnalysis\Data-20250430T011355Z-1-001\Data\data\2024-07,SBILIFE,1496.35,2024-07-03 05:30:00,1506.95,1486.2,2024-07,1503.0,527776
C:\Users\v-dhramaraj\Desktop\Python\Projects\Assignment2_StockAnalysis\Data-20250430T011355Z-1-001\Data\data\2024-07,SBILIFE,1507.75,2024-07-04 05:30:00,1518.85,1492.25,2024-07,1496.4,1363288
C:\Users\v-dhramaraj\Desktop\Python\Projects\Assignment2_StockAnalysis\Data-20250430T011355Z-1-001\Data\data\2024-07,SBILIFE,1529.4,2024-07-05 05:30:00,1531.95,1505.45,2024-07,1507.75,961676
C:\Users\v-dhramaraj\Desktop\Python\Projects\Assignment2_StockAnalysis\Data-20250430T011355Z-1-001\Data\data\2024-07,SBILIFE,1514.95,2024-07-08 05:30:00,1531.95,1508.25,2024-07,1529.4,774723
C:\Users\v-dhramaraj\Desktop\Python\Projects\Assignment2_StockAnalysis\Data-20250430T011355Z-1-001\Data\data\2024-07,SBILIFE,1524.75,2024-07-09 05:30:00,1529.0,1512.4,2024-07,1525.0,726889
C:\Users\v-dhramaraj\Desktop\Python\Projects\Assignment2_StockAnalysis\Data-20250430T011355Z-1-001\Data\data\2024-07,SBILIFE,1558.8,2024-07-10 05:30:00,1562.5,1518.6,2024-07,1524.75,1964480
C:\Users\v-dhramaraj\Desktop\Python\Projects\Assignment2_StockAnalysis\Data-20250430T011355Z-1-001\Data\data\2024-07,SBILIFE,1558.8,2024-07-11 05:30:00,1569.65,1546.15,2024-07,1562.0,1156236
C:\Users\v-dhramaraj\Desktop\Python\Projects\Assignment2_StockAnalysis\Data-20250430T011355Z-1-001\Data\data\2024-07,SBILIFE,1562.85,2024-07-12 05:30:00,1570.0,1547.35,2024-07,1562.9,589534
C:\Users\v-dhramaraj\Desktop\Python\Projects\Assignment2_StockAnalysis\Data-20250430T011355Z-1-001\Data\data\2024-07,SBILIFE,1613.45,2024-07-15 05:30:00,1620.9,1557.9,2024-07,1562.85,2498480
C:\Users\v-dhramaraj\Desktop\Python\Projects\Assignment2_StockAnalysis\Data-20250430T011355Z-1-001\Data\data\2024-07,SBILIFE,1621.35,2024-07-16 05:30:00,1639.6,1592.2,2024-07,1613.4,1844059
C:\Users\v-dhramaraj\Desktop\Python\Projects\Assignment2_StockAnalysis\Data-20250430T011355Z-1-001\Data\data\2024-07,SBILIFE,1659.8,2024-07-18 05:30:00,1664.95,1615.05,2024-07,1620.0,2104021
C:\Users\v-dhramaraj\Desktop\Python\Projects\Assignment2_StockAnalysis\Data-20250430T011355Z-1-001\Data\data\2024-07,SBILIFE,1647.7,2024-07-19 05:30:00,1658.55,1632.0,2024-07,1632.0,567209
C:\Users\v-dhramaraj\Desktop\Python\Projects\Assignment2_StockAnalysis\Data-20250430T011355Z-1-001\Data\data\2024-07,SBILIFE,1621.15,2024-07-22 05:30:00,1647.7,1618.65,2024-07,1641.1,397490
C:\Users\v-dhramaraj\Desktop\Python\Projects\Assignment2_StockAnalysis\Data-20250430T011355Z-1-001\Data\data\2024-07,SBILIFE,1594.85,2024-07-23 05:30:00,1638.0,1578.05,2024-07,1621.15,2145861
C:\Users\v-dhramaraj\Desktop\Python\Projects\Assignment2_StockAnalysis\Data-20250430T011355Z-1-001\Data\data\2024-07,SBILIFE,1632.95,2024-07-24 05:30:00,1650.0,1579.65,2024-07,1580.0,2099093
C:\Users\v-dhramaraj\Desktop\Python\Projects\Assignment2_StockAnalysis\Data-20250430T011355Z-1-001\Data\data\2024-07,SBILIFE,1695.4,2024-07-25 05:30:00,1701.35,1645.0,2024-07,1645.0,4427012
C:\Users\v-dhramaraj\Desktop\Python\Projects\Assignment2_StockAnalysis\Data-20250430T011355Z-1-001\Data\data\2024-07,SBILIFE,1750.95,2024-07-26 05:30:00,1777.7,1686.25,2024-07,1686.25,2982227
C:\Users\v-dhramaraj\Desktop\Python\Projects\Assignment2_StockAnalysis\Data-20250430T011355Z-1-001\Data\data\2024-07,SBILIFE,1746.7,2024-07-29 05:30:00,1763.55,1736.5,2024-07,1752.5,1368641
C:\Users\v-dhramaraj\Desktop\Python\Projects\Assignment2_StockAnalysis\Data-20250430T011355Z-1-001\Data\data\2024-07,SBILIFE,1721.05,2024-07-30 05:30:00,1746.3,1708.0,2024-07,1740.5,2096978
C:\Users\v-dhramaraj\Desktop\Python\Projects\Assignment2_StockAnalysis\Data-20250430T011355Z-1-001\Data\data\2024-07,SBILIFE,1753.65,2024-07-31 05:30:00,1760.0,1720.0,2024-07,1721.05,1082466
C:\Users\v-dhramaraj\Desktop\Python\Projects\Assignment2_StockAnalysis\Data-20250430T011355Z-1-001\Data\data\2024-08,SBILIFE,1767.25,2024-08-01 05:30:00,1791.15,1758.1,2024-08,1791.1,1247361
C:\Users\v-dhramaraj\Desktop\Python\Projects\Assignment2_StockAnalysis\Data-20250430T011355Z-1-001\Data\data\2024-08,SBILIFE,1744.9,2024-08-02 05:30:00,1768.9,1731.0,2024-08,1760.0,594517
C:\Users\v-dhramaraj\Desktop\Python\Projects\Assignment2_StockAnalysis\Data-20250430T011355Z-1-001\Data\data\2024-08,SBILIFE,1722.2,2024-08-05 05:30:00,1739.35,1679.95,2024-08,1680.0,1240111
C:\Users\v-dhramaraj\Desktop\Python\Projects\Assignment2_StockAnalysis\Data-20250430T011355Z-1-001\Data\data\2024-08,SBILIFE,1674.5,2024-08-06 05:30:00,1780.0,1670.1,2024-08,1722.2,1500825
C:\Users\v-dhramaraj\Desktop\Python\Projects\Assignment2_StockAnalysis\Data-20250430T011355Z-1-001\Data\data\2024-08,SBILIFE,1685.7,2024-08-07 05:30:00,1698.9,1677.1,2024-08,1690.05,603417
C:\Users\v-dhramaraj\Desktop\Python\Projects\Assignment2_StockAnalysis\Data-20250430T011355Z-1-001\Data\data\2024-08,SBILIFE,1706.3,2024-08-08 05:30:00,1715.15,1670.05,2024-08,1671.1,1291138
C:\Users\v-dhramaraj\Desktop\Python\Projects\Assignment2_StockAnalysis\Data-20250430T011355Z-1-001\Data\data\2024-08,SBILIFE,1725.1,2024-08-09 05:30:00,1733.4,1708.0,2024-08,1720.0,804893
C:\Users\v-dhramaraj\Desktop\Python\Projects\Assignment2_StockAnalysis\Data-20250430T011355Z-1-001\Data\data\2024-08,SBILIFE,1705.0,2024-08-12 05:30:00,1730.0,1692.05,2024-08,1722.9,1019251
C:\Users\v-dhramaraj\Desktop\Python\Projects\Assignment2_StockAnalysis\Data-20250430T011355Z-1-001\Data\data\2024-08,SBILIFE,1682.4,2024-08-13 05:30:00,1721.3,1672.05,2024-08,1705.0,1064268
C:\Users\v-dhramaraj\Desktop\Python\Projects\Assignment2_StockAnalysis\Data-20250430T011355Z-1-001\Data\data\2024-08,SBILIFE,1692.1,2024-08-14 05:30:00,1707.35,1673.0,2024-08,1696.2,557473
C:\Users\v-dhramaraj\Desktop\Python\Projects\Assignment2_StockAnalysis\Data-20250430T011355Z-1-001\Data\data\2024-08,SBILIFE,1688.9,2024-08-16 05:30:00,1702.1,1666.15,2024-08,1699.0,721574
C:\Users\v-dhramaraj\Desktop\Python\Projects\Assignment2_StockAnalysis\Data-20250430T011355Z-1-001\Data\data\2024-08,SBILIFE,1671.55,2024-08-19 05:30:00,1696.8,1666.0,2024-08,1696.8,632647
C:\Users\v-dhramaraj\Desktop\Python\Projects\Assignment2_StockAnalysis\Data-20250430T011355Z-1-001\Data\data\2024-08,SBILIFE,1761.3,2024-08-20 05:30:00,1770.8,1672.75,2024-08,1672.8,3951662
C:\Users\v-dhramaraj\Desktop\Python\Projects\Assignment2_StockAnalysis\Data-20250430T011355Z-1-001\Data\data\2024-08,SBILIFE,1800.6,2024-08-21 05:30:00,1804.45,1750.9,2024-08,1761.3,2972530
C:\Users\v-dhramaraj\Desktop\Python\Projects\Assignment2_StockAnalysis\Data-20250430T011355Z-1-001\Data\data\2024-08,SBILIFE,1795.25,2024-08-22 05:30:00,1812.4,1789.85,2024-08,1801.0,1380510
C:\Users\v-dhramaraj\Desktop\Python\Projects\Assignment2_StockAnalysis\Data-20250430T011355Z-1-001\Data\data\2024-08,SBILIFE,1789.3,2024-08-23 05:30:00,1798.4,1782.0,2024-08,1789.5,858249
C:\Users\v-dhramaraj\Desktop\Python\Projects\Assignment2_StockAnalysis\Data-20250430T011355Z-1-001\Data\data\2024-08,SBILIFE,1796.25,2024-08-26 05:30:00,1801.45,1769.35,2024-08,1791.0,593628
C:\Users\v-dhramaraj\Desktop\Python\Projects\Assignment2_StockAnalysis\Data-20250430T011355Z-1-001\Data\data\2024-08,SBILIFE,1838.95,2024-08-27 05:30:00,1848.6,1784.1,2024-08,1788.4,2239371
C:\Users\v-dhramaraj\Desktop\Python\Projects\Assignment2_StockAnalysis\Data-20250430T011355Z-1-001\Data\data\2024-08,SBILIFE,1843.7,2024-08-28 05:30:00,1854.25,1826.0,2024-08,1838.75,724092
C:\Users\v-dhramaraj\Desktop\Python\Projects\Assignment2_StockAnalysis\Data-20250430T011355Z-1-001\Data\data\2024-08,SBILIFE,1843.7,2024-08-29 05:30:00,1867.75,1835.5,2024-08,1840.0,2248185
C:\Users\v-dhramaraj\Desktop\Python\Projects\Assignment2_StockAnalysis\Data-20250430T011355Z-1-001\Data\data\2024-08,SBILIFE,1850.3,2024-08-30 05:30:00,1869.8,1837.0,2024-08,1839.95,2125138
C:\Users\v-dhramaraj\Desktop\Python\Projects\Assignment2_StockAnalysis\Data-20250430T011355Z-1-001\Data\data\2024-09,SBILIFE,1888.75,2024-09-02 05:30:00,1894.65,1849.05,2024-09,1850.3,2522132
C:\Users\v-dhramaraj\Desktop\Python\Projects\Assignment2_StockAnalysis\Data-20250430T011355Z-1-001\Data\data\2024-09,SBILIFE,1928.65,2024-09-03 05:30:00,1936.0,1881.75,2024-09,1890.0,3457882
C:\Users\v-dhramaraj\Desktop\Python\Projects\Assignment2_StockAnalysis\Data-20250430T011355Z-1-001\Data\data\2024-09,SBILIFE,1912.2,2024-09-04 05:30:00,1920.0,1902.35,2024-09,1910.0,952279
C:\Users\v-dhramaraj\Desktop\Python\Projects\Assignment2_StockAnalysis\Data-20250430T011355Z-1-001\Data\data\2024-09,SBILIFE,1907.85,2024-09-05 05:30:00,1919.0,1900.2,2024-09,1919.0,947097
C:\Users\v-dhramaraj\Desktop\Python\Projects\Assignment2_StockAnalysis\Data-20250430T011355Z-1-001\Data\data\2024-09,SBILIFE,1896.3,2024-09-06 05:30:00,1916.85,1889.45,2024-09,1898.1,772396
C:\Users\v-dhramaraj\Desktop\Python\Projects\Assignment2_StockAnalysis\Data-20250430T011355Z-1-001\Data\data\2024-09,SBILIFE,1901.75,2024-09-09 05:30:00,1932.85,1894.5,2024-09,1900.85,1845859
C:\Users\v-dhramaraj\Desktop\Python\Projects\Assignment2_StockAnalysis\Data-20250430T011355Z-1-001\Data\data\2024-09,SBILIFE,1853.45,2024-09-10 05:30:00,1890.0,1838.75,2024-09,1890.0,2515665
C:\Users\v-dhramaraj\Desktop\Python\Projects\Assignment2_StockAnalysis\Data-20250430T011355Z-1-001\Data\data\2024-09,SBILIFE,1859.15,2024-09-11 05:30:00,1871.05,1844.55,2024-09,1845.1,630094
C:\Users\v-dhramaraj\Desktop\Python\Projects\Assignment2_StockAnalysis\Data-20250430T011355Z-1-001\Data\data\2024-09,SBILIFE,1875.95,2024-09-12 05:30:00,1880.0,1840.6,2024-09,1863.0,1126825
C:\Users\v-dhramaraj\Desktop\Python\Projects\Assignment2_StockAnalysis\Data-20250430T011355Z-1-001\Data\data\2024-09,SBILIFE,1846.5,2024-09-13 05:30:00,1871.75,1841.75,2024-09,1869.0,886112
C:\Users\v-dhramaraj\Desktop\Python\Projects\Assignment2_StockAnalysis\Data-20250430T011355Z-1-001\Data\data\2024-09,SBILIFE,1821.25,2024-09-16 05:30:00,1864.8,1816.1,2024-09,1851.0,1576652
C:\Users\v-dhramaraj\Desktop\Python\Projects\Assignment2_StockAnalysis\Data-20250430T011355Z-1-001\Data\data\2024-09,SBILIFE,1819.15,2024-09-17 05:30:00,1844.3,1808.45,2024-09,1823.5,844866
C:\Users\v-dhramaraj\Desktop\Python\Projects\Assignment2_StockAnalysis\Data-20250430T011355Z-1-001\Data\data\2024-09,SBILIFE,1842.45,2024-09-18 05:30:00,1848.95,1815.05,2024-09,1818.2,518691
C:\Users\v-dhramaraj\Desktop\Python\Projects\Assignment2_StockAnalysis\Data-20250430T011355Z-1-001\Data\data\2024-09,SBILIFE,1840.95,2024-09-19 05:30:00,1860.0,1828.2,2024-09,1850.0,776068
C:\Users\v-dhramaraj\Desktop\Python\Projects\Assignment2_StockAnalysis\Data-20250430T011355Z-1-001\Data\data\2024-09,SBILIFE,1870.25,2024-09-20 05:30:00,1885.0,1845.0,2024-09,1850.0,1512372
C:\Users\v-dhramaraj\Desktop\Python\Projects\Assignment2_StockAnalysis\Data-20250430T011355Z-1-001\Data\data\2024-09,SBILIFE,1920.15,2024-09-23 05:30:00,1925.0,1880.0,2024-09,1882.0,1022492
C:\Users\v-dhramaraj\Desktop\Python\Projects\Assignment2_StockAnalysis\Data-20250430T011355Z-1-001\Data\data\2024-09,SBILIFE,1864.35,2024-09-24 05:30:00,1927.95,1854.6,2024-09,1927.1,2608386
C:\Users\v-dhramaraj\Desktop\Python\Projects\Assignment2_StockAnalysis\Data-20250430T011355Z-1-001\Data\data\2024-09,SBILIFE,1863.6,2024-09-25 05:30:00,1875.0,1841.05,2024-09,1873.7,1395256
C:\Users\v-dhramaraj\Desktop\Python\Projects\Assignment2_StockAnalysis\Data-20250430T011355Z-1-001\Data\data\2024-09,SBILIFE,1898.3,2024-09-26 05:30:00,1902.05,1868.5,2024-09,1873.0,1396821
C:\Users\v-dhramaraj\Desktop\Python\Projects\Assignment2_StockAnalysis\Data-20250430T011355Z-1-001\Data\data\2024-09,SBILIFE,1882.65,2024-09-27 05:30:00,1913.0,1873.9,2024-09,1898.3,1678089
C:\Users\v-dhramaraj\Desktop\Python\Projects\Assignment2_StockAnalysis\Data-20250430T011355Z-1-001\Data\data\2024-09,SBILIFE,1844.0,2024-09-30 05:30:00,1893.6,1838.25,2024-09,1892.0,1473366
C:\Users\v-dhramaraj\Desktop\Python\Projects\Assignment2_StockAnalysis\Data-20250430T011355Z-1-001\Data\data\2024-10,SBILIFE,1834.2,2024-10-01 05:30:00,1859.3,1824.3,2024-10,1840.2,885515
C:\Users\v-dhramaraj\Desktop\Python\Projects\Assignment2_StockAnalysis\Data-20250430T011355Z-1-001\Data\data\2024-10,SBILIFE,1805.55,2024-10-03 05:30:00,1845.2,1795.05,2024-10,1807.0,1307453
C:\Users\v-dhramaraj\Desktop\Python\Projects\Assignment2_StockAnalysis\Data-20250430T011355Z-1-001\Data\data\2024-10,SBILIFE,1798.1,2024-10-04 05:30:00,1850.0,1782.55,2024-10,1805.55,1554623
C:\Users\v-dhramaraj\Desktop\Python\Projects\Assignment2_StockAnalysis\Data-20250430T011355Z-1-001\Data\data\2024-10,SBILIFE,1787.95,2024-10-07 05:30:00,1819.85,1776.0,2024-10,1800.0,692912
C:\Users\v-dhramaraj\Desktop\Python\Projects\Assignment2_StockAnalysis\Data-20250430T011355Z-1-001\Data\data\2024-10,SBILIFE,1728.05,2024-10-08 05:30:00,1799.05,1723.55,2024-10,1785.0,2888148
C:\Users\v-dhramaraj\Desktop\Python\Projects\Assignment2_StockAnalysis\Data-20250430T011355Z-1-001\Data\data\2024-10,SBILIFE,1737.4,2024-10-09 05:30:00,1759.0,1733.05,2024-10,1748.05,704112
C:\Users\v-dhramaraj\Desktop\Python\Projects\Assignment2_StockAnalysis\Data-20250430T011355Z-1-001\Data\data\2024-10,SBILIFE,1734.5,2024-10-10 05:30:00,1754.45,1729.55,2024-10,1745.15,784503
C:\Users\v-dhramaraj\Desktop\Python\Projects\Assignment2_StockAnalysis\Data-20250430T011355Z-1-001\Data\data\2024-10,SBILIFE,1735.05,2024-10-11 05:30:00,1746.75,1718.6,2024-10,1737.5,805944
C:\Users\v-dhramaraj\Desktop\Python\Projects\Assignment2_StockAnalysis\Data-20250430T011355Z-1-001\Data\data\2024-10,SBILIFE,1738.3,2024-10-14 05:30:00,1743.85,1717.3,2024-10,1738.75,1349793
C:\Users\v-dhramaraj\Desktop\Python\Projects\Assignment2_StockAnalysis\Data-20250430T011355Z-1-001\Data\data\2024-10,SBILIFE,1723.75,2024-10-15 05:30:00,1754.95,1718.5,2024-10,1741.95,2159705
C:\Users\v-dhramaraj\Desktop\Python\Projects\Assignment2_StockAnalysis\Data-20250430T011355Z-1-001\Data\data\2024-10,SBILIFE,1733.75,2024-10-16 05:30:00,1749.0,1724.0,2024-10,1725.05,891554
C:\Users\v-dhramaraj\Desktop\Python\Projects\Assignment2_StockAnalysis\Data-20250430T011355Z-1-001\Data\data\2024-10,SBILIFE,1702.0,2024-10-17 05:30:00,1739.0,1695.75,2024-10,1734.0,2442434
C:\Users\v-dhramaraj\Desktop\Python\Projects\Assignment2_StockAnalysis\Data-20250430T011355Z-1-001\Data\data\2024-10,SBILIFE,1706.05,2024-10-18 05:30:00,1717.45,1680.6,2024-10,1706.0,2045293
C:\Users\v-dhramaraj\Desktop\Python\Projects\Assignment2_StockAnalysis\Data-20250430T011355Z-1-001\Data\data\2024-10,SBILIFE,1711.85,2024-10-21 05:30:00,1776.05,1696.8,2024-10,1715.15,1574574
C:\Users\v-dhramaraj\Desktop\Python\Projects\Assignment2_StockAnalysis\Data-20250430T011355Z-1-001\Data\data\2024-10,SBILIFE,1698.15,2024-10-22 05:30:00,1726.95,1672.9,2024-10,1701.0,1290296
C:\Users\v-dhramaraj\Desktop\Python\Projects\Assignment2_StockAnalysis\Data-20250430T011355Z-1-001\Data\data\2024-10,SBILIFE,1716.0,2024-10-23 05:30:00,1728.9,1692.25,2024-10,1703.2,952362
C:\Users\v-dhramaraj\Desktop\Python\Projects\Assignment2_StockAnalysis\Data-20250430T011355Z-1-001\Data\data\2024-10,SBILIFE,1635.3,2024-10-24 05:30:00,1724.45,1623.0,2024-10,1724.45,4320374
C:\Users\v-dhramaraj\Desktop\Python\Projects\Assignment2_StockAnalysis\Data-20250430T011355Z-1-001\Data\data\2024-10,SBILIFE,1616.75,2024-10-25 05:30:00,1653.3,1603.95,2024-10,1644.85,1639581
C:\Users\v-dhramaraj\Desktop\Python\Projects\Assignment2_StockAnalysis\Data-20250430T011355Z-1-001\Data\data\2024-10,SBILIFE,1605.9,2024-10-28 05:30:00,1620.0,1593.6,2024-10,1617.0,2366566
C:\Users\v-dhramaraj\Desktop\Python\Projects\Assignment2_StockAnalysis\Data-20250430T011355Z-1-001\Data\data\2024-10,SBILIFE,1661.35,2024-10-29 05:30:00,1665.8,1595.9,2024-10,1606.0,2052244
C:\Users\v-dhramaraj\Desktop\Python\Projects\Assignment2_StockAnalysis\Data-20250430T011355Z-1-001\Data\data\2024-10,SBILIFE,1624.15,2024-10-30 05:30:00,1649.35,1619.3,2024-10,1636.5,1512352
C:\Users\v-dhramaraj\Desktop\Python\Projects\Assignment2_StockAnalysis\Data-20250430T011355Z-1-001\Data\data\2024-10,SBILIFE,1622.15,2024-10-31 05:30:00,1641.95,1613.05,2024-10,1630.1,809110
C:\Users\v-dhramaraj\Desktop\Python\Projects\Assignment2_StockAnalysis\Data-20250430T011355Z-1-001\Data\data\2024-11,SBILIFE,1628.85,2024-11-01 05:30:00,1639.4,1623.0,2024-11,1639.4,53886
C:\Users\v-dhramaraj\Desktop\Python\Projects\Assignment2_StockAnalysis\Data-20250430T011355Z-1-001\Data\data\2024-11,SBILIFE,1608.8,2024-11-04 05:30:00,1641.15,1588.0,2024-11,1637.0,1470020
C:\Users\v-dhramaraj\Desktop\Python\Projects\Assignment2_StockAnalysis\Data-20250430T011355Z-1-001\Data\data\2024-11,SBILIFE,1633.2,2024-11-05 05:30:00,1642.0,1598.65,2024-11,1606.8,978590
C:\Users\v-dhramaraj\Desktop\Python\Projects\Assignment2_StockAnalysis\Data-20250430T011355Z-1-001\Data\data\2024-11,SBILIFE,1603.95,2024-11-06 05:30:00,1638.65,1600.45,2024-11,1633.2,1352644
C:\Users\v-dhramaraj\Desktop\Python\Projects\Assignment2_StockAnalysis\Data-20250430T011355Z-1-001\Data\data\2024-11,SBILIFE,1589.85,2024-11-07 05:30:00,1617.95,1575.0,2024-11,1605.05,1359619
C:\Users\v-dhramaraj\Desktop\Python\Projects\Assignment2_StockAnalysis\Data-20250430T011355Z-1-001\Data\data\2024-11,SBILIFE,1569.95,2024-11-08 05:30:00,1603.35,1566.85,2024-11,1589.0,1131938
C:\Users\v-dhramaraj\Desktop\Python\Projects\Assignment2_StockAnalysis\Data-20250430T011355Z-1-001\Data\data\2024-11,SBILIFE,1566.0,2024-11-11 05:30:00,1578.6,1555.25,2024-11,1578.6,862991
C:\Users\v-dhramaraj\Desktop\Python\Projects\Assignment2_StockAnalysis\Data-20250430T011355Z-1-001\Data\data\2024-11,SBILIFE,1562.45,2024-11-12 05:30:00,1585.95,1557.0,2024-11,1569.1,1177157
C:\Users\v-dhramaraj\Desktop\Python\Projects\Assignment2_StockAnalysis\Data-20250430T011355Z-1-001\Data\data\2024-11,SBILIFE,1546.7,2024-11-13 05:30:00,1572.0,1540.0,2024-11,1560.0,2946117
C:\Users\v-dhramaraj\Desktop\Python\Projects\Assignment2_StockAnalysis\Data-20250430T011355Z-1-001\Data\data\2024-11,SBILIFE,1562.3,2024-11-14 05:30:00,1568.95,1546.05,2024-11,1546.2,684365
C:\Users\v-dhramaraj\Desktop\Python\Projects\Assignment2_StockAnalysis\Data-20250430T011355Z-1-001\Data\data\2024-11,SBILIFE,1562.6,2024-11-18 05:30:00,1566.55,1551.0,2024-11,1551.0,490930
C:\Users\v-dhramaraj\Desktop\Python\Projects\Assignment2_StockAnalysis\Data-20250430T011355Z-1-001\Data\data\2024-11,SBILIFE,1522.9,2024-11-19 05:30:00,1568.05,1501.0,2024-11,1568.0,4198931
C:\Users\v-dhramaraj\Desktop\Python\Projects\Assignment2_StockAnalysis\Data-20250430T011355Z-1-001\Data\data\2024-11,SBILIFE,1477.95,2024-11-21 05:30:00,1515.5,1474.0,2024-11,1513.3,1827614
C:\Users\v-dhramaraj\Desktop\Python\Projects\Assignment2_StockAnalysis\Data-20250430T011355Z-1-001\Data\data\2024-11,SBILIFE,1485.15,2024-11-22 05:30:00,1496.45,1475.0,2024-11,1485.35,977581
