Source Folder,Ticker,close,date,high,low,month,open,volume
C:\Users\v-dhramaraj\Desktop\Python\Projects\Assignment2_StockAnalysis\Data-20250430T011355Z-1-001\Data\data\2023-10,SBIN,602.95,2023-10-03 05:30:00,604.9,589.6,2023-10,596.6,15322196
C:\Users\v-dhramaraj\Desktop\Python\Projects\Assignment2_StockAnalysis\Data-20250430T011355Z-1-001\Data\data\2023-10,SBIN,586.25,2023-10-04 05:30:00,600.45,584.45,2023-10,600.0,24914612
C:\Users\v-dhramaraj\Desktop\Python\Projects\Assignment2_StockAnalysis\Data-20250430T011355Z-1-001\Data\data\2023-10,SBIN,592.15,2023-10-05 05:30:00,594.35,587.1,2023-10,590.0,13248028
C:\Users\v-dhramaraj\Desktop\Python\Projects\Assignment2_StockAnalysis\Data-20250430T011355Z-1-001\Data\data\2023-10,SBIN,594.25,2023-10-06 05:30:00,598.95,592.2,2023-10,593.4,8216780
C:\Users\v-dhramaraj\Desktop\Python\Projects\Assignment2_StockAnalysis\Data-20250430T011355Z-1-001\Data\data\2023-10,SBIN,585.1,2023-10-09 05:30:00,589.0,581.55,2023-10,588.0,9189597
C:\Users\v-dhramaraj\Desktop\Python\Projects\Assignment2_StockAnalysis\Data-20250430T011355Z-1-001\Data\data\2023-10,SBIN,591.65,2023-10-10 05:30:00,595.0,585.75,2023-10,587.0,10373508
C:\Users\v-dhramaraj\Desktop\Python\Projects\Assignment2_StockAnalysis\Data-20250430T011355Z-1-001\Data\data\2023-10,SBIN,588.35,2023-10-11 05:30:00,597.0,587.6,2023-10,596.9,14220119
C:\Users\v-dhramaraj\Desktop\Python\Projects\Assignment2_StockAnalysis\Data-20250430T011355Z-1-001\Data\data\2023-10,SBIN,586.05,2023-10-12 05:30:00,593.0,585.0,2023-10,590.8,11983797
C:\Users\v-dhramaraj\Desktop\Python\Projects\Assignment2_StockAnalysis\Data-20250430T011355Z-1-001\Data\data\2023-10,SBIN,576.15,2023-10-13 05:30:00,581.3,574.8,2023-10,577.75,19064577
C:\Users\v-dhramaraj\Desktop\Python\Projects\Assignment2_StockAnalysis\Data-20250430T011355Z-1-001\Data\data\2023-10,SBIN,575.65,2023-10-16 05:30:00,578.75,571.5,2023-10,576.0,11290293
C:\Users\v-dhramaraj\Desktop\Python\Projects\Assignment2_StockAnalysis\Data-20250430T011355Z-1-001\Data\data\2023-10,SBIN,576.45,2023-10-17 05:30:00,579.95,575.3,2023-10,577.7,10765224
C:\Users\v-dhramaraj\Desktop\Python\Projects\Assignment2_StockAnalysis\Data-20250430T011355Z-1-001\Data\data\2023-10,SBIN,572.65,2023-10-18 05:30:00,579.25,569.35,2023-10,577.75,11777454
C:\Users\v-dhramaraj\Desktop\Python\Projects\Assignment2_StockAnalysis\Data-20250430T011355Z-1-001\Data\data\2023-10,SBIN,571.2,2023-10-19 05:30:00,574.0,567.0,2023-10,569.8,11441499
C:\Users\v-dhramaraj\Desktop\Python\Projects\Assignment2_StockAnalysis\Data-20250430T011355Z-1-001\Data\data\2023-10,SBIN,563.1,2023-10-20 05:30:00,570.0,562.1,2023-10,569.9,11110988
C:\Users\v-dhramaraj\Desktop\Python\Projects\Assignment2_StockAnalysis\Data-20250430T011355Z-1-001\Data\data\2023-10,SBIN,552.95,2023-10-23 05:30:00,566.0,551.0,2023-10,563.1,11875035
C:\Users\v-dhramaraj\Desktop\Python\Projects\Assignment2_StockAnalysis\Data-20250430T011355Z-1-001\Data\data\2023-10,SBIN,556.2,2023-10-25 05:30:00,560.8,553.6,2023-10,558.6,12134624
C:\Users\v-dhramaraj\Desktop\Python\Projects\Assignment2_StockAnalysis\Data-20250430T011355Z-1-001\Data\data\2023-10,SBIN,547.0,2023-10-26 05:30:00,552.9,543.2,2023-10,551.45,19424825
C:\Users\v-dhramaraj\Desktop\Python\Projects\Assignment2_StockAnalysis\Data-20250430T011355Z-1-001\Data\data\2023-10,SBIN,561.15,2023-10-27 05:30:00,562.5,550.0,2023-10,550.0,10415296
C:\Users\v-dhramaraj\Desktop\Python\Projects\Assignment2_StockAnalysis\Data-20250430T011355Z-1-001\Data\data\2023-10,SBIN,565.2,2023-10-30 05:30:00,566.7,556.5,2023-10,563.0,8593704
C:\Users\v-dhramaraj\Desktop\Python\Projects\Assignment2_StockAnalysis\Data-20250430T011355Z-1-001\Data\data\2023-10,SBIN,565.55,2023-10-31 05:30:00,569.5,563.15,2023-10,567.0,13039696
C:\Users\v-dhramaraj\Desktop\Python\Projects\Assignment2_StockAnalysis\Data-20250430T011355Z-1-001\Data\data\2023-11,SBIN,566.4,2023-11-01 05:30:00,569.65,563.85,2023-11,566.25,13575575
C:\Users\v-dhramaraj\Desktop\Python\Projects\Assignment2_StockAnalysis\Data-20250430T011355Z-1-001\Data\data\2023-11,SBIN,572.1,2023-11-02 05:30:00,575.45,567.6,2023-11,571.1,11148516
C:\Users\v-dhramaraj\Desktop\Python\Projects\Assignment2_StockAnalysis\Data-20250430T011355Z-1-001\Data\data\2023-11,SBIN,578.15,2023-11-03 05:30:00,579.5,573.45,2023-11,576.0,11371371
C:\Users\v-dhramaraj\Desktop\Python\Projects\Assignment2_StockAnalysis\Data-20250430T011355Z-1-001\Data\data\2023-11,SBIN,574.35,2023-11-06 05:30:00,582.5,573.25,2023-11,582.0,16499138
C:\Users\v-dhramaraj\Desktop\Python\Projects\Assignment2_StockAnalysis\Data-20250430T011355Z-1-001\Data\data\2023-11,SBIN,579.75,2023-11-07 05:30:00,581.2,572.6,2023-11,574.8,17923281
C:\Users\v-dhramaraj\Desktop\Python\Projects\Assignment2_StockAnalysis\Data-20250430T011355Z-1-001\Data\data\2023-11,SBIN,580.3,2023-11-08 05:30:00,582.6,579.0,2023-11,581.9,15434808
C:\Users\v-dhramaraj\Desktop\Python\Projects\Assignment2_StockAnalysis\Data-20250430T011355Z-1-001\Data\data\2023-11,SBIN,578.35,2023-11-09 05:30:00,581.85,576.5,2023-11,581.0,12434363
C:\Users\v-dhramaraj\Desktop\Python\Projects\Assignment2_StockAnalysis\Data-20250430T011355Z-1-001\Data\data\2023-11,SBIN,579.5,2023-11-10 05:30:00,581.0,575.4,2023-11,577.8,6773038
C:\Users\v-dhramaraj\Desktop\Python\Projects\Assignment2_StockAnalysis\Data-20250430T011355Z-1-001\Data\data\2023-11,SBIN,581.3,2023-11-12 05:30:00,584.75,580.1,2023-11,584.75,1947722
C:\Users\v-dhramaraj\Desktop\Python\Projects\Assignment2_StockAnalysis\Data-20250430T011355Z-1-001\Data\data\2023-11,SBIN,581.35,2023-11-13 05:30:00,582.5,575.2,2023-11,581.0,11282362
C:\Users\v-dhramaraj\Desktop\Python\Projects\Assignment2_StockAnalysis\Data-20250430T011355Z-1-001\Data\data\2023-11,SBIN,584.7,2023-11-15 05:30:00,588.0,582.6,2023-11,587.25,11397676
C:\Users\v-dhramaraj\Desktop\Python\Projects\Assignment2_StockAnalysis\Data-20250430T011355Z-1-001\Data\data\2023-11,SBIN,584.65,2023-11-16 05:30:00,588.0,582.9,2023-11,584.7,8622660
C:\Users\v-dhramaraj\Desktop\Python\Projects\Assignment2_StockAnalysis\Data-20250430T011355Z-1-001\Data\data\2023-11,SBIN,563.05,2023-11-17 05:30:00,574.5,562.1,2023-11,574.5,37173221
C:\Users\v-dhramaraj\Desktop\Python\Projects\Assignment2_StockAnalysis\Data-20250430T011355Z-1-001\Data\data\2023-11,SBIN,563.75,2023-11-20 05:30:00,566.8,560.6,2023-11,564.0,12714585
C:\Users\v-dhramaraj\Desktop\Python\Projects\Assignment2_StockAnalysis\Data-20250430T011355Z-1-001\Data\data\2023-11,SBIN,561.5,2023-11-21 05:30:00,566.65,561.0,2023-11,566.0,14280013
C:\Users\v-dhramaraj\Desktop\Python\Projects\Assignment2_StockAnalysis\Data-20250430T011355Z-1-001\Data\data\2023-11,SBIN,558.95,2023-11-22 05:30:00,564.5,555.15,2023-11,562.95,14909071
C:\Users\v-dhramaraj\Desktop\Python\Projects\Assignment2_StockAnalysis\Data-20250430T011355Z-1-001\Data\data\2023-11,SBIN,559.95,2023-11-23 05:30:00,563.5,558.3,2023-11,561.75,6376210
C:\Users\v-dhramaraj\Desktop\Python\Projects\Assignment2_StockAnalysis\Data-20250430T011355Z-1-001\Data\data\2023-11,SBIN,560.35,2023-11-24 05:30:00,562.45,559.25,2023-11,561.95,6529851
C:\Users\v-dhramaraj\Desktop\Python\Projects\Assignment2_StockAnalysis\Data-20250430T011355Z-1-001\Data\data\2023-11,SBIN,564.45,2023-11-28 05:30:00,565.2,561.1,2023-11,563.6,8153314
C:\Users\v-dhramaraj\Desktop\Python\Projects\Assignment2_StockAnalysis\Data-20250430T011355Z-1-001\Data\data\2023-11,SBIN,568.6,2023-11-29 05:30:00,569.0,565.1,2023-11,568.0,10299034
C:\Users\v-dhramaraj\Desktop\Python\Projects\Assignment2_StockAnalysis\Data-20250430T011355Z-1-001\Data\data\2023-11,SBIN,564.75,2023-11-30 05:30:00,570.2,563.65,2023-11,569.75,19758998
C:\Users\v-dhramaraj\Desktop\Python\Projects\Assignment2_StockAnalysis\Data-20250430T011355Z-1-001\Data\data\2023-12,SBIN,571.75,2023-12-01 05:30:00,574.2,566.55,2023-12,567.0,10614230
C:\Users\v-dhramaraj\Desktop\Python\Projects\Assignment2_StockAnalysis\Data-20250430T011355Z-1-001\Data\data\2023-12,SBIN,594.7,2023-12-04 05:30:00,596.0,584.55,2023-12,588.0,26077882
C:\Users\v-dhramaraj\Desktop\Python\Projects\Assignment2_StockAnalysis\Data-20250430T011355Z-1-001\Data\data\2023-12,SBIN,608.25,2023-12-05 05:30:00,611.3,595.05,2023-12,595.05,36430152
C:\Users\v-dhramaraj\Desktop\Python\Projects\Assignment2_StockAnalysis\Data-20250430T011355Z-1-001\Data\data\2023-12,SBIN,608.45,2023-12-06 05:30:00,614.0,604.55,2023-12,614.0,21439069
C:\Users\v-dhramaraj\Desktop\Python\Projects\Assignment2_StockAnalysis\Data-20250430T011355Z-1-001\Data\data\2023-12,SBIN,611.7,2023-12-07 05:30:00,612.55,605.0,2023-12,610.0,10725706
C:\Users\v-dhramaraj\Desktop\Python\Projects\Assignment2_StockAnalysis\Data-20250430T011355Z-1-001\Data\data\2023-12,SBIN,614.15,2023-12-08 05:30:00,616.8,605.35,2023-12,610.0,17722136
C:\Users\v-dhramaraj\Desktop\Python\Projects\Assignment2_StockAnalysis\Data-20250430T011355Z-1-001\Data\data\2023-12,SBIN,614.25,2023-12-11 05:30:00,619.9,613.1,2023-12,615.0,11706255
C:\Users\v-dhramaraj\Desktop\Python\Projects\Assignment2_StockAnalysis\Data-20250430T011355Z-1-001\Data\data\2023-12,SBIN,612.4,2023-12-12 05:30:00,617.95,610.8,2023-12,617.0,14494836
C:\Users\v-dhramaraj\Desktop\Python\Projects\Assignment2_StockAnalysis\Data-20250430T011355Z-1-001\Data\data\2023-12,SBIN,619.85,2023-12-13 05:30:00,620.5,611.65,2023-12,614.45,13977914
C:\Users\v-dhramaraj\Desktop\Python\Projects\Assignment2_StockAnalysis\Data-20250430T011355Z-1-001\Data\data\2023-12,SBIN,623.65,2023-12-14 05:30:00,627.75,622.4,2023-12,626.0,15813797
C:\Users\v-dhramaraj\Desktop\Python\Projects\Assignment2_StockAnalysis\Data-20250430T011355Z-1-001\Data\data\2023-12,SBIN,648.25,2023-12-15 05:30:00,650.0,619.85,2023-12,628.0,29813572
C:\Users\v-dhramaraj\Desktop\Python\Projects\Assignment2_StockAnalysis\Data-20250430T011355Z-1-001\Data\data\2023-12,SBIN,648.5,2023-12-18 05:30:00,655.65,642.4,2023-12,646.65,16221796
C:\Users\v-dhramaraj\Desktop\Python\Projects\Assignment2_StockAnalysis\Data-20250430T011355Z-1-001\Data\data\2023-12,SBIN,655.4,2023-12-19 05:30:00,659.6,640.25,2023-12,648.5,19964008
C:\Users\v-dhramaraj\Desktop\Python\Projects\Assignment2_StockAnalysis\Data-20250430T011355Z-1-001\Data\data\2023-12,SBIN,636.45,2023-12-20 05:30:00,660.4,633.95,2023-12,658.7,22542056
C:\Users\v-dhramaraj\Desktop\Python\Projects\Assignment2_StockAnalysis\Data-20250430T011355Z-1-001\Data\data\2023-12,SBIN,643.75,2023-12-21 05:30:00,648.95,627.5,2023-12,632.15,19915516
C:\Users\v-dhramaraj\Desktop\Python\Projects\Assignment2_StockAnalysis\Data-20250430T011355Z-1-001\Data\data\2023-12,SBIN,636.75,2023-12-22 05:30:00,649.4,635.15,2023-12,644.75,14998068
C:\Users\v-dhramaraj\Desktop\Python\Projects\Assignment2_StockAnalysis\Data-20250430T011355Z-1-001\Data\data\2023-12,SBIN,638.05,2023-12-26 05:30:00,641.3,635.65,2023-12,638.85,10153089
C:\Users\v-dhramaraj\Desktop\Python\Projects\Assignment2_StockAnalysis\Data-20250430T011355Z-1-001\Data\data\2023-12,SBIN,648.55,2023-12-27 05:30:00,649.45,639.0,2023-12,640.75,14417646
C:\Users\v-dhramaraj\Desktop\Python\Projects\Assignment2_StockAnalysis\Data-20250430T011355Z-1-001\Data\data\2023-12,SBIN,651.4,2023-12-28 05:30:00,653.3,646.5,2023-12,650.25,16982092
C:\Users\v-dhramaraj\Desktop\Python\Projects\Assignment2_StockAnalysis\Data-20250430T011355Z-1-001\Data\data\2023-12,SBIN,642.05,2023-12-29 05:30:00,649.6,639.55,2023-12,645.5,13221898
C:\Users\v-dhramaraj\Desktop\Python\Projects\Assignment2_StockAnalysis\Data-20250430T011355Z-1-001\Data\data\2024-01,SBIN,641.35,2024-01-01 05:30:00,646.9,638.0,2024-01,642.2,8295548
C:\Users\v-dhramaraj\Desktop\Python\Projects\Assignment2_StockAnalysis\Data-20250430T011355Z-1-001\Data\data\2024-01,SBIN,639.45,2024-01-02 05:30:00,648.0,633.85,2024-01,641.35,15164482
C:\Users\v-dhramaraj\Desktop\Python\Projects\Assignment2_StockAnalysis\Data-20250430T011355Z-1-001\Data\data\2024-01,SBIN,643.45,2024-01-03 05:30:00,648.0,635.8,2024-01,639.35,14571772
C:\Users\v-dhramaraj\Desktop\Python\Projects\Assignment2_StockAnalysis\Data-20250430T011355Z-1-001\Data\data\2024-01,SBIN,642.75,2024-01-04 05:30:00,646.4,638.65,2024-01,642.5,13883388
C:\Users\v-dhramaraj\Desktop\Python\Projects\Assignment2_StockAnalysis\Data-20250430T011355Z-1-001\Data\data\2024-01,SBIN,641.95,2024-01-05 05:30:00,651.75,637.75,2024-01,645.0,15984585
C:\Users\v-dhramaraj\Desktop\Python\Projects\Assignment2_StockAnalysis\Data-20250430T011355Z-1-001\Data\data\2024-01,SBIN,627.0,2024-01-08 05:30:00,645.0,625.05,2024-01,640.0,14739531
C:\Users\v-dhramaraj\Desktop\Python\Projects\Assignment2_StockAnalysis\Data-20250430T011355Z-1-001\Data\data\2024-01,SBIN,625.4,2024-01-09 05:30:00,634.35,624.5,2024-01,632.0,13400235
C:\Users\v-dhramaraj\Desktop\Python\Projects\Assignment2_StockAnalysis\Data-20250430T011355Z-1-001\Data\data\2024-01,SBIN,621.75,2024-01-10 05:30:00,625.3,618.2,2024-01,624.8,12742464
C:\Users\v-dhramaraj\Desktop\Python\Projects\Assignment2_StockAnalysis\Data-20250430T011355Z-1-001\Data\data\2024-01,SBIN,620.2,2024-01-11 05:30:00,627.15,618.5,2024-01,626.0,15533860
C:\Users\v-dhramaraj\Desktop\Python\Projects\Assignment2_StockAnalysis\Data-20250430T011355Z-1-001\Data\data\2024-01,SBIN,633.6,2024-01-12 05:30:00,636.5,621.1,2024-01,623.8,16620797
C:\Users\v-dhramaraj\Desktop\Python\Projects\Assignment2_StockAnalysis\Data-20250430T011355Z-1-001\Data\data\2024-01,SBIN,640.1,2024-01-15 05:30:00,645.5,636.1,2024-01,638.9,16844018
C:\Users\v-dhramaraj\Desktop\Python\Projects\Assignment2_StockAnalysis\Data-20250430T011355Z-1-001\Data\data\2024-01,SBIN,636.9,2024-01-16 05:30:00,644.9,633.45,2024-01,640.0,15025543
C:\Users\v-dhramaraj\Desktop\Python\Projects\Assignment2_StockAnalysis\Data-20250430T011355Z-1-001\Data\data\2024-01,SBIN,626.0,2024-01-17 05:30:00,636.8,623.0,2024-01,624.0,30016308
C:\Users\v-dhramaraj\Desktop\Python\Projects\Assignment2_StockAnalysis\Data-20250430T011355Z-1-001\Data\data\2024-01,SBIN,628.3,2024-01-18 05:30:00,633.45,619.05,2024-01,625.8,14695436
C:\Users\v-dhramaraj\Desktop\Python\Projects\Assignment2_StockAnalysis\Data-20250430T011355Z-1-001\Data\data\2024-01,SBIN,627.75,2024-01-19 05:30:00,635.5,624.7,2024-01,633.0,11675202
C:\Users\v-dhramaraj\Desktop\Python\Projects\Assignment2_StockAnalysis\Data-20250430T011355Z-1-001\Data\data\2024-01,SBIN,631.4,2024-01-20 05:30:00,633.8,624.1,2024-01,629.0,9886760
C:\Users\v-dhramaraj\Desktop\Python\Projects\Assignment2_StockAnalysis\Data-20250430T011355Z-1-001\Data\data\2024-01,SBIN,605.1,2024-01-23 05:30:00,634.9,600.65,2024-01,627.0,30954343
C:\Users\v-dhramaraj\Desktop\Python\Projects\Assignment2_StockAnalysis\Data-20250430T011355Z-1-001\Data\data\2024-01,SBIN,618.3,2024-01-24 05:30:00,622.35,603.1,2024-01,609.95,19221835
C:\Users\v-dhramaraj\Desktop\Python\Projects\Assignment2_StockAnalysis\Data-20250430T011355Z-1-001\Data\data\2024-01,SBIN,612.75,2024-01-25 05:30:00,623.8,606.25,2024-01,618.5,22684904
C:\Users\v-dhramaraj\Desktop\Python\Projects\Assignment2_StockAnalysis\Data-20250430T011355Z-1-001\Data\data\2024-01,SBIN,622.95,2024-01-29 05:30:00,629.5,615.6,2024-01,619.0,19572140
C:\Users\v-dhramaraj\Desktop\Python\Projects\Assignment2_StockAnalysis\Data-20250430T011355Z-1-001\Data\data\2024-01,SBIN,626.75,2024-01-30 05:30:00,633.5,624.2,2024-01,625.45,16966577
C:\Users\v-dhramaraj\Desktop\Python\Projects\Assignment2_StockAnalysis\Data-20250430T011355Z-1-001\Data\data\2024-01,SBIN,640.5,2024-01-31 05:30:00,643.2,622.0,2024-01,626.4,23270745
C:\Users\v-dhramaraj\Desktop\Python\Projects\Assignment2_StockAnalysis\Data-20250430T011355Z-1-001\Data\data\2024-02,SBIN,647.65,2024-02-01 05:30:00,652.95,633.25,2024-02,642.75,26587707
C:\Users\v-dhramaraj\Desktop\Python\Projects\Assignment2_StockAnalysis\Data-20250430T011355Z-1-001\Data\data\2024-02,SBIN,649.65,2024-02-02 05:30:00,660.55,646.7,2024-02,652.0,27471811
C:\Users\v-dhramaraj\Desktop\Python\Projects\Assignment2_StockAnalysis\Data-20250430T011355Z-1-001\Data\data\2024-02,SBIN,642.95,2024-02-05 05:30:00,654.8,638.75,2024-02,647.1,28339525
C:\Users\v-dhramaraj\Desktop\Python\Projects\Assignment2_StockAnalysis\Data-20250430T011355Z-1-001\Data\data\2024-02,SBIN,650.25,2024-02-06 05:30:00,655.0,637.7,2024-02,644.45,14079390
C:\Users\v-dhramaraj\Desktop\Python\Projects\Assignment2_StockAnalysis\Data-20250430T011355Z-1-001\Data\data\2024-02,SBIN,675.25,2024-02-07 05:30:00,677.95,655.0,2024-02,655.05,41696232
C:\Users\v-dhramaraj\Desktop\Python\Projects\Assignment2_StockAnalysis\Data-20250430T011355Z-1-001\Data\data\2024-02,SBIN,699.55,2024-02-08 05:30:00,718.9,678.5,2024-02,680.4,74222434
C:\Users\v-dhramaraj\Desktop\Python\Projects\Assignment2_StockAnalysis\Data-20250430T011355Z-1-001\Data\data\2024-02,SBIN,725.25,2024-02-09 05:30:00,728.35,694.2,2024-02,703.65,43235061
C:\Users\v-dhramaraj\Desktop\Python\Projects\Assignment2_StockAnalysis\Data-20250430T011355Z-1-001\Data\data\2024-02,SBIN,707.9,2024-02-12 05:30:00,726.0,704.5,2024-02,726.0,22873137
C:\Users\v-dhramaraj\Desktop\Python\Projects\Assignment2_StockAnalysis\Data-20250430T011355Z-1-001\Data\data\2024-02,SBIN,713.45,2024-02-13 05:30:00,718.0,702.15,2024-02,708.55,23351472
C:\Users\v-dhramaraj\Desktop\Python\Projects\Assignment2_StockAnalysis\Data-20250430T011355Z-1-001\Data\data\2024-02,SBIN,743.4,2024-02-14 05:30:00,748.5,705.55,2024-02,705.55,36782182
C:\Users\v-dhramaraj\Desktop\Python\Projects\Assignment2_StockAnalysis\Data-20250430T011355Z-1-001\Data\data\2024-02,SBIN,761.7,2024-02-15 05:30:00,764.0,741.65,2024-02,747.7,33941282
C:\Users\v-dhramaraj\Desktop\Python\Projects\Assignment2_StockAnalysis\Data-20250430T011355Z-1-001\Data\data\2024-02,SBIN,754.7,2024-02-16 05:30:00,774.6,753.35,2024-02,763.45,27365121
C:\Users\v-dhramaraj\Desktop\Python\Projects\Assignment2_StockAnalysis\Data-20250430T011355Z-1-001\Data\data\2024-02,SBIN,759.25,2024-02-19 05:30:00,765.0,750.0,2024-02,758.7,13979584
C:\Users\v-dhramaraj\Desktop\Python\Projects\Assignment2_StockAnalysis\Data-20250430T011355Z-1-001\Data\data\2024-02,SBIN,760.1,2024-02-20 05:30:00,763.5,754.0,2024-02,759.05,12528399
C:\Users\v-dhramaraj\Desktop\Python\Projects\Assignment2_StockAnalysis\Data-20250430T011355Z-1-001\Data\data\2024-02,SBIN,771.5,2024-02-21 05:30:00,777.5,759.6,2024-02,760.65,21465311
C:\Users\v-dhramaraj\Desktop\Python\Projects\Assignment2_StockAnalysis\Data-20250430T011355Z-1-001\Data\data\2024-02,SBIN,765.9,2024-02-22 05:30:00,773.0,757.0,2024-02,773.0,18799244
C:\Users\v-dhramaraj\Desktop\Python\Projects\Assignment2_StockAnalysis\Data-20250430T011355Z-1-001\Data\data\2024-02,SBIN,759.05,2024-02-23 05:30:00,770.5,755.0,2024-02,765.9,14143636
C:\Users\v-dhramaraj\Desktop\Python\Projects\Assignment2_StockAnalysis\Data-20250430T011355Z-1-001\Data\data\2024-02,SBIN,758.9,2024-02-26 05:30:00,766.35,752.7,2024-02,755.0,11355186
C:\Users\v-dhramaraj\Desktop\Python\Projects\Assignment2_StockAnalysis\Data-20250430T011355Z-1-001\Data\data\2024-02,SBIN,749.85,2024-02-27 05:30:00,762.35,742.2,2024-02,758.9,13969393
C:\Users\v-dhramaraj\Desktop\Python\Projects\Assignment2_StockAnalysis\Data-20250430T011355Z-1-001\Data\data\2024-02,SBIN,742.5,2024-02-28 05:30:00,756.75,741.0,2024-02,749.85,11263318
C:\Users\v-dhramaraj\Desktop\Python\Projects\Assignment2_StockAnalysis\Data-20250430T011355Z-1-001\Data\data\2024-02,SBIN,748.1,2024-02-29 05:30:00,753.9,737.15,2024-02,743.9,19217113
C:\Users\v-dhramaraj\Desktop\Python\Projects\Assignment2_StockAnalysis\Data-20250430T011355Z-1-001\Data\data\2024-03,SBIN,769.15,2024-03-01 05:30:00,772.0,751.95,2024-03,752.0,17348526
C:\Users\v-dhramaraj\Desktop\Python\Projects\Assignment2_StockAnalysis\Data-20250430T011355Z-1-001\Data\data\2024-03,SBIN,773.3,2024-03-02 05:30:00,777.0,768.9,2024-03,771.95,1158960
C:\Users\v-dhramaraj\Desktop\Python\Projects\Assignment2_StockAnalysis\Data-20250430T011355Z-1-001\Data\data\2024-03,SBIN,772.05,2024-03-04 05:30:00,777.0,769.0,2024-03,774.4,9789141
C:\Users\v-dhramaraj\Desktop\Python\Projects\Assignment2_StockAnalysis\Data-20250430T011355Z-1-001\Data\data\2024-03,SBIN,783.95,2024-03-05 05:30:00,786.95,769.1,2024-03,769.5,18088847
C:\Users\v-dhramaraj\Desktop\Python\Projects\Assignment2_StockAnalysis\Data-20250430T011355Z-1-001\Data\data\2024-03,SBIN,783.9,2024-03-06 05:30:00,790.3,772.9,2024-03,783.65,26710525
C:\Users\v-dhramaraj\Desktop\Python\Projects\Assignment2_StockAnalysis\Data-20250430T011355Z-1-001\Data\data\2024-03,SBIN,788.05,2024-03-07 05:30:00,793.4,783.0,2024-03,790.0,15497868
C:\Users\v-dhramaraj\Desktop\Python\Projects\Assignment2_StockAnalysis\Data-20250430T011355Z-1-001\Data\data\2024-03,SBIN,773.7,2024-03-11 05:30:00,792.8,770.55,2024-03,790.0,16778340
C:\Users\v-dhramaraj\Desktop\Python\Projects\Assignment2_StockAnalysis\Data-20250430T011355Z-1-001\Data\data\2024-03,SBIN,759.7,2024-03-12 05:30:00,777.75,757.35,2024-03,770.0,21529705
C:\Users\v-dhramaraj\Desktop\Python\Projects\Assignment2_StockAnalysis\Data-20250430T011355Z-1-001\Data\data\2024-03,SBIN,747.25,2024-03-13 05:30:00,763.7,743.0,2024-03,758.65,27950252
C:\Users\v-dhramaraj\Desktop\Python\Projects\Assignment2_StockAnalysis\Data-20250430T011355Z-1-001\Data\data\2024-03,SBIN,741.05,2024-03-14 05:30:00,750.8,734.05,2024-03,749.9,19730882
C:\Users\v-dhramaraj\Desktop\Python\Projects\Assignment2_StockAnalysis\Data-20250430T011355Z-1-001\Data\data\2024-03,SBIN,731.9,2024-03-15 05:30:00,746.55,723.0,2024-03,739.25,29792241
C:\Users\v-dhramaraj\Desktop\Python\Projects\Assignment2_StockAnalysis\Data-20250430T011355Z-1-001\Data\data\2024-03,SBIN,730.95,2024-03-18 05:30:00,737.9,722.1,2024-03,727.1,18145126
C:\Users\v-dhramaraj\Desktop\Python\Projects\Assignment2_StockAnalysis\Data-20250430T011355Z-1-001\Data\data\2024-03,SBIN,723.8,2024-03-19 05:30:00,734.35,721.15,2024-03,730.0,15205043
C:\Users\v-dhramaraj\Desktop\Python\Projects\Assignment2_StockAnalysis\Data-20250430T011355Z-1-001\Data\data\2024-03,SBIN,736.25,2024-03-20 05:30:00,738.95,719.8,2024-03,725.15,25405455
C:\Users\v-dhramaraj\Desktop\Python\Projects\Assignment2_StockAnalysis\Data-20250430T011355Z-1-001\Data\data\2024-03,SBIN,744.3,2024-03-21 05:30:00,750.6,740.55,2024-03,742.0,15161161
C:\Users\v-dhramaraj\Desktop\Python\Projects\Assignment2_StockAnalysis\Data-20250430T011355Z-1-001\Data\data\2024-03,SBIN,746.7,2024-03-22 05:30:00,748.8,741.4,2024-03,743.85,15535921
C:\Users\v-dhramaraj\Desktop\Python\Projects\Assignment2_StockAnalysis\Data-20250430T011355Z-1-001\Data\data\2024-03,SBIN,740.05,2024-03-26 05:30:00,747.85,738.5,2024-03,743.05,14678342
C:\Users\v-dhramaraj\Desktop\Python\Projects\Assignment2_StockAnalysis\Data-20250430T011355Z-1-001\Data\data\2024-03,SBIN,733.3,2024-03-27 05:30:00,745.85,730.2,2024-03,743.0,30088789
C:\Users\v-dhramaraj\Desktop\Python\Projects\Assignment2_StockAnalysis\Data-20250430T011355Z-1-001\Data\data\2024-03,SBIN,752.35,2024-03-28 05:30:00,759.55,736.9,2024-03,737.75,21705116
C:\Users\v-dhramaraj\Desktop\Python\Projects\Assignment2_StockAnalysis\Data-20250430T011355Z-1-001\Data\data\2024-04,SBIN,758.3,2024-04-01 05:30:00,761.5,752.1,2024-04,759.05,9949971
C:\Users\v-dhramaraj\Desktop\Python\Projects\Assignment2_StockAnalysis\Data-20250430T011355Z-1-001\Data\data\2024-04,SBIN,766.4,2024-04-02 05:30:00,768.75,753.35,2024-04,758.2,15713063
C:\Users\v-dhramaraj\Desktop\Python\Projects\Assignment2_StockAnalysis\Data-20250430T011355Z-1-001\Data\data\2024-04,SBIN,771.05,2024-04-03 05:30:00,772.6,760.15,2024-04,764.9,19136981
C:\Users\v-dhramaraj\Desktop\Python\Projects\Assignment2_StockAnalysis\Data-20250430T011355Z-1-001\Data\data\2024-04,SBIN,759.3,2024-04-04 05:30:00,775.3,758.1,2024-04,775.0,15889530
C:\Users\v-dhramaraj\Desktop\Python\Projects\Assignment2_StockAnalysis\Data-20250430T011355Z-1-001\Data\data\2024-04,SBIN,764.75,2024-04-05 05:30:00,767.7,752.6,2024-04,757.95,9939620
C:\Users\v-dhramaraj\Desktop\Python\Projects\Assignment2_StockAnalysis\Data-20250430T011355Z-1-001\Data\data\2024-04,SBIN,768.3,2024-04-08 05:30:00,770.0,761.8,2024-04,766.05,9797174
C:\Users\v-dhramaraj\Desktop\Python\Projects\Assignment2_StockAnalysis\Data-20250430T011355Z-1-001\Data\data\2024-04,SBIN,764.2,2024-04-09 05:30:00,772.45,761.1,2024-04,768.45,7465892
C:\Users\v-dhramaraj\Desktop\Python\Projects\Assignment2_StockAnalysis\Data-20250430T011355Z-1-001\Data\data\2024-04,SBIN,779.05,2024-04-10 05:30:00,780.7,763.65,2024-04,766.5,14530669
C:\Users\v-dhramaraj\Desktop\Python\Projects\Assignment2_StockAnalysis\Data-20250430T011355Z-1-001\Data\data\2024-04,SBIN,766.3,2024-04-12 05:30:00,779.5,764.8,2024-04,777.25,14408722
C:\Users\v-dhramaraj\Desktop\Python\Projects\Assignment2_StockAnalysis\Data-20250430T011355Z-1-001\Data\data\2024-04,SBIN,757.5,2024-04-15 05:30:00,763.3,748.75,2024-04,759.8,11356572
C:\Users\v-dhramaraj\Desktop\Python\Projects\Assignment2_StockAnalysis\Data-20250430T011355Z-1-001\Data\data\2024-04,SBIN,751.7,2024-04-16 05:30:00,754.9,744.4,2024-04,751.25,13338991
C:\Users\v-dhramaraj\Desktop\Python\Projects\Assignment2_StockAnalysis\Data-20250430T011355Z-1-001\Data\data\2024-04,SBIN,744.8,2024-04-18 05:30:00,759.95,742.0,2024-04,752.05,14589648
C:\Users\v-dhramaraj\Desktop\Python\Projects\Assignment2_StockAnalysis\Data-20250430T011355Z-1-001\Data\data\2024-04,SBIN,750.45,2024-04-19 05:30:00,752.0,732.05,2024-04,734.5,10886554
C:\Users\v-dhramaraj\Desktop\Python\Projects\Assignment2_StockAnalysis\Data-20250430T011355Z-1-001\Data\data\2024-04,SBIN,766.1,2024-04-22 05:30:00,769.0,750.45,2024-04,754.15,17452186
C:\Users\v-dhramaraj\Desktop\Python\Projects\Assignment2_StockAnalysis\Data-20250430T011355Z-1-001\Data\data\2024-04,SBIN,773.0,2024-04-23 05:30:00,777.7,765.55,2024-04,770.35,12292429
C:\Users\v-dhramaraj\Desktop\Python\Projects\Assignment2_StockAnalysis\Data-20250430T011355Z-1-001\Data\data\2024-04,SBIN,773.1,2024-04-24 05:30:00,778.5,770.2,2024-04,778.5,7842615
C:\Users\v-dhramaraj\Desktop\Python\Projects\Assignment2_StockAnalysis\Data-20250430T011355Z-1-001\Data\data\2024-04,SBIN,812.7,2024-04-25 05:30:00,814.4,769.65,2024-04,770.65,36732974
C:\Users\v-dhramaraj\Desktop\Python\Projects\Assignment2_StockAnalysis\Data-20250430T011355Z-1-001\Data\data\2024-04,SBIN,801.3,2024-04-26 05:30:00,816.9,798.9,2024-04,815.9,14964358
C:\Users\v-dhramaraj\Desktop\Python\Projects\Assignment2_StockAnalysis\Data-20250430T011355Z-1-001\Data\data\2024-04,SBIN,826.5,2024-04-29 05:30:00,831.25,798.7,2024-04,807.0,27302732
C:\Users\v-dhramaraj\Desktop\Python\Projects\Assignment2_StockAnalysis\Data-20250430T011355Z-1-001\Data\data\2024-04,SBIN,826.25,2024-04-30 05:30:00,834.85,819.9,2024-04,826.5,27449073
C:\Users\v-dhramaraj\Desktop\Python\Projects\Assignment2_StockAnalysis\Data-20250430T011355Z-1-001\Data\data\2024-05,SBIN,830.05,2024-05-02 05:30:00,833.9,825.0,2024-05,826.9,19943724
C:\Users\v-dhramaraj\Desktop\Python\Projects\Assignment2_StockAnalysis\Data-20250430T011355Z-1-001\Data\data\2024-05,SBIN,831.45,2024-05-03 05:30:00,836.2,820.0,2024-05,834.8,22667634
C:\Users\v-dhramaraj\Desktop\Python\Projects\Assignment2_StockAnalysis\Data-20250430T011355Z-1-001\Data\data\2024-05,SBIN,807.8,2024-05-06 05:30:00,836.0,803.0,2024-05,835.0,35283557
C:\Users\v-dhramaraj\Desktop\Python\Projects\Assignment2_StockAnalysis\Data-20250430T011355Z-1-001\Data\data\2024-05,SBIN,801.9,2024-05-07 05:30:00,814.65,793.2,2024-05,812.0,16725013
C:\Users\v-dhramaraj\Desktop\Python\Projects\Assignment2_StockAnalysis\Data-20250430T011355Z-1-001\Data\data\2024-05,SBIN,810.8,2024-05-08 05:30:00,822.0,799.5,2024-05,802.6,27908322
C:\Users\v-dhramaraj\Desktop\Python\Projects\Assignment2_StockAnalysis\Data-20250430T011355Z-1-001\Data\data\2024-05,SBIN,819.8,2024-05-09 05:30:00,839.65,803.55,2024-05,811.9,49290254
C:\Users\v-dhramaraj\Desktop\Python\Projects\Assignment2_StockAnalysis\Data-20250430T011355Z-1-001\Data\data\2024-05,SBIN,817.35,2024-05-10 05:30:00,832.05,815.6,2024-05,827.0,20543142
C:\Users\v-dhramaraj\Desktop\Python\Projects\Assignment2_StockAnalysis\Data-20250430T011355Z-1-001\Data\data\2024-05,SBIN,808.8,2024-05-13 05:30:00,819.85,798.6,2024-05,819.85,15398505
C:\Users\v-dhramaraj\Desktop\Python\Projects\Assignment2_StockAnalysis\Data-20250430T011355Z-1-001\Data\data\2024-05,SBIN,818.2,2024-05-14 05:30:00,822.4,807.9,2024-05,813.0,10912462
C:\Users\v-dhramaraj\Desktop\Python\Projects\Assignment2_StockAnalysis\Data-20250430T011355Z-1-001\Data\data\2024-05,SBIN,820.3,2024-05-15 05:30:00,825.3,818.05,2024-05,821.0,9755062
C:\Users\v-dhramaraj\Desktop\Python\Projects\Assignment2_StockAnalysis\Data-20250430T011355Z-1-001\Data\data\2024-05,SBIN,811.95,2024-05-16 05:30:00,826.15,797.35,2024-05,825.3,20536990
C:\Users\v-dhramaraj\Desktop\Python\Projects\Assignment2_StockAnalysis\Data-20250430T011355Z-1-001\Data\data\2024-05,SBIN,817.85,2024-05-17 05:30:00,822.45,811.2,2024-05,814.5,12492509
C:\Users\v-dhramaraj\Desktop\Python\Projects\Assignment2_StockAnalysis\Data-20250430T011355Z-1-001\Data\data\2024-05,SBIN,821.0,2024-05-18 05:30:00,823.0,819.2,2024-05,822.0,960453
C:\Users\v-dhramaraj\Desktop\Python\Projects\Assignment2_StockAnalysis\Data-20250430T011355Z-1-001\Data\data\2024-05,SBIN,830.65,2024-05-21 05:30:00,836.3,819.6,2024-05,821.0,14037801
C:\Users\v-dhramaraj\Desktop\Python\Projects\Assignment2_StockAnalysis\Data-20250430T011355Z-1-001\Data\data\2024-05,SBIN,818.75,2024-05-22 05:30:00,826.65,813.55,2024-05,826.55,19239277
C:\Users\v-dhramaraj\Desktop\Python\Projects\Assignment2_StockAnalysis\Data-20250430T011355Z-1-001\Data\data\2024-05,SBIN,832.1,2024-05-23 05:30:00,835.5,822.0,2024-05,824.7,17497488
C:\Users\v-dhramaraj\Desktop\Python\Projects\Assignment2_StockAnalysis\Data-20250430T011355Z-1-001\Data\data\2024-05,SBIN,828.6,2024-05-24 05:30:00,841.25,827.0,2024-05,830.0,12252075
C:\Users\v-dhramaraj\Desktop\Python\Projects\Assignment2_StockAnalysis\Data-20250430T011355Z-1-001\Data\data\2024-05,SBIN,833.7,2024-05-27 05:30:00,839.4,823.0,2024-05,832.6,12295193
C:\Users\v-dhramaraj\Desktop\Python\Projects\Assignment2_StockAnalysis\Data-20250430T011355Z-1-001\Data\data\2024-05,SBIN,831.15,2024-05-28 05:30:00,840.7,823.3,2024-05,835.7,13818893
C:\Users\v-dhramaraj\Desktop\Python\Projects\Assignment2_StockAnalysis\Data-20250430T011355Z-1-001\Data\data\2024-05,SBIN,822.65,2024-05-29 05:30:00,834.45,819.3,2024-05,828.4,14518232
C:\Users\v-dhramaraj\Desktop\Python\Projects\Assignment2_StockAnalysis\Data-20250430T011355Z-1-001\Data\data\2024-05,SBIN,825.85,2024-05-30 05:30:00,836.0,819.3,2024-05,821.4,17818705
C:\Users\v-dhramaraj\Desktop\Python\Projects\Assignment2_StockAnalysis\Data-20250430T011355Z-1-001\Data\data\2024-05,SBIN,830.35,2024-05-31 05:30:00,835.0,817.1,2024-05,830.7,22267336
C:\Users\v-dhramaraj\Desktop\Python\Projects\Assignment2_StockAnalysis\Data-20250430T011355Z-1-001\Data\data\2024-06,SBIN,905.65,2024-06-03 05:30:00,912.0,856.75,2024-06,863.55,64269020
C:\Users\v-dhramaraj\Desktop\Python\Projects\Assignment2_StockAnalysis\Data-20250430T011355Z-1-001\Data\data\2024-06,SBIN,775.2,2024-06-04 05:30:00,897.0,731.95,2024-06,897.0,122381193
C:\Users\v-dhramaraj\Desktop\Python\Projects\Assignment2_StockAnalysis\Data-20250430T011355Z-1-001\Data\data\2024-06,SBIN,789.75,2024-06-05 05:30:00,795.0,744.05,2024-06,790.75,74256082
C:\Users\v-dhramaraj\Desktop\Python\Projects\Assignment2_StockAnalysis\Data-20250430T011355Z-1-001\Data\data\2024-06,SBIN,816.95,2024-06-06 05:30:00,833.35,796.0,2024-06,800.0,40555649
C:\Users\v-dhramaraj\Desktop\Python\Projects\Assignment2_StockAnalysis\Data-20250430T011355Z-1-001\Data\data\2024-06,SBIN,829.95,2024-06-07 05:30:00,831.5,810.5,2024-06,819.9,25061284
C:\Users\v-dhramaraj\Desktop\Python\Projects\Assignment2_StockAnalysis\Data-20250430T011355Z-1-001\Data\data\2024-06,SBIN,831.8,2024-06-10 05:30:00,845.45,829.2,2024-06,834.15,16725508
C:\Users\v-dhramaraj\Desktop\Python\Projects\Assignment2_StockAnalysis\Data-20250430T011355Z-1-001\Data\data\2024-06,SBIN,835.55,2024-06-11 05:30:00,839.6,829.05,2024-06,836.0,14754408
C:\Users\v-dhramaraj\Desktop\Python\Projects\Assignment2_StockAnalysis\Data-20250430T011355Z-1-001\Data\data\2024-06,SBIN,839.1,2024-06-12 05:30:00,845.55,833.0,2024-06,837.0,15071442
C:\Users\v-dhramaraj\Desktop\Python\Projects\Assignment2_StockAnalysis\Data-20250430T011355Z-1-001\Data\data\2024-06,SBIN,843.9,2024-06-13 05:30:00,845.9,836.1,2024-06,845.0,12523972
C:\Users\v-dhramaraj\Desktop\Python\Projects\Assignment2_StockAnalysis\Data-20250430T011355Z-1-001\Data\data\2024-06,SBIN,839.2,2024-06-14 05:30:00,849.9,835.1,2024-06,845.0,12903496
C:\Users\v-dhramaraj\Desktop\Python\Projects\Assignment2_StockAnalysis\Data-20250430T011355Z-1-001\Data\data\2024-06,SBIN,844.9,2024-06-18 05:30:00,851.5,840.25,2024-06,841.55,14929083
C:\Users\v-dhramaraj\Desktop\Python\Projects\Assignment2_StockAnalysis\Data-20250430T011355Z-1-001\Data\data\2024-06,SBIN,852.6,2024-06-19 05:30:00,860.6,841.0,2024-06,846.8,32925140
C:\Users\v-dhramaraj\Desktop\Python\Projects\Assignment2_StockAnalysis\Data-20250430T011355Z-1-001\Data\data\2024-06,SBIN,843.75,2024-06-20 05:30:00,853.1,842.35,2024-06,853.0,13985352
C:\Users\v-dhramaraj\Desktop\Python\Projects\Assignment2_StockAnalysis\Data-20250430T011355Z-1-001\Data\data\2024-06,SBIN,836.3,2024-06-21 05:30:00,848.05,828.6,2024-06,844.9,18990090
C:\Users\v-dhramaraj\Desktop\Python\Projects\Assignment2_StockAnalysis\Data-20250430T011355Z-1-001\Data\data\2024-06,SBIN,832.7,2024-06-24 05:30:00,836.0,821.05,2024-06,831.5,12715254
C:\Users\v-dhramaraj\Desktop\Python\Projects\Assignment2_StockAnalysis\Data-20250430T011355Z-1-001\Data\data\2024-06,SBIN,842.25,2024-06-25 05:30:00,845.85,834.3,2024-06,837.0,20917530
C:\Users\v-dhramaraj\Desktop\Python\Projects\Assignment2_StockAnalysis\Data-20250430T011355Z-1-001\Data\data\2024-06,SBIN,845.35,2024-06-26 05:30:00,848.8,836.0,2024-06,839.85,16281760
C:\Users\v-dhramaraj\Desktop\Python\Projects\Assignment2_StockAnalysis\Data-20250430T011355Z-1-001\Data\data\2024-06,SBIN,844.0,2024-06-27 05:30:00,847.4,838.25,2024-06,843.9,20378887
C:\Users\v-dhramaraj\Desktop\Python\Projects\Assignment2_StockAnalysis\Data-20250430T011355Z-1-001\Data\data\2024-06,SBIN,848.95,2024-06-28 05:30:00,864.0,844.0,2024-06,846.9,23636388
C:\Users\v-dhramaraj\Desktop\Python\Projects\Assignment2_StockAnalysis\Data-20250430T011355Z-1-001\Data\data\2024-07,SBIN,841.95,2024-07-01 05:30:00,850.5,839.95,2024-07,849.35,10967797
C:\Users\v-dhramaraj\Desktop\Python\Projects\Assignment2_StockAnalysis\Data-20250430T011355Z-1-001\Data\data\2024-07,SBIN,826.15,2024-07-02 05:30:00,846.3,823.15,2024-07,844.0,21142840
C:\Users\v-dhramaraj\Desktop\Python\Projects\Assignment2_StockAnalysis\Data-20250430T011355Z-1-001\Data\data\2024-07,SBIN,839.95,2024-07-03 05:30:00,843.85,825.0,2024-07,829.0,23598009
C:\Users\v-dhramaraj\Desktop\Python\Projects\Assignment2_StockAnalysis\Data-20250430T011355Z-1-001\Data\data\2024-07,SBIN,839.3,2024-07-04 05:30:00,844.9,834.3,2024-07,843.0,13372587
C:\Users\v-dhramaraj\Desktop\Python\Projects\Assignment2_StockAnalysis\Data-20250430T011355Z-1-001\Data\data\2024-07,SBIN,859.75,2024-07-05 05:30:00,861.25,837.0,2024-07,838.0,24873722
C:\Users\v-dhramaraj\Desktop\Python\Projects\Assignment2_StockAnalysis\Data-20250430T011355Z-1-001\Data\data\2024-07,SBIN,856.25,2024-07-08 05:30:00,865.0,853.5,2024-07,859.75,10359800
C:\Users\v-dhramaraj\Desktop\Python\Projects\Assignment2_StockAnalysis\Data-20250430T011355Z-1-001\Data\data\2024-07,SBIN,861.3,2024-07-09 05:30:00,869.95,856.0,2024-07,859.9,13585081
C:\Users\v-dhramaraj\Desktop\Python\Projects\Assignment2_StockAnalysis\Data-20250430T011355Z-1-001\Data\data\2024-07,SBIN,849.0,2024-07-10 05:30:00,860.25,843.5,2024-07,860.1,17343236
C:\Users\v-dhramaraj\Desktop\Python\Projects\Assignment2_StockAnalysis\Data-20250430T011355Z-1-001\Data\data\2024-07,SBIN,856.7,2024-07-11 05:30:00,858.3,849.75,2024-07,854.4,8501366
C:\Users\v-dhramaraj\Desktop\Python\Projects\Assignment2_StockAnalysis\Data-20250430T011355Z-1-001\Data\data\2024-07,SBIN,859.7,2024-07-12 05:30:00,863.0,855.3,2024-07,856.7,11446064
C:\Users\v-dhramaraj\Desktop\Python\Projects\Assignment2_StockAnalysis\Data-20250430T011355Z-1-001\Data\data\2024-07,SBIN,881.35,2024-07-15 05:30:00,887.35,859.7,2024-07,859.7,25392820
C:\Users\v-dhramaraj\Desktop\Python\Projects\Assignment2_StockAnalysis\Data-20250430T011355Z-1-001\Data\data\2024-07,SBIN,880.7,2024-07-16 05:30:00,888.1,874.3,2024-07,882.3,11893692
C:\Users\v-dhramaraj\Desktop\Python\Projects\Assignment2_StockAnalysis\Data-20250430T011355Z-1-001\Data\data\2024-07,SBIN,893.55,2024-07-18 05:30:00,894.9,877.5,2024-07,880.65,19435183
C:\Users\v-dhramaraj\Desktop\Python\Projects\Assignment2_StockAnalysis\Data-20250430T011355Z-1-001\Data\data\2024-07,SBIN,889.35,2024-07-19 05:30:00,899.0,883.3,2024-07,895.0,14562742
C:\Users\v-dhramaraj\Desktop\Python\Projects\Assignment2_StockAnalysis\Data-20250430T011355Z-1-001\Data\data\2024-07,SBIN,876.8,2024-07-22 05:30:00,895.0,868.0,2024-07,881.45,14614111
C:\Users\v-dhramaraj\Desktop\Python\Projects\Assignment2_StockAnalysis\Data-20250430T011355Z-1-001\Data\data\2024-07,SBIN,863.9,2024-07-23 05:30:00,884.5,849.1,2024-07,883.0,18279212
C:\Users\v-dhramaraj\Desktop\Python\Projects\Assignment2_StockAnalysis\Data-20250430T011355Z-1-001\Data\data\2024-07,SBIN,852.0,2024-07-24 05:30:00,868.0,847.2,2024-07,864.2,19624845
C:\Users\v-dhramaraj\Desktop\Python\Projects\Assignment2_StockAnalysis\Data-20250430T011355Z-1-001\Data\data\2024-07,SBIN,848.5,2024-07-25 05:30:00,850.75,841.2,2024-07,847.5,9522375
C:\Users\v-dhramaraj\Desktop\Python\Projects\Assignment2_StockAnalysis\Data-20250430T011355Z-1-001\Data\data\2024-07,SBIN,862.45,2024-07-26 05:30:00,864.25,844.0,2024-07,844.65,12081506
C:\Users\v-dhramaraj\Desktop\Python\Projects\Assignment2_StockAnalysis\Data-20250430T011355Z-1-001\Data\data\2024-07,SBIN,871.6,2024-07-29 05:30:00,889.1,863.2,2024-07,866.05,26582781
C:\Users\v-dhramaraj\Desktop\Python\Projects\Assignment2_StockAnalysis\Data-20250430T011355Z-1-001\Data\data\2024-07,SBIN,872.8,2024-07-30 05:30:00,880.55,869.0,2024-07,874.7,13528447
C:\Users\v-dhramaraj\Desktop\Python\Projects\Assignment2_StockAnalysis\Data-20250430T011355Z-1-001\Data\data\2024-07,SBIN,872.4,2024-07-31 05:30:00,874.95,868.0,2024-07,873.85,11636874
C:\Users\v-dhramaraj\Desktop\Python\Projects\Assignment2_StockAnalysis\Data-20250430T011355Z-1-001\Data\data\2024-08,SBIN,862.65,2024-08-01 05:30:00,881.4,859.45,2024-08,877.8,11787203
C:\Users\v-dhramaraj\Desktop\Python\Projects\Assignment2_StockAnalysis\Data-20250430T011355Z-1-001\Data\data\2024-08,SBIN,847.85,2024-08-02 05:30:00,858.3,846.15,2024-08,856.7,12609331
C:\Users\v-dhramaraj\Desktop\Python\Projects\Assignment2_StockAnalysis\Data-20250430T011355Z-1-001\Data\data\2024-08,SBIN,811.65,2024-08-05 05:30:00,831.35,800.0,2024-08,830.0,27676951
C:\Users\v-dhramaraj\Desktop\Python\Projects\Assignment2_StockAnalysis\Data-20250430T011355Z-1-001\Data\data\2024-08,SBIN,797.7,2024-08-06 05:30:00,826.55,795.65,2024-08,822.65,17900930
C:\Users\v-dhramaraj\Desktop\Python\Projects\Assignment2_StockAnalysis\Data-20250430T011355Z-1-001\Data\data\2024-08,SBIN,808.65,2024-08-07 05:30:00,810.7,800.55,2024-08,809.0,17692355
C:\Users\v-dhramaraj\Desktop\Python\Projects\Assignment2_StockAnalysis\Data-20250430T011355Z-1-001\Data\data\2024-08,SBIN,808.05,2024-08-08 05:30:00,817.8,802.8,2024-08,812.0,14769069
C:\Users\v-dhramaraj\Desktop\Python\Projects\Assignment2_StockAnalysis\Data-20250430T011355Z-1-001\Data\data\2024-08,SBIN,824.3,2024-08-09 05:30:00,829.95,809.55,2024-08,816.0,15320885
C:\Users\v-dhramaraj\Desktop\Python\Projects\Assignment2_StockAnalysis\Data-20250430T011355Z-1-001\Data\data\2024-08,SBIN,812.6,2024-08-12 05:30:00,823.0,811.2,2024-08,820.6,16120449
C:\Users\v-dhramaraj\Desktop\Python\Projects\Assignment2_StockAnalysis\Data-20250430T011355Z-1-001\Data\data\2024-08,SBIN,797.55,2024-08-13 05:30:00,820.0,795.05,2024-08,813.5,17585172
C:\Users\v-dhramaraj\Desktop\Python\Projects\Assignment2_StockAnalysis\Data-20250430T011355Z-1-001\Data\data\2024-08,SBIN,803.0,2024-08-14 05:30:00,809.15,800.4,2024-08,800.95,11788665
C:\Users\v-dhramaraj\Desktop\Python\Projects\Assignment2_StockAnalysis\Data-20250430T011355Z-1-001\Data\data\2024-08,SBIN,812.1,2024-08-16 05:30:00,814.9,803.0,2024-08,803.0,11427335
C:\Users\v-dhramaraj\Desktop\Python\Projects\Assignment2_StockAnalysis\Data-20250430T011355Z-1-001\Data\data\2024-08,SBIN,813.7,2024-08-19 05:30:00,825.4,812.6,2024-08,815.0,10151482
C:\Users\v-dhramaraj\Desktop\Python\Projects\Assignment2_StockAnalysis\Data-20250430T011355Z-1-001\Data\data\2024-08,SBIN,820.3,2024-08-20 05:30:00,823.0,813.35,2024-08,817.95,10347493
C:\Users\v-dhramaraj\Desktop\Python\Projects\Assignment2_StockAnalysis\Data-20250430T011355Z-1-001\Data\data\2024-08,SBIN,815.55,2024-08-21 05:30:00,821.0,811.2,2024-08,820.3,14607257
C:\Users\v-dhramaraj\Desktop\Python\Projects\Assignment2_StockAnalysis\Data-20250430T011355Z-1-001\Data\data\2024-08,SBIN,820.3,2024-08-22 05:30:00,823.9,817.1,2024-08,819.0,7832917
C:\Users\v-dhramaraj\Desktop\Python\Projects\Assignment2_StockAnalysis\Data-20250430T011355Z-1-001\Data\data\2024-08,SBIN,815.35,2024-08-23 05:30:00,822.0,814.5,2024-08,821.5,5537747
C:\Users\v-dhramaraj\Desktop\Python\Projects\Assignment2_StockAnalysis\Data-20250430T011355Z-1-001\Data\data\2024-08,SBIN,815.05,2024-08-26 05:30:00,823.45,813.8,2024-08,818.0,8523795
C:\Users\v-dhramaraj\Desktop\Python\Projects\Assignment2_StockAnalysis\Data-20250430T011355Z-1-001\Data\data\2024-08,SBIN,815.9,2024-08-27 05:30:00,819.45,811.05,2024-08,817.8,12833290
C:\Users\v-dhramaraj\Desktop\Python\Projects\Assignment2_StockAnalysis\Data-20250430T011355Z-1-001\Data\data\2024-08,SBIN,809.4,2024-08-28 05:30:00,817.2,806.5,2024-08,814.75,10371300
C:\Users\v-dhramaraj\Desktop\Python\Projects\Assignment2_StockAnalysis\Data-20250430T011355Z-1-001\Data\data\2024-08,SBIN,814.5,2024-08-29 05:30:00,816.0,806.95,2024-08,809.55,18247268
C:\Users\v-dhramaraj\Desktop\Python\Projects\Assignment2_StockAnalysis\Data-20250430T011355Z-1-001\Data\data\2024-08,SBIN,815.6,2024-08-30 05:30:00,820.7,814.35,2024-08,817.15,8911426
C:\Users\v-dhramaraj\Desktop\Python\Projects\Assignment2_StockAnalysis\Data-20250430T011355Z-1-001\Data\data\2024-09,SBIN,822.15,2024-09-02 05:30:00,825.4,813.05,2024-09,817.3,11813750
C:\Users\v-dhramaraj\Desktop\Python\Projects\Assignment2_StockAnalysis\Data-20250430T011355Z-1-001\Data\data\2024-09,SBIN,824.8,2024-09-03 05:30:00,825.95,816.4,2024-09,822.15,10548350
C:\Users\v-dhramaraj\Desktop\Python\Projects\Assignment2_StockAnalysis\Data-20250430T011355Z-1-001\Data\data\2024-09,SBIN,816.5,2024-09-04 05:30:00,818.65,813.65,2024-09,815.45,10789570
C:\Users\v-dhramaraj\Desktop\Python\Projects\Assignment2_StockAnalysis\Data-20250430T011355Z-1-001\Data\data\2024-09,SBIN,818.75,2024-09-05 05:30:00,822.15,814.4,2024-09,818.35,8395074
C:\Users\v-dhramaraj\Desktop\Python\Projects\Assignment2_StockAnalysis\Data-20250430T011355Z-1-001\Data\data\2024-09,SBIN,782.5,2024-09-06 05:30:00,812.9,777.0,2024-09,811.5,40220096
C:\Users\v-dhramaraj\Desktop\Python\Projects\Assignment2_StockAnalysis\Data-20250430T011355Z-1-001\Data\data\2024-09,SBIN,784.25,2024-09-09 05:30:00,788.2,771.0,2024-09,785.0,21322103
C:\Users\v-dhramaraj\Desktop\Python\Projects\Assignment2_StockAnalysis\Data-20250430T011355Z-1-001\Data\data\2024-09,SBIN,782.65,2024-09-10 05:30:00,788.8,777.5,2024-09,788.0,12824701
C:\Users\v-dhramaraj\Desktop\Python\Projects\Assignment2_StockAnalysis\Data-20250430T011355Z-1-001\Data\data\2024-09,SBIN,768.6,2024-09-11 05:30:00,788.0,765.4,2024-09,780.05,20060665
C:\Users\v-dhramaraj\Desktop\Python\Projects\Assignment2_StockAnalysis\Data-20250430T011355Z-1-001\Data\data\2024-09,SBIN,787.75,2024-09-12 05:30:00,789.9,772.75,2024-09,775.0,17578964
C:\Users\v-dhramaraj\Desktop\Python\Projects\Assignment2_StockAnalysis\Data-20250430T011355Z-1-001\Data\data\2024-09,SBIN,790.85,2024-09-13 05:30:00,795.0,785.1,2024-09,791.0,12950936
C:\Users\v-dhramaraj\Desktop\Python\Projects\Assignment2_StockAnalysis\Data-20250430T011355Z-1-001\Data\data\2024-09,SBIN,785.55,2024-09-16 05:30:00,795.0,784.4,2024-09,790.85,9553736
C:\Users\v-dhramaraj\Desktop\Python\Projects\Assignment2_StockAnalysis\Data-20250430T011355Z-1-001\Data\data\2024-09,SBIN,782.9,2024-09-17 05:30:00,787.5,780.55,2024-09,785.6,10665630
C:\Users\v-dhramaraj\Desktop\Python\Projects\Assignment2_StockAnalysis\Data-20250430T011355Z-1-001\Data\data\2024-09,SBIN,792.75,2024-09-18 05:30:00,794.75,782.0,2024-09,783.8,18324412
C:\Users\v-dhramaraj\Desktop\Python\Projects\Assignment2_StockAnalysis\Data-20250430T011355Z-1-001\Data\data\2024-09,SBIN,789.95,2024-09-19 05:30:00,801.35,784.05,2024-09,795.05,10645478
C:\Users\v-dhramaraj\Desktop\Python\Projects\Assignment2_StockAnalysis\Data-20250430T011355Z-1-001\Data\data\2024-09,SBIN,781.7,2024-09-20 05:30:00,794.85,779.5,2024-09,794.85,21372244
C:\Users\v-dhramaraj\Desktop\Python\Projects\Assignment2_StockAnalysis\Data-20250430T011355Z-1-001\Data\data\2024-09,SBIN,801.85,2024-09-23 05:30:00,805.0,784.5,2024-09,786.0,17309545
C:\Users\v-dhramaraj\Desktop\Python\Projects\Assignment2_StockAnalysis\Data-20250430T011355Z-1-001\Data\data\2024-09,SBIN,798.25,2024-09-24 05:30:00,804.25,796.5,2024-09,799.25,15180653
C:\Users\v-dhramaraj\Desktop\Python\Projects\Assignment2_StockAnalysis\Data-20250430T011355Z-1-001\Data\data\2024-09,SBIN,793.1,2024-09-25 05:30:00,798.0,788.7,2024-09,797.9,18465571
C:\Users\v-dhramaraj\Desktop\Python\Projects\Assignment2_StockAnalysis\Data-20250430T011355Z-1-001\Data\data\2024-09,SBIN,801.85,2024-09-26 05:30:00,803.0,791.6,2024-09,796.0,23198842
C:\Users\v-dhramaraj\Desktop\Python\Projects\Assignment2_StockAnalysis\Data-20250430T011355Z-1-001\Data\data\2024-09,SBIN,802.65,2024-09-27 05:30:00,808.0,798.45,2024-09,801.85,15193681
C:\Users\v-dhramaraj\Desktop\Python\Projects\Assignment2_StockAnalysis\Data-20250430T011355Z-1-001\Data\data\2024-09,SBIN,787.9,2024-09-30 05:30:00,802.6,786.45,2024-09,801.9,15484573
C:\Users\v-dhramaraj\Desktop\Python\Projects\Assignment2_StockAnalysis\Data-20250430T011355Z-1-001\Data\data\2024-10,SBIN,796.95,2024-10-01 05:30:00,800.35,788.0,2024-10,788.0,13280535
C:\Users\v-dhramaraj\Desktop\Python\Projects\Assignment2_StockAnalysis\Data-20250430T011355Z-1-001\Data\data\2024-10,SBIN,794.1,2024-10-03 05:30:00,804.0,784.3,2024-10,789.9,15944135
C:\Users\v-dhramaraj\Desktop\Python\Projects\Assignment2_StockAnalysis\Data-20250430T011355Z-1-001\Data\data\2024-10,SBIN,796.65,2024-10-04 05:30:00,809.85,785.25,2024-10,792.0,20097454
C:\Users\v-dhramaraj\Desktop\Python\Projects\Assignment2_StockAnalysis\Data-20250430T011355Z-1-001\Data\data\2024-10,SBIN,770.65,2024-10-07 05:30:00,804.0,765.4,2024-10,800.0,24267990
C:\Users\v-dhramaraj\Desktop\Python\Projects\Assignment2_StockAnalysis\Data-20250430T011355Z-1-001\Data\data\2024-10,SBIN,781.45,2024-10-08 05:30:00,784.4,772.25,2024-10,772.25,8560960
C:\Users\v-dhramaraj\Desktop\Python\Projects\Assignment2_StockAnalysis\Data-20250430T011355Z-1-001\Data\data\2024-10,SBIN,797.4,2024-10-09 05:30:00,804.35,782.05,2024-10,786.7,18758697
C:\Users\v-dhramaraj\Desktop\Python\Projects\Assignment2_StockAnalysis\Data-20250430T011355Z-1-001\Data\data\2024-10,SBIN,797.1,2024-10-10 05:30:00,804.45,795.0,2024-10,799.0,10241015
C:\Users\v-dhramaraj\Desktop\Python\Projects\Assignment2_StockAnalysis\Data-20250430T011355Z-1-001\Data\data\2024-10,SBIN,799.75,2024-10-11 05:30:00,802.7,793.0,2024-10,797.2,14322720
C:\Users\v-dhramaraj\Desktop\Python\Projects\Assignment2_StockAnalysis\Data-20250430T011355Z-1-001\Data\data\2024-10,SBIN,805.15,2024-10-14 05:30:00,809.25,800.8,2024-10,802.0,8967564
C:\Users\v-dhramaraj\Desktop\Python\Projects\Assignment2_StockAnalysis\Data-20250430T011355Z-1-001\Data\data\2024-10,SBIN,804.65,2024-10-15 05:30:00,807.5,801.6,2024-10,805.5,6252104
C:\Users\v-dhramaraj\Desktop\Python\Projects\Assignment2_StockAnalysis\Data-20250430T011355Z-1-001\Data\data\2024-10,SBIN,805.45,2024-10-16 05:30:00,809.0,802.05,2024-10,802.8,6494240
C:\Users\v-dhramaraj\Desktop\Python\Projects\Assignment2_StockAnalysis\Data-20250430T011355Z-1-001\Data\data\2024-10,SBIN,811.05,2024-10-17 05:30:00,819.5,806.0,2024-10,809.5,18580553
C:\Users\v-dhramaraj\Desktop\Python\Projects\Assignment2_StockAnalysis\Data-20250430T011355Z-1-001\Data\data\2024-10,SBIN,820.4,2024-10-18 05:30:00,822.6,802.9,2024-10,811.1,11704698
C:\Users\v-dhramaraj\Desktop\Python\Projects\Assignment2_StockAnalysis\Data-20250430T011355Z-1-001\Data\data\2024-10,SBIN,813.95,2024-10-21 05:30:00,826.45,809.0,2024-10,824.7,10359618
C:\Users\v-dhramaraj\Desktop\Python\Projects\Assignment2_StockAnalysis\Data-20250430T011355Z-1-001\Data\data\2024-10,SBIN,790.4,2024-10-22 05:30:00,816.85,787.5,2024-10,814.0,16645356
C:\Users\v-dhramaraj\Desktop\Python\Projects\Assignment2_StockAnalysis\Data-20250430T011355Z-1-001\Data\data\2024-10,SBIN,786.0,2024-10-23 05:30:00,792.6,779.8,2024-10,790.0,13866198
C:\Users\v-dhramaraj\Desktop\Python\Projects\Assignment2_StockAnalysis\Data-20250430T011355Z-1-001\Data\data\2024-10,SBIN,794.55,2024-10-24 05:30:00,797.0,784.65,2024-10,786.05,5607500
C:\Users\v-dhramaraj\Desktop\Python\Projects\Assignment2_StockAnalysis\Data-20250430T011355Z-1-001\Data\data\2024-10,SBIN,780.95,2024-10-25 05:30:00,800.75,772.0,2024-10,798.0,9717125
C:\Users\v-dhramaraj\Desktop\Python\Projects\Assignment2_StockAnalysis\Data-20250430T011355Z-1-001\Data\data\2024-10,SBIN,792.05,2024-10-28 05:30:00,803.95,783.55,2024-10,783.8,13757251
C:\Users\v-dhramaraj\Desktop\Python\Projects\Assignment2_StockAnalysis\Data-20250430T011355Z-1-001\Data\data\2024-10,SBIN,832.7,2024-10-29 05:30:00,834.85,790.5,2024-10,796.0,28274791
C:\Users\v-dhramaraj\Desktop\Python\Projects\Assignment2_StockAnalysis\Data-20250430T011355Z-1-001\Data\data\2024-10,SBIN,822.45,2024-10-30 05:30:00,833.0,821.05,2024-10,828.0,15977682
C:\Users\v-dhramaraj\Desktop\Python\Projects\Assignment2_StockAnalysis\Data-20250430T011355Z-1-001\Data\data\2024-10,SBIN,820.2,2024-10-31 05:30:00,828.0,813.55,2024-10,820.0,13402324
C:\Users\v-dhramaraj\Desktop\Python\Projects\Assignment2_StockAnalysis\Data-20250430T011355Z-1-001\Data\data\2024-11,SBIN,821.2,2024-11-01 05:30:00,825.6,818.9,2024-11,822.4,1637141
C:\Users\v-dhramaraj\Desktop\Python\Projects\Assignment2_StockAnalysis\Data-20250430T011355Z-1-001\Data\data\2024-11,SBIN,829.85,2024-11-04 05:30:00,837.5,807.1,2024-11,822.7,14498161
C:\Users\v-dhramaraj\Desktop\Python\Projects\Assignment2_StockAnalysis\Data-20250430T011355Z-1-001\Data\data\2024-11,SBIN,849.2,2024-11-05 05:30:00,851.4,826.25,2024-11,829.85,26254561
C:\Users\v-dhramaraj\Desktop\Python\Projects\Assignment2_StockAnalysis\Data-20250430T011355Z-1-001\Data\data\2024-11,SBIN,854.8,2024-11-06 05:30:00,861.4,846.2,2024-11,849.2,15002433
C:\Users\v-dhramaraj\Desktop\Python\Projects\Assignment2_StockAnalysis\Data-20250430T011355Z-1-001\Data\data\2024-11,SBIN,859.6,2024-11-07 05:30:00,862.4,846.7,2024-11,861.0,15283847
C:\Users\v-dhramaraj\Desktop\Python\Projects\Assignment2_StockAnalysis\Data-20250430T011355Z-1-001\Data\data\2024-11,SBIN,843.15,2024-11-08 05:30:00,863.5,834.2,2024-11,859.6,26139105
C:\Users\v-dhramaraj\Desktop\Python\Projects\Assignment2_StockAnalysis\Data-20250430T011355Z-1-001\Data\data\2024-11,SBIN,847.65,2024-11-11 05:30:00,854.0,842.0,2024-11,846.0,12621337
C:\Users\v-dhramaraj\Desktop\Python\Projects\Assignment2_StockAnalysis\Data-20250430T011355Z-1-001\Data\data\2024-11,SBIN,826.7,2024-11-12 05:30:00,853.4,824.3,2024-11,852.5,11350729
C:\Users\v-dhramaraj\Desktop\Python\Projects\Assignment2_StockAnalysis\Data-20250430T011355Z-1-001\Data\data\2024-11,SBIN,808.65,2024-11-13 05:30:00,831.75,804.65,2024-11,823.35,13756706
C:\Users\v-dhramaraj\Desktop\Python\Projects\Assignment2_StockAnalysis\Data-20250430T011355Z-1-001\Data\data\2024-11,SBIN,804.25,2024-11-14 05:30:00,818.0,801.05,2024-11,808.65,9461484
C:\Users\v-dhramaraj\Desktop\Python\Projects\Assignment2_StockAnalysis\Data-20250430T011355Z-1-001\Data\data\2024-11,SBIN,814.3,2024-11-18 05:30:00,816.7,799.25,2024-11,811.0,9322451
C:\Users\v-dhramaraj\Desktop\Python\Projects\Assignment2_StockAnalysis\Data-20250430T011355Z-1-001\Data\data\2024-11,SBIN,803.0,2024-11-19 05:30:00,820.3,800.1,2024-11,819.0,13677029
C:\Users\v-dhramaraj\Desktop\Python\Projects\Assignment2_StockAnalysis\Data-20250430T011355Z-1-001\Data\data\2024-11,SBIN,780.75,2024-11-21 05:30:00,798.5,761.55,2024-11,798.5,29486577
C:\Users\v-dhramaraj\Desktop\Python\Projects\Assignment2_StockAnalysis\Data-20250430T011355Z-1-001\Data\data\2024-11,SBIN,816.05,2024-11-22 05:30:00,819.95,784.05,2024-11,786.0,20665405
