Source Folder,Ticker,close,date,high,low,month,open,volume
C:\Users\v-dhramaraj\Desktop\Python\Projects\Assignment2_StockAnalysis\Data-20250430T011355Z-1-001\Data\data\2023-10,SHRIRAMFIN,1921.95,2023-10-03 05:30:00,1939.9,1881.0,2023-10,1938.0,2207907
C:\Users\v-dhramaraj\Desktop\Python\Projects\Assignment2_StockAnalysis\Data-20250430T011355Z-1-001\Data\data\2023-10,SHRIRAMFIN,1850.6,2023-10-04 05:30:00,1919.95,1841.5,2023-10,1909.0,1340167
C:\Users\v-dhramaraj\Desktop\Python\Projects\Assignment2_StockAnalysis\Data-20250430T011355Z-1-001\Data\data\2023-10,SHRIRAMFIN,1837.5,2023-10-05 05:30:00,1872.95,1823.0,2023-10,1852.0,1479477
C:\Users\v-dhramaraj\Desktop\Python\Projects\Assignment2_StockAnalysis\Data-20250430T011355Z-1-001\Data\data\2023-10,SHRIRAMFIN,1848.85,2023-10-06 05:30:00,1863.0,1835.0,2023-10,1850.95,1262390
C:\Users\v-dhramaraj\Desktop\Python\Projects\Assignment2_StockAnalysis\Data-20250430T011355Z-1-001\Data\data\2023-10,SHRIRAMFIN,1820.9,2023-10-09 05:30:00,1840.85,1803.65,2023-10,1840.05,1070824
C:\Users\v-dhramaraj\Desktop\Python\Projects\Assignment2_StockAnalysis\Data-20250430T011355Z-1-001\Data\data\2023-10,SHRIRAMFIN,1892.85,2023-10-10 05:30:00,1896.75,1815.2,2023-10,1840.0,1675512
C:\Users\v-dhramaraj\Desktop\Python\Projects\Assignment2_StockAnalysis\Data-20250430T011355Z-1-001\Data\data\2023-10,SHRIRAMFIN,1898.6,2023-10-11 05:30:00,1920.5,1885.55,2023-10,1907.05,912283
C:\Users\v-dhramaraj\Desktop\Python\Projects\Assignment2_StockAnalysis\Data-20250430T011355Z-1-001\Data\data\2023-10,SHRIRAMFIN,1878.1,2023-10-12 05:30:00,1908.55,1875.0,2023-10,1908.55,662797
C:\Users\v-dhramaraj\Desktop\Python\Projects\Assignment2_StockAnalysis\Data-20250430T011355Z-1-001\Data\data\2023-10,SHRIRAMFIN,1880.95,2023-10-13 05:30:00,1886.75,1870.4,2023-10,1874.85,596784
C:\Users\v-dhramaraj\Desktop\Python\Projects\Assignment2_StockAnalysis\Data-20250430T011355Z-1-001\Data\data\2023-10,SHRIRAMFIN,1867.55,2023-10-16 05:30:00,1885.0,1855.6,2023-10,1880.95,492792
C:\Users\v-dhramaraj\Desktop\Python\Projects\Assignment2_StockAnalysis\Data-20250430T011355Z-1-001\Data\data\2023-10,SHRIRAMFIN,1888.45,2023-10-17 05:30:00,1892.9,1872.0,2023-10,1878.45,675654
C:\Users\v-dhramaraj\Desktop\Python\Projects\Assignment2_StockAnalysis\Data-20250430T011355Z-1-001\Data\data\2023-10,SHRIRAMFIN,1866.2,2023-10-18 05:30:00,1890.85,1852.55,2023-10,1888.4,504913
C:\Users\v-dhramaraj\Desktop\Python\Projects\Assignment2_StockAnalysis\Data-20250430T011355Z-1-001\Data\data\2023-10,SHRIRAMFIN,1878.85,2023-10-19 05:30:00,1890.0,1823.45,2023-10,1837.0,619940
C:\Users\v-dhramaraj\Desktop\Python\Projects\Assignment2_StockAnalysis\Data-20250430T011355Z-1-001\Data\data\2023-10,SHRIRAMFIN,1876.7,2023-10-20 05:30:00,1885.75,1866.0,2023-10,1876.5,441245
C:\Users\v-dhramaraj\Desktop\Python\Projects\Assignment2_StockAnalysis\Data-20250430T011355Z-1-001\Data\data\2023-10,SHRIRAMFIN,1880.0,2023-10-23 05:30:00,1916.0,1866.0,2023-10,1874.8,2073056
C:\Users\v-dhramaraj\Desktop\Python\Projects\Assignment2_StockAnalysis\Data-20250430T011355Z-1-001\Data\data\2023-10,SHRIRAMFIN,1816.15,2023-10-25 05:30:00,1886.85,1792.0,2023-10,1871.55,1369841
C:\Users\v-dhramaraj\Desktop\Python\Projects\Assignment2_StockAnalysis\Data-20250430T011355Z-1-001\Data\data\2023-10,SHRIRAMFIN,1797.6,2023-10-26 05:30:00,1818.85,1760.85,2023-10,1816.15,958593
C:\Users\v-dhramaraj\Desktop\Python\Projects\Assignment2_StockAnalysis\Data-20250430T011355Z-1-001\Data\data\2023-10,SHRIRAMFIN,1935.2,2023-10-27 05:30:00,2029.7,1851.0,2023-10,1851.0,5011333
C:\Users\v-dhramaraj\Desktop\Python\Projects\Assignment2_StockAnalysis\Data-20250430T011355Z-1-001\Data\data\2023-10,SHRIRAMFIN,1892.2,2023-10-30 05:30:00,1935.2,1865.25,2023-10,1935.0,2037598
C:\Users\v-dhramaraj\Desktop\Python\Projects\Assignment2_StockAnalysis\Data-20250430T011355Z-1-001\Data\data\2023-10,SHRIRAMFIN,1879.85,2023-10-31 05:30:00,1906.95,1870.7,2023-10,1902.0,1691067
C:\Users\v-dhramaraj\Desktop\Python\Projects\Assignment2_StockAnalysis\Data-20250430T011355Z-1-001\Data\data\2023-11,SHRIRAMFIN,1902.25,2023-11-01 05:30:00,1907.0,1876.15,2023-11,1884.0,758859
C:\Users\v-dhramaraj\Desktop\Python\Projects\Assignment2_StockAnalysis\Data-20250430T011355Z-1-001\Data\data\2023-11,SHRIRAMFIN,1954.85,2023-11-02 05:30:00,1965.0,1902.8,2023-11,1913.5,857752
C:\Users\v-dhramaraj\Desktop\Python\Projects\Assignment2_StockAnalysis\Data-20250430T011355Z-1-001\Data\data\2023-11,SHRIRAMFIN,2013.55,2023-11-03 05:30:00,2027.95,1952.05,2023-11,1962.5,1864454
C:\Users\v-dhramaraj\Desktop\Python\Projects\Assignment2_StockAnalysis\Data-20250430T011355Z-1-001\Data\data\2023-11,SHRIRAMFIN,1991.5,2023-11-06 05:30:00,2012.4,1982.0,2023-11,2008.95,1126831
C:\Users\v-dhramaraj\Desktop\Python\Projects\Assignment2_StockAnalysis\Data-20250430T011355Z-1-001\Data\data\2023-11,SHRIRAMFIN,1987.2,2023-11-07 05:30:00,2005.4,1954.25,2023-11,1999.9,1761418
C:\Users\v-dhramaraj\Desktop\Python\Projects\Assignment2_StockAnalysis\Data-20250430T011355Z-1-001\Data\data\2023-11,SHRIRAMFIN,1979.65,2023-11-08 05:30:00,1992.65,1971.25,2023-11,1987.2,705075
C:\Users\v-dhramaraj\Desktop\Python\Projects\Assignment2_StockAnalysis\Data-20250430T011355Z-1-001\Data\data\2023-11,SHRIRAMFIN,1943.4,2023-11-09 05:30:00,1970.0,1940.0,2023-11,1970.0,995069
C:\Users\v-dhramaraj\Desktop\Python\Projects\Assignment2_StockAnalysis\Data-20250430T011355Z-1-001\Data\data\2023-11,SHRIRAMFIN,1952.2,2023-11-10 05:30:00,1965.95,1926.9,2023-11,1940.0,486020
C:\Users\v-dhramaraj\Desktop\Python\Projects\Assignment2_StockAnalysis\Data-20250430T011355Z-1-001\Data\data\2023-11,SHRIRAMFIN,1963.25,2023-11-12 05:30:00,1969.7,1957.1,2023-11,1958.5,46003
C:\Users\v-dhramaraj\Desktop\Python\Projects\Assignment2_StockAnalysis\Data-20250430T011355Z-1-001\Data\data\2023-11,SHRIRAMFIN,1967.8,2023-11-13 05:30:00,1973.0,1930.2,2023-11,1957.4,555900
C:\Users\v-dhramaraj\Desktop\Python\Projects\Assignment2_StockAnalysis\Data-20250430T011355Z-1-001\Data\data\2023-11,SHRIRAMFIN,2035.75,2023-11-15 05:30:00,2041.2,1975.1,2023-11,1985.25,1269373
C:\Users\v-dhramaraj\Desktop\Python\Projects\Assignment2_StockAnalysis\Data-20250430T011355Z-1-001\Data\data\2023-11,SHRIRAMFIN,2035.75,2023-11-16 05:30:00,2051.0,2015.5,2023-11,2036.8,636899
C:\Users\v-dhramaraj\Desktop\Python\Projects\Assignment2_StockAnalysis\Data-20250430T011355Z-1-001\Data\data\2023-11,SHRIRAMFIN,1994.8,2023-11-17 05:30:00,2018.95,1981.1,2023-11,2018.95,1093774
C:\Users\v-dhramaraj\Desktop\Python\Projects\Assignment2_StockAnalysis\Data-20250430T011355Z-1-001\Data\data\2023-11,SHRIRAMFIN,1988.95,2023-11-20 05:30:00,2009.8,1977.8,2023-11,1995.0,572596
C:\Users\v-dhramaraj\Desktop\Python\Projects\Assignment2_StockAnalysis\Data-20250430T011355Z-1-001\Data\data\2023-11,SHRIRAMFIN,1999.85,2023-11-21 05:30:00,2019.8,1980.2,2023-11,2000.0,1017891
C:\Users\v-dhramaraj\Desktop\Python\Projects\Assignment2_StockAnalysis\Data-20250430T011355Z-1-001\Data\data\2023-11,SHRIRAMFIN,1977.1,2023-11-22 05:30:00,2010.0,1953.25,2023-11,2004.95,527815
C:\Users\v-dhramaraj\Desktop\Python\Projects\Assignment2_StockAnalysis\Data-20250430T011355Z-1-001\Data\data\2023-11,SHRIRAMFIN,1974.85,2023-11-23 05:30:00,1998.9,1970.0,2023-11,1978.0,305865
C:\Users\v-dhramaraj\Desktop\Python\Projects\Assignment2_StockAnalysis\Data-20250430T011355Z-1-001\Data\data\2023-11,SHRIRAMFIN,1947.5,2023-11-24 05:30:00,1980.0,1941.1,2023-11,1974.85,475859
C:\Users\v-dhramaraj\Desktop\Python\Projects\Assignment2_StockAnalysis\Data-20250430T011355Z-1-001\Data\data\2023-11,SHRIRAMFIN,1965.7,2023-11-28 05:30:00,1970.0,1934.55,2023-11,1951.8,720833
C:\Users\v-dhramaraj\Desktop\Python\Projects\Assignment2_StockAnalysis\Data-20250430T011355Z-1-001\Data\data\2023-11,SHRIRAMFIN,1974.35,2023-11-29 05:30:00,1981.4,1960.0,2023-11,1965.7,659944
C:\Users\v-dhramaraj\Desktop\Python\Projects\Assignment2_StockAnalysis\Data-20250430T011355Z-1-001\Data\data\2023-11,SHRIRAMFIN,2007.2,2023-11-30 05:30:00,2020.0,1971.3,2023-11,1973.05,2200458
C:\Users\v-dhramaraj\Desktop\Python\Projects\Assignment2_StockAnalysis\Data-20250430T011355Z-1-001\Data\data\2023-12,SHRIRAMFIN,2003.25,2023-12-01 05:30:00,2029.9,1997.0,2023-12,2014.0,606990
C:\Users\v-dhramaraj\Desktop\Python\Projects\Assignment2_StockAnalysis\Data-20250430T011355Z-1-001\Data\data\2023-12,SHRIRAMFIN,2094.45,2023-12-04 05:30:00,2108.0,2007.25,2023-12,2025.0,1872166
C:\Users\v-dhramaraj\Desktop\Python\Projects\Assignment2_StockAnalysis\Data-20250430T011355Z-1-001\Data\data\2023-12,SHRIRAMFIN,2069.95,2023-12-05 05:30:00,2098.85,2043.05,2023-12,2094.45,1659380
C:\Users\v-dhramaraj\Desktop\Python\Projects\Assignment2_StockAnalysis\Data-20250430T011355Z-1-001\Data\data\2023-12,SHRIRAMFIN,2055.7,2023-12-06 05:30:00,2084.1,2045.0,2023-12,2077.0,719690
C:\Users\v-dhramaraj\Desktop\Python\Projects\Assignment2_StockAnalysis\Data-20250430T011355Z-1-001\Data\data\2023-12,SHRIRAMFIN,2034.8,2023-12-07 05:30:00,2070.0,2030.0,2023-12,2060.95,780832
C:\Users\v-dhramaraj\Desktop\Python\Projects\Assignment2_StockAnalysis\Data-20250430T011355Z-1-001\Data\data\2023-12,SHRIRAMFIN,2031.6,2023-12-08 05:30:00,2057.5,2014.7,2023-12,2050.0,843673
C:\Users\v-dhramaraj\Desktop\Python\Projects\Assignment2_StockAnalysis\Data-20250430T011355Z-1-001\Data\data\2023-12,SHRIRAMFIN,2047.1,2023-12-11 05:30:00,2067.9,2015.45,2023-12,2031.6,989693
C:\Users\v-dhramaraj\Desktop\Python\Projects\Assignment2_StockAnalysis\Data-20250430T011355Z-1-001\Data\data\2023-12,SHRIRAMFIN,1995.25,2023-12-12 05:30:00,2065.0,1988.05,2023-12,2065.0,1431809
C:\Users\v-dhramaraj\Desktop\Python\Projects\Assignment2_StockAnalysis\Data-20250430T011355Z-1-001\Data\data\2023-12,SHRIRAMFIN,1995.3,2023-12-13 05:30:00,2011.7,1976.05,2023-12,2009.95,1594654
C:\Users\v-dhramaraj\Desktop\Python\Projects\Assignment2_StockAnalysis\Data-20250430T011355Z-1-001\Data\data\2023-12,SHRIRAMFIN,2118.3,2023-12-14 05:30:00,2130.0,2005.1,2023-12,2006.0,2384904
C:\Users\v-dhramaraj\Desktop\Python\Projects\Assignment2_StockAnalysis\Data-20250430T011355Z-1-001\Data\data\2023-12,SHRIRAMFIN,2077.7,2023-12-15 05:30:00,2121.6,2070.1,2023-12,2117.0,2245653
C:\Users\v-dhramaraj\Desktop\Python\Projects\Assignment2_StockAnalysis\Data-20250430T011355Z-1-001\Data\data\2023-12,SHRIRAMFIN,2048.0,2023-12-18 05:30:00,2078.55,2042.9,2023-12,2076.8,840682
C:\Users\v-dhramaraj\Desktop\Python\Projects\Assignment2_StockAnalysis\Data-20250430T011355Z-1-001\Data\data\2023-12,SHRIRAMFIN,2059.55,2023-12-19 05:30:00,2082.65,2040.0,2023-12,2058.8,2214192
C:\Users\v-dhramaraj\Desktop\Python\Projects\Assignment2_StockAnalysis\Data-20250430T011355Z-1-001\Data\data\2023-12,SHRIRAMFIN,1998.75,2023-12-20 05:30:00,2111.95,1990.0,2023-12,2061.0,1887125
C:\Users\v-dhramaraj\Desktop\Python\Projects\Assignment2_StockAnalysis\Data-20250430T011355Z-1-001\Data\data\2023-12,SHRIRAMFIN,2016.85,2023-12-21 05:30:00,2047.9,1972.0,2023-12,1997.3,1881198
C:\Users\v-dhramaraj\Desktop\Python\Projects\Assignment2_StockAnalysis\Data-20250430T011355Z-1-001\Data\data\2023-12,SHRIRAMFIN,2055.45,2023-12-22 05:30:00,2069.0,2016.5,2023-12,2029.9,1385775
C:\Users\v-dhramaraj\Desktop\Python\Projects\Assignment2_StockAnalysis\Data-20250430T011355Z-1-001\Data\data\2023-12,SHRIRAMFIN,2035.75,2023-12-26 05:30:00,2076.8,2028.1,2023-12,2072.0,964595
C:\Users\v-dhramaraj\Desktop\Python\Projects\Assignment2_StockAnalysis\Data-20250430T011355Z-1-001\Data\data\2023-12,SHRIRAMFIN,2049.9,2023-12-27 05:30:00,2065.5,2035.8,2023-12,2041.05,750019
C:\Users\v-dhramaraj\Desktop\Python\Projects\Assignment2_StockAnalysis\Data-20250430T011355Z-1-001\Data\data\2023-12,SHRIRAMFIN,2045.65,2023-12-28 05:30:00,2064.8,2036.1,2023-12,2064.8,657669
C:\Users\v-dhramaraj\Desktop\Python\Projects\Assignment2_StockAnalysis\Data-20250430T011355Z-1-001\Data\data\2023-12,SHRIRAMFIN,2053.3,2023-12-29 05:30:00,2068.0,2037.95,2023-12,2052.5,1058202
C:\Users\v-dhramaraj\Desktop\Python\Projects\Assignment2_StockAnalysis\Data-20250430T011355Z-1-001\Data\data\2024-01,SHRIRAMFIN,2048.85,2024-01-01 05:30:00,2060.0,2041.1,2024-01,2055.55,304722
C:\Users\v-dhramaraj\Desktop\Python\Projects\Assignment2_StockAnalysis\Data-20250430T011355Z-1-001\Data\data\2024-01,SHRIRAMFIN,2030.05,2024-01-02 05:30:00,2059.75,2016.0,2024-01,2050.0,1077927
C:\Users\v-dhramaraj\Desktop\Python\Projects\Assignment2_StockAnalysis\Data-20250430T011355Z-1-001\Data\data\2024-01,SHRIRAMFIN,2090.05,2024-01-03 05:30:00,2098.0,2029.0,2024-01,2035.0,1357534
C:\Users\v-dhramaraj\Desktop\Python\Projects\Assignment2_StockAnalysis\Data-20250430T011355Z-1-001\Data\data\2024-01,SHRIRAMFIN,2148.15,2024-01-04 05:30:00,2152.5,2090.2,2024-01,2100.0,1539021
C:\Users\v-dhramaraj\Desktop\Python\Projects\Assignment2_StockAnalysis\Data-20250430T011355Z-1-001\Data\data\2024-01,SHRIRAMFIN,2172.4,2024-01-05 05:30:00,2176.75,2119.45,2024-01,2153.0,1622887
C:\Users\v-dhramaraj\Desktop\Python\Projects\Assignment2_StockAnalysis\Data-20250430T011355Z-1-001\Data\data\2024-01,SHRIRAMFIN,2196.35,2024-01-08 05:30:00,2225.0,2163.55,2024-01,2184.0,1497595
C:\Users\v-dhramaraj\Desktop\Python\Projects\Assignment2_StockAnalysis\Data-20250430T011355Z-1-001\Data\data\2024-01,SHRIRAMFIN,2167.85,2024-01-09 05:30:00,2223.05,2150.6,2024-01,2206.6,1092689
C:\Users\v-dhramaraj\Desktop\Python\Projects\Assignment2_StockAnalysis\Data-20250430T011355Z-1-001\Data\data\2024-01,SHRIRAMFIN,2150.0,2024-01-10 05:30:00,2187.85,2135.7,2024-01,2180.0,494145
C:\Users\v-dhramaraj\Desktop\Python\Projects\Assignment2_StockAnalysis\Data-20250430T011355Z-1-001\Data\data\2024-01,SHRIRAMFIN,2279.75,2024-01-11 05:30:00,2289.85,2204.0,2024-01,2217.95,2932789
C:\Users\v-dhramaraj\Desktop\Python\Projects\Assignment2_StockAnalysis\Data-20250430T011355Z-1-001\Data\data\2024-01,SHRIRAMFIN,2292.8,2024-01-12 05:30:00,2303.1,2260.1,2024-01,2292.8,1037456
C:\Users\v-dhramaraj\Desktop\Python\Projects\Assignment2_StockAnalysis\Data-20250430T011355Z-1-001\Data\data\2024-01,SHRIRAMFIN,2319.55,2024-01-15 05:30:00,2325.0,2280.0,2024-01,2303.1,556738
C:\Users\v-dhramaraj\Desktop\Python\Projects\Assignment2_StockAnalysis\Data-20250430T011355Z-1-001\Data\data\2024-01,SHRIRAMFIN,2309.7,2024-01-16 05:30:00,2334.95,2295.05,2024-01,2325.0,1329590
C:\Users\v-dhramaraj\Desktop\Python\Projects\Assignment2_StockAnalysis\Data-20250430T011355Z-1-001\Data\data\2024-01,SHRIRAMFIN,2288.0,2024-01-17 05:30:00,2317.85,2240.0,2024-01,2294.0,1061729
C:\Users\v-dhramaraj\Desktop\Python\Projects\Assignment2_StockAnalysis\Data-20250430T011355Z-1-001\Data\data\2024-01,SHRIRAMFIN,2255.4,2024-01-18 05:30:00,2287.3,2196.55,2024-01,2271.0,1576710
C:\Users\v-dhramaraj\Desktop\Python\Projects\Assignment2_StockAnalysis\Data-20250430T011355Z-1-001\Data\data\2024-01,SHRIRAMFIN,2301.85,2024-01-19 05:30:00,2321.95,2271.0,2024-01,2271.0,1059357
C:\Users\v-dhramaraj\Desktop\Python\Projects\Assignment2_StockAnalysis\Data-20250430T011355Z-1-001\Data\data\2024-01,SHRIRAMFIN,2299.0,2024-01-20 05:30:00,2339.95,2288.0,2024-01,2330.0,100445
C:\Users\v-dhramaraj\Desktop\Python\Projects\Assignment2_StockAnalysis\Data-20250430T011355Z-1-001\Data\data\2024-01,SHRIRAMFIN,2279.5,2024-01-23 05:30:00,2313.95,2247.6,2024-01,2287.05,2199854
C:\Users\v-dhramaraj\Desktop\Python\Projects\Assignment2_StockAnalysis\Data-20250430T011355Z-1-001\Data\data\2024-01,SHRIRAMFIN,2302.45,2024-01-24 05:30:00,2315.0,2209.55,2024-01,2233.85,1700346
C:\Users\v-dhramaraj\Desktop\Python\Projects\Assignment2_StockAnalysis\Data-20250430T011355Z-1-001\Data\data\2024-01,SHRIRAMFIN,2307.15,2024-01-25 05:30:00,2352.95,2292.0,2024-01,2317.8,1065564
C:\Users\v-dhramaraj\Desktop\Python\Projects\Assignment2_StockAnalysis\Data-20250430T011355Z-1-001\Data\data\2024-01,SHRIRAMFIN,2409.0,2024-01-29 05:30:00,2442.0,2302.15,2024-01,2432.0,3579015
C:\Users\v-dhramaraj\Desktop\Python\Projects\Assignment2_StockAnalysis\Data-20250430T011355Z-1-001\Data\data\2024-01,SHRIRAMFIN,2452.95,2024-01-30 05:30:00,2496.55,2409.0,2024-01,2409.0,2847759
C:\Users\v-dhramaraj\Desktop\Python\Projects\Assignment2_StockAnalysis\Data-20250430T011355Z-1-001\Data\data\2024-01,SHRIRAMFIN,2466.8,2024-01-31 05:30:00,2479.6,2400.5,2024-01,2450.0,1914672
C:\Users\v-dhramaraj\Desktop\Python\Projects\Assignment2_StockAnalysis\Data-20250430T011355Z-1-001\Data\data\2024-02,SHRIRAMFIN,2397.2,2024-02-01 05:30:00,2438.95,2388.6,2024-02,2411.0,2120344
C:\Users\v-dhramaraj\Desktop\Python\Projects\Assignment2_StockAnalysis\Data-20250430T011355Z-1-001\Data\data\2024-02,SHRIRAMFIN,2405.5,2024-02-02 05:30:00,2421.15,2385.6,2024-02,2397.5,881037
C:\Users\v-dhramaraj\Desktop\Python\Projects\Assignment2_StockAnalysis\Data-20250430T011355Z-1-001\Data\data\2024-02,SHRIRAMFIN,2357.1,2024-02-05 05:30:00,2432.4,2347.2,2024-02,2419.0,398680
C:\Users\v-dhramaraj\Desktop\Python\Projects\Assignment2_StockAnalysis\Data-20250430T011355Z-1-001\Data\data\2024-02,SHRIRAMFIN,2396.45,2024-02-06 05:30:00,2403.9,2323.65,2024-02,2360.0,1502283
C:\Users\v-dhramaraj\Desktop\Python\Projects\Assignment2_StockAnalysis\Data-20250430T011355Z-1-001\Data\data\2024-02,SHRIRAMFIN,2413.65,2024-02-07 05:30:00,2459.15,2396.45,2024-02,2397.95,1046050
C:\Users\v-dhramaraj\Desktop\Python\Projects\Assignment2_StockAnalysis\Data-20250430T011355Z-1-001\Data\data\2024-02,SHRIRAMFIN,2347.95,2024-02-08 05:30:00,2425.0,2340.8,2024-02,2425.0,886197
C:\Users\v-dhramaraj\Desktop\Python\Projects\Assignment2_StockAnalysis\Data-20250430T011355Z-1-001\Data\data\2024-02,SHRIRAMFIN,2334.1,2024-02-09 05:30:00,2354.05,2291.5,2024-02,2347.95,580610
C:\Users\v-dhramaraj\Desktop\Python\Projects\Assignment2_StockAnalysis\Data-20250430T011355Z-1-001\Data\data\2024-02,SHRIRAMFIN,2262.25,2024-02-12 05:30:00,2352.95,2254.85,2024-02,2335.0,569008
C:\Users\v-dhramaraj\Desktop\Python\Projects\Assignment2_StockAnalysis\Data-20250430T011355Z-1-001\Data\data\2024-02,SHRIRAMFIN,2330.65,2024-02-13 05:30:00,2343.5,2235.25,2024-02,2267.0,1796922
C:\Users\v-dhramaraj\Desktop\Python\Projects\Assignment2_StockAnalysis\Data-20250430T011355Z-1-001\Data\data\2024-02,SHRIRAMFIN,2393.3,2024-02-14 05:30:00,2404.6,2280.2,2024-02,2285.0,737277
C:\Users\v-dhramaraj\Desktop\Python\Projects\Assignment2_StockAnalysis\Data-20250430T011355Z-1-001\Data\data\2024-02,SHRIRAMFIN,2437.6,2024-02-15 05:30:00,2463.4,2412.0,2024-02,2437.2,1144317
C:\Users\v-dhramaraj\Desktop\Python\Projects\Assignment2_StockAnalysis\Data-20250430T011355Z-1-001\Data\data\2024-02,SHRIRAMFIN,2449.4,2024-02-16 05:30:00,2459.8,2433.85,2024-02,2440.0,919312
C:\Users\v-dhramaraj\Desktop\Python\Projects\Assignment2_StockAnalysis\Data-20250430T011355Z-1-001\Data\data\2024-02,SHRIRAMFIN,2439.9,2024-02-19 05:30:00,2461.95,2416.55,2024-02,2449.4,690282
C:\Users\v-dhramaraj\Desktop\Python\Projects\Assignment2_StockAnalysis\Data-20250430T011355Z-1-001\Data\data\2024-02,SHRIRAMFIN,2416.65,2024-02-20 05:30:00,2444.85,2395.3,2024-02,2439.9,879341
C:\Users\v-dhramaraj\Desktop\Python\Projects\Assignment2_StockAnalysis\Data-20250430T011355Z-1-001\Data\data\2024-02,SHRIRAMFIN,2355.95,2024-02-21 05:30:00,2415.05,2345.05,2024-02,2413.8,733175
C:\Users\v-dhramaraj\Desktop\Python\Projects\Assignment2_StockAnalysis\Data-20250430T011355Z-1-001\Data\data\2024-02,SHRIRAMFIN,2395.2,2024-02-22 05:30:00,2399.7,2333.05,2024-02,2359.1,514244
C:\Users\v-dhramaraj\Desktop\Python\Projects\Assignment2_StockAnalysis\Data-20250430T011355Z-1-001\Data\data\2024-02,SHRIRAMFIN,2445.45,2024-02-23 05:30:00,2457.0,2388.1,2024-02,2398.5,1144665
C:\Users\v-dhramaraj\Desktop\Python\Projects\Assignment2_StockAnalysis\Data-20250430T011355Z-1-001\Data\data\2024-02,SHRIRAMFIN,2485.15,2024-02-26 05:30:00,2535.0,2447.95,2024-02,2449.9,1197803
C:\Users\v-dhramaraj\Desktop\Python\Projects\Assignment2_StockAnalysis\Data-20250430T011355Z-1-001\Data\data\2024-02,SHRIRAMFIN,2372.4,2024-02-27 05:30:00,2509.35,2257.0,2024-02,2475.0,4102754
C:\Users\v-dhramaraj\Desktop\Python\Projects\Assignment2_StockAnalysis\Data-20250430T011355Z-1-001\Data\data\2024-02,SHRIRAMFIN,2348.8,2024-02-28 05:30:00,2437.95,2307.9,2024-02,2392.0,2223882
C:\Users\v-dhramaraj\Desktop\Python\Projects\Assignment2_StockAnalysis\Data-20250430T011355Z-1-001\Data\data\2024-02,SHRIRAMFIN,2438.6,2024-02-29 05:30:00,2455.1,2351.15,2024-02,2399.0,4046471
C:\Users\v-dhramaraj\Desktop\Python\Projects\Assignment2_StockAnalysis\Data-20250430T011355Z-1-001\Data\data\2024-03,SHRIRAMFIN,2450.45,2024-03-01 05:30:00,2473.85,2435.0,2024-03,2469.5,1100074
C:\Users\v-dhramaraj\Desktop\Python\Projects\Assignment2_StockAnalysis\Data-20250430T011355Z-1-001\Data\data\2024-03,SHRIRAMFIN,2457.15,2024-03-02 05:30:00,2468.5,2454.05,2024-03,2454.05,24657
C:\Users\v-dhramaraj\Desktop\Python\Projects\Assignment2_StockAnalysis\Data-20250430T011355Z-1-001\Data\data\2024-03,SHRIRAMFIN,2446.5,2024-03-04 05:30:00,2465.0,2419.0,2024-03,2460.0,533339
C:\Users\v-dhramaraj\Desktop\Python\Projects\Assignment2_StockAnalysis\Data-20250430T011355Z-1-001\Data\data\2024-03,SHRIRAMFIN,2431.5,2024-03-05 05:30:00,2455.85,2411.0,2024-03,2411.0,1238034
C:\Users\v-dhramaraj\Desktop\Python\Projects\Assignment2_StockAnalysis\Data-20250430T011355Z-1-001\Data\data\2024-03,SHRIRAMFIN,2374.6,2024-03-06 05:30:00,2453.0,2348.9,2024-03,2444.0,1348944
C:\Users\v-dhramaraj\Desktop\Python\Projects\Assignment2_StockAnalysis\Data-20250430T011355Z-1-001\Data\data\2024-03,SHRIRAMFIN,2449.55,2024-03-07 05:30:00,2455.4,2374.6,2024-03,2374.6,1192798
C:\Users\v-dhramaraj\Desktop\Python\Projects\Assignment2_StockAnalysis\Data-20250430T011355Z-1-001\Data\data\2024-03,SHRIRAMFIN,2480.95,2024-03-11 05:30:00,2499.9,2420.65,2024-03,2446.0,2275471
C:\Users\v-dhramaraj\Desktop\Python\Projects\Assignment2_StockAnalysis\Data-20250430T011355Z-1-001\Data\data\2024-03,SHRIRAMFIN,2421.75,2024-03-12 05:30:00,2484.0,2410.2,2024-03,2484.0,1441342
C:\Users\v-dhramaraj\Desktop\Python\Projects\Assignment2_StockAnalysis\Data-20250430T011355Z-1-001\Data\data\2024-03,SHRIRAMFIN,2321.4,2024-03-13 05:30:00,2439.7,2300.1,2024-03,2434.9,1623771
C:\Users\v-dhramaraj\Desktop\Python\Projects\Assignment2_StockAnalysis\Data-20250430T011355Z-1-001\Data\data\2024-03,SHRIRAMFIN,2291.5,2024-03-14 05:30:00,2327.95,2266.15,2024-03,2315.0,2022357
C:\Users\v-dhramaraj\Desktop\Python\Projects\Assignment2_StockAnalysis\Data-20250430T011355Z-1-001\Data\data\2024-03,SHRIRAMFIN,2266.8,2024-03-15 05:30:00,2315.0,2251.0,2024-03,2294.0,1451472
C:\Users\v-dhramaraj\Desktop\Python\Projects\Assignment2_StockAnalysis\Data-20250430T011355Z-1-001\Data\data\2024-03,SHRIRAMFIN,2308.95,2024-03-18 05:30:00,2332.9,2264.75,2024-03,2265.0,1174081
C:\Users\v-dhramaraj\Desktop\Python\Projects\Assignment2_StockAnalysis\Data-20250430T011355Z-1-001\Data\data\2024-03,SHRIRAMFIN,2287.0,2024-03-19 05:30:00,2342.9,2277.55,2024-03,2323.0,1323965
C:\Users\v-dhramaraj\Desktop\Python\Projects\Assignment2_StockAnalysis\Data-20250430T011355Z-1-001\Data\data\2024-03,SHRIRAMFIN,2314.2,2024-03-20 05:30:00,2327.9,2280.0,2024-03,2290.0,905285
C:\Users\v-dhramaraj\Desktop\Python\Projects\Assignment2_StockAnalysis\Data-20250430T011355Z-1-001\Data\data\2024-03,SHRIRAMFIN,2310.8,2024-03-21 05:30:00,2354.95,2290.0,2024-03,2322.7,1739724
C:\Users\v-dhramaraj\Desktop\Python\Projects\Assignment2_StockAnalysis\Data-20250430T011355Z-1-001\Data\data\2024-03,SHRIRAMFIN,2330.7,2024-03-22 05:30:00,2358.7,2305.15,2024-03,2339.0,1273555
C:\Users\v-dhramaraj\Desktop\Python\Projects\Assignment2_StockAnalysis\Data-20250430T011355Z-1-001\Data\data\2024-03,SHRIRAMFIN,2372.55,2024-03-26 05:30:00,2389.4,2279.95,2024-03,2281.0,2138717
C:\Users\v-dhramaraj\Desktop\Python\Projects\Assignment2_StockAnalysis\Data-20250430T011355Z-1-001\Data\data\2024-03,SHRIRAMFIN,2386.35,2024-03-27 05:30:00,2430.0,2345.0,2024-03,2410.0,15446440
C:\Users\v-dhramaraj\Desktop\Python\Projects\Assignment2_StockAnalysis\Data-20250430T011355Z-1-001\Data\data\2024-03,SHRIRAMFIN,2359.8,2024-03-28 05:30:00,2394.55,2338.25,2024-03,2374.05,2325088
C:\Users\v-dhramaraj\Desktop\Python\Projects\Assignment2_StockAnalysis\Data-20250430T011355Z-1-001\Data\data\2024-04,SHRIRAMFIN,2431.75,2024-04-01 05:30:00,2437.0,2366.05,2024-04,2371.0,845782
C:\Users\v-dhramaraj\Desktop\Python\Projects\Assignment2_StockAnalysis\Data-20250430T011355Z-1-001\Data\data\2024-04,SHRIRAMFIN,2465.95,2024-04-02 05:30:00,2471.3,2429.95,2024-04,2430.0,886622
C:\Users\v-dhramaraj\Desktop\Python\Projects\Assignment2_StockAnalysis\Data-20250430T011355Z-1-001\Data\data\2024-04,SHRIRAMFIN,2556.45,2024-04-03 05:30:00,2566.8,2458.8,2024-04,2477.0,2317699
C:\Users\v-dhramaraj\Desktop\Python\Projects\Assignment2_StockAnalysis\Data-20250430T011355Z-1-001\Data\data\2024-04,SHRIRAMFIN,2499.3,2024-04-04 05:30:00,2574.95,2486.0,2024-04,2574.95,1403997
C:\Users\v-dhramaraj\Desktop\Python\Projects\Assignment2_StockAnalysis\Data-20250430T011355Z-1-001\Data\data\2024-04,SHRIRAMFIN,2518.85,2024-04-05 05:30:00,2532.0,2498.1,2024-04,2510.55,650696
C:\Users\v-dhramaraj\Desktop\Python\Projects\Assignment2_StockAnalysis\Data-20250430T011355Z-1-001\Data\data\2024-04,SHRIRAMFIN,2569.2,2024-04-08 05:30:00,2580.3,2527.0,2024-04,2542.95,735781
C:\Users\v-dhramaraj\Desktop\Python\Projects\Assignment2_StockAnalysis\Data-20250430T011355Z-1-001\Data\data\2024-04,SHRIRAMFIN,2550.4,2024-04-09 05:30:00,2605.65,2523.1,2024-04,2590.0,953375
C:\Users\v-dhramaraj\Desktop\Python\Projects\Assignment2_StockAnalysis\Data-20250430T011355Z-1-001\Data\data\2024-04,SHRIRAMFIN,2528.05,2024-04-10 05:30:00,2566.25,2519.5,2024-04,2559.95,700885
C:\Users\v-dhramaraj\Desktop\Python\Projects\Assignment2_StockAnalysis\Data-20250430T011355Z-1-001\Data\data\2024-04,SHRIRAMFIN,2485.6,2024-04-12 05:30:00,2519.95,2478.9,2024-04,2519.95,828911
C:\Users\v-dhramaraj\Desktop\Python\Projects\Assignment2_StockAnalysis\Data-20250430T011355Z-1-001\Data\data\2024-04,SHRIRAMFIN,2414.65,2024-04-15 05:30:00,2493.0,2408.05,2024-04,2493.0,950138
C:\Users\v-dhramaraj\Desktop\Python\Projects\Assignment2_StockAnalysis\Data-20250430T011355Z-1-001\Data\data\2024-04,SHRIRAMFIN,2400.75,2024-04-16 05:30:00,2424.0,2368.35,2024-04,2400.0,806605
C:\Users\v-dhramaraj\Desktop\Python\Projects\Assignment2_StockAnalysis\Data-20250430T011355Z-1-001\Data\data\2024-04,SHRIRAMFIN,2371.45,2024-04-18 05:30:00,2442.25,2361.1,2024-04,2419.9,1358237
C:\Users\v-dhramaraj\Desktop\Python\Projects\Assignment2_StockAnalysis\Data-20250430T011355Z-1-001\Data\data\2024-04,SHRIRAMFIN,2366.55,2024-04-19 05:30:00,2378.65,2325.1,2024-04,2349.85,959432
C:\Users\v-dhramaraj\Desktop\Python\Projects\Assignment2_StockAnalysis\Data-20250430T011355Z-1-001\Data\data\2024-04,SHRIRAMFIN,2424.65,2024-04-22 05:30:00,2432.3,2374.0,2024-04,2390.0,697940
C:\Users\v-dhramaraj\Desktop\Python\Projects\Assignment2_StockAnalysis\Data-20250430T011355Z-1-001\Data\data\2024-04,SHRIRAMFIN,2426.95,2024-04-23 05:30:00,2456.4,2417.1,2024-04,2441.95,578517
C:\Users\v-dhramaraj\Desktop\Python\Projects\Assignment2_StockAnalysis\Data-20250430T011355Z-1-001\Data\data\2024-04,SHRIRAMFIN,2461.05,2024-04-24 05:30:00,2481.7,2418.0,2024-04,2427.0,1691860
C:\Users\v-dhramaraj\Desktop\Python\Projects\Assignment2_StockAnalysis\Data-20250430T011355Z-1-001\Data\data\2024-04,SHRIRAMFIN,2491.85,2024-04-25 05:30:00,2504.3,2422.25,2024-04,2459.0,2917532
C:\Users\v-dhramaraj\Desktop\Python\Projects\Assignment2_StockAnalysis\Data-20250430T011355Z-1-001\Data\data\2024-04,SHRIRAMFIN,2498.6,2024-04-26 05:30:00,2536.95,2337.0,2024-04,2512.5,4162052
C:\Users\v-dhramaraj\Desktop\Python\Projects\Assignment2_StockAnalysis\Data-20250430T011355Z-1-001\Data\data\2024-04,SHRIRAMFIN,2492.2,2024-04-29 05:30:00,2576.95,2430.25,2024-04,2569.95,2380923
C:\Users\v-dhramaraj\Desktop\Python\Projects\Assignment2_StockAnalysis\Data-20250430T011355Z-1-001\Data\data\2024-04,SHRIRAMFIN,2551.7,2024-04-30 05:30:00,2578.8,2484.0,2024-04,2493.0,2685245
C:\Users\v-dhramaraj\Desktop\Python\Projects\Assignment2_StockAnalysis\Data-20250430T011355Z-1-001\Data\data\2024-05,SHRIRAMFIN,2582.1,2024-05-02 05:30:00,2599.0,2535.0,2024-05,2546.55,1848695
C:\Users\v-dhramaraj\Desktop\Python\Projects\Assignment2_StockAnalysis\Data-20250430T011355Z-1-001\Data\data\2024-05,SHRIRAMFIN,2588.55,2024-05-03 05:30:00,2658.0,2575.15,2024-05,2600.0,1524429
C:\Users\v-dhramaraj\Desktop\Python\Projects\Assignment2_StockAnalysis\Data-20250430T011355Z-1-001\Data\data\2024-05,SHRIRAMFIN,2547.55,2024-05-06 05:30:00,2608.95,2498.85,2024-05,2600.0,865357
C:\Users\v-dhramaraj\Desktop\Python\Projects\Assignment2_StockAnalysis\Data-20250430T011355Z-1-001\Data\data\2024-05,SHRIRAMFIN,2485.8,2024-05-07 05:30:00,2565.0,2441.65,2024-05,2547.55,1565174
C:\Users\v-dhramaraj\Desktop\Python\Projects\Assignment2_StockAnalysis\Data-20250430T011355Z-1-001\Data\data\2024-05,SHRIRAMFIN,2448.0,2024-05-08 05:30:00,2498.0,2432.75,2024-05,2483.5,1464955
C:\Users\v-dhramaraj\Desktop\Python\Projects\Assignment2_StockAnalysis\Data-20250430T011355Z-1-001\Data\data\2024-05,SHRIRAMFIN,2360.9,2024-05-09 05:30:00,2474.15,2354.2,2024-05,2448.0,820803
C:\Users\v-dhramaraj\Desktop\Python\Projects\Assignment2_StockAnalysis\Data-20250430T011355Z-1-001\Data\data\2024-05,SHRIRAMFIN,2344.35,2024-05-10 05:30:00,2406.7,2331.1,2024-05,2374.0,2196930
C:\Users\v-dhramaraj\Desktop\Python\Projects\Assignment2_StockAnalysis\Data-20250430T011355Z-1-001\Data\data\2024-05,SHRIRAMFIN,2301.8,2024-05-13 05:30:00,2354.65,2278.75,2024-05,2345.0,1678069
C:\Users\v-dhramaraj\Desktop\Python\Projects\Assignment2_StockAnalysis\Data-20250430T011355Z-1-001\Data\data\2024-05,SHRIRAMFIN,2330.35,2024-05-14 05:30:00,2417.85,2316.8,2024-05,2345.0,2475207
C:\Users\v-dhramaraj\Desktop\Python\Projects\Assignment2_StockAnalysis\Data-20250430T011355Z-1-001\Data\data\2024-05,SHRIRAMFIN,2320.0,2024-05-15 05:30:00,2342.0,2303.05,2024-05,2338.0,853936
C:\Users\v-dhramaraj\Desktop\Python\Projects\Assignment2_StockAnalysis\Data-20250430T011355Z-1-001\Data\data\2024-05,SHRIRAMFIN,2338.7,2024-05-16 05:30:00,2345.8,2265.0,2024-05,2337.0,2489109
C:\Users\v-dhramaraj\Desktop\Python\Projects\Assignment2_StockAnalysis\Data-20250430T011355Z-1-001\Data\data\2024-05,SHRIRAMFIN,2371.6,2024-05-17 05:30:00,2386.65,2321.0,2024-05,2344.0,945827
C:\Users\v-dhramaraj\Desktop\Python\Projects\Assignment2_StockAnalysis\Data-20250430T011355Z-1-001\Data\data\2024-05,SHRIRAMFIN,2370.45,2024-05-18 05:30:00,2394.9,2355.05,2024-05,2379.8,59452
C:\Users\v-dhramaraj\Desktop\Python\Projects\Assignment2_StockAnalysis\Data-20250430T011355Z-1-001\Data\data\2024-05,SHRIRAMFIN,2373.25,2024-05-21 05:30:00,2389.5,2348.65,2024-05,2370.0,787116
C:\Users\v-dhramaraj\Desktop\Python\Projects\Assignment2_StockAnalysis\Data-20250430T011355Z-1-001\Data\data\2024-05,SHRIRAMFIN,2336.75,2024-05-22 05:30:00,2379.85,2332.1,2024-05,2373.25,693108
C:\Users\v-dhramaraj\Desktop\Python\Projects\Assignment2_StockAnalysis\Data-20250430T011355Z-1-001\Data\data\2024-05,SHRIRAMFIN,2400.45,2024-05-23 05:30:00,2409.7,2328.5,2024-05,2346.0,1102552
C:\Users\v-dhramaraj\Desktop\Python\Projects\Assignment2_StockAnalysis\Data-20250430T011355Z-1-001\Data\data\2024-05,SHRIRAMFIN,2397.5,2024-05-24 05:30:00,2428.95,2362.7,2024-05,2399.85,975465
C:\Users\v-dhramaraj\Desktop\Python\Projects\Assignment2_StockAnalysis\Data-20250430T011355Z-1-001\Data\data\2024-05,SHRIRAMFIN,2380.0,2024-05-27 05:30:00,2423.5,2376.0,2024-05,2410.0,679642
C:\Users\v-dhramaraj\Desktop\Python\Projects\Assignment2_StockAnalysis\Data-20250430T011355Z-1-001\Data\data\2024-05,SHRIRAMFIN,2393.7,2024-05-28 05:30:00,2433.0,2375.0,2024-05,2390.0,1298782
C:\Users\v-dhramaraj\Desktop\Python\Projects\Assignment2_StockAnalysis\Data-20250430T011355Z-1-001\Data\data\2024-05,SHRIRAMFIN,2374.65,2024-05-29 05:30:00,2397.65,2358.0,2024-05,2375.05,439586
C:\Users\v-dhramaraj\Desktop\Python\Projects\Assignment2_StockAnalysis\Data-20250430T011355Z-1-001\Data\data\2024-05,SHRIRAMFIN,2302.7,2024-05-30 05:30:00,2380.0,2292.0,2024-05,2366.0,1337633
C:\Users\v-dhramaraj\Desktop\Python\Projects\Assignment2_StockAnalysis\Data-20250430T011355Z-1-001\Data\data\2024-05,SHRIRAMFIN,2354.05,2024-05-31 05:30:00,2387.35,2313.65,2024-05,2318.9,2583291
C:\Users\v-dhramaraj\Desktop\Python\Projects\Assignment2_StockAnalysis\Data-20250430T011355Z-1-001\Data\data\2024-06,SHRIRAMFIN,2509.15,2024-06-03 05:30:00,2546.95,2425.25,2024-06,2450.0,3032359
C:\Users\v-dhramaraj\Desktop\Python\Projects\Assignment2_StockAnalysis\Data-20250430T011355Z-1-001\Data\data\2024-06,SHRIRAMFIN,2260.7,2024-06-04 05:30:00,2540.0,2193.0,2024-06,2540.0,3557725
C:\Users\v-dhramaraj\Desktop\Python\Projects\Assignment2_StockAnalysis\Data-20250430T011355Z-1-001\Data\data\2024-06,SHRIRAMFIN,2387.45,2024-06-05 05:30:00,2397.9,2230.0,2024-06,2241.9,1422819
C:\Users\v-dhramaraj\Desktop\Python\Projects\Assignment2_StockAnalysis\Data-20250430T011355Z-1-001\Data\data\2024-06,SHRIRAMFIN,2474.8,2024-06-06 05:30:00,2535.0,2400.05,2024-06,2430.0,2100297
C:\Users\v-dhramaraj\Desktop\Python\Projects\Assignment2_StockAnalysis\Data-20250430T011355Z-1-001\Data\data\2024-06,SHRIRAMFIN,2497.95,2024-06-07 05:30:00,2506.95,2460.05,2024-06,2479.35,741378
C:\Users\v-dhramaraj\Desktop\Python\Projects\Assignment2_StockAnalysis\Data-20250430T011355Z-1-001\Data\data\2024-06,SHRIRAMFIN,2519.1,2024-06-10 05:30:00,2552.5,2485.2,2024-06,2510.0,969804
C:\Users\v-dhramaraj\Desktop\Python\Projects\Assignment2_StockAnalysis\Data-20250430T011355Z-1-001\Data\data\2024-06,SHRIRAMFIN,2533.0,2024-06-11 05:30:00,2552.05,2490.0,2024-06,2514.95,936270
C:\Users\v-dhramaraj\Desktop\Python\Projects\Assignment2_StockAnalysis\Data-20250430T011355Z-1-001\Data\data\2024-06,SHRIRAMFIN,2566.95,2024-06-12 05:30:00,2583.45,2530.55,2024-06,2534.75,702073
C:\Users\v-dhramaraj\Desktop\Python\Projects\Assignment2_StockAnalysis\Data-20250430T011355Z-1-001\Data\data\2024-06,SHRIRAMFIN,2684.3,2024-06-13 05:30:00,2697.65,2581.1,2024-06,2592.0,2004491
C:\Users\v-dhramaraj\Desktop\Python\Projects\Assignment2_StockAnalysis\Data-20250430T011355Z-1-001\Data\data\2024-06,SHRIRAMFIN,2732.15,2024-06-14 05:30:00,2747.0,2695.05,2024-06,2712.0,3063685
C:\Users\v-dhramaraj\Desktop\Python\Projects\Assignment2_StockAnalysis\Data-20250430T011355Z-1-001\Data\data\2024-06,SHRIRAMFIN,2829.75,2024-06-18 05:30:00,2841.15,2732.35,2024-06,2748.95,2478641
C:\Users\v-dhramaraj\Desktop\Python\Projects\Assignment2_StockAnalysis\Data-20250430T011355Z-1-001\Data\data\2024-06,SHRIRAMFIN,2791.25,2024-06-19 05:30:00,2831.0,2760.0,2024-06,2829.8,1835027
C:\Users\v-dhramaraj\Desktop\Python\Projects\Assignment2_StockAnalysis\Data-20250430T011355Z-1-001\Data\data\2024-06,SHRIRAMFIN,2805.2,2024-06-20 05:30:00,2854.5,2764.75,2024-06,2804.55,1389762
C:\Users\v-dhramaraj\Desktop\Python\Projects\Assignment2_StockAnalysis\Data-20250430T011355Z-1-001\Data\data\2024-06,SHRIRAMFIN,2821.65,2024-06-21 05:30:00,2842.0,2795.0,2024-06,2810.0,1934468
C:\Users\v-dhramaraj\Desktop\Python\Projects\Assignment2_StockAnalysis\Data-20250430T011355Z-1-001\Data\data\2024-06,SHRIRAMFIN,2882.25,2024-06-24 05:30:00,2890.0,2779.85,2024-06,2819.3,1073571
C:\Users\v-dhramaraj\Desktop\Python\Projects\Assignment2_StockAnalysis\Data-20250430T011355Z-1-001\Data\data\2024-06,SHRIRAMFIN,2989.85,2024-06-25 05:30:00,3000.0,2861.65,2024-06,2883.25,3168975
C:\Users\v-dhramaraj\Desktop\Python\Projects\Assignment2_StockAnalysis\Data-20250430T011355Z-1-001\Data\data\2024-06,SHRIRAMFIN,2989.05,2024-06-26 05:30:00,3059.45,2958.6,2024-06,2985.8,1806445
C:\Users\v-dhramaraj\Desktop\Python\Projects\Assignment2_StockAnalysis\Data-20250430T011355Z-1-001\Data\data\2024-06,SHRIRAMFIN,2951.05,2024-06-27 05:30:00,2996.65,2923.95,2024-06,2987.05,2459635
C:\Users\v-dhramaraj\Desktop\Python\Projects\Assignment2_StockAnalysis\Data-20250430T011355Z-1-001\Data\data\2024-06,SHRIRAMFIN,2911.5,2024-06-28 05:30:00,2969.3,2900.0,2024-06,2951.05,1201091
C:\Users\v-dhramaraj\Desktop\Python\Projects\Assignment2_StockAnalysis\Data-20250430T011355Z-1-001\Data\data\2024-07,SHRIRAMFIN,2924.25,2024-07-01 05:30:00,2942.0,2902.05,2024-07,2902.05,1334666
C:\Users\v-dhramaraj\Desktop\Python\Projects\Assignment2_StockAnalysis\Data-20250430T011355Z-1-001\Data\data\2024-07,SHRIRAMFIN,2824.9,2024-07-02 05:30:00,2940.0,2815.65,2024-07,2927.0,2527745
C:\Users\v-dhramaraj\Desktop\Python\Projects\Assignment2_StockAnalysis\Data-20250430T011355Z-1-001\Data\data\2024-07,SHRIRAMFIN,2850.45,2024-07-03 05:30:00,2885.0,2805.55,2024-07,2840.0,1589120
C:\Users\v-dhramaraj\Desktop\Python\Projects\Assignment2_StockAnalysis\Data-20250430T011355Z-1-001\Data\data\2024-07,SHRIRAMFIN,2833.75,2024-07-04 05:30:00,2868.0,2820.0,2024-07,2867.95,791663
C:\Users\v-dhramaraj\Desktop\Python\Projects\Assignment2_StockAnalysis\Data-20250430T011355Z-1-001\Data\data\2024-07,SHRIRAMFIN,2865.85,2024-07-05 05:30:00,2872.25,2814.3,2024-07,2835.0,1232669
C:\Users\v-dhramaraj\Desktop\Python\Projects\Assignment2_StockAnalysis\Data-20250430T011355Z-1-001\Data\data\2024-07,SHRIRAMFIN,2808.1,2024-07-08 05:30:00,2856.0,2796.1,2024-07,2856.0,813151
C:\Users\v-dhramaraj\Desktop\Python\Projects\Assignment2_StockAnalysis\Data-20250430T011355Z-1-001\Data\data\2024-07,SHRIRAMFIN,2792.0,2024-07-09 05:30:00,2813.95,2775.15,2024-07,2808.9,1271952
C:\Users\v-dhramaraj\Desktop\Python\Projects\Assignment2_StockAnalysis\Data-20250430T011355Z-1-001\Data\data\2024-07,SHRIRAMFIN,2762.1,2024-07-10 05:30:00,2804.65,2705.0,2024-07,2793.95,1660147
C:\Users\v-dhramaraj\Desktop\Python\Projects\Assignment2_StockAnalysis\Data-20250430T011355Z-1-001\Data\data\2024-07,SHRIRAMFIN,2739.0,2024-07-11 05:30:00,2785.45,2714.15,2024-07,2762.1,1137823
C:\Users\v-dhramaraj\Desktop\Python\Projects\Assignment2_StockAnalysis\Data-20250430T011355Z-1-001\Data\data\2024-07,SHRIRAMFIN,2794.4,2024-07-12 05:30:00,2860.0,2750.0,2024-07,2750.0,1806161
C:\Users\v-dhramaraj\Desktop\Python\Projects\Assignment2_StockAnalysis\Data-20250430T011355Z-1-001\Data\data\2024-07,SHRIRAMFIN,2882.3,2024-07-15 05:30:00,2889.0,2807.2,2024-07,2813.0,1480043
C:\Users\v-dhramaraj\Desktop\Python\Projects\Assignment2_StockAnalysis\Data-20250430T011355Z-1-001\Data\data\2024-07,SHRIRAMFIN,2813.5,2024-07-16 05:30:00,2900.0,2802.0,2024-07,2886.9,981418
C:\Users\v-dhramaraj\Desktop\Python\Projects\Assignment2_StockAnalysis\Data-20250430T011355Z-1-001\Data\data\2024-07,SHRIRAMFIN,2867.3,2024-07-18 05:30:00,2873.95,2777.0,2024-07,2777.0,823804
C:\Users\v-dhramaraj\Desktop\Python\Projects\Assignment2_StockAnalysis\Data-20250430T011355Z-1-001\Data\data\2024-07,SHRIRAMFIN,2810.85,2024-07-19 05:30:00,2875.85,2789.35,2024-07,2860.0,735543
C:\Users\v-dhramaraj\Desktop\Python\Projects\Assignment2_StockAnalysis\Data-20250430T011355Z-1-001\Data\data\2024-07,SHRIRAMFIN,2827.4,2024-07-22 05:30:00,2847.95,2764.05,2024-07,2799.9,543557
C:\Users\v-dhramaraj\Desktop\Python\Projects\Assignment2_StockAnalysis\Data-20250430T011355Z-1-001\Data\data\2024-07,SHRIRAMFIN,2739.2,2024-07-23 05:30:00,2827.0,2663.4,2024-07,2827.0,2445493
C:\Users\v-dhramaraj\Desktop\Python\Projects\Assignment2_StockAnalysis\Data-20250430T011355Z-1-001\Data\data\2024-07,SHRIRAMFIN,2724.25,2024-07-24 05:30:00,2760.0,2665.3,2024-07,2739.0,1026115
C:\Users\v-dhramaraj\Desktop\Python\Projects\Assignment2_StockAnalysis\Data-20250430T011355Z-1-001\Data\data\2024-07,SHRIRAMFIN,2679.0,2024-07-25 05:30:00,2710.0,2635.5,2024-07,2699.5,2089082
C:\Users\v-dhramaraj\Desktop\Python\Projects\Assignment2_StockAnalysis\Data-20250430T011355Z-1-001\Data\data\2024-07,SHRIRAMFIN,2925.0,2024-07-26 05:30:00,3044.0,2690.0,2024-07,2705.8,6439336
C:\Users\v-dhramaraj\Desktop\Python\Projects\Assignment2_StockAnalysis\Data-20250430T011355Z-1-001\Data\data\2024-07,SHRIRAMFIN,2943.0,2024-07-29 05:30:00,3035.75,2905.0,2024-07,2970.0,2550687
C:\Users\v-dhramaraj\Desktop\Python\Projects\Assignment2_StockAnalysis\Data-20250430T011355Z-1-001\Data\data\2024-07,SHRIRAMFIN,2912.05,2024-07-30 05:30:00,2981.4,2892.0,2024-07,2943.0,1897375
C:\Users\v-dhramaraj\Desktop\Python\Projects\Assignment2_StockAnalysis\Data-20250430T011355Z-1-001\Data\data\2024-07,SHRIRAMFIN,2931.95,2024-07-31 05:30:00,2947.05,2916.05,2024-07,2933.9,931158
C:\Users\v-dhramaraj\Desktop\Python\Projects\Assignment2_StockAnalysis\Data-20250430T011355Z-1-001\Data\data\2024-08,SHRIRAMFIN,2989.25,2024-08-01 05:30:00,2999.0,2919.95,2024-08,2932.9,1771944
C:\Users\v-dhramaraj\Desktop\Python\Projects\Assignment2_StockAnalysis\Data-20250430T011355Z-1-001\Data\data\2024-08,SHRIRAMFIN,2992.1,2024-08-02 05:30:00,3022.9,2920.0,2024-08,2945.0,1781041
C:\Users\v-dhramaraj\Desktop\Python\Projects\Assignment2_StockAnalysis\Data-20250430T011355Z-1-001\Data\data\2024-08,SHRIRAMFIN,2891.45,2024-08-05 05:30:00,2941.85,2808.1,2024-08,2876.0,1896088
C:\Users\v-dhramaraj\Desktop\Python\Projects\Assignment2_StockAnalysis\Data-20250430T011355Z-1-001\Data\data\2024-08,SHRIRAMFIN,2836.8,2024-08-06 05:30:00,2940.45,2825.0,2024-08,2920.15,1183478
C:\Users\v-dhramaraj\Desktop\Python\Projects\Assignment2_StockAnalysis\Data-20250430T011355Z-1-001\Data\data\2024-08,SHRIRAMFIN,2925.05,2024-08-07 05:30:00,2932.1,2870.55,2024-08,2890.1,797339
C:\Users\v-dhramaraj\Desktop\Python\Projects\Assignment2_StockAnalysis\Data-20250430T011355Z-1-001\Data\data\2024-08,SHRIRAMFIN,2872.2,2024-08-08 05:30:00,2920.0,2858.6,2024-08,2920.0,886810
C:\Users\v-dhramaraj\Desktop\Python\Projects\Assignment2_StockAnalysis\Data-20250430T011355Z-1-001\Data\data\2024-08,SHRIRAMFIN,2958.1,2024-08-09 05:30:00,2973.35,2880.1,2024-08,2910.0,913755
C:\Users\v-dhramaraj\Desktop\Python\Projects\Assignment2_StockAnalysis\Data-20250430T011355Z-1-001\Data\data\2024-08,SHRIRAMFIN,2976.1,2024-08-12 05:30:00,3015.0,2927.6,2024-08,2949.95,1141959
C:\Users\v-dhramaraj\Desktop\Python\Projects\Assignment2_StockAnalysis\Data-20250430T011355Z-1-001\Data\data\2024-08,SHRIRAMFIN,2891.35,2024-08-13 05:30:00,2995.45,2860.5,2024-08,2980.0,1449963
C:\Users\v-dhramaraj\Desktop\Python\Projects\Assignment2_StockAnalysis\Data-20250430T011355Z-1-001\Data\data\2024-08,SHRIRAMFIN,2895.1,2024-08-14 05:30:00,2916.6,2864.0,2024-08,2901.0,725225
C:\Users\v-dhramaraj\Desktop\Python\Projects\Assignment2_StockAnalysis\Data-20250430T011355Z-1-001\Data\data\2024-08,SHRIRAMFIN,2981.5,2024-08-16 05:30:00,2991.9,2902.05,2024-08,2913.0,995219
C:\Users\v-dhramaraj\Desktop\Python\Projects\Assignment2_StockAnalysis\Data-20250430T011355Z-1-001\Data\data\2024-08,SHRIRAMFIN,3075.6,2024-08-19 05:30:00,3085.0,3013.05,2024-08,3028.0,1818434
C:\Users\v-dhramaraj\Desktop\Python\Projects\Assignment2_StockAnalysis\Data-20250430T011355Z-1-001\Data\data\2024-08,SHRIRAMFIN,3159.85,2024-08-20 05:30:00,3177.0,3052.3,2024-08,3118.0,2429911
C:\Users\v-dhramaraj\Desktop\Python\Projects\Assignment2_StockAnalysis\Data-20250430T011355Z-1-001\Data\data\2024-08,SHRIRAMFIN,3159.05,2024-08-21 05:30:00,3190.0,3116.85,2024-08,3139.95,1045406
C:\Users\v-dhramaraj\Desktop\Python\Projects\Assignment2_StockAnalysis\Data-20250430T011355Z-1-001\Data\data\2024-08,SHRIRAMFIN,3143.6,2024-08-22 05:30:00,3166.95,3123.3,2024-08,3165.0,922139
C:\Users\v-dhramaraj\Desktop\Python\Projects\Assignment2_StockAnalysis\Data-20250430T011355Z-1-001\Data\data\2024-08,SHRIRAMFIN,3126.55,2024-08-23 05:30:00,3162.3,3117.7,2024-08,3160.0,493393
C:\Users\v-dhramaraj\Desktop\Python\Projects\Assignment2_StockAnalysis\Data-20250430T011355Z-1-001\Data\data\2024-08,SHRIRAMFIN,3162.15,2024-08-26 05:30:00,3179.75,3111.0,2024-08,3140.0,673210
C:\Users\v-dhramaraj\Desktop\Python\Projects\Assignment2_StockAnalysis\Data-20250430T011355Z-1-001\Data\data\2024-08,SHRIRAMFIN,3229.45,2024-08-27 05:30:00,3268.9,3116.0,2024-08,3153.9,1983161
C:\Users\v-dhramaraj\Desktop\Python\Projects\Assignment2_StockAnalysis\Data-20250430T011355Z-1-001\Data\data\2024-08,SHRIRAMFIN,3201.85,2024-08-28 05:30:00,3248.0,3191.75,2024-08,3225.0,670444
C:\Users\v-dhramaraj\Desktop\Python\Projects\Assignment2_StockAnalysis\Data-20250430T011355Z-1-001\Data\data\2024-08,SHRIRAMFIN,3200.5,2024-08-29 05:30:00,3262.0,3174.55,2024-08,3199.0,1195285
C:\Users\v-dhramaraj\Desktop\Python\Projects\Assignment2_StockAnalysis\Data-20250430T011355Z-1-001\Data\data\2024-08,SHRIRAMFIN,3204.5,2024-08-30 05:30:00,3224.4,3177.0,2024-08,3200.75,2205225
C:\Users\v-dhramaraj\Desktop\Python\Projects\Assignment2_StockAnalysis\Data-20250430T011355Z-1-001\Data\data\2024-09,SHRIRAMFIN,3225.25,2024-09-02 05:30:00,3258.4,3214.05,2024-09,3219.95,633147
C:\Users\v-dhramaraj\Desktop\Python\Projects\Assignment2_StockAnalysis\Data-20250430T011355Z-1-001\Data\data\2024-09,SHRIRAMFIN,3271.6,2024-09-03 05:30:00,3283.05,3190.05,2024-09,3211.0,1436283
C:\Users\v-dhramaraj\Desktop\Python\Projects\Assignment2_StockAnalysis\Data-20250430T011355Z-1-001\Data\data\2024-09,SHRIRAMFIN,3243.95,2024-09-04 05:30:00,3281.95,3226.0,2024-09,3237.05,693484
C:\Users\v-dhramaraj\Desktop\Python\Projects\Assignment2_StockAnalysis\Data-20250430T011355Z-1-001\Data\data\2024-09,SHRIRAMFIN,3245.5,2024-09-05 05:30:00,3294.0,3229.15,2024-09,3246.95,673660
C:\Users\v-dhramaraj\Desktop\Python\Projects\Assignment2_StockAnalysis\Data-20250430T011355Z-1-001\Data\data\2024-09,SHRIRAMFIN,3235.65,2024-09-06 05:30:00,3266.95,3220.2,2024-09,3253.9,611612
C:\Users\v-dhramaraj\Desktop\Python\Projects\Assignment2_StockAnalysis\Data-20250430T011355Z-1-001\Data\data\2024-09,SHRIRAMFIN,3315.7,2024-09-09 05:30:00,3323.2,3216.1,2024-09,3290.0,1619017
C:\Users\v-dhramaraj\Desktop\Python\Projects\Assignment2_StockAnalysis\Data-20250430T011355Z-1-001\Data\data\2024-09,SHRIRAMFIN,3260.05,2024-09-10 05:30:00,3337.9,3230.15,2024-09,3327.9,1238014
C:\Users\v-dhramaraj\Desktop\Python\Projects\Assignment2_StockAnalysis\Data-20250430T011355Z-1-001\Data\data\2024-09,SHRIRAMFIN,3279.9,2024-09-11 05:30:00,3298.0,3254.1,2024-09,3265.05,589257
C:\Users\v-dhramaraj\Desktop\Python\Projects\Assignment2_StockAnalysis\Data-20250430T011355Z-1-001\Data\data\2024-09,SHRIRAMFIN,3400.75,2024-09-12 05:30:00,3412.4,3295.55,2024-09,3300.0,1832723
C:\Users\v-dhramaraj\Desktop\Python\Projects\Assignment2_StockAnalysis\Data-20250430T011355Z-1-001\Data\data\2024-09,SHRIRAMFIN,3368.25,2024-09-13 05:30:00,3425.0,3365.0,2024-09,3399.7,957340
C:\Users\v-dhramaraj\Desktop\Python\Projects\Assignment2_StockAnalysis\Data-20250430T011355Z-1-001\Data\data\2024-09,SHRIRAMFIN,3418.95,2024-09-16 05:30:00,3439.85,3362.6,2024-09,3378.0,944964
C:\Users\v-dhramaraj\Desktop\Python\Projects\Assignment2_StockAnalysis\Data-20250430T011355Z-1-001\Data\data\2024-09,SHRIRAMFIN,3424.6,2024-09-17 05:30:00,3466.75,3407.45,2024-09,3415.0,1606064
C:\Users\v-dhramaraj\Desktop\Python\Projects\Assignment2_StockAnalysis\Data-20250430T011355Z-1-001\Data\data\2024-09,SHRIRAMFIN,3574.7,2024-09-18 05:30:00,3589.95,3440.0,2024-09,3444.5,2116495
C:\Users\v-dhramaraj\Desktop\Python\Projects\Assignment2_StockAnalysis\Data-20250430T011355Z-1-001\Data\data\2024-09,SHRIRAMFIN,3525.35,2024-09-19 05:30:00,3623.65,3500.0,2024-09,3571.55,1285785
C:\Users\v-dhramaraj\Desktop\Python\Projects\Assignment2_StockAnalysis\Data-20250430T011355Z-1-001\Data\data\2024-09,SHRIRAMFIN,3532.1,2024-09-20 05:30:00,3586.0,3517.0,2024-09,3539.0,1281428
C:\Users\v-dhramaraj\Desktop\Python\Projects\Assignment2_StockAnalysis\Data-20250430T011355Z-1-001\Data\data\2024-09,SHRIRAMFIN,3567.7,2024-09-23 05:30:00,3612.0,3540.0,2024-09,3550.95,587014
C:\Users\v-dhramaraj\Desktop\Python\Projects\Assignment2_StockAnalysis\Data-20250430T011355Z-1-001\Data\data\2024-09,SHRIRAMFIN,3516.3,2024-09-24 05:30:00,3581.5,3502.0,2024-09,3581.5,1336373
C:\Users\v-dhramaraj\Desktop\Python\Projects\Assignment2_StockAnalysis\Data-20250430T011355Z-1-001\Data\data\2024-09,SHRIRAMFIN,3524.05,2024-09-25 05:30:00,3539.8,3458.0,2024-09,3516.3,760327
C:\Users\v-dhramaraj\Desktop\Python\Projects\Assignment2_StockAnalysis\Data-20250430T011355Z-1-001\Data\data\2024-09,SHRIRAMFIN,3628.45,2024-09-26 05:30:00,3637.0,3529.55,2024-09,3537.1,1071878
C:\Users\v-dhramaraj\Desktop\Python\Projects\Assignment2_StockAnalysis\Data-20250430T011355Z-1-001\Data\data\2024-09,SHRIRAMFIN,3621.05,2024-09-27 05:30:00,3652.25,3595.8,2024-09,3618.0,993440
C:\Users\v-dhramaraj\Desktop\Python\Projects\Assignment2_StockAnalysis\Data-20250430T011355Z-1-001\Data\data\2024-09,SHRIRAMFIN,3576.95,2024-09-30 05:30:00,3644.95,3568.0,2024-09,3613.95,881140
C:\Users\v-dhramaraj\Desktop\Python\Projects\Assignment2_StockAnalysis\Data-20250430T011355Z-1-001\Data\data\2024-10,SHRIRAMFIN,3570.4,2024-10-01 05:30:00,3627.8,3557.8,2024-10,3577.0,676227
C:\Users\v-dhramaraj\Desktop\Python\Projects\Assignment2_StockAnalysis\Data-20250430T011355Z-1-001\Data\data\2024-10,SHRIRAMFIN,3409.5,2024-10-03 05:30:00,3574.9,3400.05,2024-10,3570.0,1607336
C:\Users\v-dhramaraj\Desktop\Python\Projects\Assignment2_StockAnalysis\Data-20250430T011355Z-1-001\Data\data\2024-10,SHRIRAMFIN,3336.3,2024-10-04 05:30:00,3414.5,3315.5,2024-10,3407.0,1765505
C:\Users\v-dhramaraj\Desktop\Python\Projects\Assignment2_StockAnalysis\Data-20250430T011355Z-1-001\Data\data\2024-10,SHRIRAMFIN,3299.35,2024-10-07 05:30:00,3413.0,3256.0,2024-10,3369.8,1096153
C:\Users\v-dhramaraj\Desktop\Python\Projects\Assignment2_StockAnalysis\Data-20250430T011355Z-1-001\Data\data\2024-10,SHRIRAMFIN,3329.3,2024-10-08 05:30:00,3373.05,3278.0,2024-10,3278.0,1824436
C:\Users\v-dhramaraj\Desktop\Python\Projects\Assignment2_StockAnalysis\Data-20250430T011355Z-1-001\Data\data\2024-10,SHRIRAMFIN,3387.95,2024-10-09 05:30:00,3480.0,3340.0,2024-10,3354.5,1313916
C:\Users\v-dhramaraj\Desktop\Python\Projects\Assignment2_StockAnalysis\Data-20250430T011355Z-1-001\Data\data\2024-10,SHRIRAMFIN,3337.65,2024-10-10 05:30:00,3415.95,3325.9,2024-10,3400.0,748077
C:\Users\v-dhramaraj\Desktop\Python\Projects\Assignment2_StockAnalysis\Data-20250430T011355Z-1-001\Data\data\2024-10,SHRIRAMFIN,3341.2,2024-10-11 05:30:00,3357.9,3308.05,2024-10,3350.0,359924
C:\Users\v-dhramaraj\Desktop\Python\Projects\Assignment2_StockAnalysis\Data-20250430T011355Z-1-001\Data\data\2024-10,SHRIRAMFIN,3395.3,2024-10-14 05:30:00,3430.0,3353.75,2024-10,3368.0,768817
C:\Users\v-dhramaraj\Desktop\Python\Projects\Assignment2_StockAnalysis\Data-20250430T011355Z-1-001\Data\data\2024-10,SHRIRAMFIN,3401.15,2024-10-15 05:30:00,3438.6,3368.6,2024-10,3420.0,1041971
C:\Users\v-dhramaraj\Desktop\Python\Projects\Assignment2_StockAnalysis\Data-20250430T011355Z-1-001\Data\data\2024-10,SHRIRAMFIN,3390.4,2024-10-16 05:30:00,3422.0,3367.1,2024-10,3417.0,321470
C:\Users\v-dhramaraj\Desktop\Python\Projects\Assignment2_StockAnalysis\Data-20250430T011355Z-1-001\Data\data\2024-10,SHRIRAMFIN,3258.6,2024-10-17 05:30:00,3385.95,3245.95,2024-10,3379.0,1647563
C:\Users\v-dhramaraj\Desktop\Python\Projects\Assignment2_StockAnalysis\Data-20250430T011355Z-1-001\Data\data\2024-10,SHRIRAMFIN,3344.65,2024-10-18 05:30:00,3373.9,3145.75,2024-10,3187.75,1876041
C:\Users\v-dhramaraj\Desktop\Python\Projects\Assignment2_StockAnalysis\Data-20250430T011355Z-1-001\Data\data\2024-10,SHRIRAMFIN,3313.3,2024-10-21 05:30:00,3383.5,3272.0,2024-10,3356.95,1125596
C:\Users\v-dhramaraj\Desktop\Python\Projects\Assignment2_StockAnalysis\Data-20250430T011355Z-1-001\Data\data\2024-10,SHRIRAMFIN,3254.5,2024-10-22 05:30:00,3391.0,3240.0,2024-10,3313.3,3938252
C:\Users\v-dhramaraj\Desktop\Python\Projects\Assignment2_StockAnalysis\Data-20250430T011355Z-1-001\Data\data\2024-10,SHRIRAMFIN,3197.75,2024-10-23 05:30:00,3260.5,3170.05,2024-10,3200.0,1932061
C:\Users\v-dhramaraj\Desktop\Python\Projects\Assignment2_StockAnalysis\Data-20250430T011355Z-1-001\Data\data\2024-10,SHRIRAMFIN,3245.1,2024-10-24 05:30:00,3266.0,3185.55,2024-10,3190.0,1500254
C:\Users\v-dhramaraj\Desktop\Python\Projects\Assignment2_StockAnalysis\Data-20250430T011355Z-1-001\Data\data\2024-10,SHRIRAMFIN,3092.65,2024-10-25 05:30:00,3254.3,3028.0,2024-10,3254.3,3050378
C:\Users\v-dhramaraj\Desktop\Python\Projects\Assignment2_StockAnalysis\Data-20250430T011355Z-1-001\Data\data\2024-10,SHRIRAMFIN,3259.3,2024-10-28 05:30:00,3344.15,3144.0,2024-10,3164.0,4320596
C:\Users\v-dhramaraj\Desktop\Python\Projects\Assignment2_StockAnalysis\Data-20250430T011355Z-1-001\Data\data\2024-10,SHRIRAMFIN,3265.8,2024-10-29 05:30:00,3285.65,3162.4,2024-10,3242.1,2181280
C:\Users\v-dhramaraj\Desktop\Python\Projects\Assignment2_StockAnalysis\Data-20250430T011355Z-1-001\Data\data\2024-10,SHRIRAMFIN,3185.8,2024-10-30 05:30:00,3259.7,3176.95,2024-10,3217.05,1392877
C:\Users\v-dhramaraj\Desktop\Python\Projects\Assignment2_StockAnalysis\Data-20250430T011355Z-1-001\Data\data\2024-10,SHRIRAMFIN,3138.9,2024-10-31 05:30:00,3185.0,3087.6,2024-10,3185.0,1615002
C:\Users\v-dhramaraj\Desktop\Python\Projects\Assignment2_StockAnalysis\Data-20250430T011355Z-1-001\Data\data\2024-11,SHRIRAMFIN,3150.95,2024-11-01 05:30:00,3164.0,3140.0,2024-11,3159.0,57346
C:\Users\v-dhramaraj\Desktop\Python\Projects\Assignment2_StockAnalysis\Data-20250430T011355Z-1-001\Data\data\2024-11,SHRIRAMFIN,3147.9,2024-11-04 05:30:00,3169.65,3108.95,2024-11,3155.4,968592
C:\Users\v-dhramaraj\Desktop\Python\Projects\Assignment2_StockAnalysis\Data-20250430T011355Z-1-001\Data\data\2024-11,SHRIRAMFIN,3162.3,2024-11-05 05:30:00,3176.0,3055.0,2024-11,3157.6,1521235
C:\Users\v-dhramaraj\Desktop\Python\Projects\Assignment2_StockAnalysis\Data-20250430T011355Z-1-001\Data\data\2024-11,SHRIRAMFIN,3186.7,2024-11-06 05:30:00,3200.0,3136.3,2024-11,3187.0,858932
C:\Users\v-dhramaraj\Desktop\Python\Projects\Assignment2_StockAnalysis\Data-20250430T011355Z-1-001\Data\data\2024-11,SHRIRAMFIN,3070.15,2024-11-07 05:30:00,3193.9,3058.0,2024-11,3193.9,1169384
C:\Users\v-dhramaraj\Desktop\Python\Projects\Assignment2_StockAnalysis\Data-20250430T011355Z-1-001\Data\data\2024-11,SHRIRAMFIN,3007.95,2024-11-08 05:30:00,3085.0,2997.05,2024-11,3085.0,770349
C:\Users\v-dhramaraj\Desktop\Python\Projects\Assignment2_StockAnalysis\Data-20250430T011355Z-1-001\Data\data\2024-11,SHRIRAMFIN,2999.45,2024-11-11 05:30:00,3057.05,2957.8,2024-11,3010.0,820375
C:\Users\v-dhramaraj\Desktop\Python\Projects\Assignment2_StockAnalysis\Data-20250430T011355Z-1-001\Data\data\2024-11,SHRIRAMFIN,2931.2,2024-11-12 05:30:00,3025.35,2922.65,2024-11,3014.45,1086132
C:\Users\v-dhramaraj\Desktop\Python\Projects\Assignment2_StockAnalysis\Data-20250430T011355Z-1-001\Data\data\2024-11,SHRIRAMFIN,2853.85,2024-11-13 05:30:00,2930.5,2839.25,2024-11,2930.5,1351101
C:\Users\v-dhramaraj\Desktop\Python\Projects\Assignment2_StockAnalysis\Data-20250430T011355Z-1-001\Data\data\2024-11,SHRIRAMFIN,2822.6,2024-11-14 05:30:00,2867.0,2783.0,2024-11,2852.8,1434537
C:\Users\v-dhramaraj\Desktop\Python\Projects\Assignment2_StockAnalysis\Data-20250430T011355Z-1-001\Data\data\2024-11,SHRIRAMFIN,2848.15,2024-11-18 05:30:00,2866.8,2800.0,2024-11,2822.6,968379
C:\Users\v-dhramaraj\Desktop\Python\Projects\Assignment2_StockAnalysis\Data-20250430T011355Z-1-001\Data\data\2024-11,SHRIRAMFIN,2824.75,2024-11-19 05:30:00,2866.0,2801.7,2024-11,2848.0,1188509
C:\Users\v-dhramaraj\Desktop\Python\Projects\Assignment2_StockAnalysis\Data-20250430T011355Z-1-001\Data\data\2024-11,SHRIRAMFIN,2802.2,2024-11-21 05:30:00,2837.0,2768.0,2024-11,2835.95,955480
C:\Users\v-dhramaraj\Desktop\Python\Projects\Assignment2_StockAnalysis\Data-20250430T011355Z-1-001\Data\data\2024-11,SHRIRAMFIN,2850.05,2024-11-22 05:30:00,2865.0,2745.55,2024-11,2750.0,1638998
