Source Folder,Ticker,close,date,high,low,month,open,volume
C:\Users\v-dhramaraj\Desktop\Python\Projects\Assignment2_StockAnalysis\Data-20250430T011355Z-1-001\Data\data\2023-10,SUNPHARMA,1141.45,2023-10-03 05:30:00,1161.95,1139.25,2023-10,1159.55,1946966
C:\Users\v-dhramaraj\Desktop\Python\Projects\Assignment2_StockAnalysis\Data-20250430T011355Z-1-001\Data\data\2023-10,SUNPHARMA,1123.8,2023-10-04 05:30:00,1139.0,1113.0,2023-10,1138.1,1803871
C:\Users\v-dhramaraj\Desktop\Python\Projects\Assignment2_StockAnalysis\Data-20250430T011355Z-1-001\Data\data\2023-10,SUNPHARMA,1119.1,2023-10-05 05:30:00,1128.65,1111.8,2023-10,1124.65,2348562
C:\Users\v-dhramaraj\Desktop\Python\Projects\Assignment2_StockAnalysis\Data-20250430T011355Z-1-001\Data\data\2023-10,SUNPHARMA,1127.3,2023-10-06 05:30:00,1132.15,1123.1,2023-10,1128.0,1056281
C:\Users\v-dhramaraj\Desktop\Python\Projects\Assignment2_StockAnalysis\Data-20250430T011355Z-1-001\Data\data\2023-10,SUNPHARMA,1123.05,2023-10-09 05:30:00,1133.8,1109.0,2023-10,1111.0,1080276
C:\Users\v-dhramaraj\Desktop\Python\Projects\Assignment2_StockAnalysis\Data-20250430T011355Z-1-001\Data\data\2023-10,SUNPHARMA,1126.5,2023-10-10 05:30:00,1130.4,1119.8,2023-10,1122.0,1092093
C:\Users\v-dhramaraj\Desktop\Python\Projects\Assignment2_StockAnalysis\Data-20250430T011355Z-1-001\Data\data\2023-10,SUNPHARMA,1128.75,2023-10-11 05:30:00,1134.45,1122.35,2023-10,1128.0,1456045
C:\Users\v-dhramaraj\Desktop\Python\Projects\Assignment2_StockAnalysis\Data-20250430T011355Z-1-001\Data\data\2023-10,SUNPHARMA,1130.4,2023-10-12 05:30:00,1132.55,1121.2,2023-10,1129.0,1221965
C:\Users\v-dhramaraj\Desktop\Python\Projects\Assignment2_StockAnalysis\Data-20250430T011355Z-1-001\Data\data\2023-10,SUNPHARMA,1145.3,2023-10-13 05:30:00,1147.2,1122.0,2023-10,1126.1,1934884
C:\Users\v-dhramaraj\Desktop\Python\Projects\Assignment2_StockAnalysis\Data-20250430T011355Z-1-001\Data\data\2023-10,SUNPHARMA,1135.3,2023-10-16 05:30:00,1147.25,1133.05,2023-10,1141.5,1144308
C:\Users\v-dhramaraj\Desktop\Python\Projects\Assignment2_StockAnalysis\Data-20250430T011355Z-1-001\Data\data\2023-10,SUNPHARMA,1136.8,2023-10-17 05:30:00,1144.0,1134.0,2023-10,1138.65,798807
C:\Users\v-dhramaraj\Desktop\Python\Projects\Assignment2_StockAnalysis\Data-20250430T011355Z-1-001\Data\data\2023-10,SUNPHARMA,1153.4,2023-10-18 05:30:00,1161.8,1134.05,2023-10,1137.0,2178517
C:\Users\v-dhramaraj\Desktop\Python\Projects\Assignment2_StockAnalysis\Data-20250430T011355Z-1-001\Data\data\2023-10,SUNPHARMA,1141.5,2023-10-19 05:30:00,1150.0,1135.0,2023-10,1147.4,1765065
C:\Users\v-dhramaraj\Desktop\Python\Projects\Assignment2_StockAnalysis\Data-20250430T011355Z-1-001\Data\data\2023-10,SUNPHARMA,1142.2,2023-10-20 05:30:00,1145.0,1133.1,2023-10,1138.0,957910
C:\Users\v-dhramaraj\Desktop\Python\Projects\Assignment2_StockAnalysis\Data-20250430T011355Z-1-001\Data\data\2023-10,SUNPHARMA,1122.45,2023-10-23 05:30:00,1149.2,1118.0,2023-10,1135.0,702730
C:\Users\v-dhramaraj\Desktop\Python\Projects\Assignment2_StockAnalysis\Data-20250430T011355Z-1-001\Data\data\2023-10,SUNPHARMA,1120.3,2023-10-25 05:30:00,1129.7,1112.8,2023-10,1125.0,1800673
C:\Users\v-dhramaraj\Desktop\Python\Projects\Assignment2_StockAnalysis\Data-20250430T011355Z-1-001\Data\data\2023-10,SUNPHARMA,1103.7,2023-10-26 05:30:00,1117.95,1097.5,2023-10,1115.95,2223975
C:\Users\v-dhramaraj\Desktop\Python\Projects\Assignment2_StockAnalysis\Data-20250430T011355Z-1-001\Data\data\2023-10,SUNPHARMA,1111.3,2023-10-27 05:30:00,1119.8,1107.65,2023-10,1112.0,1250965
C:\Users\v-dhramaraj\Desktop\Python\Projects\Assignment2_StockAnalysis\Data-20250430T011355Z-1-001\Data\data\2023-10,SUNPHARMA,1115.2,2023-10-30 05:30:00,1119.95,1103.85,2023-10,1115.7,1078813
C:\Users\v-dhramaraj\Desktop\Python\Projects\Assignment2_StockAnalysis\Data-20250430T011355Z-1-001\Data\data\2023-10,SUNPHARMA,1088.6,2023-10-31 05:30:00,1119.6,1068.35,2023-10,1119.45,6475786
C:\Users\v-dhramaraj\Desktop\Python\Projects\Assignment2_StockAnalysis\Data-20250430T011355Z-1-001\Data\data\2023-11,SUNPHARMA,1116.2,2023-11-01 05:30:00,1132.55,1082.6,2023-11,1092.0,3973264
C:\Users\v-dhramaraj\Desktop\Python\Projects\Assignment2_StockAnalysis\Data-20250430T011355Z-1-001\Data\data\2023-11,SUNPHARMA,1132.85,2023-11-02 05:30:00,1137.55,1110.6,2023-11,1127.85,3454692
C:\Users\v-dhramaraj\Desktop\Python\Projects\Assignment2_StockAnalysis\Data-20250430T011355Z-1-001\Data\data\2023-11,SUNPHARMA,1141.1,2023-11-03 05:30:00,1145.7,1131.5,2023-11,1138.5,1741756
C:\Users\v-dhramaraj\Desktop\Python\Projects\Assignment2_StockAnalysis\Data-20250430T011355Z-1-001\Data\data\2023-11,SUNPHARMA,1150.0,2023-11-06 05:30:00,1151.0,1140.0,2023-11,1140.1,1428537
C:\Users\v-dhramaraj\Desktop\Python\Projects\Assignment2_StockAnalysis\Data-20250430T011355Z-1-001\Data\data\2023-11,SUNPHARMA,1170.95,2023-11-07 05:30:00,1173.55,1146.55,2023-11,1149.0,1811831
C:\Users\v-dhramaraj\Desktop\Python\Projects\Assignment2_StockAnalysis\Data-20250430T011355Z-1-001\Data\data\2023-11,SUNPHARMA,1176.7,2023-11-08 05:30:00,1182.9,1171.0,2023-11,1175.0,1702301
C:\Users\v-dhramaraj\Desktop\Python\Projects\Assignment2_StockAnalysis\Data-20250430T011355Z-1-001\Data\data\2023-11,SUNPHARMA,1176.2,2023-11-09 05:30:00,1183.25,1166.85,2023-11,1181.0,1849169
C:\Users\v-dhramaraj\Desktop\Python\Projects\Assignment2_StockAnalysis\Data-20250430T011355Z-1-001\Data\data\2023-11,SUNPHARMA,1179.35,2023-11-10 05:30:00,1181.5,1170.1,2023-11,1174.05,957539
C:\Users\v-dhramaraj\Desktop\Python\Projects\Assignment2_StockAnalysis\Data-20250430T011355Z-1-001\Data\data\2023-11,SUNPHARMA,1180.6,2023-11-12 05:30:00,1187.0,1177.3,2023-11,1181.5,127953
C:\Users\v-dhramaraj\Desktop\Python\Projects\Assignment2_StockAnalysis\Data-20250430T011355Z-1-001\Data\data\2023-11,SUNPHARMA,1177.8,2023-11-13 05:30:00,1187.55,1173.75,2023-11,1180.1,816825
C:\Users\v-dhramaraj\Desktop\Python\Projects\Assignment2_StockAnalysis\Data-20250430T011355Z-1-001\Data\data\2023-11,SUNPHARMA,1180.9,2023-11-15 05:30:00,1184.4,1171.0,2023-11,1179.5,2246320
C:\Users\v-dhramaraj\Desktop\Python\Projects\Assignment2_StockAnalysis\Data-20250430T011355Z-1-001\Data\data\2023-11,SUNPHARMA,1189.55,2023-11-16 05:30:00,1194.9,1179.6,2023-11,1182.0,2205723
C:\Users\v-dhramaraj\Desktop\Python\Projects\Assignment2_StockAnalysis\Data-20250430T011355Z-1-001\Data\data\2023-11,SUNPHARMA,1194.6,2023-11-17 05:30:00,1198.4,1187.95,2023-11,1189.8,891965
C:\Users\v-dhramaraj\Desktop\Python\Projects\Assignment2_StockAnalysis\Data-20250430T011355Z-1-001\Data\data\2023-11,SUNPHARMA,1188.0,2023-11-20 05:30:00,1198.25,1185.25,2023-11,1196.0,1054810
C:\Users\v-dhramaraj\Desktop\Python\Projects\Assignment2_StockAnalysis\Data-20250430T011355Z-1-001\Data\data\2023-11,SUNPHARMA,1201.4,2023-11-21 05:30:00,1205.0,1186.25,2023-11,1189.0,999135
C:\Users\v-dhramaraj\Desktop\Python\Projects\Assignment2_StockAnalysis\Data-20250430T011355Z-1-001\Data\data\2023-11,SUNPHARMA,1204.1,2023-11-22 05:30:00,1214.8,1199.0,2023-11,1205.0,1401782
C:\Users\v-dhramaraj\Desktop\Python\Projects\Assignment2_StockAnalysis\Data-20250430T011355Z-1-001\Data\data\2023-11,SUNPHARMA,1198.8,2023-11-23 05:30:00,1209.9,1194.75,2023-11,1203.55,1177434
C:\Users\v-dhramaraj\Desktop\Python\Projects\Assignment2_StockAnalysis\Data-20250430T011355Z-1-001\Data\data\2023-11,SUNPHARMA,1195.45,2023-11-24 05:30:00,1209.6,1192.8,2023-11,1200.0,1376695
C:\Users\v-dhramaraj\Desktop\Python\Projects\Assignment2_StockAnalysis\Data-20250430T011355Z-1-001\Data\data\2023-11,SUNPHARMA,1191.35,2023-11-28 05:30:00,1200.35,1189.75,2023-11,1197.15,886708
C:\Users\v-dhramaraj\Desktop\Python\Projects\Assignment2_StockAnalysis\Data-20250430T011355Z-1-001\Data\data\2023-11,SUNPHARMA,1202.2,2023-11-29 05:30:00,1209.5,1184.5,2023-11,1191.95,1813462
C:\Users\v-dhramaraj\Desktop\Python\Projects\Assignment2_StockAnalysis\Data-20250430T011355Z-1-001\Data\data\2023-11,SUNPHARMA,1225.85,2023-11-30 05:30:00,1231.15,1192.35,2023-11,1192.35,4672807
C:\Users\v-dhramaraj\Desktop\Python\Projects\Assignment2_StockAnalysis\Data-20250430T011355Z-1-001\Data\data\2023-12,SUNPHARMA,1231.25,2023-12-01 05:30:00,1241.85,1225.0,2023-12,1233.05,1749751
C:\Users\v-dhramaraj\Desktop\Python\Projects\Assignment2_StockAnalysis\Data-20250430T011355Z-1-001\Data\data\2023-12,SUNPHARMA,1231.15,2023-12-04 05:30:00,1240.0,1220.5,2023-12,1237.25,1615837
C:\Users\v-dhramaraj\Desktop\Python\Projects\Assignment2_StockAnalysis\Data-20250430T011355Z-1-001\Data\data\2023-12,SUNPHARMA,1239.55,2023-12-05 05:30:00,1243.6,1220.55,2023-12,1225.9,930042
C:\Users\v-dhramaraj\Desktop\Python\Projects\Assignment2_StockAnalysis\Data-20250430T011355Z-1-001\Data\data\2023-12,SUNPHARMA,1240.35,2023-12-06 05:30:00,1258.0,1233.3,2023-12,1248.55,1704590
C:\Users\v-dhramaraj\Desktop\Python\Projects\Assignment2_StockAnalysis\Data-20250430T011355Z-1-001\Data\data\2023-12,SUNPHARMA,1239.3,2023-12-07 05:30:00,1241.9,1228.9,2023-12,1231.0,1478355
C:\Users\v-dhramaraj\Desktop\Python\Projects\Assignment2_StockAnalysis\Data-20250430T011355Z-1-001\Data\data\2023-12,SUNPHARMA,1235.8,2023-12-08 05:30:00,1247.6,1230.65,2023-12,1236.05,1612113
C:\Users\v-dhramaraj\Desktop\Python\Projects\Assignment2_StockAnalysis\Data-20250430T011355Z-1-001\Data\data\2023-12,SUNPHARMA,1241.4,2023-12-11 05:30:00,1246.35,1215.1,2023-12,1236.0,1172972
C:\Users\v-dhramaraj\Desktop\Python\Projects\Assignment2_StockAnalysis\Data-20250430T011355Z-1-001\Data\data\2023-12,SUNPHARMA,1218.0,2023-12-12 05:30:00,1250.0,1212.65,2023-12,1249.0,2832873
C:\Users\v-dhramaraj\Desktop\Python\Projects\Assignment2_StockAnalysis\Data-20250430T011355Z-1-001\Data\data\2023-12,SUNPHARMA,1233.1,2023-12-13 05:30:00,1239.6,1212.65,2023-12,1218.3,2448178
C:\Users\v-dhramaraj\Desktop\Python\Projects\Assignment2_StockAnalysis\Data-20250430T011355Z-1-001\Data\data\2023-12,SUNPHARMA,1231.3,2023-12-14 05:30:00,1239.9,1224.25,2023-12,1239.0,2341190
C:\Users\v-dhramaraj\Desktop\Python\Projects\Assignment2_StockAnalysis\Data-20250430T011355Z-1-001\Data\data\2023-12,SUNPHARMA,1235.75,2023-12-15 05:30:00,1246.5,1233.0,2023-12,1241.0,3474624
C:\Users\v-dhramaraj\Desktop\Python\Projects\Assignment2_StockAnalysis\Data-20250430T011355Z-1-001\Data\data\2023-12,SUNPHARMA,1252.75,2023-12-18 05:30:00,1267.9,1234.0,2023-12,1235.75,2135393
C:\Users\v-dhramaraj\Desktop\Python\Projects\Assignment2_StockAnalysis\Data-20250430T011355Z-1-001\Data\data\2023-12,SUNPHARMA,1244.95,2023-12-19 05:30:00,1267.95,1236.5,2023-12,1264.8,2187458
C:\Users\v-dhramaraj\Desktop\Python\Projects\Assignment2_StockAnalysis\Data-20250430T011355Z-1-001\Data\data\2023-12,SUNPHARMA,1232.15,2023-12-20 05:30:00,1255.0,1228.45,2023-12,1255.0,1837031
C:\Users\v-dhramaraj\Desktop\Python\Projects\Assignment2_StockAnalysis\Data-20250430T011355Z-1-001\Data\data\2023-12,SUNPHARMA,1233.5,2023-12-21 05:30:00,1237.95,1208.55,2023-12,1224.1,1916222
C:\Users\v-dhramaraj\Desktop\Python\Projects\Assignment2_StockAnalysis\Data-20250430T011355Z-1-001\Data\data\2023-12,SUNPHARMA,1243.65,2023-12-22 05:30:00,1251.0,1236.05,2023-12,1240.0,2058127
C:\Users\v-dhramaraj\Desktop\Python\Projects\Assignment2_StockAnalysis\Data-20250430T011355Z-1-001\Data\data\2023-12,SUNPHARMA,1247.5,2023-12-26 05:30:00,1250.0,1239.3,2023-12,1243.65,1796483
C:\Users\v-dhramaraj\Desktop\Python\Projects\Assignment2_StockAnalysis\Data-20250430T011355Z-1-001\Data\data\2023-12,SUNPHARMA,1252.45,2023-12-27 05:30:00,1255.4,1241.25,2023-12,1250.0,2005268
C:\Users\v-dhramaraj\Desktop\Python\Projects\Assignment2_StockAnalysis\Data-20250430T011355Z-1-001\Data\data\2023-12,SUNPHARMA,1262.15,2023-12-28 05:30:00,1264.65,1249.55,2023-12,1254.95,2043365
C:\Users\v-dhramaraj\Desktop\Python\Projects\Assignment2_StockAnalysis\Data-20250430T011355Z-1-001\Data\data\2023-12,SUNPHARMA,1259.45,2023-12-29 05:30:00,1271.95,1252.55,2023-12,1262.1,1840160
C:\Users\v-dhramaraj\Desktop\Python\Projects\Assignment2_StockAnalysis\Data-20250430T011355Z-1-001\Data\data\2024-01,SUNPHARMA,1260.25,2024-01-01 05:30:00,1263.95,1252.5,2024-01,1261.0,733452
C:\Users\v-dhramaraj\Desktop\Python\Projects\Assignment2_StockAnalysis\Data-20250430T011355Z-1-001\Data\data\2024-01,SUNPHARMA,1296.2,2024-01-02 05:30:00,1299.0,1257.15,2024-01,1261.0,3174447
C:\Users\v-dhramaraj\Desktop\Python\Projects\Assignment2_StockAnalysis\Data-20250430T011355Z-1-001\Data\data\2024-01,SUNPHARMA,1298.6,2024-01-03 05:30:00,1304.65,1291.15,2024-01,1296.2,1699057
C:\Users\v-dhramaraj\Desktop\Python\Projects\Assignment2_StockAnalysis\Data-20250430T011355Z-1-001\Data\data\2024-01,SUNPHARMA,1312.95,2024-01-04 05:30:00,1328.5,1297.05,2024-01,1304.0,2851729
C:\Users\v-dhramaraj\Desktop\Python\Projects\Assignment2_StockAnalysis\Data-20250430T011355Z-1-001\Data\data\2024-01,SUNPHARMA,1300.2,2024-01-05 05:30:00,1318.0,1287.0,2024-01,1318.0,2960339
C:\Users\v-dhramaraj\Desktop\Python\Projects\Assignment2_StockAnalysis\Data-20250430T011355Z-1-001\Data\data\2024-01,SUNPHARMA,1305.3,2024-01-08 05:30:00,1309.95,1299.3,2024-01,1305.4,1678133
C:\Users\v-dhramaraj\Desktop\Python\Projects\Assignment2_StockAnalysis\Data-20250430T011355Z-1-001\Data\data\2024-01,SUNPHARMA,1324.0,2024-01-09 05:30:00,1333.45,1306.85,2024-01,1314.95,1712486
C:\Users\v-dhramaraj\Desktop\Python\Projects\Assignment2_StockAnalysis\Data-20250430T011355Z-1-001\Data\data\2024-01,SUNPHARMA,1324.85,2024-01-10 05:30:00,1333.5,1313.15,2024-01,1330.05,1278475
C:\Users\v-dhramaraj\Desktop\Python\Projects\Assignment2_StockAnalysis\Data-20250430T011355Z-1-001\Data\data\2024-01,SUNPHARMA,1316.25,2024-01-11 05:30:00,1331.9,1310.2,2024-01,1328.0,1320281
C:\Users\v-dhramaraj\Desktop\Python\Projects\Assignment2_StockAnalysis\Data-20250430T011355Z-1-001\Data\data\2024-01,SUNPHARMA,1325.95,2024-01-12 05:30:00,1330.0,1305.55,2024-01,1319.0,1538242
C:\Users\v-dhramaraj\Desktop\Python\Projects\Assignment2_StockAnalysis\Data-20250430T011355Z-1-001\Data\data\2024-01,SUNPHARMA,1329.35,2024-01-15 05:30:00,1340.0,1321.6,2024-01,1329.2,1475983
C:\Users\v-dhramaraj\Desktop\Python\Projects\Assignment2_StockAnalysis\Data-20250430T011355Z-1-001\Data\data\2024-01,SUNPHARMA,1313.45,2024-01-16 05:30:00,1331.55,1307.55,2024-01,1330.05,824502
C:\Users\v-dhramaraj\Desktop\Python\Projects\Assignment2_StockAnalysis\Data-20250430T011355Z-1-001\Data\data\2024-01,SUNPHARMA,1299.0,2024-01-17 05:30:00,1320.45,1294.35,2024-01,1312.0,2544642
C:\Users\v-dhramaraj\Desktop\Python\Projects\Assignment2_StockAnalysis\Data-20250430T011355Z-1-001\Data\data\2024-01,SUNPHARMA,1335.75,2024-01-18 05:30:00,1343.4,1290.0,2024-01,1298.95,2842572
C:\Users\v-dhramaraj\Desktop\Python\Projects\Assignment2_StockAnalysis\Data-20250430T011355Z-1-001\Data\data\2024-01,SUNPHARMA,1335.6,2024-01-19 05:30:00,1344.4,1329.15,2024-01,1340.0,1605745
C:\Users\v-dhramaraj\Desktop\Python\Projects\Assignment2_StockAnalysis\Data-20250430T011355Z-1-001\Data\data\2024-01,SUNPHARMA,1326.15,2024-01-20 05:30:00,1346.35,1324.25,2024-01,1339.0,284105
C:\Users\v-dhramaraj\Desktop\Python\Projects\Assignment2_StockAnalysis\Data-20250430T011355Z-1-001\Data\data\2024-01,SUNPHARMA,1378.3,2024-01-23 05:30:00,1394.6,1316.0,2024-01,1316.0,4129729
C:\Users\v-dhramaraj\Desktop\Python\Projects\Assignment2_StockAnalysis\Data-20250430T011355Z-1-001\Data\data\2024-01,SUNPHARMA,1382.1,2024-01-24 05:30:00,1390.0,1360.35,2024-01,1380.0,1719845
C:\Users\v-dhramaraj\Desktop\Python\Projects\Assignment2_StockAnalysis\Data-20250430T011355Z-1-001\Data\data\2024-01,SUNPHARMA,1368.3,2024-01-25 05:30:00,1390.1,1348.5,2024-01,1383.55,1870910
C:\Users\v-dhramaraj\Desktop\Python\Projects\Assignment2_StockAnalysis\Data-20250430T011355Z-1-001\Data\data\2024-01,SUNPHARMA,1400.85,2024-01-29 05:30:00,1420.85,1355.2,2024-01,1365.0,3413149
C:\Users\v-dhramaraj\Desktop\Python\Projects\Assignment2_StockAnalysis\Data-20250430T011355Z-1-001\Data\data\2024-01,SUNPHARMA,1371.75,2024-01-30 05:30:00,1409.2,1369.15,2024-01,1401.9,1935332
C:\Users\v-dhramaraj\Desktop\Python\Projects\Assignment2_StockAnalysis\Data-20250430T011355Z-1-001\Data\data\2024-01,SUNPHARMA,1418.45,2024-01-31 05:30:00,1438.9,1366.9,2024-01,1371.7,5796356
C:\Users\v-dhramaraj\Desktop\Python\Projects\Assignment2_StockAnalysis\Data-20250430T011355Z-1-001\Data\data\2024-02,SUNPHARMA,1407.95,2024-02-01 05:30:00,1430.45,1398.9,2024-02,1427.0,2442481
C:\Users\v-dhramaraj\Desktop\Python\Projects\Assignment2_StockAnalysis\Data-20250430T011355Z-1-001\Data\data\2024-02,SUNPHARMA,1416.65,2024-02-02 05:30:00,1433.85,1405.15,2024-02,1409.0,1775449
C:\Users\v-dhramaraj\Desktop\Python\Projects\Assignment2_StockAnalysis\Data-20250430T011355Z-1-001\Data\data\2024-02,SUNPHARMA,1463.8,2024-02-05 05:30:00,1466.0,1423.6,2024-02,1426.8,3481964
C:\Users\v-dhramaraj\Desktop\Python\Projects\Assignment2_StockAnalysis\Data-20250430T011355Z-1-001\Data\data\2024-02,SUNPHARMA,1475.1,2024-02-06 05:30:00,1478.0,1446.55,2024-02,1450.0,1893995
C:\Users\v-dhramaraj\Desktop\Python\Projects\Assignment2_StockAnalysis\Data-20250430T011355Z-1-001\Data\data\2024-02,SUNPHARMA,1496.2,2024-02-07 05:30:00,1500.45,1480.4,2024-02,1483.0,2259235
C:\Users\v-dhramaraj\Desktop\Python\Projects\Assignment2_StockAnalysis\Data-20250430T011355Z-1-001\Data\data\2024-02,SUNPHARMA,1499.6,2024-02-08 05:30:00,1507.5,1485.35,2024-02,1501.05,2213750
C:\Users\v-dhramaraj\Desktop\Python\Projects\Assignment2_StockAnalysis\Data-20250430T011355Z-1-001\Data\data\2024-02,SUNPHARMA,1534.8,2024-02-09 05:30:00,1539.0,1492.25,2024-02,1500.9,6343881
C:\Users\v-dhramaraj\Desktop\Python\Projects\Assignment2_StockAnalysis\Data-20250430T011355Z-1-001\Data\data\2024-02,SUNPHARMA,1534.45,2024-02-12 05:30:00,1555.1,1521.1,2024-02,1539.85,4059288
C:\Users\v-dhramaraj\Desktop\Python\Projects\Assignment2_StockAnalysis\Data-20250430T011355Z-1-001\Data\data\2024-02,SUNPHARMA,1542.2,2024-02-13 05:30:00,1551.0,1525.45,2024-02,1537.5,4687838
C:\Users\v-dhramaraj\Desktop\Python\Projects\Assignment2_StockAnalysis\Data-20250430T011355Z-1-001\Data\data\2024-02,SUNPHARMA,1520.4,2024-02-14 05:30:00,1545.8,1508.05,2024-02,1545.8,2105672
C:\Users\v-dhramaraj\Desktop\Python\Projects\Assignment2_StockAnalysis\Data-20250430T011355Z-1-001\Data\data\2024-02,SUNPHARMA,1509.9,2024-02-15 05:30:00,1529.05,1505.55,2024-02,1529.05,2161691
C:\Users\v-dhramaraj\Desktop\Python\Projects\Assignment2_StockAnalysis\Data-20250430T011355Z-1-001\Data\data\2024-02,SUNPHARMA,1509.95,2024-02-16 05:30:00,1522.0,1504.85,2024-02,1515.0,3480879
C:\Users\v-dhramaraj\Desktop\Python\Projects\Assignment2_StockAnalysis\Data-20250430T011355Z-1-001\Data\data\2024-02,SUNPHARMA,1530.1,2024-02-19 05:30:00,1532.75,1507.4,2024-02,1514.85,777823
C:\Users\v-dhramaraj\Desktop\Python\Projects\Assignment2_StockAnalysis\Data-20250430T011355Z-1-001\Data\data\2024-02,SUNPHARMA,1538.7,2024-02-20 05:30:00,1542.0,1512.25,2024-02,1532.0,2230669
C:\Users\v-dhramaraj\Desktop\Python\Projects\Assignment2_StockAnalysis\Data-20250430T011355Z-1-001\Data\data\2024-02,SUNPHARMA,1543.4,2024-02-21 05:30:00,1549.5,1533.0,2024-02,1540.05,1993748
C:\Users\v-dhramaraj\Desktop\Python\Projects\Assignment2_StockAnalysis\Data-20250430T011355Z-1-001\Data\data\2024-02,SUNPHARMA,1558.05,2024-02-22 05:30:00,1561.0,1535.0,2024-02,1549.6,1981678
C:\Users\v-dhramaraj\Desktop\Python\Projects\Assignment2_StockAnalysis\Data-20250430T011355Z-1-001\Data\data\2024-02,SUNPHARMA,1561.25,2024-02-23 05:30:00,1568.45,1550.4,2024-02,1558.0,1340283
C:\Users\v-dhramaraj\Desktop\Python\Projects\Assignment2_StockAnalysis\Data-20250430T011355Z-1-001\Data\data\2024-02,SUNPHARMA,1556.95,2024-02-26 05:30:00,1566.9,1548.7,2024-02,1562.0,974892
C:\Users\v-dhramaraj\Desktop\Python\Projects\Assignment2_StockAnalysis\Data-20250430T011355Z-1-001\Data\data\2024-02,SUNPHARMA,1582.75,2024-02-27 05:30:00,1585.45,1549.05,2024-02,1556.75,2140963
C:\Users\v-dhramaraj\Desktop\Python\Projects\Assignment2_StockAnalysis\Data-20250430T011355Z-1-001\Data\data\2024-02,SUNPHARMA,1573.85,2024-02-28 05:30:00,1587.45,1562.65,2024-02,1586.5,578316
C:\Users\v-dhramaraj\Desktop\Python\Projects\Assignment2_StockAnalysis\Data-20250430T011355Z-1-001\Data\data\2024-02,SUNPHARMA,1577.95,2024-02-29 05:30:00,1587.8,1556.5,2024-02,1575.0,2350244
C:\Users\v-dhramaraj\Desktop\Python\Projects\Assignment2_StockAnalysis\Data-20250430T011355Z-1-001\Data\data\2024-03,SUNPHARMA,1559.25,2024-03-01 05:30:00,1581.9,1548.05,2024-03,1580.0,4069161
C:\Users\v-dhramaraj\Desktop\Python\Projects\Assignment2_StockAnalysis\Data-20250430T011355Z-1-001\Data\data\2024-03,SUNPHARMA,1550.55,2024-03-02 05:30:00,1570.0,1524.0,2024-03,1570.0,95487
C:\Users\v-dhramaraj\Desktop\Python\Projects\Assignment2_StockAnalysis\Data-20250430T011355Z-1-001\Data\data\2024-03,SUNPHARMA,1552.1,2024-03-04 05:30:00,1569.1,1548.9,2024-03,1550.55,2298105
C:\Users\v-dhramaraj\Desktop\Python\Projects\Assignment2_StockAnalysis\Data-20250430T011355Z-1-001\Data\data\2024-03,SUNPHARMA,1574.2,2024-03-05 05:30:00,1576.4,1535.4,2024-03,1553.8,1408172
C:\Users\v-dhramaraj\Desktop\Python\Projects\Assignment2_StockAnalysis\Data-20250430T011355Z-1-001\Data\data\2024-03,SUNPHARMA,1604.0,2024-03-06 05:30:00,1606.75,1566.4,2024-03,1575.0,1761032
C:\Users\v-dhramaraj\Desktop\Python\Projects\Assignment2_StockAnalysis\Data-20250430T011355Z-1-001\Data\data\2024-03,SUNPHARMA,1605.7,2024-03-07 05:30:00,1619.95,1600.4,2024-03,1610.75,2440999
C:\Users\v-dhramaraj\Desktop\Python\Projects\Assignment2_StockAnalysis\Data-20250430T011355Z-1-001\Data\data\2024-03,SUNPHARMA,1593.6,2024-03-11 05:30:00,1627.0,1586.4,2024-03,1615.15,2994345
C:\Users\v-dhramaraj\Desktop\Python\Projects\Assignment2_StockAnalysis\Data-20250430T011355Z-1-001\Data\data\2024-03,SUNPHARMA,1584.3,2024-03-12 05:30:00,1603.8,1580.15,2024-03,1592.2,1294598
C:\Users\v-dhramaraj\Desktop\Python\Projects\Assignment2_StockAnalysis\Data-20250430T011355Z-1-001\Data\data\2024-03,SUNPHARMA,1558.6,2024-03-13 05:30:00,1592.2,1544.0,2024-03,1581.2,2881503
C:\Users\v-dhramaraj\Desktop\Python\Projects\Assignment2_StockAnalysis\Data-20250430T011355Z-1-001\Data\data\2024-03,SUNPHARMA,1570.2,2024-03-14 05:30:00,1574.3,1546.25,2024-03,1567.25,3062556
C:\Users\v-dhramaraj\Desktop\Python\Projects\Assignment2_StockAnalysis\Data-20250430T011355Z-1-001\Data\data\2024-03,SUNPHARMA,1548.2,2024-03-15 05:30:00,1573.5,1541.2,2024-03,1568.75,3421374
C:\Users\v-dhramaraj\Desktop\Python\Projects\Assignment2_StockAnalysis\Data-20250430T011355Z-1-001\Data\data\2024-03,SUNPHARMA,1571.25,2024-03-18 05:30:00,1576.25,1543.45,2024-03,1548.25,2281873
C:\Users\v-dhramaraj\Desktop\Python\Projects\Assignment2_StockAnalysis\Data-20250430T011355Z-1-001\Data\data\2024-03,SUNPHARMA,1548.45,2024-03-19 05:30:00,1579.75,1540.4,2024-03,1574.0,3692624
C:\Users\v-dhramaraj\Desktop\Python\Projects\Assignment2_StockAnalysis\Data-20250430T011355Z-1-001\Data\data\2024-03,SUNPHARMA,1549.35,2024-03-20 05:30:00,1559.95,1520.5,2024-03,1559.95,3412218
C:\Users\v-dhramaraj\Desktop\Python\Projects\Assignment2_StockAnalysis\Data-20250430T011355Z-1-001\Data\data\2024-03,SUNPHARMA,1565.2,2024-03-21 05:30:00,1570.85,1542.55,2024-03,1564.8,2567975
C:\Users\v-dhramaraj\Desktop\Python\Projects\Assignment2_StockAnalysis\Data-20250430T011355Z-1-001\Data\data\2024-03,SUNPHARMA,1608.9,2024-03-22 05:30:00,1621.0,1566.1,2024-03,1568.9,4941447
C:\Users\v-dhramaraj\Desktop\Python\Projects\Assignment2_StockAnalysis\Data-20250430T011355Z-1-001\Data\data\2024-03,SUNPHARMA,1598.1,2024-03-26 05:30:00,1614.7,1593.1,2024-03,1595.05,3649049
C:\Users\v-dhramaraj\Desktop\Python\Projects\Assignment2_StockAnalysis\Data-20250430T011355Z-1-001\Data\data\2024-03,SUNPHARMA,1604.15,2024-03-27 05:30:00,1626.15,1592.1,2024-03,1602.0,2530169
C:\Users\v-dhramaraj\Desktop\Python\Projects\Assignment2_StockAnalysis\Data-20250430T011355Z-1-001\Data\data\2024-03,SUNPHARMA,1620.55,2024-03-28 05:30:00,1634.0,1607.95,2024-03,1609.95,4427587
C:\Users\v-dhramaraj\Desktop\Python\Projects\Assignment2_StockAnalysis\Data-20250430T011355Z-1-001\Data\data\2024-04,SUNPHARMA,1629.25,2024-04-01 05:30:00,1633.75,1618.5,2024-04,1631.6,1148498
C:\Users\v-dhramaraj\Desktop\Python\Projects\Assignment2_StockAnalysis\Data-20250430T011355Z-1-001\Data\data\2024-04,SUNPHARMA,1622.25,2024-04-02 05:30:00,1633.0,1609.9,2024-04,1629.25,1921533
C:\Users\v-dhramaraj\Desktop\Python\Projects\Assignment2_StockAnalysis\Data-20250430T011355Z-1-001\Data\data\2024-04,SUNPHARMA,1619.85,2024-04-03 05:30:00,1628.95,1594.2,2024-04,1609.0,2098379
C:\Users\v-dhramaraj\Desktop\Python\Projects\Assignment2_StockAnalysis\Data-20250430T011355Z-1-001\Data\data\2024-04,SUNPHARMA,1619.35,2024-04-04 05:30:00,1628.0,1587.15,2024-04,1620.9,2439461
C:\Users\v-dhramaraj\Desktop\Python\Projects\Assignment2_StockAnalysis\Data-20250430T011355Z-1-001\Data\data\2024-04,SUNPHARMA,1609.0,2024-04-05 05:30:00,1638.85,1606.1,2024-04,1611.0,1548980
C:\Users\v-dhramaraj\Desktop\Python\Projects\Assignment2_StockAnalysis\Data-20250430T011355Z-1-001\Data\data\2024-04,SUNPHARMA,1599.7,2024-04-08 05:30:00,1618.9,1597.0,2024-04,1611.0,1170390
C:\Users\v-dhramaraj\Desktop\Python\Projects\Assignment2_StockAnalysis\Data-20250430T011355Z-1-001\Data\data\2024-04,SUNPHARMA,1602.55,2024-04-09 05:30:00,1608.85,1591.95,2024-04,1601.0,1389391
C:\Users\v-dhramaraj\Desktop\Python\Projects\Assignment2_StockAnalysis\Data-20250430T011355Z-1-001\Data\data\2024-04,SUNPHARMA,1604.05,2024-04-10 05:30:00,1608.5,1583.75,2024-04,1603.05,1928878
C:\Users\v-dhramaraj\Desktop\Python\Projects\Assignment2_StockAnalysis\Data-20250430T011355Z-1-001\Data\data\2024-04,SUNPHARMA,1540.0,2024-04-12 05:30:00,1595.0,1534.0,2024-04,1595.0,8258068
C:\Users\v-dhramaraj\Desktop\Python\Projects\Assignment2_StockAnalysis\Data-20250430T011355Z-1-001\Data\data\2024-04,SUNPHARMA,1540.05,2024-04-15 05:30:00,1544.1,1503.8,2024-04,1517.6,2474028
C:\Users\v-dhramaraj\Desktop\Python\Projects\Assignment2_StockAnalysis\Data-20250430T011355Z-1-001\Data\data\2024-04,SUNPHARMA,1537.55,2024-04-16 05:30:00,1543.3,1525.15,2024-04,1535.0,2058697
C:\Users\v-dhramaraj\Desktop\Python\Projects\Assignment2_StockAnalysis\Data-20250430T011355Z-1-001\Data\data\2024-04,SUNPHARMA,1516.4,2024-04-18 05:30:00,1545.55,1506.45,2024-04,1545.55,3266796
C:\Users\v-dhramaraj\Desktop\Python\Projects\Assignment2_StockAnalysis\Data-20250430T011355Z-1-001\Data\data\2024-04,SUNPHARMA,1522.8,2024-04-19 05:30:00,1528.3,1503.7,2024-04,1505.0,2536516
C:\Users\v-dhramaraj\Desktop\Python\Projects\Assignment2_StockAnalysis\Data-20250430T011355Z-1-001\Data\data\2024-04,SUNPHARMA,1540.1,2024-04-22 05:30:00,1548.0,1521.95,2024-04,1528.45,1680307
C:\Users\v-dhramaraj\Desktop\Python\Projects\Assignment2_StockAnalysis\Data-20250430T011355Z-1-001\Data\data\2024-04,SUNPHARMA,1484.65,2024-04-23 05:30:00,1562.45,1477.7,2024-04,1562.0,9160422
C:\Users\v-dhramaraj\Desktop\Python\Projects\Assignment2_StockAnalysis\Data-20250430T011355Z-1-001\Data\data\2024-04,SUNPHARMA,1485.75,2024-04-24 05:30:00,1503.0,1479.35,2024-04,1484.65,4652803
C:\Users\v-dhramaraj\Desktop\Python\Projects\Assignment2_StockAnalysis\Data-20250430T011355Z-1-001\Data\data\2024-04,SUNPHARMA,1520.15,2024-04-25 05:30:00,1527.3,1488.65,2024-04,1490.0,3846327
C:\Users\v-dhramaraj\Desktop\Python\Projects\Assignment2_StockAnalysis\Data-20250430T011355Z-1-001\Data\data\2024-04,SUNPHARMA,1506.55,2024-04-26 05:30:00,1532.0,1500.05,2024-04,1531.0,1794350
C:\Users\v-dhramaraj\Desktop\Python\Projects\Assignment2_StockAnalysis\Data-20250430T011355Z-1-001\Data\data\2024-04,SUNPHARMA,1521.6,2024-04-29 05:30:00,1527.8,1510.05,2024-04,1516.0,1091667
C:\Users\v-dhramaraj\Desktop\Python\Projects\Assignment2_StockAnalysis\Data-20250430T011355Z-1-001\Data\data\2024-04,SUNPHARMA,1502.1,2024-04-30 05:30:00,1529.15,1497.0,2024-04,1527.0,1991646
C:\Users\v-dhramaraj\Desktop\Python\Projects\Assignment2_StockAnalysis\Data-20250430T011355Z-1-001\Data\data\2024-05,SUNPHARMA,1519.0,2024-05-02 05:30:00,1530.0,1502.0,2024-05,1503.0,2494925
C:\Users\v-dhramaraj\Desktop\Python\Projects\Assignment2_StockAnalysis\Data-20250430T011355Z-1-001\Data\data\2024-05,SUNPHARMA,1511.15,2024-05-03 05:30:00,1537.0,1501.5,2024-05,1527.0,3183226
C:\Users\v-dhramaraj\Desktop\Python\Projects\Assignment2_StockAnalysis\Data-20250430T011355Z-1-001\Data\data\2024-05,SUNPHARMA,1529.15,2024-05-06 05:30:00,1534.0,1508.75,2024-05,1518.0,1240626
C:\Users\v-dhramaraj\Desktop\Python\Projects\Assignment2_StockAnalysis\Data-20250430T011355Z-1-001\Data\data\2024-05,SUNPHARMA,1515.35,2024-05-07 05:30:00,1543.15,1510.1,2024-05,1535.95,1532550
C:\Users\v-dhramaraj\Desktop\Python\Projects\Assignment2_StockAnalysis\Data-20250430T011355Z-1-001\Data\data\2024-05,SUNPHARMA,1521.75,2024-05-08 05:30:00,1525.8,1502.25,2024-05,1510.0,1026357
C:\Users\v-dhramaraj\Desktop\Python\Projects\Assignment2_StockAnalysis\Data-20250430T011355Z-1-001\Data\data\2024-05,SUNPHARMA,1494.65,2024-05-09 05:30:00,1529.95,1489.8,2024-05,1521.2,1477007
C:\Users\v-dhramaraj\Desktop\Python\Projects\Assignment2_StockAnalysis\Data-20250430T011355Z-1-001\Data\data\2024-05,SUNPHARMA,1506.55,2024-05-10 05:30:00,1526.45,1491.0,2024-05,1494.65,1528487
C:\Users\v-dhramaraj\Desktop\Python\Projects\Assignment2_StockAnalysis\Data-20250430T011355Z-1-001\Data\data\2024-05,SUNPHARMA,1525.05,2024-05-13 05:30:00,1530.0,1502.0,2024-05,1513.0,1628326
C:\Users\v-dhramaraj\Desktop\Python\Projects\Assignment2_StockAnalysis\Data-20250430T011355Z-1-001\Data\data\2024-05,SUNPHARMA,1545.25,2024-05-14 05:30:00,1547.95,1516.05,2024-05,1525.0,2206236
C:\Users\v-dhramaraj\Desktop\Python\Projects\Assignment2_StockAnalysis\Data-20250430T011355Z-1-001\Data\data\2024-05,SUNPHARMA,1527.4,2024-05-15 05:30:00,1550.25,1520.35,2024-05,1545.25,1207536
C:\Users\v-dhramaraj\Desktop\Python\Projects\Assignment2_StockAnalysis\Data-20250430T011355Z-1-001\Data\data\2024-05,SUNPHARMA,1536.3,2024-05-16 05:30:00,1541.15,1508.3,2024-05,1529.0,2684392
C:\Users\v-dhramaraj\Desktop\Python\Projects\Assignment2_StockAnalysis\Data-20250430T011355Z-1-001\Data\data\2024-05,SUNPHARMA,1531.4,2024-05-17 05:30:00,1537.3,1520.15,2024-05,1536.0,1341676
C:\Users\v-dhramaraj\Desktop\Python\Projects\Assignment2_StockAnalysis\Data-20250430T011355Z-1-001\Data\data\2024-05,SUNPHARMA,1531.9,2024-05-18 05:30:00,1538.7,1523.35,2024-05,1531.4,51458
C:\Users\v-dhramaraj\Desktop\Python\Projects\Assignment2_StockAnalysis\Data-20250430T011355Z-1-001\Data\data\2024-05,SUNPHARMA,1540.95,2024-05-21 05:30:00,1558.3,1524.0,2024-05,1530.0,1791791
C:\Users\v-dhramaraj\Desktop\Python\Projects\Assignment2_StockAnalysis\Data-20250430T011355Z-1-001\Data\data\2024-05,SUNPHARMA,1539.3,2024-05-22 05:30:00,1564.0,1505.4,2024-05,1547.0,3948239
C:\Users\v-dhramaraj\Desktop\Python\Projects\Assignment2_StockAnalysis\Data-20250430T011355Z-1-001\Data\data\2024-05,SUNPHARMA,1495.1,2024-05-23 05:30:00,1510.0,1467.0,2024-05,1510.0,11618479
C:\Users\v-dhramaraj\Desktop\Python\Projects\Assignment2_StockAnalysis\Data-20250430T011355Z-1-001\Data\data\2024-05,SUNPHARMA,1486.7,2024-05-24 05:30:00,1505.7,1477.1,2024-05,1504.0,5307322
C:\Users\v-dhramaraj\Desktop\Python\Projects\Assignment2_StockAnalysis\Data-20250430T011355Z-1-001\Data\data\2024-05,SUNPHARMA,1466.05,2024-05-27 05:30:00,1501.0,1460.55,2024-05,1486.7,3474806
C:\Users\v-dhramaraj\Desktop\Python\Projects\Assignment2_StockAnalysis\Data-20250430T011355Z-1-001\Data\data\2024-05,SUNPHARMA,1464.9,2024-05-28 05:30:00,1479.1,1455.95,2024-05,1468.95,2616438
C:\Users\v-dhramaraj\Desktop\Python\Projects\Assignment2_StockAnalysis\Data-20250430T011355Z-1-001\Data\data\2024-05,SUNPHARMA,1478.95,2024-05-29 05:30:00,1495.0,1465.65,2024-05,1468.1,2843365
C:\Users\v-dhramaraj\Desktop\Python\Projects\Assignment2_StockAnalysis\Data-20250430T011355Z-1-001\Data\data\2024-05,SUNPHARMA,1459.1,2024-05-30 05:30:00,1477.4,1449.5,2024-05,1476.0,3133423
C:\Users\v-dhramaraj\Desktop\Python\Projects\Assignment2_StockAnalysis\Data-20250430T011355Z-1-001\Data\data\2024-05,SUNPHARMA,1459.8,2024-05-31 05:30:00,1479.4,1440.0,2024-05,1465.0,5503924
C:\Users\v-dhramaraj\Desktop\Python\Projects\Assignment2_StockAnalysis\Data-20250430T011355Z-1-001\Data\data\2024-06,SUNPHARMA,1453.05,2024-06-03 05:30:00,1498.0,1451.0,2024-06,1496.5,1855318
C:\Users\v-dhramaraj\Desktop\Python\Projects\Assignment2_StockAnalysis\Data-20250430T011355Z-1-001\Data\data\2024-06,SUNPHARMA,1429.85,2024-06-04 05:30:00,1476.3,1377.2,2024-06,1461.6,5055952
C:\Users\v-dhramaraj\Desktop\Python\Projects\Assignment2_StockAnalysis\Data-20250430T011355Z-1-001\Data\data\2024-06,SUNPHARMA,1487.3,2024-06-05 05:30:00,1490.0,1432.0,2024-06,1449.7,2487724
C:\Users\v-dhramaraj\Desktop\Python\Projects\Assignment2_StockAnalysis\Data-20250430T011355Z-1-001\Data\data\2024-06,SUNPHARMA,1472.7,2024-06-06 05:30:00,1494.0,1455.05,2024-06,1494.0,3004955
C:\Users\v-dhramaraj\Desktop\Python\Projects\Assignment2_StockAnalysis\Data-20250430T011355Z-1-001\Data\data\2024-06,SUNPHARMA,1506.85,2024-06-07 05:30:00,1510.1,1472.15,2024-06,1479.9,3404664
C:\Users\v-dhramaraj\Desktop\Python\Projects\Assignment2_StockAnalysis\Data-20250430T011355Z-1-001\Data\data\2024-06,SUNPHARMA,1513.1,2024-06-10 05:30:00,1521.7,1505.1,2024-06,1519.0,1433942
C:\Users\v-dhramaraj\Desktop\Python\Projects\Assignment2_StockAnalysis\Data-20250430T011355Z-1-001\Data\data\2024-06,SUNPHARMA,1499.75,2024-06-11 05:30:00,1525.0,1497.35,2024-06,1524.0,1441589
C:\Users\v-dhramaraj\Desktop\Python\Projects\Assignment2_StockAnalysis\Data-20250430T011355Z-1-001\Data\data\2024-06,SUNPHARMA,1506.85,2024-06-12 05:30:00,1514.55,1495.85,2024-06,1500.0,994784
C:\Users\v-dhramaraj\Desktop\Python\Projects\Assignment2_StockAnalysis\Data-20250430T011355Z-1-001\Data\data\2024-06,SUNPHARMA,1510.8,2024-06-13 05:30:00,1514.6,1498.0,2024-06,1514.6,1412477
C:\Users\v-dhramaraj\Desktop\Python\Projects\Assignment2_StockAnalysis\Data-20250430T011355Z-1-001\Data\data\2024-06,SUNPHARMA,1516.0,2024-06-14 05:30:00,1518.0,1505.55,2024-06,1513.85,937490
C:\Users\v-dhramaraj\Desktop\Python\Projects\Assignment2_StockAnalysis\Data-20250430T011355Z-1-001\Data\data\2024-06,SUNPHARMA,1520.95,2024-06-18 05:30:00,1522.85,1510.2,2024-06,1522.6,1478241
C:\Users\v-dhramaraj\Desktop\Python\Projects\Assignment2_StockAnalysis\Data-20250430T011355Z-1-001\Data\data\2024-06,SUNPHARMA,1504.0,2024-06-19 05:30:00,1529.85,1500.0,2024-06,1524.95,1537367
C:\Users\v-dhramaraj\Desktop\Python\Projects\Assignment2_StockAnalysis\Data-20250430T011355Z-1-001\Data\data\2024-06,SUNPHARMA,1471.0,2024-06-20 05:30:00,1487.95,1467.0,2024-06,1487.95,4168375
C:\Users\v-dhramaraj\Desktop\Python\Projects\Assignment2_StockAnalysis\Data-20250430T011355Z-1-001\Data\data\2024-06,SUNPHARMA,1467.25,2024-06-21 05:30:00,1488.0,1460.9,2024-06,1480.1,4426556
C:\Users\v-dhramaraj\Desktop\Python\Projects\Assignment2_StockAnalysis\Data-20250430T011355Z-1-001\Data\data\2024-06,SUNPHARMA,1494.5,2024-06-24 05:30:00,1502.9,1475.05,2024-06,1475.05,3726155
C:\Users\v-dhramaraj\Desktop\Python\Projects\Assignment2_StockAnalysis\Data-20250430T011355Z-1-001\Data\data\2024-06,SUNPHARMA,1505.2,2024-06-25 05:30:00,1508.0,1492.3,2024-06,1498.05,1833311
C:\Users\v-dhramaraj\Desktop\Python\Projects\Assignment2_StockAnalysis\Data-20250430T011355Z-1-001\Data\data\2024-06,SUNPHARMA,1521.15,2024-06-26 05:30:00,1528.9,1495.25,2024-06,1502.0,2563493
C:\Users\v-dhramaraj\Desktop\Python\Projects\Assignment2_StockAnalysis\Data-20250430T011355Z-1-001\Data\data\2024-06,SUNPHARMA,1516.25,2024-06-27 05:30:00,1528.05,1505.0,2024-06,1525.0,3881458
C:\Users\v-dhramaraj\Desktop\Python\Projects\Assignment2_StockAnalysis\Data-20250430T011355Z-1-001\Data\data\2024-06,SUNPHARMA,1520.85,2024-06-28 05:30:00,1538.95,1515.6,2024-06,1520.0,2634599
C:\Users\v-dhramaraj\Desktop\Python\Projects\Assignment2_StockAnalysis\Data-20250430T011355Z-1-001\Data\data\2024-07,SUNPHARMA,1520.1,2024-07-01 05:30:00,1530.0,1503.85,2024-07,1520.85,1451094
C:\Users\v-dhramaraj\Desktop\Python\Projects\Assignment2_StockAnalysis\Data-20250430T011355Z-1-001\Data\data\2024-07,SUNPHARMA,1524.05,2024-07-02 05:30:00,1534.9,1508.25,2024-07,1514.0,1336816
C:\Users\v-dhramaraj\Desktop\Python\Projects\Assignment2_StockAnalysis\Data-20250430T011355Z-1-001\Data\data\2024-07,SUNPHARMA,1533.95,2024-07-03 05:30:00,1536.25,1498.3,2024-07,1519.35,1061099
C:\Users\v-dhramaraj\Desktop\Python\Projects\Assignment2_StockAnalysis\Data-20250430T011355Z-1-001\Data\data\2024-07,SUNPHARMA,1557.9,2024-07-04 05:30:00,1571.0,1526.0,2024-07,1535.0,2630823
C:\Users\v-dhramaraj\Desktop\Python\Projects\Assignment2_StockAnalysis\Data-20250430T011355Z-1-001\Data\data\2024-07,SUNPHARMA,1568.4,2024-07-05 05:30:00,1574.75,1557.0,2024-07,1562.0,2481046
C:\Users\v-dhramaraj\Desktop\Python\Projects\Assignment2_StockAnalysis\Data-20250430T011355Z-1-001\Data\data\2024-07,SUNPHARMA,1556.4,2024-07-08 05:30:00,1574.8,1550.95,2024-07,1570.6,1120204
C:\Users\v-dhramaraj\Desktop\Python\Projects\Assignment2_StockAnalysis\Data-20250430T011355Z-1-001\Data\data\2024-07,SUNPHARMA,1585.4,2024-07-09 05:30:00,1589.9,1549.8,2024-07,1564.8,1492840
C:\Users\v-dhramaraj\Desktop\Python\Projects\Assignment2_StockAnalysis\Data-20250430T011355Z-1-001\Data\data\2024-07,SUNPHARMA,1598.55,2024-07-10 05:30:00,1601.15,1567.6,2024-07,1592.8,1899956
C:\Users\v-dhramaraj\Desktop\Python\Projects\Assignment2_StockAnalysis\Data-20250430T011355Z-1-001\Data\data\2024-07,SUNPHARMA,1581.75,2024-07-11 05:30:00,1602.5,1572.3,2024-07,1601.0,1707500
C:\Users\v-dhramaraj\Desktop\Python\Projects\Assignment2_StockAnalysis\Data-20250430T011355Z-1-001\Data\data\2024-07,SUNPHARMA,1577.3,2024-07-12 05:30:00,1587.35,1550.0,2024-07,1582.0,1426598
C:\Users\v-dhramaraj\Desktop\Python\Projects\Assignment2_StockAnalysis\Data-20250430T011355Z-1-001\Data\data\2024-07,SUNPHARMA,1586.2,2024-07-15 05:30:00,1594.7,1577.3,2024-07,1579.95,832804
C:\Users\v-dhramaraj\Desktop\Python\Projects\Assignment2_StockAnalysis\Data-20250430T011355Z-1-001\Data\data\2024-07,SUNPHARMA,1579.3,2024-07-16 05:30:00,1595.0,1574.95,2024-07,1589.0,688481
C:\Users\v-dhramaraj\Desktop\Python\Projects\Assignment2_StockAnalysis\Data-20250430T011355Z-1-001\Data\data\2024-07,SUNPHARMA,1594.25,2024-07-18 05:30:00,1596.6,1570.25,2024-07,1575.0,1665636
C:\Users\v-dhramaraj\Desktop\Python\Projects\Assignment2_StockAnalysis\Data-20250430T011355Z-1-001\Data\data\2024-07,SUNPHARMA,1568.65,2024-07-19 05:30:00,1589.75,1565.15,2024-07,1584.7,1649335
C:\Users\v-dhramaraj\Desktop\Python\Projects\Assignment2_StockAnalysis\Data-20250430T011355Z-1-001\Data\data\2024-07,SUNPHARMA,1587.35,2024-07-22 05:30:00,1589.5,1555.05,2024-07,1555.05,826636
C:\Users\v-dhramaraj\Desktop\Python\Projects\Assignment2_StockAnalysis\Data-20250430T011355Z-1-001\Data\data\2024-07,SUNPHARMA,1601.6,2024-07-23 05:30:00,1605.65,1574.3,2024-07,1587.0,1502677
C:\Users\v-dhramaraj\Desktop\Python\Projects\Assignment2_StockAnalysis\Data-20250430T011355Z-1-001\Data\data\2024-07,SUNPHARMA,1619.45,2024-07-24 05:30:00,1624.95,1592.0,2024-07,1602.0,2923358
C:\Users\v-dhramaraj\Desktop\Python\Projects\Assignment2_StockAnalysis\Data-20250430T011355Z-1-001\Data\data\2024-07,SUNPHARMA,1665.8,2024-07-25 05:30:00,1681.3,1602.2,2024-07,1614.85,5329712
C:\Users\v-dhramaraj\Desktop\Python\Projects\Assignment2_StockAnalysis\Data-20250430T011355Z-1-001\Data\data\2024-07,SUNPHARMA,1714.25,2024-07-26 05:30:00,1723.8,1665.0,2024-07,1670.45,4591049
C:\Users\v-dhramaraj\Desktop\Python\Projects\Assignment2_StockAnalysis\Data-20250430T011355Z-1-001\Data\data\2024-07,SUNPHARMA,1723.25,2024-07-29 05:30:00,1728.75,1692.75,2024-07,1715.25,3187339
C:\Users\v-dhramaraj\Desktop\Python\Projects\Assignment2_StockAnalysis\Data-20250430T011355Z-1-001\Data\data\2024-07,SUNPHARMA,1701.6,2024-07-30 05:30:00,1725.45,1697.0,2024-07,1716.1,1525840
C:\Users\v-dhramaraj\Desktop\Python\Projects\Assignment2_StockAnalysis\Data-20250430T011355Z-1-001\Data\data\2024-07,SUNPHARMA,1719.35,2024-07-31 05:30:00,1730.95,1695.2,2024-07,1702.1,1594881
C:\Users\v-dhramaraj\Desktop\Python\Projects\Assignment2_StockAnalysis\Data-20250430T011355Z-1-001\Data\data\2024-08,SUNPHARMA,1715.2,2024-08-01 05:30:00,1746.45,1681.3,2024-08,1725.5,5258291
C:\Users\v-dhramaraj\Desktop\Python\Projects\Assignment2_StockAnalysis\Data-20250430T011355Z-1-001\Data\data\2024-08,SUNPHARMA,1731.65,2024-08-02 05:30:00,1741.8,1683.85,2024-08,1700.0,2992406
C:\Users\v-dhramaraj\Desktop\Python\Projects\Assignment2_StockAnalysis\Data-20250430T011355Z-1-001\Data\data\2024-08,SUNPHARMA,1720.35,2024-08-05 05:30:00,1758.0,1715.0,2024-08,1725.0,5165558
C:\Users\v-dhramaraj\Desktop\Python\Projects\Assignment2_StockAnalysis\Data-20250430T011355Z-1-001\Data\data\2024-08,SUNPHARMA,1707.55,2024-08-06 05:30:00,1734.0,1703.95,2024-08,1725.0,1710278
C:\Users\v-dhramaraj\Desktop\Python\Projects\Assignment2_StockAnalysis\Data-20250430T011355Z-1-001\Data\data\2024-08,SUNPHARMA,1734.45,2024-08-07 05:30:00,1736.85,1709.4,2024-08,1720.0,1922313
C:\Users\v-dhramaraj\Desktop\Python\Projects\Assignment2_StockAnalysis\Data-20250430T011355Z-1-001\Data\data\2024-08,SUNPHARMA,1737.05,2024-08-08 05:30:00,1748.65,1728.35,2024-08,1735.0,2480113
C:\Users\v-dhramaraj\Desktop\Python\Projects\Assignment2_StockAnalysis\Data-20250430T011355Z-1-001\Data\data\2024-08,SUNPHARMA,1735.3,2024-08-09 05:30:00,1749.8,1730.05,2024-08,1749.8,751683
C:\Users\v-dhramaraj\Desktop\Python\Projects\Assignment2_StockAnalysis\Data-20250430T011355Z-1-001\Data\data\2024-08,SUNPHARMA,1733.85,2024-08-12 05:30:00,1748.5,1730.05,2024-08,1735.0,1526788
C:\Users\v-dhramaraj\Desktop\Python\Projects\Assignment2_StockAnalysis\Data-20250430T011355Z-1-001\Data\data\2024-08,SUNPHARMA,1740.1,2024-08-13 05:30:00,1751.85,1725.6,2024-08,1740.0,2076963
C:\Users\v-dhramaraj\Desktop\Python\Projects\Assignment2_StockAnalysis\Data-20250430T011355Z-1-001\Data\data\2024-08,SUNPHARMA,1741.65,2024-08-14 05:30:00,1753.0,1732.6,2024-08,1747.5,2207250
C:\Users\v-dhramaraj\Desktop\Python\Projects\Assignment2_StockAnalysis\Data-20250430T011355Z-1-001\Data\data\2024-08,SUNPHARMA,1742.75,2024-08-16 05:30:00,1751.15,1728.65,2024-08,1749.6,2180718
C:\Users\v-dhramaraj\Desktop\Python\Projects\Assignment2_StockAnalysis\Data-20250430T011355Z-1-001\Data\data\2024-08,SUNPHARMA,1747.8,2024-08-19 05:30:00,1752.85,1740.65,2024-08,1752.85,1363446
C:\Users\v-dhramaraj\Desktop\Python\Projects\Assignment2_StockAnalysis\Data-20250430T011355Z-1-001\Data\data\2024-08,SUNPHARMA,1766.35,2024-08-20 05:30:00,1770.8,1745.15,2024-08,1751.8,1766597
C:\Users\v-dhramaraj\Desktop\Python\Projects\Assignment2_StockAnalysis\Data-20250430T011355Z-1-001\Data\data\2024-08,SUNPHARMA,1764.65,2024-08-21 05:30:00,1771.95,1757.3,2024-08,1770.0,1184193
C:\Users\v-dhramaraj\Desktop\Python\Projects\Assignment2_StockAnalysis\Data-20250430T011355Z-1-001\Data\data\2024-08,SUNPHARMA,1750.65,2024-08-22 05:30:00,1769.5,1748.4,2024-08,1769.5,1369554
C:\Users\v-dhramaraj\Desktop\Python\Projects\Assignment2_StockAnalysis\Data-20250430T011355Z-1-001\Data\data\2024-08,SUNPHARMA,1775.75,2024-08-23 05:30:00,1781.45,1751.9,2024-08,1753.75,3515492
C:\Users\v-dhramaraj\Desktop\Python\Projects\Assignment2_StockAnalysis\Data-20250430T011355Z-1-001\Data\data\2024-08,SUNPHARMA,1772.45,2024-08-26 05:30:00,1780.0,1764.5,2024-08,1780.0,933372
C:\Users\v-dhramaraj\Desktop\Python\Projects\Assignment2_StockAnalysis\Data-20250430T011355Z-1-001\Data\data\2024-08,SUNPHARMA,1789.4,2024-08-27 05:30:00,1792.6,1767.15,2024-08,1778.0,1231023
C:\Users\v-dhramaraj\Desktop\Python\Projects\Assignment2_StockAnalysis\Data-20250430T011355Z-1-001\Data\data\2024-08,SUNPHARMA,1811.85,2024-08-28 05:30:00,1823.0,1786.35,2024-08,1796.9,1768949
C:\Users\v-dhramaraj\Desktop\Python\Projects\Assignment2_StockAnalysis\Data-20250430T011355Z-1-001\Data\data\2024-08,SUNPHARMA,1799.2,2024-08-29 05:30:00,1826.85,1790.25,2024-08,1809.9,3205924
C:\Users\v-dhramaraj\Desktop\Python\Projects\Assignment2_StockAnalysis\Data-20250430T011355Z-1-001\Data\data\2024-08,SUNPHARMA,1821.65,2024-08-30 05:30:00,1828.15,1791.3,2024-08,1798.15,3036374
C:\Users\v-dhramaraj\Desktop\Python\Projects\Assignment2_StockAnalysis\Data-20250430T011355Z-1-001\Data\data\2024-09,SUNPHARMA,1815.95,2024-09-02 05:30:00,1837.0,1805.2,2024-09,1829.95,1617946
C:\Users\v-dhramaraj\Desktop\Python\Projects\Assignment2_StockAnalysis\Data-20250430T011355Z-1-001\Data\data\2024-09,SUNPHARMA,1811.5,2024-09-03 05:30:00,1839.55,1805.1,2024-09,1820.0,2148689
C:\Users\v-dhramaraj\Desktop\Python\Projects\Assignment2_StockAnalysis\Data-20250430T011355Z-1-001\Data\data\2024-09,SUNPHARMA,1832.85,2024-09-04 05:30:00,1835.0,1801.3,2024-09,1811.5,2473477
C:\Users\v-dhramaraj\Desktop\Python\Projects\Assignment2_StockAnalysis\Data-20250430T011355Z-1-001\Data\data\2024-09,SUNPHARMA,1826.5,2024-09-05 05:30:00,1843.9,1820.0,2024-09,1833.2,1902919
C:\Users\v-dhramaraj\Desktop\Python\Projects\Assignment2_StockAnalysis\Data-20250430T011355Z-1-001\Data\data\2024-09,SUNPHARMA,1824.55,2024-09-06 05:30:00,1850.0,1805.0,2024-09,1819.55,1701134
C:\Users\v-dhramaraj\Desktop\Python\Projects\Assignment2_StockAnalysis\Data-20250430T011355Z-1-001\Data\data\2024-09,SUNPHARMA,1821.85,2024-09-09 05:30:00,1835.4,1812.85,2024-09,1824.55,1544883
C:\Users\v-dhramaraj\Desktop\Python\Projects\Assignment2_StockAnalysis\Data-20250430T011355Z-1-001\Data\data\2024-09,SUNPHARMA,1836.35,2024-09-10 05:30:00,1842.25,1825.7,2024-09,1830.0,1460472
C:\Users\v-dhramaraj\Desktop\Python\Projects\Assignment2_StockAnalysis\Data-20250430T011355Z-1-001\Data\data\2024-09,SUNPHARMA,1845.7,2024-09-11 05:30:00,1857.5,1831.1,2024-09,1836.4,1701900
C:\Users\v-dhramaraj\Desktop\Python\Projects\Assignment2_StockAnalysis\Data-20250430T011355Z-1-001\Data\data\2024-09,SUNPHARMA,1865.4,2024-09-12 05:30:00,1871.5,1840.4,2024-09,1855.15,2744070
C:\Users\v-dhramaraj\Desktop\Python\Projects\Assignment2_StockAnalysis\Data-20250430T011355Z-1-001\Data\data\2024-09,SUNPHARMA,1853.75,2024-09-13 05:30:00,1865.0,1851.4,2024-09,1865.0,1322430
C:\Users\v-dhramaraj\Desktop\Python\Projects\Assignment2_StockAnalysis\Data-20250430T011355Z-1-001\Data\data\2024-09,SUNPHARMA,1862.95,2024-09-16 05:30:00,1873.35,1850.9,2024-09,1862.0,1284085
C:\Users\v-dhramaraj\Desktop\Python\Projects\Assignment2_StockAnalysis\Data-20250430T011355Z-1-001\Data\data\2024-09,SUNPHARMA,1866.1,2024-09-17 05:30:00,1869.65,1859.25,2024-09,1863.0,738265
C:\Users\v-dhramaraj\Desktop\Python\Projects\Assignment2_StockAnalysis\Data-20250430T011355Z-1-001\Data\data\2024-09,SUNPHARMA,1836.0,2024-09-18 05:30:00,1868.0,1829.6,2024-09,1868.0,1202676
C:\Users\v-dhramaraj\Desktop\Python\Projects\Assignment2_StockAnalysis\Data-20250430T011355Z-1-001\Data\data\2024-09,SUNPHARMA,1846.05,2024-09-19 05:30:00,1856.0,1835.0,2024-09,1845.2,1675819
C:\Users\v-dhramaraj\Desktop\Python\Projects\Assignment2_StockAnalysis\Data-20250430T011355Z-1-001\Data\data\2024-09,SUNPHARMA,1865.75,2024-09-20 05:30:00,1871.0,1841.9,2024-09,1851.1,4229991
C:\Users\v-dhramaraj\Desktop\Python\Projects\Assignment2_StockAnalysis\Data-20250430T011355Z-1-001\Data\data\2024-09,SUNPHARMA,1862.7,2024-09-23 05:30:00,1875.0,1857.5,2024-09,1867.0,812520
C:\Users\v-dhramaraj\Desktop\Python\Projects\Assignment2_StockAnalysis\Data-20250430T011355Z-1-001\Data\data\2024-09,SUNPHARMA,1868.1,2024-09-24 05:30:00,1880.65,1856.0,2024-09,1856.0,2528953
C:\Users\v-dhramaraj\Desktop\Python\Projects\Assignment2_StockAnalysis\Data-20250430T011355Z-1-001\Data\data\2024-09,SUNPHARMA,1870.55,2024-09-25 05:30:00,1876.0,1858.55,2024-09,1874.0,956893
C:\Users\v-dhramaraj\Desktop\Python\Projects\Assignment2_StockAnalysis\Data-20250430T011355Z-1-001\Data\data\2024-09,SUNPHARMA,1898.4,2024-09-26 05:30:00,1905.0,1867.05,2024-09,1870.55,2452807
C:\Users\v-dhramaraj\Desktop\Python\Projects\Assignment2_StockAnalysis\Data-20250430T011355Z-1-001\Data\data\2024-09,SUNPHARMA,1948.7,2024-09-27 05:30:00,1959.3,1915.25,2024-09,1917.95,3809008
C:\Users\v-dhramaraj\Desktop\Python\Projects\Assignment2_StockAnalysis\Data-20250430T011355Z-1-001\Data\data\2024-09,SUNPHARMA,1926.7,2024-09-30 05:30:00,1960.35,1921.05,2024-09,1949.0,2608461
C:\Users\v-dhramaraj\Desktop\Python\Projects\Assignment2_StockAnalysis\Data-20250430T011355Z-1-001\Data\data\2024-10,SUNPHARMA,1919.95,2024-10-01 05:30:00,1934.75,1902.35,2024-10,1924.85,1275678
C:\Users\v-dhramaraj\Desktop\Python\Projects\Assignment2_StockAnalysis\Data-20250430T011355Z-1-001\Data\data\2024-10,SUNPHARMA,1910.85,2024-10-03 05:30:00,1936.3,1896.05,2024-10,1900.8,2492195
C:\Users\v-dhramaraj\Desktop\Python\Projects\Assignment2_StockAnalysis\Data-20250430T011355Z-1-001\Data\data\2024-10,SUNPHARMA,1910.05,2024-10-04 05:30:00,1952.25,1903.65,2024-10,1910.85,2798189
C:\Users\v-dhramaraj\Desktop\Python\Projects\Assignment2_StockAnalysis\Data-20250430T011355Z-1-001\Data\data\2024-10,SUNPHARMA,1905.25,2024-10-07 05:30:00,1917.95,1888.05,2024-10,1910.05,1691999
C:\Users\v-dhramaraj\Desktop\Python\Projects\Assignment2_StockAnalysis\Data-20250430T011355Z-1-001\Data\data\2024-10,SUNPHARMA,1917.15,2024-10-08 05:30:00,1921.45,1901.55,2024-10,1904.0,2309881
C:\Users\v-dhramaraj\Desktop\Python\Projects\Assignment2_StockAnalysis\Data-20250430T011355Z-1-001\Data\data\2024-10,SUNPHARMA,1930.85,2024-10-09 05:30:00,1947.0,1894.5,2024-10,1894.55,1597182
C:\Users\v-dhramaraj\Desktop\Python\Projects\Assignment2_StockAnalysis\Data-20250430T011355Z-1-001\Data\data\2024-10,SUNPHARMA,1887.75,2024-10-10 05:30:00,1937.95,1883.9,2024-10,1929.6,2383012
C:\Users\v-dhramaraj\Desktop\Python\Projects\Assignment2_StockAnalysis\Data-20250430T011355Z-1-001\Data\data\2024-10,SUNPHARMA,1901.95,2024-10-11 05:30:00,1909.35,1890.5,2024-10,1899.0,1019117
C:\Users\v-dhramaraj\Desktop\Python\Projects\Assignment2_StockAnalysis\Data-20250430T011355Z-1-001\Data\data\2024-10,SUNPHARMA,1909.75,2024-10-14 05:30:00,1915.75,1895.1,2024-10,1903.0,676879
C:\Users\v-dhramaraj\Desktop\Python\Projects\Assignment2_StockAnalysis\Data-20250430T011355Z-1-001\Data\data\2024-10,SUNPHARMA,1898.45,2024-10-15 05:30:00,1920.4,1894.65,2024-10,1918.0,1383203
C:\Users\v-dhramaraj\Desktop\Python\Projects\Assignment2_StockAnalysis\Data-20250430T011355Z-1-001\Data\data\2024-10,SUNPHARMA,1898.5,2024-10-16 05:30:00,1914.7,1887.0,2024-10,1908.95,1401914
C:\Users\v-dhramaraj\Desktop\Python\Projects\Assignment2_StockAnalysis\Data-20250430T011355Z-1-001\Data\data\2024-10,SUNPHARMA,1889.55,2024-10-17 05:30:00,1923.65,1879.65,2024-10,1923.55,1447059
C:\Users\v-dhramaraj\Desktop\Python\Projects\Assignment2_StockAnalysis\Data-20250430T011355Z-1-001\Data\data\2024-10,SUNPHARMA,1910.35,2024-10-18 05:30:00,1917.9,1872.7,2024-10,1900.0,1203693
C:\Users\v-dhramaraj\Desktop\Python\Projects\Assignment2_StockAnalysis\Data-20250430T011355Z-1-001\Data\data\2024-10,SUNPHARMA,1897.0,2024-10-21 05:30:00,1920.55,1890.55,2024-10,1918.8,660583
C:\Users\v-dhramaraj\Desktop\Python\Projects\Assignment2_StockAnalysis\Data-20250430T011355Z-1-001\Data\data\2024-10,SUNPHARMA,1887.55,2024-10-22 05:30:00,1906.0,1881.0,2024-10,1892.0,1192915
C:\Users\v-dhramaraj\Desktop\Python\Projects\Assignment2_StockAnalysis\Data-20250430T011355Z-1-001\Data\data\2024-10,SUNPHARMA,1839.35,2024-10-23 05:30:00,1889.55,1832.0,2024-10,1880.05,1673366
C:\Users\v-dhramaraj\Desktop\Python\Projects\Assignment2_StockAnalysis\Data-20250430T011355Z-1-001\Data\data\2024-10,SUNPHARMA,1848.9,2024-10-24 05:30:00,1859.55,1829.45,2024-10,1830.0,1739776
C:\Users\v-dhramaraj\Desktop\Python\Projects\Assignment2_StockAnalysis\Data-20250430T011355Z-1-001\Data\data\2024-10,SUNPHARMA,1860.4,2024-10-25 05:30:00,1875.6,1850.1,2024-10,1856.8,2148004
C:\Users\v-dhramaraj\Desktop\Python\Projects\Assignment2_StockAnalysis\Data-20250430T011355Z-1-001\Data\data\2024-10,SUNPHARMA,1902.9,2024-10-28 05:30:00,1916.0,1835.0,2024-10,1863.2,2445724
C:\Users\v-dhramaraj\Desktop\Python\Projects\Assignment2_StockAnalysis\Data-20250430T011355Z-1-001\Data\data\2024-10,SUNPHARMA,1871.6,2024-10-29 05:30:00,1922.7,1862.0,2024-10,1922.0,2295542
C:\Users\v-dhramaraj\Desktop\Python\Projects\Assignment2_StockAnalysis\Data-20250430T011355Z-1-001\Data\data\2024-10,SUNPHARMA,1852.1,2024-10-30 05:30:00,1880.9,1820.0,2024-10,1868.5,1900203
C:\Users\v-dhramaraj\Desktop\Python\Projects\Assignment2_StockAnalysis\Data-20250430T011355Z-1-001\Data\data\2024-10,SUNPHARMA,1848.9,2024-10-31 05:30:00,1872.5,1842.1,2024-10,1860.0,2572932
C:\Users\v-dhramaraj\Desktop\Python\Projects\Assignment2_StockAnalysis\Data-20250430T011355Z-1-001\Data\data\2024-11,SUNPHARMA,1858.4,2024-11-01 05:30:00,1864.95,1831.55,2024-11,1860.0,107596
C:\Users\v-dhramaraj\Desktop\Python\Projects\Assignment2_StockAnalysis\Data-20250430T011355Z-1-001\Data\data\2024-11,SUNPHARMA,1808.9,2024-11-04 05:30:00,1845.0,1760.1,2024-11,1845.0,5031861
C:\Users\v-dhramaraj\Desktop\Python\Projects\Assignment2_StockAnalysis\Data-20250430T011355Z-1-001\Data\data\2024-11,SUNPHARMA,1803.6,2024-11-05 05:30:00,1833.0,1799.45,2024-11,1805.0,1658010
C:\Users\v-dhramaraj\Desktop\Python\Projects\Assignment2_StockAnalysis\Data-20250430T011355Z-1-001\Data\data\2024-11,SUNPHARMA,1827.45,2024-11-06 05:30:00,1840.0,1802.2,2024-11,1815.55,2060619
C:\Users\v-dhramaraj\Desktop\Python\Projects\Assignment2_StockAnalysis\Data-20250430T011355Z-1-001\Data\data\2024-11,SUNPHARMA,1790.95,2024-11-07 05:30:00,1845.0,1778.8,2024-11,1845.0,1909269
C:\Users\v-dhramaraj\Desktop\Python\Projects\Assignment2_StockAnalysis\Data-20250430T011355Z-1-001\Data\data\2024-11,SUNPHARMA,1809.6,2024-11-08 05:30:00,1815.05,1790.95,2024-11,1799.8,1644075
C:\Users\v-dhramaraj\Desktop\Python\Projects\Assignment2_StockAnalysis\Data-20250430T011355Z-1-001\Data\data\2024-11,SUNPHARMA,1794.6,2024-11-11 05:30:00,1817.65,1791.95,2024-11,1817.4,1069649
C:\Users\v-dhramaraj\Desktop\Python\Projects\Assignment2_StockAnalysis\Data-20250430T011355Z-1-001\Data\data\2024-11,SUNPHARMA,1800.85,2024-11-12 05:30:00,1825.0,1795.1,2024-11,1801.9,2471888
C:\Users\v-dhramaraj\Desktop\Python\Projects\Assignment2_StockAnalysis\Data-20250430T011355Z-1-001\Data\data\2024-11,SUNPHARMA,1779.0,2024-11-13 05:30:00,1797.3,1770.45,2024-11,1791.0,1810332
C:\Users\v-dhramaraj\Desktop\Python\Projects\Assignment2_StockAnalysis\Data-20250430T011355Z-1-001\Data\data\2024-11,SUNPHARMA,1768.2,2024-11-14 05:30:00,1796.0,1763.15,2024-11,1779.7,1473358
C:\Users\v-dhramaraj\Desktop\Python\Projects\Assignment2_StockAnalysis\Data-20250430T011355Z-1-001\Data\data\2024-11,SUNPHARMA,1747.75,2024-11-18 05:30:00,1799.0,1743.2,2024-11,1799.0,1533025
C:\Users\v-dhramaraj\Desktop\Python\Projects\Assignment2_StockAnalysis\Data-20250430T011355Z-1-001\Data\data\2024-11,SUNPHARMA,1777.25,2024-11-19 05:30:00,1806.75,1730.0,2024-11,1730.05,1933316
C:\Users\v-dhramaraj\Desktop\Python\Projects\Assignment2_StockAnalysis\Data-20250430T011355Z-1-001\Data\data\2024-11,SUNPHARMA,1780.0,2024-11-21 05:30:00,1791.45,1758.05,2024-11,1772.0,2014349
C:\Users\v-dhramaraj\Desktop\Python\Projects\Assignment2_StockAnalysis\Data-20250430T011355Z-1-001\Data\data\2024-11,SUNPHARMA,1795.3,2024-11-22 05:30:00,1814.95,1768.05,2024-11,1785.0,1420813
