Source Folder,Ticker,close,date,high,low,month,open,volume
C:\Users\v-dhramaraj\Desktop\Python\Projects\Assignment2_StockAnalysis\Data-20250430T011355Z-1-001\Data\data\2023-10,TCS,3513.85,2023-10-03 05:30:00,3534.2,3480.1,2023-10,3534.2,1948148
C:\Users\v-dhramaraj\Desktop\Python\Projects\Assignment2_StockAnalysis\Data-20250430T011355Z-1-001\Data\data\2023-10,TCS,3537.75,2023-10-04 05:30:00,3548.0,3477.3,2023-10,3486.3,1788138
C:\Users\v-dhramaraj\Desktop\Python\Projects\Assignment2_StockAnalysis\Data-20250430T011355Z-1-001\Data\data\2023-10,TCS,3589.35,2023-10-05 05:30:00,3624.0,3551.2,2023-10,3554.0,2990768
C:\Users\v-dhramaraj\Desktop\Python\Projects\Assignment2_StockAnalysis\Data-20250430T011355Z-1-001\Data\data\2023-10,TCS,3621.4,2023-10-06 05:30:00,3634.95,3575.05,2023-10,3591.0,2075691
C:\Users\v-dhramaraj\Desktop\Python\Projects\Assignment2_StockAnalysis\Data-20250430T011355Z-1-001\Data\data\2023-10,TCS,3638.35,2023-10-09 05:30:00,3679.0,3631.0,2023-10,3645.05,4233074
C:\Users\v-dhramaraj\Desktop\Python\Projects\Assignment2_StockAnalysis\Data-20250430T011355Z-1-001\Data\data\2023-10,TCS,3628.9,2023-10-10 05:30:00,3648.0,3601.35,2023-10,3640.05,1848148
C:\Users\v-dhramaraj\Desktop\Python\Projects\Assignment2_StockAnalysis\Data-20250430T011355Z-1-001\Data\data\2023-10,TCS,3609.9,2023-10-11 05:30:00,3650.0,3605.0,2023-10,3650.0,2426417
C:\Users\v-dhramaraj\Desktop\Python\Projects\Assignment2_StockAnalysis\Data-20250430T011355Z-1-001\Data\data\2023-10,TCS,3542.55,2023-10-12 05:30:00,3588.65,3538.1,2023-10,3575.0,4241281
C:\Users\v-dhramaraj\Desktop\Python\Projects\Assignment2_StockAnalysis\Data-20250430T011355Z-1-001\Data\data\2023-10,TCS,3570.85,2023-10-13 05:30:00,3577.0,3525.0,2023-10,3530.0,2890357
C:\Users\v-dhramaraj\Desktop\Python\Projects\Assignment2_StockAnalysis\Data-20250430T011355Z-1-001\Data\data\2023-10,TCS,3524.05,2023-10-16 05:30:00,3574.65,3519.1,2023-10,3566.0,1671104
C:\Users\v-dhramaraj\Desktop\Python\Projects\Assignment2_StockAnalysis\Data-20250430T011355Z-1-001\Data\data\2023-10,TCS,3507.05,2023-10-17 05:30:00,3534.15,3503.35,2023-10,3530.0,1672065
C:\Users\v-dhramaraj\Desktop\Python\Projects\Assignment2_StockAnalysis\Data-20250430T011355Z-1-001\Data\data\2023-10,TCS,3487.25,2023-10-18 05:30:00,3522.7,3484.0,2023-10,3511.0,1408245
C:\Users\v-dhramaraj\Desktop\Python\Projects\Assignment2_StockAnalysis\Data-20250430T011355Z-1-001\Data\data\2023-10,TCS,3455.65,2023-10-19 05:30:00,3476.85,3451.9,2023-10,3469.5,1514545
C:\Users\v-dhramaraj\Desktop\Python\Projects\Assignment2_StockAnalysis\Data-20250430T011355Z-1-001\Data\data\2023-10,TCS,3494.55,2023-10-20 05:30:00,3499.5,3444.05,2023-10,3450.4,1481211
C:\Users\v-dhramaraj\Desktop\Python\Projects\Assignment2_StockAnalysis\Data-20250430T011355Z-1-001\Data\data\2023-10,TCS,3410.15,2023-10-23 05:30:00,3478.95,3401.3,2023-10,3473.0,1106272
C:\Users\v-dhramaraj\Desktop\Python\Projects\Assignment2_StockAnalysis\Data-20250430T011355Z-1-001\Data\data\2023-10,TCS,3390.1,2023-10-25 05:30:00,3425.0,3377.2,2023-10,3390.5,1518537
C:\Users\v-dhramaraj\Desktop\Python\Projects\Assignment2_StockAnalysis\Data-20250430T011355Z-1-001\Data\data\2023-10,TCS,3336.75,2023-10-26 05:30:00,3373.7,3330.0,2023-10,3368.05,1984471
C:\Users\v-dhramaraj\Desktop\Python\Projects\Assignment2_StockAnalysis\Data-20250430T011355Z-1-001\Data\data\2023-10,TCS,3350.95,2023-10-27 05:30:00,3362.0,3337.0,2023-10,3350.0,1108851
C:\Users\v-dhramaraj\Desktop\Python\Projects\Assignment2_StockAnalysis\Data-20250430T011355Z-1-001\Data\data\2023-10,TCS,3378.55,2023-10-30 05:30:00,3382.85,3333.75,2023-10,3350.0,910972
C:\Users\v-dhramaraj\Desktop\Python\Projects\Assignment2_StockAnalysis\Data-20250430T011355Z-1-001\Data\data\2023-10,TCS,3368.75,2023-10-31 05:30:00,3399.0,3350.05,2023-10,3399.0,999811
C:\Users\v-dhramaraj\Desktop\Python\Projects\Assignment2_StockAnalysis\Data-20250430T011355Z-1-001\Data\data\2023-11,TCS,3330.65,2023-11-01 05:30:00,3371.6,3311.0,2023-11,3355.0,1563475
C:\Users\v-dhramaraj\Desktop\Python\Projects\Assignment2_StockAnalysis\Data-20250430T011355Z-1-001\Data\data\2023-11,TCS,3360.1,2023-11-02 05:30:00,3375.95,3343.2,2023-11,3343.2,1245384
C:\Users\v-dhramaraj\Desktop\Python\Projects\Assignment2_StockAnalysis\Data-20250430T011355Z-1-001\Data\data\2023-11,TCS,3350.9,2023-11-03 05:30:00,3387.9,3344.3,2023-11,3382.0,1402598
C:\Users\v-dhramaraj\Desktop\Python\Projects\Assignment2_StockAnalysis\Data-20250430T011355Z-1-001\Data\data\2023-11,TCS,3380.25,2023-11-06 05:30:00,3392.3,3359.0,2023-11,3375.0,1099852
C:\Users\v-dhramaraj\Desktop\Python\Projects\Assignment2_StockAnalysis\Data-20250430T011355Z-1-001\Data\data\2023-11,TCS,3370.45,2023-11-07 05:30:00,3404.15,3366.0,2023-11,3378.0,1191144
C:\Users\v-dhramaraj\Desktop\Python\Projects\Assignment2_StockAnalysis\Data-20250430T011355Z-1-001\Data\data\2023-11,TCS,3381.55,2023-11-08 05:30:00,3401.95,3369.55,2023-11,3371.45,992899
C:\Users\v-dhramaraj\Desktop\Python\Projects\Assignment2_StockAnalysis\Data-20250430T011355Z-1-001\Data\data\2023-11,TCS,3347.45,2023-11-09 05:30:00,3391.5,3342.05,2023-11,3390.1,2112352
C:\Users\v-dhramaraj\Desktop\Python\Projects\Assignment2_StockAnalysis\Data-20250430T011355Z-1-001\Data\data\2023-11,TCS,3333.45,2023-11-10 05:30:00,3347.45,3322.35,2023-11,3338.0,1338557
C:\Users\v-dhramaraj\Desktop\Python\Projects\Assignment2_StockAnalysis\Data-20250430T011355Z-1-001\Data\data\2023-11,TCS,3357.3,2023-11-12 05:30:00,3359.0,3345.0,2023-11,3350.0,173346
C:\Users\v-dhramaraj\Desktop\Python\Projects\Assignment2_StockAnalysis\Data-20250430T011355Z-1-001\Data\data\2023-11,TCS,3331.55,2023-11-13 05:30:00,3356.0,3327.0,2023-11,3356.0,1030990
C:\Users\v-dhramaraj\Desktop\Python\Projects\Assignment2_StockAnalysis\Data-20250430T011355Z-1-001\Data\data\2023-11,TCS,3404.3,2023-11-15 05:30:00,3413.0,3356.05,2023-11,3383.1,2059802
C:\Users\v-dhramaraj\Desktop\Python\Projects\Assignment2_StockAnalysis\Data-20250430T011355Z-1-001\Data\data\2023-11,TCS,3497.85,2023-11-16 05:30:00,3529.35,3414.2,2023-11,3430.05,3951984
C:\Users\v-dhramaraj\Desktop\Python\Projects\Assignment2_StockAnalysis\Data-20250430T011355Z-1-001\Data\data\2023-11,TCS,3502.45,2023-11-17 05:30:00,3524.5,3492.55,2023-11,3497.85,2021292
C:\Users\v-dhramaraj\Desktop\Python\Projects\Assignment2_StockAnalysis\Data-20250430T011355Z-1-001\Data\data\2023-11,TCS,3519.6,2023-11-20 05:30:00,3533.9,3491.25,2023-11,3491.25,1475621
C:\Users\v-dhramaraj\Desktop\Python\Projects\Assignment2_StockAnalysis\Data-20250430T011355Z-1-001\Data\data\2023-11,TCS,3510.2,2023-11-21 05:30:00,3539.05,3501.0,2023-11,3519.6,1807236
C:\Users\v-dhramaraj\Desktop\Python\Projects\Assignment2_StockAnalysis\Data-20250430T011355Z-1-001\Data\data\2023-11,TCS,3530.15,2023-11-22 05:30:00,3532.65,3481.1,2023-11,3500.0,1798051
C:\Users\v-dhramaraj\Desktop\Python\Projects\Assignment2_StockAnalysis\Data-20250430T011355Z-1-001\Data\data\2023-11,TCS,3508.25,2023-11-23 05:30:00,3544.0,3500.0,2023-11,3530.0,2729804
C:\Users\v-dhramaraj\Desktop\Python\Projects\Assignment2_StockAnalysis\Data-20250430T011355Z-1-001\Data\data\2023-11,TCS,3457.1,2023-11-24 05:30:00,3504.55,3453.0,2023-11,3494.25,1989733
C:\Users\v-dhramaraj\Desktop\Python\Projects\Assignment2_StockAnalysis\Data-20250430T011355Z-1-001\Data\data\2023-11,TCS,3470.15,2023-11-28 05:30:00,3481.25,3433.0,2023-11,3457.1,1689195
C:\Users\v-dhramaraj\Desktop\Python\Projects\Assignment2_StockAnalysis\Data-20250430T011355Z-1-001\Data\data\2023-11,TCS,3513.75,2023-11-29 05:30:00,3518.0,3475.8,2023-11,3481.0,1441634
C:\Users\v-dhramaraj\Desktop\Python\Projects\Assignment2_StockAnalysis\Data-20250430T011355Z-1-001\Data\data\2023-11,TCS,3487.6,2023-11-30 05:30:00,3516.65,3481.0,2023-11,3499.45,3266235
C:\Users\v-dhramaraj\Desktop\Python\Projects\Assignment2_StockAnalysis\Data-20250430T011355Z-1-001\Data\data\2023-12,TCS,3511.65,2023-12-01 05:30:00,3516.95,3490.05,2023-12,3500.0,1172141
C:\Users\v-dhramaraj\Desktop\Python\Projects\Assignment2_StockAnalysis\Data-20250430T011355Z-1-001\Data\data\2023-12,TCS,3512.45,2023-12-04 05:30:00,3547.8,3498.0,2023-12,3544.65,1625213
C:\Users\v-dhramaraj\Desktop\Python\Projects\Assignment2_StockAnalysis\Data-20250430T011355Z-1-001\Data\data\2023-12,TCS,3531.6,2023-12-05 05:30:00,3538.0,3502.8,2023-12,3538.0,1377656
C:\Users\v-dhramaraj\Desktop\Python\Projects\Assignment2_StockAnalysis\Data-20250430T011355Z-1-001\Data\data\2023-12,TCS,3604.1,2023-12-06 05:30:00,3612.85,3525.15,2023-12,3532.6,1896572
C:\Users\v-dhramaraj\Desktop\Python\Projects\Assignment2_StockAnalysis\Data-20250430T011355Z-1-001\Data\data\2023-12,TCS,3614.9,2023-12-07 05:30:00,3630.55,3591.7,2023-12,3605.0,1967653
C:\Users\v-dhramaraj\Desktop\Python\Projects\Assignment2_StockAnalysis\Data-20250430T011355Z-1-001\Data\data\2023-12,TCS,3626.7,2023-12-08 05:30:00,3645.0,3602.05,2023-12,3633.0,1641155
C:\Users\v-dhramaraj\Desktop\Python\Projects\Assignment2_StockAnalysis\Data-20250430T011355Z-1-001\Data\data\2023-12,TCS,3642.9,2023-12-11 05:30:00,3653.0,3615.0,2023-12,3622.9,1102503
C:\Users\v-dhramaraj\Desktop\Python\Projects\Assignment2_StockAnalysis\Data-20250430T011355Z-1-001\Data\data\2023-12,TCS,3672.1,2023-12-12 05:30:00,3698.4,3631.0,2023-12,3638.95,2236866
C:\Users\v-dhramaraj\Desktop\Python\Projects\Assignment2_StockAnalysis\Data-20250430T011355Z-1-001\Data\data\2023-12,TCS,3593.55,2023-12-13 05:30:00,3650.0,3563.0,2023-12,3643.55,3850968
C:\Users\v-dhramaraj\Desktop\Python\Projects\Assignment2_StockAnalysis\Data-20250430T011355Z-1-001\Data\data\2023-12,TCS,3667.25,2023-12-14 05:30:00,3678.0,3627.6,2023-12,3630.0,3290396
C:\Users\v-dhramaraj\Desktop\Python\Projects\Assignment2_StockAnalysis\Data-20250430T011355Z-1-001\Data\data\2023-12,TCS,3861.0,2023-12-15 05:30:00,3895.95,3666.7,2023-12,3666.7,8531230
C:\Users\v-dhramaraj\Desktop\Python\Projects\Assignment2_StockAnalysis\Data-20250430T011355Z-1-001\Data\data\2023-12,TCS,3859.2,2023-12-18 05:30:00,3929.0,3830.15,2023-12,3858.1,2521612
C:\Users\v-dhramaraj\Desktop\Python\Projects\Assignment2_StockAnalysis\Data-20250430T011355Z-1-001\Data\data\2023-12,TCS,3816.2,2023-12-19 05:30:00,3855.1,3790.0,2023-12,3845.0,2004435
C:\Users\v-dhramaraj\Desktop\Python\Projects\Assignment2_StockAnalysis\Data-20250430T011355Z-1-001\Data\data\2023-12,TCS,3780.05,2023-12-20 05:30:00,3898.8,3766.55,2023-12,3827.25,2586083
C:\Users\v-dhramaraj\Desktop\Python\Projects\Assignment2_StockAnalysis\Data-20250430T011355Z-1-001\Data\data\2023-12,TCS,3787.5,2023-12-21 05:30:00,3806.7,3743.35,2023-12,3756.25,1517562
C:\Users\v-dhramaraj\Desktop\Python\Projects\Assignment2_StockAnalysis\Data-20250430T011355Z-1-001\Data\data\2023-12,TCS,3824.0,2023-12-22 05:30:00,3845.95,3762.0,2023-12,3800.0,2413058
C:\Users\v-dhramaraj\Desktop\Python\Projects\Assignment2_StockAnalysis\Data-20250430T011355Z-1-001\Data\data\2023-12,TCS,3795.55,2023-12-26 05:30:00,3834.0,3790.15,2023-12,3819.85,1285231
C:\Users\v-dhramaraj\Desktop\Python\Projects\Assignment2_StockAnalysis\Data-20250430T011355Z-1-001\Data\data\2023-12,TCS,3811.2,2023-12-27 05:30:00,3818.2,3768.0,2023-12,3799.0,1293976
C:\Users\v-dhramaraj\Desktop\Python\Projects\Assignment2_StockAnalysis\Data-20250430T011355Z-1-001\Data\data\2023-12,TCS,3799.9,2023-12-28 05:30:00,3838.0,3792.1,2023-12,3824.0,1682889
C:\Users\v-dhramaraj\Desktop\Python\Projects\Assignment2_StockAnalysis\Data-20250430T011355Z-1-001\Data\data\2023-12,TCS,3793.4,2023-12-29 05:30:00,3822.6,3765.4,2023-12,3792.0,1574996
C:\Users\v-dhramaraj\Desktop\Python\Projects\Assignment2_StockAnalysis\Data-20250430T011355Z-1-001\Data\data\2024-01,TCS,3811.1,2024-01-01 05:30:00,3832.0,3773.0,2024-01,3790.0,825907
C:\Users\v-dhramaraj\Desktop\Python\Projects\Assignment2_StockAnalysis\Data-20250430T011355Z-1-001\Data\data\2024-01,TCS,3783.2,2024-01-02 05:30:00,3811.1,3767.25,2024-01,3811.1,1344068
C:\Users\v-dhramaraj\Desktop\Python\Projects\Assignment2_StockAnalysis\Data-20250430T011355Z-1-001\Data\data\2024-01,TCS,3691.75,2024-01-03 05:30:00,3771.85,3687.05,2024-01,3767.0,1803075
C:\Users\v-dhramaraj\Desktop\Python\Projects\Assignment2_StockAnalysis\Data-20250430T011355Z-1-001\Data\data\2024-01,TCS,3666.8,2024-01-04 05:30:00,3719.0,3651.0,2024-01,3701.75,3598144
C:\Users\v-dhramaraj\Desktop\Python\Projects\Assignment2_StockAnalysis\Data-20250430T011355Z-1-001\Data\data\2024-01,TCS,3737.9,2024-01-05 05:30:00,3747.75,3674.85,2024-01,3675.0,1963127
C:\Users\v-dhramaraj\Desktop\Python\Projects\Assignment2_StockAnalysis\Data-20250430T011355Z-1-001\Data\data\2024-01,TCS,3678.3,2024-01-08 05:30:00,3739.75,3672.4,2024-01,3737.9,1067805
C:\Users\v-dhramaraj\Desktop\Python\Projects\Assignment2_StockAnalysis\Data-20250430T011355Z-1-001\Data\data\2024-01,TCS,3689.9,2024-01-09 05:30:00,3752.35,3682.75,2024-01,3709.95,1370944
C:\Users\v-dhramaraj\Desktop\Python\Projects\Assignment2_StockAnalysis\Data-20250430T011355Z-1-001\Data\data\2024-01,TCS,3713.05,2024-01-10 05:30:00,3729.25,3688.0,2024-01,3690.0,1292227
C:\Users\v-dhramaraj\Desktop\Python\Projects\Assignment2_StockAnalysis\Data-20250430T011355Z-1-001\Data\data\2024-01,TCS,3735.55,2024-01-11 05:30:00,3773.0,3707.0,2024-01,3724.0,1777909
C:\Users\v-dhramaraj\Desktop\Python\Projects\Assignment2_StockAnalysis\Data-20250430T011355Z-1-001\Data\data\2024-01,TCS,3882.8,2024-01-12 05:30:00,3905.25,3821.6,2024-01,3848.0,6813450
C:\Users\v-dhramaraj\Desktop\Python\Projects\Assignment2_StockAnalysis\Data-20250430T011355Z-1-001\Data\data\2024-01,TCS,3903.8,2024-01-15 05:30:00,3965.0,3885.0,2024-01,3960.0,2801505
C:\Users\v-dhramaraj\Desktop\Python\Projects\Assignment2_StockAnalysis\Data-20250430T011355Z-1-001\Data\data\2024-01,TCS,3861.3,2024-01-16 05:30:00,3899.0,3855.55,2024-01,3899.0,1432672
C:\Users\v-dhramaraj\Desktop\Python\Projects\Assignment2_StockAnalysis\Data-20250430T011355Z-1-001\Data\data\2024-01,TCS,3884.6,2024-01-17 05:30:00,3909.95,3812.55,2024-01,3819.0,3458696
C:\Users\v-dhramaraj\Desktop\Python\Projects\Assignment2_StockAnalysis\Data-20250430T011355Z-1-001\Data\data\2024-01,TCS,3902.6,2024-01-18 05:30:00,3908.8,3862.0,2024-01,3898.0,2239110
C:\Users\v-dhramaraj\Desktop\Python\Projects\Assignment2_StockAnalysis\Data-20250430T011355Z-1-001\Data\data\2024-01,TCS,3943.05,2024-01-19 05:30:00,3963.55,3915.05,2024-01,3945.0,2941975
C:\Users\v-dhramaraj\Desktop\Python\Projects\Assignment2_StockAnalysis\Data-20250430T011355Z-1-001\Data\data\2024-01,TCS,3860.65,2024-01-20 05:30:00,3955.65,3855.55,2024-01,3948.0,516477
C:\Users\v-dhramaraj\Desktop\Python\Projects\Assignment2_StockAnalysis\Data-20250430T011355Z-1-001\Data\data\2024-01,TCS,3858.25,2024-01-23 05:30:00,3933.9,3842.75,2024-01,3900.0,2618854
C:\Users\v-dhramaraj\Desktop\Python\Projects\Assignment2_StockAnalysis\Data-20250430T011355Z-1-001\Data\data\2024-01,TCS,3841.8,2024-01-24 05:30:00,3883.65,3805.6,2024-01,3880.0,2657709
C:\Users\v-dhramaraj\Desktop\Python\Projects\Assignment2_StockAnalysis\Data-20250430T011355Z-1-001\Data\data\2024-01,TCS,3810.3,2024-01-25 05:30:00,3861.0,3778.7,2024-01,3839.9,2205154
C:\Users\v-dhramaraj\Desktop\Python\Projects\Assignment2_StockAnalysis\Data-20250430T011355Z-1-001\Data\data\2024-01,TCS,3801.0,2024-01-29 05:30:00,3820.0,3780.85,2024-01,3800.8,1646747
C:\Users\v-dhramaraj\Desktop\Python\Projects\Assignment2_StockAnalysis\Data-20250430T011355Z-1-001\Data\data\2024-01,TCS,3800.55,2024-01-30 05:30:00,3847.8,3787.0,2024-01,3807.45,1411621
C:\Users\v-dhramaraj\Desktop\Python\Projects\Assignment2_StockAnalysis\Data-20250430T011355Z-1-001\Data\data\2024-01,TCS,3815.95,2024-01-31 05:30:00,3834.0,3796.45,2024-01,3811.2,2459358
C:\Users\v-dhramaraj\Desktop\Python\Projects\Assignment2_StockAnalysis\Data-20250430T011355Z-1-001\Data\data\2024-02,TCS,3854.15,2024-02-01 05:30:00,3904.9,3805.05,2024-02,3820.0,2363107
C:\Users\v-dhramaraj\Desktop\Python\Projects\Assignment2_StockAnalysis\Data-20250430T011355Z-1-001\Data\data\2024-02,TCS,3966.3,2024-02-02 05:30:00,3984.4,3872.0,2024-02,3875.05,2826510
C:\Users\v-dhramaraj\Desktop\Python\Projects\Assignment2_StockAnalysis\Data-20250430T011355Z-1-001\Data\data\2024-02,TCS,3973.3,2024-02-05 05:30:00,4022.0,3962.1,2024-02,3983.0,1691523
C:\Users\v-dhramaraj\Desktop\Python\Projects\Assignment2_StockAnalysis\Data-20250430T011355Z-1-001\Data\data\2024-02,TCS,4136.0,2024-02-06 05:30:00,4149.9,3990.0,2024-02,3997.0,4474396
C:\Users\v-dhramaraj\Desktop\Python\Projects\Assignment2_StockAnalysis\Data-20250430T011355Z-1-001\Data\data\2024-02,TCS,4083.4,2024-02-07 05:30:00,4155.0,4073.95,2024-02,4153.0,2124267
C:\Users\v-dhramaraj\Desktop\Python\Projects\Assignment2_StockAnalysis\Data-20250430T011355Z-1-001\Data\data\2024-02,TCS,4134.1,2024-02-08 05:30:00,4158.0,4086.05,2024-02,4090.0,2345173
C:\Users\v-dhramaraj\Desktop\Python\Projects\Assignment2_StockAnalysis\Data-20250430T011355Z-1-001\Data\data\2024-02,TCS,4133.7,2024-02-09 05:30:00,4184.75,4100.0,2024-02,4136.55,2100596
C:\Users\v-dhramaraj\Desktop\Python\Projects\Assignment2_StockAnalysis\Data-20250430T011355Z-1-001\Data\data\2024-02,TCS,4120.7,2024-02-12 05:30:00,4159.6,4105.55,2024-02,4130.0,1013716
C:\Users\v-dhramaraj\Desktop\Python\Projects\Assignment2_StockAnalysis\Data-20250430T011355Z-1-001\Data\data\2024-02,TCS,4149.5,2024-02-13 05:30:00,4170.0,4081.5,2024-02,4125.45,1257415
C:\Users\v-dhramaraj\Desktop\Python\Projects\Assignment2_StockAnalysis\Data-20250430T011355Z-1-001\Data\data\2024-02,TCS,4100.1,2024-02-14 05:30:00,4114.9,4049.5,2024-02,4107.0,1391283
C:\Users\v-dhramaraj\Desktop\Python\Projects\Assignment2_StockAnalysis\Data-20250430T011355Z-1-001\Data\data\2024-02,TCS,4103.2,2024-02-15 05:30:00,4146.3,4083.0,2024-02,4128.0,1091582
C:\Users\v-dhramaraj\Desktop\Python\Projects\Assignment2_StockAnalysis\Data-20250430T011355Z-1-001\Data\data\2024-02,TCS,4128.3,2024-02-16 05:30:00,4147.95,4100.1,2024-02,4113.25,1307556
C:\Users\v-dhramaraj\Desktop\Python\Projects\Assignment2_StockAnalysis\Data-20250430T011355Z-1-001\Data\data\2024-02,TCS,4103.8,2024-02-19 05:30:00,4128.3,4055.0,2024-02,4123.05,772291
C:\Users\v-dhramaraj\Desktop\Python\Projects\Assignment2_StockAnalysis\Data-20250430T011355Z-1-001\Data\data\2024-02,TCS,4030.65,2024-02-20 05:30:00,4098.0,4010.0,2024-02,4082.1,1193648
C:\Users\v-dhramaraj\Desktop\Python\Projects\Assignment2_StockAnalysis\Data-20250430T011355Z-1-001\Data\data\2024-02,TCS,3991.5,2024-02-21 05:30:00,4063.35,3980.6,2024-02,4013.0,1885939
C:\Users\v-dhramaraj\Desktop\Python\Projects\Assignment2_StockAnalysis\Data-20250430T011355Z-1-001\Data\data\2024-02,TCS,4087.1,2024-02-22 05:30:00,4094.95,3971.0,2024-02,3971.0,2982052
C:\Users\v-dhramaraj\Desktop\Python\Projects\Assignment2_StockAnalysis\Data-20250430T011355Z-1-001\Data\data\2024-02,TCS,4052.1,2024-02-23 05:30:00,4130.0,4046.4,2024-02,4130.0,2538072
C:\Users\v-dhramaraj\Desktop\Python\Projects\Assignment2_StockAnalysis\Data-20250430T011355Z-1-001\Data\data\2024-02,TCS,4001.05,2024-02-26 05:30:00,4050.0,3982.75,2024-02,4036.0,1379284
C:\Users\v-dhramaraj\Desktop\Python\Projects\Assignment2_StockAnalysis\Data-20250430T011355Z-1-001\Data\data\2024-02,TCS,4104.4,2024-02-27 05:30:00,4124.0,3999.0,2024-02,3999.0,2960475
C:\Users\v-dhramaraj\Desktop\Python\Projects\Assignment2_StockAnalysis\Data-20250430T011355Z-1-001\Data\data\2024-02,TCS,4118.95,2024-02-28 05:30:00,4154.9,4089.0,2024-02,4095.6,1939225
C:\Users\v-dhramaraj\Desktop\Python\Projects\Assignment2_StockAnalysis\Data-20250430T011355Z-1-001\Data\data\2024-02,TCS,4095.1,2024-02-29 05:30:00,4138.1,4064.55,2024-02,4099.0,3772719
C:\Users\v-dhramaraj\Desktop\Python\Projects\Assignment2_StockAnalysis\Data-20250430T011355Z-1-001\Data\data\2024-03,TCS,4094.35,2024-03-01 05:30:00,4140.0,4086.8,2024-03,4107.2,2043265
C:\Users\v-dhramaraj\Desktop\Python\Projects\Assignment2_StockAnalysis\Data-20250430T011355Z-1-001\Data\data\2024-03,TCS,4107.1,2024-03-02 05:30:00,4129.5,4090.15,2024-03,4112.7,65057
C:\Users\v-dhramaraj\Desktop\Python\Projects\Assignment2_StockAnalysis\Data-20250430T011355Z-1-001\Data\data\2024-03,TCS,4080.7,2024-03-04 05:30:00,4117.9,4075.9,2024-03,4105.0,1749271
C:\Users\v-dhramaraj\Desktop\Python\Projects\Assignment2_StockAnalysis\Data-20250430T011355Z-1-001\Data\data\2024-03,TCS,4012.1,2024-03-05 05:30:00,4064.0,3980.0,2024-03,4062.0,2070859
C:\Users\v-dhramaraj\Desktop\Python\Projects\Assignment2_StockAnalysis\Data-20250430T011355Z-1-001\Data\data\2024-03,TCS,4064.3,2024-03-06 05:30:00,4072.0,3958.45,2024-03,3994.05,1744204
C:\Users\v-dhramaraj\Desktop\Python\Projects\Assignment2_StockAnalysis\Data-20250430T011355Z-1-001\Data\data\2024-03,TCS,4108.6,2024-03-07 05:30:00,4124.0,4037.7,2024-03,4065.0,2688905
C:\Users\v-dhramaraj\Desktop\Python\Projects\Assignment2_StockAnalysis\Data-20250430T011355Z-1-001\Data\data\2024-03,TCS,4122.35,2024-03-11 05:30:00,4153.0,4089.0,2024-03,4089.0,2304068
C:\Users\v-dhramaraj\Desktop\Python\Projects\Assignment2_StockAnalysis\Data-20250430T011355Z-1-001\Data\data\2024-03,TCS,4192.25,2024-03-12 05:30:00,4229.95,4121.05,2024-03,4122.35,4039801
C:\Users\v-dhramaraj\Desktop\Python\Projects\Assignment2_StockAnalysis\Data-20250430T011355Z-1-001\Data\data\2024-03,TCS,4149.0,2024-03-13 05:30:00,4241.0,4131.9,2024-03,4205.0,2837260
C:\Users\v-dhramaraj\Desktop\Python\Projects\Assignment2_StockAnalysis\Data-20250430T011355Z-1-001\Data\data\2024-03,TCS,4207.6,2024-03-14 05:30:00,4225.0,4086.0,2024-03,4153.45,2919608
C:\Users\v-dhramaraj\Desktop\Python\Projects\Assignment2_StockAnalysis\Data-20250430T011355Z-1-001\Data\data\2024-03,TCS,4219.25,2024-03-15 05:30:00,4239.0,4177.0,2024-03,4192.6,3373143
C:\Users\v-dhramaraj\Desktop\Python\Projects\Assignment2_StockAnalysis\Data-20250430T011355Z-1-001\Data\data\2024-03,TCS,4152.5,2024-03-18 05:30:00,4254.75,4117.85,2024-03,4215.25,1526904
C:\Users\v-dhramaraj\Desktop\Python\Projects\Assignment2_StockAnalysis\Data-20250430T011355Z-1-001\Data\data\2024-03,TCS,3977.3,2024-03-19 05:30:00,4058.0,3966.6,2024-03,4051.25,8931209
C:\Users\v-dhramaraj\Desktop\Python\Projects\Assignment2_StockAnalysis\Data-20250430T011355Z-1-001\Data\data\2024-03,TCS,3970.9,2024-03-20 05:30:00,4018.0,3960.2,2024-03,3986.0,1817913
C:\Users\v-dhramaraj\Desktop\Python\Projects\Assignment2_StockAnalysis\Data-20250430T011355Z-1-001\Data\data\2024-03,TCS,3972.95,2024-03-21 05:30:00,4008.4,3948.0,2024-03,3990.05,3829582
C:\Users\v-dhramaraj\Desktop\Python\Projects\Assignment2_StockAnalysis\Data-20250430T011355Z-1-001\Data\data\2024-03,TCS,3910.9,2024-03-22 05:30:00,3938.0,3855.0,2024-03,3897.0,5852485
C:\Users\v-dhramaraj\Desktop\Python\Projects\Assignment2_StockAnalysis\Data-20250430T011355Z-1-001\Data\data\2024-03,TCS,3877.5,2024-03-26 05:30:00,3946.7,3871.45,2024-03,3875.0,3440925
C:\Users\v-dhramaraj\Desktop\Python\Projects\Assignment2_StockAnalysis\Data-20250430T011355Z-1-001\Data\data\2024-03,TCS,3840.9,2024-03-27 05:30:00,3895.0,3829.4,2024-03,3888.5,1968575
C:\Users\v-dhramaraj\Desktop\Python\Projects\Assignment2_StockAnalysis\Data-20250430T011355Z-1-001\Data\data\2024-03,TCS,3876.3,2024-03-28 05:30:00,3915.0,3840.5,2024-03,3850.1,4311783
C:\Users\v-dhramaraj\Desktop\Python\Projects\Assignment2_StockAnalysis\Data-20250430T011355Z-1-001\Data\data\2024-04,TCS,3916.75,2024-04-01 05:30:00,3933.3,3888.05,2024-04,3897.7,1569676
C:\Users\v-dhramaraj\Desktop\Python\Projects\Assignment2_StockAnalysis\Data-20250430T011355Z-1-001\Data\data\2024-04,TCS,3883.8,2024-04-02 05:30:00,3909.85,3873.0,2024-04,3890.0,2142666
C:\Users\v-dhramaraj\Desktop\Python\Projects\Assignment2_StockAnalysis\Data-20250430T011355Z-1-001\Data\data\2024-04,TCS,3947.3,2024-04-03 05:30:00,3981.0,3851.0,2024-04,3851.0,3973090
C:\Users\v-dhramaraj\Desktop\Python\Projects\Assignment2_StockAnalysis\Data-20250430T011355Z-1-001\Data\data\2024-04,TCS,4003.3,2024-04-04 05:30:00,4028.65,3935.25,2024-04,3975.9,3394637
C:\Users\v-dhramaraj\Desktop\Python\Projects\Assignment2_StockAnalysis\Data-20250430T011355Z-1-001\Data\data\2024-04,TCS,3979.25,2024-04-05 05:30:00,4002.0,3960.5,2024-04,3978.0,1636819
C:\Users\v-dhramaraj\Desktop\Python\Projects\Assignment2_StockAnalysis\Data-20250430T011355Z-1-001\Data\data\2024-04,TCS,3972.55,2024-04-08 05:30:00,4032.65,3960.0,2024-04,3983.0,2302538
C:\Users\v-dhramaraj\Desktop\Python\Projects\Assignment2_StockAnalysis\Data-20250430T011355Z-1-001\Data\data\2024-04,TCS,3946.55,2024-04-09 05:30:00,4015.85,3925.05,2024-04,3984.0,1876992
C:\Users\v-dhramaraj\Desktop\Python\Projects\Assignment2_StockAnalysis\Data-20250430T011355Z-1-001\Data\data\2024-04,TCS,3984.65,2024-04-10 05:30:00,3990.2,3918.0,2024-04,3956.4,2101965
C:\Users\v-dhramaraj\Desktop\Python\Projects\Assignment2_StockAnalysis\Data-20250430T011355Z-1-001\Data\data\2024-04,TCS,4001.4,2024-04-12 05:30:00,4013.35,3945.5,2024-04,3971.0,4354821
C:\Users\v-dhramaraj\Desktop\Python\Projects\Assignment2_StockAnalysis\Data-20250430T011355Z-1-001\Data\data\2024-04,TCS,3941.2,2024-04-15 05:30:00,4064.2,3919.05,2024-04,4001.4,4200329
C:\Users\v-dhramaraj\Desktop\Python\Projects\Assignment2_StockAnalysis\Data-20250430T011355Z-1-001\Data\data\2024-04,TCS,3872.8,2024-04-16 05:30:00,3928.7,3862.85,2024-04,3902.0,3051420
C:\Users\v-dhramaraj\Desktop\Python\Projects\Assignment2_StockAnalysis\Data-20250430T011355Z-1-001\Data\data\2024-04,TCS,3862.0,2024-04-18 05:30:00,3936.0,3850.0,2024-04,3876.8,3476284
C:\Users\v-dhramaraj\Desktop\Python\Projects\Assignment2_StockAnalysis\Data-20250430T011355Z-1-001\Data\data\2024-04,TCS,3826.2,2024-04-19 05:30:00,3852.55,3800.9,2024-04,3838.0,2957749
C:\Users\v-dhramaraj\Desktop\Python\Projects\Assignment2_StockAnalysis\Data-20250430T011355Z-1-001\Data\data\2024-04,TCS,3864.6,2024-04-22 05:30:00,3878.0,3812.0,2024-04,3837.0,1728883
C:\Users\v-dhramaraj\Desktop\Python\Projects\Assignment2_StockAnalysis\Data-20250430T011355Z-1-001\Data\data\2024-04,TCS,3874.7,2024-04-23 05:30:00,3895.0,3860.6,2024-04,3877.05,1807586
C:\Users\v-dhramaraj\Desktop\Python\Projects\Assignment2_StockAnalysis\Data-20250430T011355Z-1-001\Data\data\2024-04,TCS,3831.05,2024-04-24 05:30:00,3898.0,3824.45,2024-04,3890.0,1317312
C:\Users\v-dhramaraj\Desktop\Python\Projects\Assignment2_StockAnalysis\Data-20250430T011355Z-1-001\Data\data\2024-04,TCS,3852.2,2024-04-25 05:30:00,3873.65,3811.0,2024-04,3811.2,2856271
C:\Users\v-dhramaraj\Desktop\Python\Projects\Assignment2_StockAnalysis\Data-20250430T011355Z-1-001\Data\data\2024-04,TCS,3821.35,2024-04-26 05:30:00,3876.8,3802.55,2024-04,3855.15,2039178
C:\Users\v-dhramaraj\Desktop\Python\Projects\Assignment2_StockAnalysis\Data-20250430T011355Z-1-001\Data\data\2024-04,TCS,3870.2,2024-04-29 05:30:00,3877.8,3819.2,2024-04,3838.0,1110693
C:\Users\v-dhramaraj\Desktop\Python\Projects\Assignment2_StockAnalysis\Data-20250430T011355Z-1-001\Data\data\2024-04,TCS,3820.65,2024-04-30 05:30:00,3881.75,3810.0,2024-04,3872.0,2203078
C:\Users\v-dhramaraj\Desktop\Python\Projects\Assignment2_StockAnalysis\Data-20250430T011355Z-1-001\Data\data\2024-05,TCS,3863.3,2024-05-02 05:30:00,3871.1,3778.05,2024-05,3778.05,2491044
C:\Users\v-dhramaraj\Desktop\Python\Projects\Assignment2_StockAnalysis\Data-20250430T011355Z-1-001\Data\data\2024-05,TCS,3843.4,2024-05-03 05:30:00,3893.6,3797.6,2024-05,3890.15,2962234
C:\Users\v-dhramaraj\Desktop\Python\Projects\Assignment2_StockAnalysis\Data-20250430T011355Z-1-001\Data\data\2024-05,TCS,3921.05,2024-05-06 05:30:00,3939.95,3853.0,2024-05,3853.0,2053831
C:\Users\v-dhramaraj\Desktop\Python\Projects\Assignment2_StockAnalysis\Data-20250430T011355Z-1-001\Data\data\2024-05,TCS,3978.95,2024-05-07 05:30:00,3988.0,3913.5,2024-05,3930.8,2062112
C:\Users\v-dhramaraj\Desktop\Python\Projects\Assignment2_StockAnalysis\Data-20250430T011355Z-1-001\Data\data\2024-05,TCS,3976.95,2024-05-08 05:30:00,3984.3,3938.6,2024-05,3961.0,1247685
C:\Users\v-dhramaraj\Desktop\Python\Projects\Assignment2_StockAnalysis\Data-20250430T011355Z-1-001\Data\data\2024-05,TCS,3960.2,2024-05-09 05:30:00,3971.0,3910.05,2024-05,3962.0,1726486
C:\Users\v-dhramaraj\Desktop\Python\Projects\Assignment2_StockAnalysis\Data-20250430T011355Z-1-001\Data\data\2024-05,TCS,3893.9,2024-05-10 05:30:00,3973.6,3885.05,2024-05,3962.6,1672489
C:\Users\v-dhramaraj\Desktop\Python\Projects\Assignment2_StockAnalysis\Data-20250430T011355Z-1-001\Data\data\2024-05,TCS,3947.8,2024-05-13 05:30:00,3955.0,3870.0,2024-05,3884.5,931326
C:\Users\v-dhramaraj\Desktop\Python\Projects\Assignment2_StockAnalysis\Data-20250430T011355Z-1-001\Data\data\2024-05,TCS,3901.2,2024-05-14 05:30:00,3945.8,3892.9,2024-05,3936.0,1058317
C:\Users\v-dhramaraj\Desktop\Python\Projects\Assignment2_StockAnalysis\Data-20250430T011355Z-1-001\Data\data\2024-05,TCS,3880.4,2024-05-15 05:30:00,3926.95,3875.5,2024-05,3904.5,1115021
C:\Users\v-dhramaraj\Desktop\Python\Projects\Assignment2_StockAnalysis\Data-20250430T011355Z-1-001\Data\data\2024-05,TCS,3900.95,2024-05-16 05:30:00,3909.5,3843.5,2024-05,3891.1,2599399
C:\Users\v-dhramaraj\Desktop\Python\Projects\Assignment2_StockAnalysis\Data-20250430T011355Z-1-001\Data\data\2024-05,TCS,3834.1,2024-05-17 05:30:00,3920.0,3830.0,2024-05,3919.0,2765804
C:\Users\v-dhramaraj\Desktop\Python\Projects\Assignment2_StockAnalysis\Data-20250430T011355Z-1-001\Data\data\2024-05,TCS,3851.45,2024-05-18 05:30:00,3861.9,3840.0,2024-05,3847.0,91066
C:\Users\v-dhramaraj\Desktop\Python\Projects\Assignment2_StockAnalysis\Data-20250430T011355Z-1-001\Data\data\2024-05,TCS,3820.2,2024-05-21 05:30:00,3844.75,3810.05,2024-05,3830.6,1908117
C:\Users\v-dhramaraj\Desktop\Python\Projects\Assignment2_StockAnalysis\Data-20250430T011355Z-1-001\Data\data\2024-05,TCS,3832.0,2024-05-22 05:30:00,3841.25,3817.55,2024-05,3835.0,1311168
C:\Users\v-dhramaraj\Desktop\Python\Projects\Assignment2_StockAnalysis\Data-20250430T011355Z-1-001\Data\data\2024-05,TCS,3893.45,2024-05-23 05:30:00,3905.0,3825.5,2024-05,3840.95,2095742
C:\Users\v-dhramaraj\Desktop\Python\Projects\Assignment2_StockAnalysis\Data-20250430T011355Z-1-001\Data\data\2024-05,TCS,3849.5,2024-05-24 05:30:00,3883.8,3844.3,2024-05,3878.25,1309452
C:\Users\v-dhramaraj\Desktop\Python\Projects\Assignment2_StockAnalysis\Data-20250430T011355Z-1-001\Data\data\2024-05,TCS,3847.05,2024-05-27 05:30:00,3908.35,3841.35,2024-05,3855.0,1841538
C:\Users\v-dhramaraj\Desktop\Python\Projects\Assignment2_StockAnalysis\Data-20250430T011355Z-1-001\Data\data\2024-05,TCS,3839.9,2024-05-28 05:30:00,3870.0,3830.0,2024-05,3858.0,1801993
C:\Users\v-dhramaraj\Desktop\Python\Projects\Assignment2_StockAnalysis\Data-20250430T011355Z-1-001\Data\data\2024-05,TCS,3803.65,2024-05-29 05:30:00,3848.9,3800.0,2024-05,3848.9,1568095
C:\Users\v-dhramaraj\Desktop\Python\Projects\Assignment2_StockAnalysis\Data-20250430T011355Z-1-001\Data\data\2024-05,TCS,3736.1,2024-05-30 05:30:00,3794.4,3715.45,2024-05,3777.0,2919230
C:\Users\v-dhramaraj\Desktop\Python\Projects\Assignment2_StockAnalysis\Data-20250430T011355Z-1-001\Data\data\2024-05,TCS,3670.95,2024-05-31 05:30:00,3749.8,3653.75,2024-05,3740.0,10956800
C:\Users\v-dhramaraj\Desktop\Python\Projects\Assignment2_StockAnalysis\Data-20250430T011355Z-1-001\Data\data\2024-06,TCS,3702.85,2024-06-03 05:30:00,3751.55,3696.0,2024-06,3732.8,2156773
C:\Users\v-dhramaraj\Desktop\Python\Projects\Assignment2_StockAnalysis\Data-20250430T011355Z-1-001\Data\data\2024-06,TCS,3715.0,2024-06-04 05:30:00,3745.0,3591.5,2024-06,3700.0,3395997
C:\Users\v-dhramaraj\Desktop\Python\Projects\Assignment2_StockAnalysis\Data-20250430T011355Z-1-001\Data\data\2024-06,TCS,3746.45,2024-06-05 05:30:00,3783.8,3700.0,2024-06,3716.0,2799670
C:\Users\v-dhramaraj\Desktop\Python\Projects\Assignment2_StockAnalysis\Data-20250430T011355Z-1-001\Data\data\2024-06,TCS,3830.4,2024-06-06 05:30:00,3839.9,3741.5,2024-06,3781.0,4328036
C:\Users\v-dhramaraj\Desktop\Python\Projects\Assignment2_StockAnalysis\Data-20250430T011355Z-1-001\Data\data\2024-06,TCS,3893.95,2024-06-07 05:30:00,3915.0,3837.3,2024-06,3837.3,4552445
C:\Users\v-dhramaraj\Desktop\Python\Projects\Assignment2_StockAnalysis\Data-20250430T011355Z-1-001\Data\data\2024-06,TCS,3858.7,2024-06-10 05:30:00,3905.9,3841.9,2024-06,3895.0,1734661
C:\Users\v-dhramaraj\Desktop\Python\Projects\Assignment2_StockAnalysis\Data-20250430T011355Z-1-001\Data\data\2024-06,TCS,3852.1,2024-06-11 05:30:00,3879.95,3841.0,2024-06,3845.0,1419898
C:\Users\v-dhramaraj\Desktop\Python\Projects\Assignment2_StockAnalysis\Data-20250430T011355Z-1-001\Data\data\2024-06,TCS,3831.65,2024-06-12 05:30:00,3893.5,3827.45,2024-06,3874.4,2177001
C:\Users\v-dhramaraj\Desktop\Python\Projects\Assignment2_StockAnalysis\Data-20250430T011355Z-1-001\Data\data\2024-06,TCS,3878.15,2024-06-13 05:30:00,3890.0,3852.0,2024-06,3856.8,1932323
C:\Users\v-dhramaraj\Desktop\Python\Projects\Assignment2_StockAnalysis\Data-20250430T011355Z-1-001\Data\data\2024-06,TCS,3832.05,2024-06-14 05:30:00,3889.0,3828.0,2024-06,3889.0,1860730
C:\Users\v-dhramaraj\Desktop\Python\Projects\Assignment2_StockAnalysis\Data-20250430T011355Z-1-001\Data\data\2024-06,TCS,3815.1,2024-06-18 05:30:00,3842.0,3795.05,2024-06,3826.05,1774045
C:\Users\v-dhramaraj\Desktop\Python\Projects\Assignment2_StockAnalysis\Data-20250430T011355Z-1-001\Data\data\2024-06,TCS,3801.7,2024-06-19 05:30:00,3833.85,3792.95,2024-06,3827.65,1509050
C:\Users\v-dhramaraj\Desktop\Python\Projects\Assignment2_StockAnalysis\Data-20250430T011355Z-1-001\Data\data\2024-06,TCS,3787.25,2024-06-20 05:30:00,3809.95,3780.05,2024-06,3796.0,2846526
C:\Users\v-dhramaraj\Desktop\Python\Projects\Assignment2_StockAnalysis\Data-20250430T011355Z-1-001\Data\data\2024-06,TCS,3810.75,2024-06-21 05:30:00,3877.8,3798.05,2024-06,3827.0,4642195
C:\Users\v-dhramaraj\Desktop\Python\Projects\Assignment2_StockAnalysis\Data-20250430T011355Z-1-001\Data\data\2024-06,TCS,3816.8,2024-06-24 05:30:00,3857.0,3791.3,2024-06,3808.75,1702154
C:\Users\v-dhramaraj\Desktop\Python\Projects\Assignment2_StockAnalysis\Data-20250430T011355Z-1-001\Data\data\2024-06,TCS,3838.45,2024-06-25 05:30:00,3847.65,3792.9,2024-06,3817.0,1338808
C:\Users\v-dhramaraj\Desktop\Python\Projects\Assignment2_StockAnalysis\Data-20250430T011355Z-1-001\Data\data\2024-06,TCS,3855.85,2024-06-26 05:30:00,3866.95,3841.0,2024-06,3844.5,1639845
C:\Users\v-dhramaraj\Desktop\Python\Projects\Assignment2_StockAnalysis\Data-20250430T011355Z-1-001\Data\data\2024-06,TCS,3934.15,2024-06-27 05:30:00,3942.0,3818.1,2024-06,3831.0,4526556
C:\Users\v-dhramaraj\Desktop\Python\Projects\Assignment2_StockAnalysis\Data-20250430T011355Z-1-001\Data\data\2024-06,TCS,3904.15,2024-06-28 05:30:00,3960.0,3897.85,2024-06,3917.8,2731571
C:\Users\v-dhramaraj\Desktop\Python\Projects\Assignment2_StockAnalysis\Data-20250430T011355Z-1-001\Data\data\2024-07,TCS,3978.2,2024-07-01 05:30:00,4001.7,3884.0,2024-07,3884.0,2658723
C:\Users\v-dhramaraj\Desktop\Python\Projects\Assignment2_StockAnalysis\Data-20250430T011355Z-1-001\Data\data\2024-07,TCS,4017.4,2024-07-02 05:30:00,4023.4,3982.55,2024-07,3993.6,2307449
C:\Users\v-dhramaraj\Desktop\Python\Projects\Assignment2_StockAnalysis\Data-20250430T011355Z-1-001\Data\data\2024-07,TCS,3965.25,2024-07-03 05:30:00,4026.1,3955.0,2024-07,4020.0,1821198
C:\Users\v-dhramaraj\Desktop\Python\Projects\Assignment2_StockAnalysis\Data-20250430T011355Z-1-001\Data\data\2024-07,TCS,4020.95,2024-07-04 05:30:00,4047.35,3982.1,2024-07,3999.85,2518001
C:\Users\v-dhramaraj\Desktop\Python\Projects\Assignment2_StockAnalysis\Data-20250430T011355Z-1-001\Data\data\2024-07,TCS,4011.8,2024-07-05 05:30:00,4026.75,3988.0,2024-07,4010.0,1668616
C:\Users\v-dhramaraj\Desktop\Python\Projects\Assignment2_StockAnalysis\Data-20250430T011355Z-1-001\Data\data\2024-07,TCS,3993.2,2024-07-08 05:30:00,4031.25,3978.05,2024-07,4022.0,1758882
C:\Users\v-dhramaraj\Desktop\Python\Projects\Assignment2_StockAnalysis\Data-20250430T011355Z-1-001\Data\data\2024-07,TCS,3985.5,2024-07-09 05:30:00,4006.95,3975.1,2024-07,3985.0,1305801
C:\Users\v-dhramaraj\Desktop\Python\Projects\Assignment2_StockAnalysis\Data-20250430T011355Z-1-001\Data\data\2024-07,TCS,3909.15,2024-07-10 05:30:00,4003.3,3902.0,2024-07,3983.7,2669716
C:\Users\v-dhramaraj\Desktop\Python\Projects\Assignment2_StockAnalysis\Data-20250430T011355Z-1-001\Data\data\2024-07,TCS,3923.7,2024-07-11 05:30:00,3980.0,3895.6,2024-07,3931.0,4872189
C:\Users\v-dhramaraj\Desktop\Python\Projects\Assignment2_StockAnalysis\Data-20250430T011355Z-1-001\Data\data\2024-07,TCS,4183.95,2024-07-12 05:30:00,4199.95,3971.3,2024-07,3980.0,13509164
C:\Users\v-dhramaraj\Desktop\Python\Projects\Assignment2_StockAnalysis\Data-20250430T011355Z-1-001\Data\data\2024-07,TCS,4169.2,2024-07-15 05:30:00,4240.0,4157.05,2024-07,4235.7,4848030
C:\Users\v-dhramaraj\Desktop\Python\Projects\Assignment2_StockAnalysis\Data-20250430T011355Z-1-001\Data\data\2024-07,TCS,4178.45,2024-07-16 05:30:00,4194.55,4144.9,2024-07,4172.0,2029521
C:\Users\v-dhramaraj\Desktop\Python\Projects\Assignment2_StockAnalysis\Data-20250430T011355Z-1-001\Data\data\2024-07,TCS,4315.55,2024-07-18 05:30:00,4325.0,4160.0,2024-07,4160.0,5613364
C:\Users\v-dhramaraj\Desktop\Python\Projects\Assignment2_StockAnalysis\Data-20250430T011355Z-1-001\Data\data\2024-07,TCS,4302.4,2024-07-19 05:30:00,4358.75,4285.25,2024-07,4317.4,3903354
C:\Users\v-dhramaraj\Desktop\Python\Projects\Assignment2_StockAnalysis\Data-20250430T011355Z-1-001\Data\data\2024-07,TCS,4287.35,2024-07-22 05:30:00,4319.95,4265.0,2024-07,4299.95,1896386
C:\Users\v-dhramaraj\Desktop\Python\Projects\Assignment2_StockAnalysis\Data-20250430T011355Z-1-001\Data\data\2024-07,TCS,4302.35,2024-07-23 05:30:00,4361.7,4266.3,2024-07,4283.0,2365208
C:\Users\v-dhramaraj\Desktop\Python\Projects\Assignment2_StockAnalysis\Data-20250430T011355Z-1-001\Data\data\2024-07,TCS,4306.25,2024-07-24 05:30:00,4339.1,4268.1,2024-07,4287.5,1809793
C:\Users\v-dhramaraj\Desktop\Python\Projects\Assignment2_StockAnalysis\Data-20250430T011355Z-1-001\Data\data\2024-07,TCS,4322.5,2024-07-25 05:30:00,4343.0,4274.2,2024-07,4295.0,2810342
C:\Users\v-dhramaraj\Desktop\Python\Projects\Assignment2_StockAnalysis\Data-20250430T011355Z-1-001\Data\data\2024-07,TCS,4387.85,2024-07-26 05:30:00,4422.45,4337.05,2024-07,4350.0,3552210
C:\Users\v-dhramaraj\Desktop\Python\Projects\Assignment2_StockAnalysis\Data-20250430T011355Z-1-001\Data\data\2024-07,TCS,4381.1,2024-07-29 05:30:00,4431.0,4371.0,2024-07,4415.0,1746803
C:\Users\v-dhramaraj\Desktop\Python\Projects\Assignment2_StockAnalysis\Data-20250430T011355Z-1-001\Data\data\2024-07,TCS,4365.35,2024-07-30 05:30:00,4398.0,4327.3,2024-07,4391.1,1797906
C:\Users\v-dhramaraj\Desktop\Python\Projects\Assignment2_StockAnalysis\Data-20250430T011355Z-1-001\Data\data\2024-07,TCS,4385.35,2024-07-31 05:30:00,4414.0,4345.0,2024-07,4350.0,2330091
C:\Users\v-dhramaraj\Desktop\Python\Projects\Assignment2_StockAnalysis\Data-20250430T011355Z-1-001\Data\data\2024-08,TCS,4397.1,2024-08-01 05:30:00,4419.3,4365.05,2024-08,4399.4,2202244
C:\Users\v-dhramaraj\Desktop\Python\Projects\Assignment2_StockAnalysis\Data-20250430T011355Z-1-001\Data\data\2024-08,TCS,4283.05,2024-08-02 05:30:00,4398.0,4270.0,2024-08,4365.0,2811282
C:\Users\v-dhramaraj\Desktop\Python\Projects\Assignment2_StockAnalysis\Data-20250430T011355Z-1-001\Data\data\2024-08,TCS,4155.05,2024-08-05 05:30:00,4239.0,4110.5,2024-08,4239.0,2787771
C:\Users\v-dhramaraj\Desktop\Python\Projects\Assignment2_StockAnalysis\Data-20250430T011355Z-1-001\Data\data\2024-08,TCS,4171.2,2024-08-06 05:30:00,4258.25,4160.8,2024-08,4170.95,2203067
C:\Users\v-dhramaraj\Desktop\Python\Projects\Assignment2_StockAnalysis\Data-20250430T011355Z-1-001\Data\data\2024-08,TCS,4200.45,2024-08-07 05:30:00,4244.95,4180.3,2024-08,4228.0,1237666
C:\Users\v-dhramaraj\Desktop\Python\Projects\Assignment2_StockAnalysis\Data-20250430T011355Z-1-001\Data\data\2024-08,TCS,4172.55,2024-08-08 05:30:00,4232.0,4160.0,2024-08,4181.0,2441283
C:\Users\v-dhramaraj\Desktop\Python\Projects\Assignment2_StockAnalysis\Data-20250430T011355Z-1-001\Data\data\2024-08,TCS,4228.75,2024-08-09 05:30:00,4253.65,4205.55,2024-08,4217.0,1302536
C:\Users\v-dhramaraj\Desktop\Python\Projects\Assignment2_StockAnalysis\Data-20250430T011355Z-1-001\Data\data\2024-08,TCS,4195.65,2024-08-12 05:30:00,4239.0,4186.35,2024-08,4230.0,936912
C:\Users\v-dhramaraj\Desktop\Python\Projects\Assignment2_StockAnalysis\Data-20250430T011355Z-1-001\Data\data\2024-08,TCS,4196.95,2024-08-13 05:30:00,4234.0,4183.0,2024-08,4213.0,1495593
C:\Users\v-dhramaraj\Desktop\Python\Projects\Assignment2_StockAnalysis\Data-20250430T011355Z-1-001\Data\data\2024-08,TCS,4295.25,2024-08-14 05:30:00,4306.2,4188.15,2024-08,4209.0,3226545
C:\Users\v-dhramaraj\Desktop\Python\Projects\Assignment2_StockAnalysis\Data-20250430T011355Z-1-001\Data\data\2024-08,TCS,4416.05,2024-08-16 05:30:00,4427.0,4325.1,2024-08,4350.0,3457058
C:\Users\v-dhramaraj\Desktop\Python\Projects\Assignment2_StockAnalysis\Data-20250430T011355Z-1-001\Data\data\2024-08,TCS,4490.0,2024-08-19 05:30:00,4494.25,4390.35,2024-08,4421.0,2055210
C:\Users\v-dhramaraj\Desktop\Python\Projects\Assignment2_StockAnalysis\Data-20250430T011355Z-1-001\Data\data\2024-08,TCS,4523.3,2024-08-20 05:30:00,4565.0,4500.0,2024-08,4505.0,2212298
C:\Users\v-dhramaraj\Desktop\Python\Projects\Assignment2_StockAnalysis\Data-20250430T011355Z-1-001\Data\data\2024-08,TCS,4551.5,2024-08-21 05:30:00,4560.0,4492.55,2024-08,4518.0,1896990
C:\Users\v-dhramaraj\Desktop\Python\Projects\Assignment2_StockAnalysis\Data-20250430T011355Z-1-001\Data\data\2024-08,TCS,4502.0,2024-08-22 05:30:00,4560.95,4497.2,2024-08,4560.0,1829872
C:\Users\v-dhramaraj\Desktop\Python\Projects\Assignment2_StockAnalysis\Data-20250430T011355Z-1-001\Data\data\2024-08,TCS,4463.9,2024-08-23 05:30:00,4506.0,4455.0,2024-08,4500.0,1809253
C:\Users\v-dhramaraj\Desktop\Python\Projects\Assignment2_StockAnalysis\Data-20250430T011355Z-1-001\Data\data\2024-08,TCS,4502.45,2024-08-26 05:30:00,4552.15,4485.0,2024-08,4489.0,1844164
C:\Users\v-dhramaraj\Desktop\Python\Projects\Assignment2_StockAnalysis\Data-20250430T011355Z-1-001\Data\data\2024-08,TCS,4497.15,2024-08-27 05:30:00,4510.0,4486.8,2024-08,4505.0,930697
C:\Users\v-dhramaraj\Desktop\Python\Projects\Assignment2_StockAnalysis\Data-20250430T011355Z-1-001\Data\data\2024-08,TCS,4506.05,2024-08-28 05:30:00,4562.5,4457.3,2024-08,4498.75,1848058
C:\Users\v-dhramaraj\Desktop\Python\Projects\Assignment2_StockAnalysis\Data-20250430T011355Z-1-001\Data\data\2024-08,TCS,4511.8,2024-08-29 05:30:00,4556.0,4460.0,2024-08,4460.0,2133641
C:\Users\v-dhramaraj\Desktop\Python\Projects\Assignment2_StockAnalysis\Data-20250430T011355Z-1-001\Data\data\2024-08,TCS,4553.75,2024-08-30 05:30:00,4592.25,4487.8,2024-08,4500.0,3637222
C:\Users\v-dhramaraj\Desktop\Python\Projects\Assignment2_StockAnalysis\Data-20250430T011355Z-1-001\Data\data\2024-09,TCS,4521.05,2024-09-02 05:30:00,4588.0,4512.0,2024-09,4576.0,1216500
C:\Users\v-dhramaraj\Desktop\Python\Projects\Assignment2_StockAnalysis\Data-20250430T011355Z-1-001\Data\data\2024-09,TCS,4512.35,2024-09-03 05:30:00,4555.9,4495.9,2024-09,4521.05,1717263
C:\Users\v-dhramaraj\Desktop\Python\Projects\Assignment2_StockAnalysis\Data-20250430T011355Z-1-001\Data\data\2024-09,TCS,4479.25,2024-09-04 05:30:00,4487.0,4436.7,2024-09,4476.95,1265505
C:\Users\v-dhramaraj\Desktop\Python\Projects\Assignment2_StockAnalysis\Data-20250430T011355Z-1-001\Data\data\2024-09,TCS,4475.95,2024-09-05 05:30:00,4499.0,4454.15,2024-09,4481.0,1688793
C:\Users\v-dhramaraj\Desktop\Python\Projects\Assignment2_StockAnalysis\Data-20250430T011355Z-1-001\Data\data\2024-09,TCS,4456.75,2024-09-06 05:30:00,4518.95,4440.0,2024-09,4473.95,1649179
C:\Users\v-dhramaraj\Desktop\Python\Projects\Assignment2_StockAnalysis\Data-20250430T011355Z-1-001\Data\data\2024-09,TCS,4449.55,2024-09-09 05:30:00,4490.25,4430.5,2024-09,4455.0,1184938
C:\Users\v-dhramaraj\Desktop\Python\Projects\Assignment2_StockAnalysis\Data-20250430T011355Z-1-001\Data\data\2024-09,TCS,4507.85,2024-09-10 05:30:00,4539.95,4440.45,2024-09,4442.45,1385591
C:\Users\v-dhramaraj\Desktop\Python\Projects\Assignment2_StockAnalysis\Data-20250430T011355Z-1-001\Data\data\2024-09,TCS,4479.35,2024-09-11 05:30:00,4549.35,4471.25,2024-09,4521.45,1325919
C:\Users\v-dhramaraj\Desktop\Python\Projects\Assignment2_StockAnalysis\Data-20250430T011355Z-1-001\Data\data\2024-09,TCS,4517.7,2024-09-12 05:30:00,4532.6,4431.3,2024-09,4510.25,2742216
C:\Users\v-dhramaraj\Desktop\Python\Projects\Assignment2_StockAnalysis\Data-20250430T011355Z-1-001\Data\data\2024-09,TCS,4522.6,2024-09-13 05:30:00,4547.0,4505.0,2024-09,4530.0,1458786
C:\Users\v-dhramaraj\Desktop\Python\Projects\Assignment2_StockAnalysis\Data-20250430T011355Z-1-001\Data\data\2024-09,TCS,4513.25,2024-09-16 05:30:00,4546.05,4494.45,2024-09,4527.0,1155120
C:\Users\v-dhramaraj\Desktop\Python\Projects\Assignment2_StockAnalysis\Data-20250430T011355Z-1-001\Data\data\2024-09,TCS,4505.65,2024-09-17 05:30:00,4535.8,4466.0,2024-09,4513.25,1699364
C:\Users\v-dhramaraj\Desktop\Python\Projects\Assignment2_StockAnalysis\Data-20250430T011355Z-1-001\Data\data\2024-09,TCS,4346.15,2024-09-18 05:30:00,4497.05,4321.0,2024-09,4497.05,2961779
C:\Users\v-dhramaraj\Desktop\Python\Projects\Assignment2_StockAnalysis\Data-20250430T011355Z-1-001\Data\data\2024-09,TCS,4296.15,2024-09-19 05:30:00,4422.2,4281.8,2024-09,4390.05,2927551
C:\Users\v-dhramaraj\Desktop\Python\Projects\Assignment2_StockAnalysis\Data-20250430T011355Z-1-001\Data\data\2024-09,TCS,4284.9,2024-09-20 05:30:00,4330.7,4227.5,2024-09,4316.9,5447908
C:\Users\v-dhramaraj\Desktop\Python\Projects\Assignment2_StockAnalysis\Data-20250430T011355Z-1-001\Data\data\2024-09,TCS,4268.5,2024-09-23 05:30:00,4309.4,4253.0,2024-09,4300.0,1702319
C:\Users\v-dhramaraj\Desktop\Python\Projects\Assignment2_StockAnalysis\Data-20250430T011355Z-1-001\Data\data\2024-09,TCS,4271.3,2024-09-24 05:30:00,4291.0,4240.0,2024-09,4251.65,3012026
C:\Users\v-dhramaraj\Desktop\Python\Projects\Assignment2_StockAnalysis\Data-20250430T011355Z-1-001\Data\data\2024-09,TCS,4274.75,2024-09-25 05:30:00,4289.6,4240.0,2024-09,4252.35,2713073
C:\Users\v-dhramaraj\Desktop\Python\Projects\Assignment2_StockAnalysis\Data-20250430T011355Z-1-001\Data\data\2024-09,TCS,4292.5,2024-09-26 05:30:00,4316.8,4260.0,2024-09,4260.0,3964251
C:\Users\v-dhramaraj\Desktop\Python\Projects\Assignment2_StockAnalysis\Data-20250430T011355Z-1-001\Data\data\2024-09,TCS,4308.7,2024-09-27 05:30:00,4378.0,4300.05,2024-09,4335.0,3012477
C:\Users\v-dhramaraj\Desktop\Python\Projects\Assignment2_StockAnalysis\Data-20250430T011355Z-1-001\Data\data\2024-09,TCS,4268.5,2024-09-30 05:30:00,4298.75,4260.05,2024-09,4286.9,2503416
C:\Users\v-dhramaraj\Desktop\Python\Projects\Assignment2_StockAnalysis\Data-20250430T011355Z-1-001\Data\data\2024-10,TCS,4287.9,2024-10-01 05:30:00,4295.75,4242.95,2024-10,4255.55,1823365
C:\Users\v-dhramaraj\Desktop\Python\Projects\Assignment2_StockAnalysis\Data-20250430T011355Z-1-001\Data\data\2024-10,TCS,4232.75,2024-10-03 05:30:00,4279.0,4210.0,2024-10,4262.6,3350119
C:\Users\v-dhramaraj\Desktop\Python\Projects\Assignment2_StockAnalysis\Data-20250430T011355Z-1-001\Data\data\2024-10,TCS,4252.25,2024-10-04 05:30:00,4298.0,4224.05,2024-10,4225.0,2965463
C:\Users\v-dhramaraj\Desktop\Python\Projects\Assignment2_StockAnalysis\Data-20250430T011355Z-1-001\Data\data\2024-10,TCS,4272.85,2024-10-07 05:30:00,4297.25,4229.4,2024-10,4273.9,1472619
C:\Users\v-dhramaraj\Desktop\Python\Projects\Assignment2_StockAnalysis\Data-20250430T011355Z-1-001\Data\data\2024-10,TCS,4253.25,2024-10-08 05:30:00,4279.4,4203.95,2024-10,4272.6,1541867
C:\Users\v-dhramaraj\Desktop\Python\Projects\Assignment2_StockAnalysis\Data-20250430T011355Z-1-001\Data\data\2024-10,TCS,4252.95,2024-10-09 05:30:00,4295.0,4246.7,2024-10,4260.0,1082504
C:\Users\v-dhramaraj\Desktop\Python\Projects\Assignment2_StockAnalysis\Data-20250430T011355Z-1-001\Data\data\2024-10,TCS,4227.4,2024-10-10 05:30:00,4293.85,4198.6,2024-10,4253.25,2378875
C:\Users\v-dhramaraj\Desktop\Python\Projects\Assignment2_StockAnalysis\Data-20250430T011355Z-1-001\Data\data\2024-10,TCS,4149.2,2024-10-11 05:30:00,4241.95,4112.45,2024-10,4143.0,5759183
C:\Users\v-dhramaraj\Desktop\Python\Projects\Assignment2_StockAnalysis\Data-20250430T011355Z-1-001\Data\data\2024-10,TCS,4136.65,2024-10-14 05:30:00,4165.4,4122.2,2024-10,4140.0,2137590
C:\Users\v-dhramaraj\Desktop\Python\Projects\Assignment2_StockAnalysis\Data-20250430T011355Z-1-001\Data\data\2024-10,TCS,4116.8,2024-10-15 05:30:00,4169.95,4095.0,2024-10,4131.05,2759474
C:\Users\v-dhramaraj\Desktop\Python\Projects\Assignment2_StockAnalysis\Data-20250430T011355Z-1-001\Data\data\2024-10,TCS,4094.95,2024-10-16 05:30:00,4115.0,4067.2,2024-10,4085.0,2359151
C:\Users\v-dhramaraj\Desktop\Python\Projects\Assignment2_StockAnalysis\Data-20250430T011355Z-1-001\Data\data\2024-10,TCS,4109.0,2024-10-17 05:30:00,4129.95,4092.95,2024-10,4112.8,2522659
C:\Users\v-dhramaraj\Desktop\Python\Projects\Assignment2_StockAnalysis\Data-20250430T011355Z-1-001\Data\data\2024-10,TCS,4123.05,2024-10-18 05:30:00,4146.15,4080.0,2024-10,4090.0,2361000
C:\Users\v-dhramaraj\Desktop\Python\Projects\Assignment2_StockAnalysis\Data-20250430T011355Z-1-001\Data\data\2024-10,TCS,4079.85,2024-10-21 05:30:00,4139.95,4070.0,2024-10,4132.6,1595450
C:\Users\v-dhramaraj\Desktop\Python\Projects\Assignment2_StockAnalysis\Data-20250430T011355Z-1-001\Data\data\2024-10,TCS,4015.5,2024-10-22 05:30:00,4089.8,4006.35,2024-10,4066.0,1928049
C:\Users\v-dhramaraj\Desktop\Python\Projects\Assignment2_StockAnalysis\Data-20250430T011355Z-1-001\Data\data\2024-10,TCS,4066.25,2024-10-23 05:30:00,4113.55,3995.15,2024-10,3999.6,1966476
C:\Users\v-dhramaraj\Desktop\Python\Projects\Assignment2_StockAnalysis\Data-20250430T011355Z-1-001\Data\data\2024-10,TCS,4047.9,2024-10-24 05:30:00,4079.0,4004.0,2024-10,4004.0,2676744
C:\Users\v-dhramaraj\Desktop\Python\Projects\Assignment2_StockAnalysis\Data-20250430T011355Z-1-001\Data\data\2024-10,TCS,4057.55,2024-10-25 05:30:00,4092.0,4032.7,2024-10,4057.05,1759676
C:\Users\v-dhramaraj\Desktop\Python\Projects\Assignment2_StockAnalysis\Data-20250430T011355Z-1-001\Data\data\2024-10,TCS,4090.85,2024-10-28 05:30:00,4134.0,4051.0,2024-10,4068.95,1532534
C:\Users\v-dhramaraj\Desktop\Python\Projects\Assignment2_StockAnalysis\Data-20250430T011355Z-1-001\Data\data\2024-10,TCS,4075.25,2024-10-29 05:30:00,4103.5,4060.1,2024-10,4095.85,1445885
C:\Users\v-dhramaraj\Desktop\Python\Projects\Assignment2_StockAnalysis\Data-20250430T011355Z-1-001\Data\data\2024-10,TCS,4084.65,2024-10-30 05:30:00,4107.0,4060.05,2024-10,4075.0,1935002
C:\Users\v-dhramaraj\Desktop\Python\Projects\Assignment2_StockAnalysis\Data-20250430T011355Z-1-001\Data\data\2024-10,TCS,3968.45,2024-10-31 05:30:00,4078.3,3960.0,2024-10,4070.0,3740372
C:\Users\v-dhramaraj\Desktop\Python\Projects\Assignment2_StockAnalysis\Data-20250430T011355Z-1-001\Data\data\2024-11,TCS,3984.2,2024-11-01 05:30:00,3998.95,3976.05,2024-11,3989.85,154895
C:\Users\v-dhramaraj\Desktop\Python\Projects\Assignment2_StockAnalysis\Data-20250430T011355Z-1-001\Data\data\2024-11,TCS,3964.15,2024-11-04 05:30:00,3991.9,3913.25,2024-11,3966.3,2269192
C:\Users\v-dhramaraj\Desktop\Python\Projects\Assignment2_StockAnalysis\Data-20250430T011355Z-1-001\Data\data\2024-11,TCS,3971.35,2024-11-05 05:30:00,3986.0,3941.1,2024-11,3941.1,967590
C:\Users\v-dhramaraj\Desktop\Python\Projects\Assignment2_StockAnalysis\Data-20250430T011355Z-1-001\Data\data\2024-11,TCS,4139.65,2024-11-06 05:30:00,4149.8,3975.25,2024-11,4003.6,3792017
C:\Users\v-dhramaraj\Desktop\Python\Projects\Assignment2_StockAnalysis\Data-20250430T011355Z-1-001\Data\data\2024-11,TCS,4150.9,2024-11-07 05:30:00,4205.8,4085.05,2024-11,4169.7,3724349
C:\Users\v-dhramaraj\Desktop\Python\Projects\Assignment2_StockAnalysis\Data-20250430T011355Z-1-001\Data\data\2024-11,TCS,4147.0,2024-11-08 05:30:00,4169.75,4117.65,2024-11,4155.0,1648039
C:\Users\v-dhramaraj\Desktop\Python\Projects\Assignment2_StockAnalysis\Data-20250430T011355Z-1-001\Data\data\2024-11,TCS,4198.7,2024-11-11 05:30:00,4234.3,4117.65,2024-11,4128.2,1406487
C:\Users\v-dhramaraj\Desktop\Python\Projects\Assignment2_StockAnalysis\Data-20250430T011355Z-1-001\Data\data\2024-11,TCS,4197.4,2024-11-12 05:30:00,4218.0,4164.35,2024-11,4216.0,1587640
C:\Users\v-dhramaraj\Desktop\Python\Projects\Assignment2_StockAnalysis\Data-20250430T011355Z-1-001\Data\data\2024-11,TCS,4150.35,2024-11-13 05:30:00,4196.75,4131.05,2024-11,4178.1,1098813
C:\Users\v-dhramaraj\Desktop\Python\Projects\Assignment2_StockAnalysis\Data-20250430T011355Z-1-001\Data\data\2024-11,TCS,4145.9,2024-11-14 05:30:00,4160.0,4116.45,2024-11,4135.0,1825432
C:\Users\v-dhramaraj\Desktop\Python\Projects\Assignment2_StockAnalysis\Data-20250430T011355Z-1-001\Data\data\2024-11,TCS,4019.5,2024-11-18 05:30:00,4213.0,3990.2,2024-11,4213.0,3313944
C:\Users\v-dhramaraj\Desktop\Python\Projects\Assignment2_StockAnalysis\Data-20250430T011355Z-1-001\Data\data\2024-11,TCS,4039.55,2024-11-19 05:30:00,4132.15,4014.1,2024-11,4019.9,1776233
C:\Users\v-dhramaraj\Desktop\Python\Projects\Assignment2_StockAnalysis\Data-20250430T011355Z-1-001\Data\data\2024-11,TCS,4072.85,2024-11-21 05:30:00,4092.45,4024.0,2024-11,4044.9,2384347
C:\Users\v-dhramaraj\Desktop\Python\Projects\Assignment2_StockAnalysis\Data-20250430T011355Z-1-001\Data\data\2024-11,TCS,4244.6,2024-11-22 05:30:00,4254.95,4054.0,2024-11,4071.0,3096553
