Source Folder,Ticker,close,date,high,low,month,open,volume
C:\Users\v-dhramaraj\Desktop\Python\Projects\Assignment2_StockAnalysis\Data-20250430T011355Z-1-001\Data\data\2023-10,TITAN,3196.25,2023-10-03 05:30:00,3212.5,3114.4,2023-10,3148.8,1007308
C:\Users\v-dhramaraj\Desktop\Python\Projects\Assignment2_StockAnalysis\Data-20250430T011355Z-1-001\Data\data\2023-10,TITAN,3166.65,2023-10-04 05:30:00,3205.0,3151.0,2023-10,3186.0,486969
C:\Users\v-dhramaraj\Desktop\Python\Projects\Assignment2_StockAnalysis\Data-20250430T011355Z-1-001\Data\data\2023-10,TITAN,3216.5,2023-10-05 05:30:00,3231.0,3165.0,2023-10,3173.9,1109881
C:\Users\v-dhramaraj\Desktop\Python\Projects\Assignment2_StockAnalysis\Data-20250430T011355Z-1-001\Data\data\2023-10,TITAN,3309.75,2023-10-06 05:30:00,3319.8,3221.1,2023-10,3230.0,1102120
C:\Users\v-dhramaraj\Desktop\Python\Projects\Assignment2_StockAnalysis\Data-20250430T011355Z-1-001\Data\data\2023-10,TITAN,3267.5,2023-10-09 05:30:00,3296.0,3249.05,2023-10,3294.7,822467
C:\Users\v-dhramaraj\Desktop\Python\Projects\Assignment2_StockAnalysis\Data-20250430T011355Z-1-001\Data\data\2023-10,TITAN,3269.2,2023-10-10 05:30:00,3299.2,3259.3,2023-10,3295.0,633934
C:\Users\v-dhramaraj\Desktop\Python\Projects\Assignment2_StockAnalysis\Data-20250430T011355Z-1-001\Data\data\2023-10,TITAN,3280.5,2023-10-11 05:30:00,3296.0,3264.0,2023-10,3289.7,546575
C:\Users\v-dhramaraj\Desktop\Python\Projects\Assignment2_StockAnalysis\Data-20250430T011355Z-1-001\Data\data\2023-10,TITAN,3285.0,2023-10-12 05:30:00,3295.05,3262.6,2023-10,3292.0,429096
C:\Users\v-dhramaraj\Desktop\Python\Projects\Assignment2_StockAnalysis\Data-20250430T011355Z-1-001\Data\data\2023-10,TITAN,3283.75,2023-10-13 05:30:00,3307.0,3266.55,2023-10,3285.0,920545
C:\Users\v-dhramaraj\Desktop\Python\Projects\Assignment2_StockAnalysis\Data-20250430T011355Z-1-001\Data\data\2023-10,TITAN,3301.4,2023-10-16 05:30:00,3329.0,3275.0,2023-10,3284.0,778014
C:\Users\v-dhramaraj\Desktop\Python\Projects\Assignment2_StockAnalysis\Data-20250430T011355Z-1-001\Data\data\2023-10,TITAN,3308.45,2023-10-17 05:30:00,3328.45,3304.1,2023-10,3317.95,584625
C:\Users\v-dhramaraj\Desktop\Python\Projects\Assignment2_StockAnalysis\Data-20250430T011355Z-1-001\Data\data\2023-10,TITAN,3282.75,2023-10-18 05:30:00,3324.15,3277.5,2023-10,3309.2,324535
C:\Users\v-dhramaraj\Desktop\Python\Projects\Assignment2_StockAnalysis\Data-20250430T011355Z-1-001\Data\data\2023-10,TITAN,3284.65,2023-10-19 05:30:00,3300.95,3239.0,2023-10,3270.0,698767
C:\Users\v-dhramaraj\Desktop\Python\Projects\Assignment2_StockAnalysis\Data-20250430T011355Z-1-001\Data\data\2023-10,TITAN,3266.2,2023-10-20 05:30:00,3291.5,3244.0,2023-10,3272.65,657550
C:\Users\v-dhramaraj\Desktop\Python\Projects\Assignment2_StockAnalysis\Data-20250430T011355Z-1-001\Data\data\2023-10,TITAN,3219.75,2023-10-23 05:30:00,3274.95,3209.7,2023-10,3246.2,566920
C:\Users\v-dhramaraj\Desktop\Python\Projects\Assignment2_StockAnalysis\Data-20250430T011355Z-1-001\Data\data\2023-10,TITAN,3187.85,2023-10-25 05:30:00,3236.3,3179.0,2023-10,3216.0,762466
C:\Users\v-dhramaraj\Desktop\Python\Projects\Assignment2_StockAnalysis\Data-20250430T011355Z-1-001\Data\data\2023-10,TITAN,3100.8,2023-10-26 05:30:00,3189.9,3092.05,2023-10,3160.35,1124281
C:\Users\v-dhramaraj\Desktop\Python\Projects\Assignment2_StockAnalysis\Data-20250430T011355Z-1-001\Data\data\2023-10,TITAN,3120.7,2023-10-27 05:30:00,3138.75,3087.25,2023-10,3095.1,1050608
C:\Users\v-dhramaraj\Desktop\Python\Projects\Assignment2_StockAnalysis\Data-20250430T011355Z-1-001\Data\data\2023-10,TITAN,3116.45,2023-10-30 05:30:00,3121.95,3075.0,2023-10,3105.0,802316
C:\Users\v-dhramaraj\Desktop\Python\Projects\Assignment2_StockAnalysis\Data-20250430T011355Z-1-001\Data\data\2023-10,TITAN,3189.65,2023-10-31 05:30:00,3205.8,3087.85,2023-10,3119.6,1235478
C:\Users\v-dhramaraj\Desktop\Python\Projects\Assignment2_StockAnalysis\Data-20250430T011355Z-1-001\Data\data\2023-11,TITAN,3173.4,2023-11-01 05:30:00,3212.9,3168.35,2023-11,3193.85,756820
C:\Users\v-dhramaraj\Desktop\Python\Projects\Assignment2_StockAnalysis\Data-20250430T011355Z-1-001\Data\data\2023-11,TITAN,3201.5,2023-11-02 05:30:00,3228.5,3180.0,2023-11,3200.0,774180
C:\Users\v-dhramaraj\Desktop\Python\Projects\Assignment2_StockAnalysis\Data-20250430T011355Z-1-001\Data\data\2023-11,TITAN,3274.5,2023-11-03 05:30:00,3288.0,3205.05,2023-11,3205.15,1355614
C:\Users\v-dhramaraj\Desktop\Python\Projects\Assignment2_StockAnalysis\Data-20250430T011355Z-1-001\Data\data\2023-11,TITAN,3267.05,2023-11-06 05:30:00,3310.0,3245.3,2023-11,3310.0,1137606
C:\Users\v-dhramaraj\Desktop\Python\Projects\Assignment2_StockAnalysis\Data-20250430T011355Z-1-001\Data\data\2023-11,TITAN,3270.2,2023-11-07 05:30:00,3286.45,3250.2,2023-11,3274.0,433992
C:\Users\v-dhramaraj\Desktop\Python\Projects\Assignment2_StockAnalysis\Data-20250430T011355Z-1-001\Data\data\2023-11,TITAN,3311.85,2023-11-08 05:30:00,3323.8,3272.2,2023-11,3289.0,632305
C:\Users\v-dhramaraj\Desktop\Python\Projects\Assignment2_StockAnalysis\Data-20250430T011355Z-1-001\Data\data\2023-11,TITAN,3283.75,2023-11-09 05:30:00,3320.95,3274.65,2023-11,3320.95,1317398
C:\Users\v-dhramaraj\Desktop\Python\Projects\Assignment2_StockAnalysis\Data-20250430T011355Z-1-001\Data\data\2023-11,TITAN,3256.35,2023-11-10 05:30:00,3274.95,3223.0,2023-11,3263.05,1170763
C:\Users\v-dhramaraj\Desktop\Python\Projects\Assignment2_StockAnalysis\Data-20250430T011355Z-1-001\Data\data\2023-11,TITAN,3280.6,2023-11-12 05:30:00,3320.0,3265.0,2023-11,3300.0,204514
C:\Users\v-dhramaraj\Desktop\Python\Projects\Assignment2_StockAnalysis\Data-20250430T011355Z-1-001\Data\data\2023-11,TITAN,3264.75,2023-11-13 05:30:00,3278.35,3250.6,2023-11,3275.0,275538
C:\Users\v-dhramaraj\Desktop\Python\Projects\Assignment2_StockAnalysis\Data-20250430T011355Z-1-001\Data\data\2023-11,TITAN,3295.95,2023-11-15 05:30:00,3300.9,3260.75,2023-11,3275.25,747863
C:\Users\v-dhramaraj\Desktop\Python\Projects\Assignment2_StockAnalysis\Data-20250430T011355Z-1-001\Data\data\2023-11,TITAN,3335.95,2023-11-16 05:30:00,3358.0,3259.25,2023-11,3295.4,1055389
C:\Users\v-dhramaraj\Desktop\Python\Projects\Assignment2_StockAnalysis\Data-20250430T011355Z-1-001\Data\data\2023-11,TITAN,3338.85,2023-11-17 05:30:00,3366.0,3326.7,2023-11,3339.0,633405
C:\Users\v-dhramaraj\Desktop\Python\Projects\Assignment2_StockAnalysis\Data-20250430T011355Z-1-001\Data\data\2023-11,TITAN,3345.85,2023-11-20 05:30:00,3353.95,3312.25,2023-11,3338.0,497379
C:\Users\v-dhramaraj\Desktop\Python\Projects\Assignment2_StockAnalysis\Data-20250430T011355Z-1-001\Data\data\2023-11,TITAN,3394.45,2023-11-21 05:30:00,3401.75,3355.1,2023-11,3365.0,1038863
C:\Users\v-dhramaraj\Desktop\Python\Projects\Assignment2_StockAnalysis\Data-20250430T011355Z-1-001\Data\data\2023-11,TITAN,3429.85,2023-11-22 05:30:00,3435.0,3396.05,2023-11,3400.0,980779
C:\Users\v-dhramaraj\Desktop\Python\Projects\Assignment2_StockAnalysis\Data-20250430T011355Z-1-001\Data\data\2023-11,TITAN,3408.4,2023-11-23 05:30:00,3441.95,3396.3,2023-11,3433.9,517362
C:\Users\v-dhramaraj\Desktop\Python\Projects\Assignment2_StockAnalysis\Data-20250430T011355Z-1-001\Data\data\2023-11,TITAN,3396.95,2023-11-24 05:30:00,3419.1,3382.55,2023-11,3406.0,589530
C:\Users\v-dhramaraj\Desktop\Python\Projects\Assignment2_StockAnalysis\Data-20250430T011355Z-1-001\Data\data\2023-11,TITAN,3442.4,2023-11-28 05:30:00,3445.95,3397.35,2023-11,3417.95,733524
C:\Users\v-dhramaraj\Desktop\Python\Projects\Assignment2_StockAnalysis\Data-20250430T011355Z-1-001\Data\data\2023-11,TITAN,3429.3,2023-11-29 05:30:00,3473.85,3424.0,2023-11,3473.85,819200
C:\Users\v-dhramaraj\Desktop\Python\Projects\Assignment2_StockAnalysis\Data-20250430T011355Z-1-001\Data\data\2023-11,TITAN,3490.6,2023-11-30 05:30:00,3500.0,3422.25,2023-11,3431.1,1480088
C:\Users\v-dhramaraj\Desktop\Python\Projects\Assignment2_StockAnalysis\Data-20250430T011355Z-1-001\Data\data\2023-12,TITAN,3489.5,2023-12-01 05:30:00,3500.0,3470.0,2023-12,3499.0,655263
C:\Users\v-dhramaraj\Desktop\Python\Projects\Assignment2_StockAnalysis\Data-20250430T011355Z-1-001\Data\data\2023-12,TITAN,3488.4,2023-12-04 05:30:00,3550.0,3478.05,2023-12,3550.0,808838
C:\Users\v-dhramaraj\Desktop\Python\Projects\Assignment2_StockAnalysis\Data-20250430T011355Z-1-001\Data\data\2023-12,TITAN,3545.3,2023-12-05 05:30:00,3550.0,3479.0,2023-12,3488.4,713651
C:\Users\v-dhramaraj\Desktop\Python\Projects\Assignment2_StockAnalysis\Data-20250430T011355Z-1-001\Data\data\2023-12,TITAN,3546.9,2023-12-06 05:30:00,3573.95,3522.1,2023-12,3550.0,474140
C:\Users\v-dhramaraj\Desktop\Python\Projects\Assignment2_StockAnalysis\Data-20250430T011355Z-1-001\Data\data\2023-12,TITAN,3585.4,2023-12-07 05:30:00,3595.0,3519.05,2023-12,3546.9,820214
C:\Users\v-dhramaraj\Desktop\Python\Projects\Assignment2_StockAnalysis\Data-20250430T011355Z-1-001\Data\data\2023-12,TITAN,3634.65,2023-12-08 05:30:00,3646.95,3575.0,2023-12,3575.0,1562141
C:\Users\v-dhramaraj\Desktop\Python\Projects\Assignment2_StockAnalysis\Data-20250430T011355Z-1-001\Data\data\2023-12,TITAN,3630.5,2023-12-11 05:30:00,3644.6,3598.3,2023-12,3634.55,620604
C:\Users\v-dhramaraj\Desktop\Python\Projects\Assignment2_StockAnalysis\Data-20250430T011355Z-1-001\Data\data\2023-12,TITAN,3571.4,2023-12-12 05:30:00,3644.5,3563.25,2023-12,3637.0,1075941
C:\Users\v-dhramaraj\Desktop\Python\Projects\Assignment2_StockAnalysis\Data-20250430T011355Z-1-001\Data\data\2023-12,TITAN,3602.35,2023-12-13 05:30:00,3609.75,3552.75,2023-12,3585.0,717618
C:\Users\v-dhramaraj\Desktop\Python\Projects\Assignment2_StockAnalysis\Data-20250430T011355Z-1-001\Data\data\2023-12,TITAN,3591.4,2023-12-14 05:30:00,3647.0,3584.35,2023-12,3647.0,992762
C:\Users\v-dhramaraj\Desktop\Python\Projects\Assignment2_StockAnalysis\Data-20250430T011355Z-1-001\Data\data\2023-12,TITAN,3600.55,2023-12-15 05:30:00,3615.0,3584.8,2023-12,3615.0,906271
C:\Users\v-dhramaraj\Desktop\Python\Projects\Assignment2_StockAnalysis\Data-20250430T011355Z-1-001\Data\data\2023-12,TITAN,3619.6,2023-12-18 05:30:00,3667.2,3593.9,2023-12,3600.7,699850
C:\Users\v-dhramaraj\Desktop\Python\Projects\Assignment2_StockAnalysis\Data-20250430T011355Z-1-001\Data\data\2023-12,TITAN,3610.45,2023-12-19 05:30:00,3627.95,3600.1,2023-12,3610.65,577926
C:\Users\v-dhramaraj\Desktop\Python\Projects\Assignment2_StockAnalysis\Data-20250430T011355Z-1-001\Data\data\2023-12,TITAN,3554.1,2023-12-20 05:30:00,3651.5,3541.0,2023-12,3610.45,849001
C:\Users\v-dhramaraj\Desktop\Python\Projects\Assignment2_StockAnalysis\Data-20250430T011355Z-1-001\Data\data\2023-12,TITAN,3580.0,2023-12-21 05:30:00,3598.95,3518.8,2023-12,3524.1,816722
C:\Users\v-dhramaraj\Desktop\Python\Projects\Assignment2_StockAnalysis\Data-20250430T011355Z-1-001\Data\data\2023-12,TITAN,3627.35,2023-12-22 05:30:00,3638.45,3560.55,2023-12,3580.0,777099
C:\Users\v-dhramaraj\Desktop\Python\Projects\Assignment2_StockAnalysis\Data-20250430T011355Z-1-001\Data\data\2023-12,TITAN,3656.7,2023-12-26 05:30:00,3665.0,3623.45,2023-12,3635.0,526101
C:\Users\v-dhramaraj\Desktop\Python\Projects\Assignment2_StockAnalysis\Data-20250430T011355Z-1-001\Data\data\2023-12,TITAN,3689.25,2023-12-27 05:30:00,3695.0,3645.0,2023-12,3668.0,666625
C:\Users\v-dhramaraj\Desktop\Python\Projects\Assignment2_StockAnalysis\Data-20250430T011355Z-1-001\Data\data\2023-12,TITAN,3715.1,2023-12-28 05:30:00,3737.0,3680.7,2023-12,3699.9,1033648
C:\Users\v-dhramaraj\Desktop\Python\Projects\Assignment2_StockAnalysis\Data-20250430T011355Z-1-001\Data\data\2023-12,TITAN,3675.45,2023-12-29 05:30:00,3715.1,3660.25,2023-12,3715.1,709614
C:\Users\v-dhramaraj\Desktop\Python\Projects\Assignment2_StockAnalysis\Data-20250430T011355Z-1-001\Data\data\2024-01,TITAN,3677.15,2024-01-01 05:30:00,3698.0,3667.5,2024-01,3689.0,286683
C:\Users\v-dhramaraj\Desktop\Python\Projects\Assignment2_StockAnalysis\Data-20250430T011355Z-1-001\Data\data\2024-01,TITAN,3698.25,2024-01-02 05:30:00,3707.85,3642.5,2024-01,3689.0,453685
C:\Users\v-dhramaraj\Desktop\Python\Projects\Assignment2_StockAnalysis\Data-20250430T011355Z-1-001\Data\data\2024-01,TITAN,3693.05,2024-01-03 05:30:00,3709.95,3665.0,2024-01,3708.0,356757
C:\Users\v-dhramaraj\Desktop\Python\Projects\Assignment2_StockAnalysis\Data-20250430T011355Z-1-001\Data\data\2024-01,TITAN,3719.7,2024-01-04 05:30:00,3727.0,3686.65,2024-01,3696.0,545228
C:\Users\v-dhramaraj\Desktop\Python\Projects\Assignment2_StockAnalysis\Data-20250430T011355Z-1-001\Data\data\2024-01,TITAN,3712.55,2024-01-05 05:30:00,3750.0,3687.25,2024-01,3719.7,963628
C:\Users\v-dhramaraj\Desktop\Python\Projects\Assignment2_StockAnalysis\Data-20250430T011355Z-1-001\Data\data\2024-01,TITAN,3706.05,2024-01-08 05:30:00,3776.85,3695.8,2024-01,3770.0,1202148
C:\Users\v-dhramaraj\Desktop\Python\Projects\Assignment2_StockAnalysis\Data-20250430T011355Z-1-001\Data\data\2024-01,TITAN,3694.0,2024-01-09 05:30:00,3753.95,3685.15,2024-01,3736.95,572612
C:\Users\v-dhramaraj\Desktop\Python\Projects\Assignment2_StockAnalysis\Data-20250430T011355Z-1-001\Data\data\2024-01,TITAN,3714.45,2024-01-10 05:30:00,3730.0,3690.0,2024-01,3708.0,556311
C:\Users\v-dhramaraj\Desktop\Python\Projects\Assignment2_StockAnalysis\Data-20250430T011355Z-1-001\Data\data\2024-01,TITAN,3698.6,2024-01-11 05:30:00,3742.7,3692.6,2024-01,3726.9,392818
C:\Users\v-dhramaraj\Desktop\Python\Projects\Assignment2_StockAnalysis\Data-20250430T011355Z-1-001\Data\data\2024-01,TITAN,3726.0,2024-01-12 05:30:00,3734.3,3647.95,2024-01,3700.0,990582
C:\Users\v-dhramaraj\Desktop\Python\Projects\Assignment2_StockAnalysis\Data-20250430T011355Z-1-001\Data\data\2024-01,TITAN,3758.85,2024-01-15 05:30:00,3775.0,3736.0,2024-01,3740.0,661292
C:\Users\v-dhramaraj\Desktop\Python\Projects\Assignment2_StockAnalysis\Data-20250430T011355Z-1-001\Data\data\2024-01,TITAN,3820.3,2024-01-16 05:30:00,3858.0,3756.0,2024-01,3758.85,1170685
C:\Users\v-dhramaraj\Desktop\Python\Projects\Assignment2_StockAnalysis\Data-20250430T011355Z-1-001\Data\data\2024-01,TITAN,3830.05,2024-01-17 05:30:00,3855.0,3800.0,2024-01,3818.95,723356
C:\Users\v-dhramaraj\Desktop\Python\Projects\Assignment2_StockAnalysis\Data-20250430T011355Z-1-001\Data\data\2024-01,TITAN,3734.7,2024-01-18 05:30:00,3824.65,3718.85,2024-01,3791.35,1293580
C:\Users\v-dhramaraj\Desktop\Python\Projects\Assignment2_StockAnalysis\Data-20250430T011355Z-1-001\Data\data\2024-01,TITAN,3810.6,2024-01-19 05:30:00,3861.5,3740.7,2024-01,3742.2,2566367
C:\Users\v-dhramaraj\Desktop\Python\Projects\Assignment2_StockAnalysis\Data-20250430T011355Z-1-001\Data\data\2024-01,TITAN,3784.7,2024-01-20 05:30:00,3834.4,3780.0,2024-01,3833.95,238575
C:\Users\v-dhramaraj\Desktop\Python\Projects\Assignment2_StockAnalysis\Data-20250430T011355Z-1-001\Data\data\2024-01,TITAN,3739.65,2024-01-23 05:30:00,3858.0,3705.75,2024-01,3786.0,1053510
C:\Users\v-dhramaraj\Desktop\Python\Projects\Assignment2_StockAnalysis\Data-20250430T011355Z-1-001\Data\data\2024-01,TITAN,3767.85,2024-01-24 05:30:00,3780.0,3711.75,2024-01,3764.0,636988
C:\Users\v-dhramaraj\Desktop\Python\Projects\Assignment2_StockAnalysis\Data-20250430T011355Z-1-001\Data\data\2024-01,TITAN,3770.2,2024-01-25 05:30:00,3796.95,3730.1,2024-01,3770.4,646135
C:\Users\v-dhramaraj\Desktop\Python\Projects\Assignment2_StockAnalysis\Data-20250430T011355Z-1-001\Data\data\2024-01,TITAN,3866.65,2024-01-29 05:30:00,3875.0,3760.55,2024-01,3760.6,699215
C:\Users\v-dhramaraj\Desktop\Python\Projects\Assignment2_StockAnalysis\Data-20250430T011355Z-1-001\Data\data\2024-01,TITAN,3735.75,2024-01-30 05:30:00,3886.95,3715.0,2024-01,3882.0,852445
C:\Users\v-dhramaraj\Desktop\Python\Projects\Assignment2_StockAnalysis\Data-20250430T011355Z-1-001\Data\data\2024-01,TITAN,3697.55,2024-01-31 05:30:00,3775.0,3653.25,2024-01,3749.0,1386754
C:\Users\v-dhramaraj\Desktop\Python\Projects\Assignment2_StockAnalysis\Data-20250430T011355Z-1-001\Data\data\2024-02,TITAN,3627.45,2024-02-01 05:30:00,3738.0,3601.0,2024-02,3738.0,1408462
C:\Users\v-dhramaraj\Desktop\Python\Projects\Assignment2_StockAnalysis\Data-20250430T011355Z-1-001\Data\data\2024-02,TITAN,3612.4,2024-02-02 05:30:00,3713.45,3602.45,2024-02,3635.0,2320153
C:\Users\v-dhramaraj\Desktop\Python\Projects\Assignment2_StockAnalysis\Data-20250430T011355Z-1-001\Data\data\2024-02,TITAN,3552.05,2024-02-05 05:30:00,3624.65,3534.9,2024-02,3612.95,1771614
C:\Users\v-dhramaraj\Desktop\Python\Projects\Assignment2_StockAnalysis\Data-20250430T011355Z-1-001\Data\data\2024-02,TITAN,3559.15,2024-02-06 05:30:00,3577.95,3531.6,2024-02,3552.05,1069901
C:\Users\v-dhramaraj\Desktop\Python\Projects\Assignment2_StockAnalysis\Data-20250430T011355Z-1-001\Data\data\2024-02,TITAN,3576.5,2024-02-07 05:30:00,3620.0,3555.8,2024-02,3578.0,900220
C:\Users\v-dhramaraj\Desktop\Python\Projects\Assignment2_StockAnalysis\Data-20250430T011355Z-1-001\Data\data\2024-02,TITAN,3549.1,2024-02-08 05:30:00,3610.0,3503.0,2024-02,3604.8,1011857
C:\Users\v-dhramaraj\Desktop\Python\Projects\Assignment2_StockAnalysis\Data-20250430T011355Z-1-001\Data\data\2024-02,TITAN,3591.6,2024-02-09 05:30:00,3597.9,3532.85,2024-02,3549.1,838509
C:\Users\v-dhramaraj\Desktop\Python\Projects\Assignment2_StockAnalysis\Data-20250430T011355Z-1-001\Data\data\2024-02,TITAN,3585.25,2024-02-12 05:30:00,3618.6,3570.05,2024-02,3599.0,487283
C:\Users\v-dhramaraj\Desktop\Python\Projects\Assignment2_StockAnalysis\Data-20250430T011355Z-1-001\Data\data\2024-02,TITAN,3559.95,2024-02-13 05:30:00,3608.75,3551.15,2024-02,3607.0,796060
C:\Users\v-dhramaraj\Desktop\Python\Projects\Assignment2_StockAnalysis\Data-20250430T011355Z-1-001\Data\data\2024-02,TITAN,3585.55,2024-02-14 05:30:00,3593.85,3503.3,2024-02,3546.0,1046318
C:\Users\v-dhramaraj\Desktop\Python\Projects\Assignment2_StockAnalysis\Data-20250430T011355Z-1-001\Data\data\2024-02,TITAN,3622.05,2024-02-15 05:30:00,3632.0,3571.0,2024-02,3595.05,759063
C:\Users\v-dhramaraj\Desktop\Python\Projects\Assignment2_StockAnalysis\Data-20250430T011355Z-1-001\Data\data\2024-02,TITAN,3655.4,2024-02-16 05:30:00,3690.0,3624.5,2024-02,3648.0,915502
C:\Users\v-dhramaraj\Desktop\Python\Projects\Assignment2_StockAnalysis\Data-20250430T011355Z-1-001\Data\data\2024-02,TITAN,3695.05,2024-02-19 05:30:00,3709.5,3650.0,2024-02,3671.95,528874
C:\Users\v-dhramaraj\Desktop\Python\Projects\Assignment2_StockAnalysis\Data-20250430T011355Z-1-001\Data\data\2024-02,TITAN,3686.7,2024-02-20 05:30:00,3719.95,3665.5,2024-02,3700.0,744107
C:\Users\v-dhramaraj\Desktop\Python\Projects\Assignment2_StockAnalysis\Data-20250430T011355Z-1-001\Data\data\2024-02,TITAN,3656.35,2024-02-21 05:30:00,3707.5,3640.0,2024-02,3652.05,660426
C:\Users\v-dhramaraj\Desktop\Python\Projects\Assignment2_StockAnalysis\Data-20250430T011355Z-1-001\Data\data\2024-02,TITAN,3652.05,2024-02-22 05:30:00,3676.0,3555.35,2024-02,3676.0,1017437
C:\Users\v-dhramaraj\Desktop\Python\Projects\Assignment2_StockAnalysis\Data-20250430T011355Z-1-001\Data\data\2024-02,TITAN,3691.95,2024-02-23 05:30:00,3737.0,3655.0,2024-02,3672.0,897831
C:\Users\v-dhramaraj\Desktop\Python\Projects\Assignment2_StockAnalysis\Data-20250430T011355Z-1-001\Data\data\2024-02,TITAN,3622.5,2024-02-26 05:30:00,3690.0,3610.85,2024-02,3690.0,546842
C:\Users\v-dhramaraj\Desktop\Python\Projects\Assignment2_StockAnalysis\Data-20250430T011355Z-1-001\Data\data\2024-02,TITAN,3653.85,2024-02-27 05:30:00,3675.0,3621.05,2024-02,3630.0,673959
C:\Users\v-dhramaraj\Desktop\Python\Projects\Assignment2_StockAnalysis\Data-20250430T011355Z-1-001\Data\data\2024-02,TITAN,3594.7,2024-02-28 05:30:00,3669.0,3582.15,2024-02,3655.0,538608
C:\Users\v-dhramaraj\Desktop\Python\Projects\Assignment2_StockAnalysis\Data-20250430T011355Z-1-001\Data\data\2024-02,TITAN,3624.4,2024-02-29 05:30:00,3654.0,3585.3,2024-02,3595.2,1692242
C:\Users\v-dhramaraj\Desktop\Python\Projects\Assignment2_StockAnalysis\Data-20250430T011355Z-1-001\Data\data\2024-03,TITAN,3765.9,2024-03-01 05:30:00,3774.0,3626.0,2024-03,3630.0,1533727
C:\Users\v-dhramaraj\Desktop\Python\Projects\Assignment2_StockAnalysis\Data-20250430T011355Z-1-001\Data\data\2024-03,TITAN,3764.1,2024-03-02 05:30:00,3778.0,3747.35,2024-03,3778.0,51206
C:\Users\v-dhramaraj\Desktop\Python\Projects\Assignment2_StockAnalysis\Data-20250430T011355Z-1-001\Data\data\2024-03,TITAN,3732.4,2024-03-04 05:30:00,3764.1,3715.0,2024-03,3761.6,787542
C:\Users\v-dhramaraj\Desktop\Python\Projects\Assignment2_StockAnalysis\Data-20250430T011355Z-1-001\Data\data\2024-03,TITAN,3750.75,2024-03-05 05:30:00,3759.15,3708.0,2024-03,3748.0,733660
C:\Users\v-dhramaraj\Desktop\Python\Projects\Assignment2_StockAnalysis\Data-20250430T011355Z-1-001\Data\data\2024-03,TITAN,3810.75,2024-03-06 05:30:00,3815.0,3702.7,2024-03,3748.05,765602
C:\Users\v-dhramaraj\Desktop\Python\Projects\Assignment2_StockAnalysis\Data-20250430T011355Z-1-001\Data\data\2024-03,TITAN,3786.9,2024-03-07 05:30:00,3824.25,3768.1,2024-03,3812.05,838514
C:\Users\v-dhramaraj\Desktop\Python\Projects\Assignment2_StockAnalysis\Data-20250430T011355Z-1-001\Data\data\2024-03,TITAN,3750.15,2024-03-11 05:30:00,3808.0,3742.05,2024-03,3802.9,597848
C:\Users\v-dhramaraj\Desktop\Python\Projects\Assignment2_StockAnalysis\Data-20250430T011355Z-1-001\Data\data\2024-03,TITAN,3748.8,2024-03-12 05:30:00,3766.0,3713.5,2024-03,3762.0,564569
C:\Users\v-dhramaraj\Desktop\Python\Projects\Assignment2_StockAnalysis\Data-20250430T011355Z-1-001\Data\data\2024-03,TITAN,3625.7,2024-03-13 05:30:00,3762.0,3590.0,2024-03,3759.0,1027729
C:\Users\v-dhramaraj\Desktop\Python\Projects\Assignment2_StockAnalysis\Data-20250430T011355Z-1-001\Data\data\2024-03,TITAN,3640.15,2024-03-14 05:30:00,3648.0,3580.15,2024-03,3629.95,1293906
C:\Users\v-dhramaraj\Desktop\Python\Projects\Assignment2_StockAnalysis\Data-20250430T011355Z-1-001\Data\data\2024-03,TITAN,3633.2,2024-03-15 05:30:00,3655.95,3610.0,2024-03,3634.7,1207241
C:\Users\v-dhramaraj\Desktop\Python\Projects\Assignment2_StockAnalysis\Data-20250430T011355Z-1-001\Data\data\2024-03,TITAN,3579.7,2024-03-18 05:30:00,3620.0,3565.1,2024-03,3619.0,785257
C:\Users\v-dhramaraj\Desktop\Python\Projects\Assignment2_StockAnalysis\Data-20250430T011355Z-1-001\Data\data\2024-03,TITAN,3583.4,2024-03-19 05:30:00,3606.65,3547.05,2024-03,3579.0,554444
C:\Users\v-dhramaraj\Desktop\Python\Projects\Assignment2_StockAnalysis\Data-20250430T011355Z-1-001\Data\data\2024-03,TITAN,3590.5,2024-03-20 05:30:00,3596.9,3550.0,2024-03,3583.4,526882
C:\Users\v-dhramaraj\Desktop\Python\Projects\Assignment2_StockAnalysis\Data-20250430T011355Z-1-001\Data\data\2024-03,TITAN,3627.55,2024-03-21 05:30:00,3637.0,3590.05,2024-03,3606.95,767905
C:\Users\v-dhramaraj\Desktop\Python\Projects\Assignment2_StockAnalysis\Data-20250430T011355Z-1-001\Data\data\2024-03,TITAN,3706.7,2024-03-22 05:30:00,3726.9,3621.25,2024-03,3627.55,1281102
C:\Users\v-dhramaraj\Desktop\Python\Projects\Assignment2_StockAnalysis\Data-20250430T011355Z-1-001\Data\data\2024-03,TITAN,3698.2,2024-03-26 05:30:00,3729.95,3665.0,2024-03,3665.0,1158224
C:\Users\v-dhramaraj\Desktop\Python\Projects\Assignment2_StockAnalysis\Data-20250430T011355Z-1-001\Data\data\2024-03,TITAN,3759.4,2024-03-27 05:30:00,3784.9,3692.8,2024-03,3699.0,1315714
C:\Users\v-dhramaraj\Desktop\Python\Projects\Assignment2_StockAnalysis\Data-20250430T011355Z-1-001\Data\data\2024-03,TITAN,3801.8,2024-03-28 05:30:00,3838.3,3732.55,2024-03,3760.0,1590738
C:\Users\v-dhramaraj\Desktop\Python\Projects\Assignment2_StockAnalysis\Data-20250430T011355Z-1-001\Data\data\2024-04,TITAN,3738.4,2024-04-01 05:30:00,3832.55,3730.5,2024-04,3822.95,964052
C:\Users\v-dhramaraj\Desktop\Python\Projects\Assignment2_StockAnalysis\Data-20250430T011355Z-1-001\Data\data\2024-04,TITAN,3755.95,2024-04-02 05:30:00,3781.45,3734.1,2024-04,3754.0,677963
C:\Users\v-dhramaraj\Desktop\Python\Projects\Assignment2_StockAnalysis\Data-20250430T011355Z-1-001\Data\data\2024-04,TITAN,3712.5,2024-04-03 05:30:00,3752.0,3705.0,2024-04,3745.1,801601
C:\Users\v-dhramaraj\Desktop\Python\Projects\Assignment2_StockAnalysis\Data-20250430T011355Z-1-001\Data\data\2024-04,TITAN,3782.75,2024-04-04 05:30:00,3792.3,3679.0,2024-04,3740.0,1177617
C:\Users\v-dhramaraj\Desktop\Python\Projects\Assignment2_StockAnalysis\Data-20250430T011355Z-1-001\Data\data\2024-04,TITAN,3754.45,2024-04-05 05:30:00,3801.9,3741.0,2024-04,3778.4,623873
C:\Users\v-dhramaraj\Desktop\Python\Projects\Assignment2_StockAnalysis\Data-20250430T011355Z-1-001\Data\data\2024-04,TITAN,3748.9,2024-04-08 05:30:00,3808.3,3720.35,2024-04,3798.65,849267
C:\Users\v-dhramaraj\Desktop\Python\Projects\Assignment2_StockAnalysis\Data-20250430T011355Z-1-001\Data\data\2024-04,TITAN,3679.35,2024-04-09 05:30:00,3761.0,3664.35,2024-04,3755.0,745285
C:\Users\v-dhramaraj\Desktop\Python\Projects\Assignment2_StockAnalysis\Data-20250430T011355Z-1-001\Data\data\2024-04,TITAN,3711.2,2024-04-10 05:30:00,3720.35,3681.45,2024-04,3690.0,567546
C:\Users\v-dhramaraj\Desktop\Python\Projects\Assignment2_StockAnalysis\Data-20250430T011355Z-1-001\Data\data\2024-04,TITAN,3619.3,2024-04-12 05:30:00,3694.8,3609.45,2024-04,3689.55,1910561
C:\Users\v-dhramaraj\Desktop\Python\Projects\Assignment2_StockAnalysis\Data-20250430T011355Z-1-001\Data\data\2024-04,TITAN,3600.6,2024-04-15 05:30:00,3639.2,3590.0,2024-04,3607.0,854076
C:\Users\v-dhramaraj\Desktop\Python\Projects\Assignment2_StockAnalysis\Data-20250430T011355Z-1-001\Data\data\2024-04,TITAN,3645.9,2024-04-16 05:30:00,3653.2,3583.0,2024-04,3589.0,1116890
C:\Users\v-dhramaraj\Desktop\Python\Projects\Assignment2_StockAnalysis\Data-20250430T011355Z-1-001\Data\data\2024-04,TITAN,3525.1,2024-04-18 05:30:00,3660.0,3501.0,2024-04,3645.9,1677946
C:\Users\v-dhramaraj\Desktop\Python\Projects\Assignment2_StockAnalysis\Data-20250430T011355Z-1-001\Data\data\2024-04,TITAN,3563.05,2024-04-19 05:30:00,3571.2,3478.25,2024-04,3525.1,1507940
C:\Users\v-dhramaraj\Desktop\Python\Projects\Assignment2_StockAnalysis\Data-20250430T011355Z-1-001\Data\data\2024-04,TITAN,3596.75,2024-04-22 05:30:00,3615.0,3552.0,2024-04,3567.0,668659
C:\Users\v-dhramaraj\Desktop\Python\Projects\Assignment2_StockAnalysis\Data-20250430T011355Z-1-001\Data\data\2024-04,TITAN,3633.0,2024-04-23 05:30:00,3648.0,3605.15,2024-04,3619.95,769991
C:\Users\v-dhramaraj\Desktop\Python\Projects\Assignment2_StockAnalysis\Data-20250430T011355Z-1-001\Data\data\2024-04,TITAN,3609.75,2024-04-24 05:30:00,3644.85,3580.05,2024-04,3642.0,652811
C:\Users\v-dhramaraj\Desktop\Python\Projects\Assignment2_StockAnalysis\Data-20250430T011355Z-1-001\Data\data\2024-04,TITAN,3571.1,2024-04-25 05:30:00,3602.5,3541.0,2024-04,3595.0,1889163
C:\Users\v-dhramaraj\Desktop\Python\Projects\Assignment2_StockAnalysis\Data-20250430T011355Z-1-001\Data\data\2024-04,TITAN,3584.8,2024-04-26 05:30:00,3593.25,3556.3,2024-04,3588.0,798783
C:\Users\v-dhramaraj\Desktop\Python\Projects\Assignment2_StockAnalysis\Data-20250430T011355Z-1-001\Data\data\2024-04,TITAN,3604.85,2024-04-29 05:30:00,3613.45,3573.15,2024-04,3585.0,703524
C:\Users\v-dhramaraj\Desktop\Python\Projects\Assignment2_StockAnalysis\Data-20250430T011355Z-1-001\Data\data\2024-04,TITAN,3589.25,2024-04-30 05:30:00,3619.5,3580.0,2024-04,3602.65,963220
C:\Users\v-dhramaraj\Desktop\Python\Projects\Assignment2_StockAnalysis\Data-20250430T011355Z-1-001\Data\data\2024-05,TITAN,3568.45,2024-05-02 05:30:00,3598.0,3546.3,2024-05,3585.0,1435891
C:\Users\v-dhramaraj\Desktop\Python\Projects\Assignment2_StockAnalysis\Data-20250430T011355Z-1-001\Data\data\2024-05,TITAN,3533.9,2024-05-03 05:30:00,3599.0,3492.0,2024-05,3595.0,1681592
C:\Users\v-dhramaraj\Desktop\Python\Projects\Assignment2_StockAnalysis\Data-20250430T011355Z-1-001\Data\data\2024-05,TITAN,3280.15,2024-05-06 05:30:00,3488.8,3257.0,2024-05,3476.0,6891728
C:\Users\v-dhramaraj\Desktop\Python\Projects\Assignment2_StockAnalysis\Data-20250430T011355Z-1-001\Data\data\2024-05,TITAN,3270.9,2024-05-07 05:30:00,3332.0,3227.0,2024-05,3330.0,3111444
C:\Users\v-dhramaraj\Desktop\Python\Projects\Assignment2_StockAnalysis\Data-20250430T011355Z-1-001\Data\data\2024-05,TITAN,3259.85,2024-05-08 05:30:00,3281.0,3238.45,2024-05,3275.4,2054981
C:\Users\v-dhramaraj\Desktop\Python\Projects\Assignment2_StockAnalysis\Data-20250430T011355Z-1-001\Data\data\2024-05,TITAN,3245.7,2024-05-09 05:30:00,3322.5,3233.0,2024-05,3259.85,1860654
C:\Users\v-dhramaraj\Desktop\Python\Projects\Assignment2_StockAnalysis\Data-20250430T011355Z-1-001\Data\data\2024-05,TITAN,3289.85,2024-05-10 05:30:00,3306.2,3242.75,2024-05,3258.1,1307103
C:\Users\v-dhramaraj\Desktop\Python\Projects\Assignment2_StockAnalysis\Data-20250430T011355Z-1-001\Data\data\2024-05,TITAN,3253.65,2024-05-13 05:30:00,3308.0,3230.5,2024-05,3307.5,1294603
C:\Users\v-dhramaraj\Desktop\Python\Projects\Assignment2_StockAnalysis\Data-20250430T011355Z-1-001\Data\data\2024-05,TITAN,3288.9,2024-05-14 05:30:00,3308.0,3250.0,2024-05,3250.0,620163
C:\Users\v-dhramaraj\Desktop\Python\Projects\Assignment2_StockAnalysis\Data-20250430T011355Z-1-001\Data\data\2024-05,TITAN,3268.55,2024-05-15 05:30:00,3306.45,3260.0,2024-05,3304.0,657036
C:\Users\v-dhramaraj\Desktop\Python\Projects\Assignment2_StockAnalysis\Data-20250430T011355Z-1-001\Data\data\2024-05,TITAN,3333.9,2024-05-16 05:30:00,3348.0,3251.3,2024-05,3276.3,1404971
C:\Users\v-dhramaraj\Desktop\Python\Projects\Assignment2_StockAnalysis\Data-20250430T011355Z-1-001\Data\data\2024-05,TITAN,3361.15,2024-05-17 05:30:00,3368.0,3308.0,2024-05,3347.95,1194228
C:\Users\v-dhramaraj\Desktop\Python\Projects\Assignment2_StockAnalysis\Data-20250430T011355Z-1-001\Data\data\2024-05,TITAN,3362.55,2024-05-18 05:30:00,3376.0,3345.0,2024-05,3376.0,56642
C:\Users\v-dhramaraj\Desktop\Python\Projects\Assignment2_StockAnalysis\Data-20250430T011355Z-1-001\Data\data\2024-05,TITAN,3377.0,2024-05-21 05:30:00,3380.3,3351.0,2024-05,3355.0,827674
C:\Users\v-dhramaraj\Desktop\Python\Projects\Assignment2_StockAnalysis\Data-20250430T011355Z-1-001\Data\data\2024-05,TITAN,3383.85,2024-05-22 05:30:00,3403.1,3360.0,2024-05,3384.75,626567
C:\Users\v-dhramaraj\Desktop\Python\Projects\Assignment2_StockAnalysis\Data-20250430T011355Z-1-001\Data\data\2024-05,TITAN,3452.05,2024-05-23 05:30:00,3460.4,3377.75,2024-05,3383.0,977789
C:\Users\v-dhramaraj\Desktop\Python\Projects\Assignment2_StockAnalysis\Data-20250430T011355Z-1-001\Data\data\2024-05,TITAN,3412.4,2024-05-24 05:30:00,3455.05,3404.2,2024-05,3452.1,878625
C:\Users\v-dhramaraj\Desktop\Python\Projects\Assignment2_StockAnalysis\Data-20250430T011355Z-1-001\Data\data\2024-05,TITAN,3403.4,2024-05-27 05:30:00,3436.3,3390.3,2024-05,3423.95,804488
C:\Users\v-dhramaraj\Desktop\Python\Projects\Assignment2_StockAnalysis\Data-20250430T011355Z-1-001\Data\data\2024-05,TITAN,3409.4,2024-05-28 05:30:00,3423.0,3392.15,2024-05,3404.0,548576
C:\Users\v-dhramaraj\Desktop\Python\Projects\Assignment2_StockAnalysis\Data-20250430T011355Z-1-001\Data\data\2024-05,TITAN,3380.4,2024-05-29 05:30:00,3418.0,3371.1,2024-05,3405.35,519533
C:\Users\v-dhramaraj\Desktop\Python\Projects\Assignment2_StockAnalysis\Data-20250430T011355Z-1-001\Data\data\2024-05,TITAN,3271.85,2024-05-30 05:30:00,3365.0,3254.0,2024-05,3365.0,2365535
C:\Users\v-dhramaraj\Desktop\Python\Projects\Assignment2_StockAnalysis\Data-20250430T011355Z-1-001\Data\data\2024-05,TITAN,3241.9,2024-05-31 05:30:00,3328.8,3216.75,2024-05,3298.0,2524214
C:\Users\v-dhramaraj\Desktop\Python\Projects\Assignment2_StockAnalysis\Data-20250430T011355Z-1-001\Data\data\2024-06,TITAN,3261.2,2024-06-03 05:30:00,3332.95,3250.0,2024-06,3310.0,1378542
C:\Users\v-dhramaraj\Desktop\Python\Projects\Assignment2_StockAnalysis\Data-20250430T011355Z-1-001\Data\data\2024-06,TITAN,3238.95,2024-06-04 05:30:00,3295.2,3055.65,2024-06,3261.2,2934800
C:\Users\v-dhramaraj\Desktop\Python\Projects\Assignment2_StockAnalysis\Data-20250430T011355Z-1-001\Data\data\2024-06,TITAN,3317.65,2024-06-05 05:30:00,3334.0,3201.05,2024-06,3266.0,1396386
C:\Users\v-dhramaraj\Desktop\Python\Projects\Assignment2_StockAnalysis\Data-20250430T011355Z-1-001\Data\data\2024-06,TITAN,3321.65,2024-06-06 05:30:00,3360.0,3290.75,2024-06,3329.0,1825503
C:\Users\v-dhramaraj\Desktop\Python\Projects\Assignment2_StockAnalysis\Data-20250430T011355Z-1-001\Data\data\2024-06,TITAN,3444.05,2024-06-07 05:30:00,3456.6,3294.4,2024-06,3294.4,2084099
C:\Users\v-dhramaraj\Desktop\Python\Projects\Assignment2_StockAnalysis\Data-20250430T011355Z-1-001\Data\data\2024-06,TITAN,3422.2,2024-06-10 05:30:00,3452.0,3390.0,2024-06,3443.0,1655552
C:\Users\v-dhramaraj\Desktop\Python\Projects\Assignment2_StockAnalysis\Data-20250430T011355Z-1-001\Data\data\2024-06,TITAN,3410.7,2024-06-11 05:30:00,3438.3,3401.9,2024-06,3418.2,1086157
C:\Users\v-dhramaraj\Desktop\Python\Projects\Assignment2_StockAnalysis\Data-20250430T011355Z-1-001\Data\data\2024-06,TITAN,3382.3,2024-06-12 05:30:00,3418.9,3370.85,2024-06,3411.35,2054168
C:\Users\v-dhramaraj\Desktop\Python\Projects\Assignment2_StockAnalysis\Data-20250430T011355Z-1-001\Data\data\2024-06,TITAN,3472.2,2024-06-13 05:30:00,3477.1,3390.0,2024-06,3424.95,1753028
C:\Users\v-dhramaraj\Desktop\Python\Projects\Assignment2_StockAnalysis\Data-20250430T011355Z-1-001\Data\data\2024-06,TITAN,3530.05,2024-06-14 05:30:00,3535.0,3479.0,2024-06,3490.0,2346892
C:\Users\v-dhramaraj\Desktop\Python\Projects\Assignment2_StockAnalysis\Data-20250430T011355Z-1-001\Data\data\2024-06,TITAN,3589.0,2024-06-18 05:30:00,3625.0,3538.0,2024-06,3554.8,1585048
C:\Users\v-dhramaraj\Desktop\Python\Projects\Assignment2_StockAnalysis\Data-20250430T011355Z-1-001\Data\data\2024-06,TITAN,3462.35,2024-06-19 05:30:00,3595.0,3456.0,2024-06,3595.0,1862394
C:\Users\v-dhramaraj\Desktop\Python\Projects\Assignment2_StockAnalysis\Data-20250430T011355Z-1-001\Data\data\2024-06,TITAN,3435.95,2024-06-20 05:30:00,3490.0,3418.1,2024-06,3474.0,2377432
C:\Users\v-dhramaraj\Desktop\Python\Projects\Assignment2_StockAnalysis\Data-20250430T011355Z-1-001\Data\data\2024-06,TITAN,3399.75,2024-06-21 05:30:00,3473.65,3383.4,2024-06,3430.7,2707405
C:\Users\v-dhramaraj\Desktop\Python\Projects\Assignment2_StockAnalysis\Data-20250430T011355Z-1-001\Data\data\2024-06,TITAN,3412.35,2024-06-24 05:30:00,3429.0,3372.3,2024-06,3380.35,645002
C:\Users\v-dhramaraj\Desktop\Python\Projects\Assignment2_StockAnalysis\Data-20250430T011355Z-1-001\Data\data\2024-06,TITAN,3402.45,2024-06-25 05:30:00,3423.4,3384.9,2024-06,3412.55,1299560
C:\Users\v-dhramaraj\Desktop\Python\Projects\Assignment2_StockAnalysis\Data-20250430T011355Z-1-001\Data\data\2024-06,TITAN,3372.75,2024-06-26 05:30:00,3401.5,3370.0,2024-06,3401.5,1485709
C:\Users\v-dhramaraj\Desktop\Python\Projects\Assignment2_StockAnalysis\Data-20250430T011355Z-1-001\Data\data\2024-06,TITAN,3380.6,2024-06-27 05:30:00,3392.5,3361.05,2024-06,3370.0,1462935
C:\Users\v-dhramaraj\Desktop\Python\Projects\Assignment2_StockAnalysis\Data-20250430T011355Z-1-001\Data\data\2024-06,TITAN,3404.2,2024-06-28 05:30:00,3419.9,3366.35,2024-06,3380.6,1005498
C:\Users\v-dhramaraj\Desktop\Python\Projects\Assignment2_StockAnalysis\Data-20250430T011355Z-1-001\Data\data\2024-07,TITAN,3431.45,2024-07-01 05:30:00,3435.0,3381.5,2024-07,3382.0,1001832
C:\Users\v-dhramaraj\Desktop\Python\Projects\Assignment2_StockAnalysis\Data-20250430T011355Z-1-001\Data\data\2024-07,TITAN,3399.65,2024-07-02 05:30:00,3450.0,3385.3,2024-07,3446.0,878947
C:\Users\v-dhramaraj\Desktop\Python\Projects\Assignment2_StockAnalysis\Data-20250430T011355Z-1-001\Data\data\2024-07,TITAN,3360.25,2024-07-03 05:30:00,3426.95,3341.9,2024-07,3420.8,980605
C:\Users\v-dhramaraj\Desktop\Python\Projects\Assignment2_StockAnalysis\Data-20250430T011355Z-1-001\Data\data\2024-07,TITAN,3336.0,2024-07-04 05:30:00,3369.9,3330.0,2024-07,3365.0,741143
C:\Users\v-dhramaraj\Desktop\Python\Projects\Assignment2_StockAnalysis\Data-20250430T011355Z-1-001\Data\data\2024-07,TITAN,3269.35,2024-07-05 05:30:00,3332.0,3257.0,2024-07,3332.0,2001382
C:\Users\v-dhramaraj\Desktop\Python\Projects\Assignment2_StockAnalysis\Data-20250430T011355Z-1-001\Data\data\2024-07,TITAN,3156.2,2024-07-08 05:30:00,3204.0,3126.1,2024-07,3204.0,5323920
C:\Users\v-dhramaraj\Desktop\Python\Projects\Assignment2_StockAnalysis\Data-20250430T011355Z-1-001\Data\data\2024-07,TITAN,3215.15,2024-07-09 05:30:00,3222.05,3165.0,2024-07,3170.0,2044328
C:\Users\v-dhramaraj\Desktop\Python\Projects\Assignment2_StockAnalysis\Data-20250430T011355Z-1-001\Data\data\2024-07,TITAN,3225.0,2024-07-10 05:30:00,3252.7,3190.5,2024-07,3217.75,1437517
C:\Users\v-dhramaraj\Desktop\Python\Projects\Assignment2_StockAnalysis\Data-20250430T011355Z-1-001\Data\data\2024-07,TITAN,3248.6,2024-07-11 05:30:00,3258.75,3230.0,2024-07,3246.95,1105185
C:\Users\v-dhramaraj\Desktop\Python\Projects\Assignment2_StockAnalysis\Data-20250430T011355Z-1-001\Data\data\2024-07,TITAN,3229.85,2024-07-12 05:30:00,3269.0,3220.05,2024-07,3266.0,1496692
C:\Users\v-dhramaraj\Desktop\Python\Projects\Assignment2_StockAnalysis\Data-20250430T011355Z-1-001\Data\data\2024-07,TITAN,3224.2,2024-07-15 05:30:00,3252.4,3205.4,2024-07,3241.75,1243810
C:\Users\v-dhramaraj\Desktop\Python\Projects\Assignment2_StockAnalysis\Data-20250430T011355Z-1-001\Data\data\2024-07,TITAN,3234.05,2024-07-16 05:30:00,3251.0,3224.1,2024-07,3227.95,501336
C:\Users\v-dhramaraj\Desktop\Python\Projects\Assignment2_StockAnalysis\Data-20250430T011355Z-1-001\Data\data\2024-07,TITAN,3262.1,2024-07-18 05:30:00,3269.1,3206.0,2024-07,3232.95,1086374
C:\Users\v-dhramaraj\Desktop\Python\Projects\Assignment2_StockAnalysis\Data-20250430T011355Z-1-001\Data\data\2024-07,TITAN,3259.0,2024-07-19 05:30:00,3279.0,3235.0,2024-07,3262.05,1111191
C:\Users\v-dhramaraj\Desktop\Python\Projects\Assignment2_StockAnalysis\Data-20250430T011355Z-1-001\Data\data\2024-07,TITAN,3254.45,2024-07-22 05:30:00,3273.4,3223.2,2024-07,3250.0,696255
C:\Users\v-dhramaraj\Desktop\Python\Projects\Assignment2_StockAnalysis\Data-20250430T011355Z-1-001\Data\data\2024-07,TITAN,3466.85,2024-07-23 05:30:00,3490.0,3232.15,2024-07,3255.1,7159507
C:\Users\v-dhramaraj\Desktop\Python\Projects\Assignment2_StockAnalysis\Data-20250430T011355Z-1-001\Data\data\2024-07,TITAN,3478.4,2024-07-24 05:30:00,3552.5,3462.15,2024-07,3470.0,3862140
C:\Users\v-dhramaraj\Desktop\Python\Projects\Assignment2_StockAnalysis\Data-20250430T011355Z-1-001\Data\data\2024-07,TITAN,3405.8,2024-07-25 05:30:00,3454.4,3384.45,2024-07,3415.0,1476422
C:\Users\v-dhramaraj\Desktop\Python\Projects\Assignment2_StockAnalysis\Data-20250430T011355Z-1-001\Data\data\2024-07,TITAN,3494.15,2024-07-26 05:30:00,3501.7,3393.0,2024-07,3405.8,1830745
C:\Users\v-dhramaraj\Desktop\Python\Projects\Assignment2_StockAnalysis\Data-20250430T011355Z-1-001\Data\data\2024-07,TITAN,3411.7,2024-07-29 05:30:00,3499.55,3388.0,2024-07,3495.0,2213293
C:\Users\v-dhramaraj\Desktop\Python\Projects\Assignment2_StockAnalysis\Data-20250430T011355Z-1-001\Data\data\2024-07,TITAN,3468.25,2024-07-30 05:30:00,3479.0,3410.6,2024-07,3424.95,1316880
C:\Users\v-dhramaraj\Desktop\Python\Projects\Assignment2_StockAnalysis\Data-20250430T011355Z-1-001\Data\data\2024-07,TITAN,3458.95,2024-07-31 05:30:00,3499.9,3446.55,2024-07,3479.05,1361595
C:\Users\v-dhramaraj\Desktop\Python\Projects\Assignment2_StockAnalysis\Data-20250430T011355Z-1-001\Data\data\2024-08,TITAN,3468.35,2024-08-01 05:30:00,3492.0,3442.5,2024-08,3475.0,879399
C:\Users\v-dhramaraj\Desktop\Python\Projects\Assignment2_StockAnalysis\Data-20250430T011355Z-1-001\Data\data\2024-08,TITAN,3462.35,2024-08-02 05:30:00,3477.9,3410.0,2024-08,3415.0,1168195
C:\Users\v-dhramaraj\Desktop\Python\Projects\Assignment2_StockAnalysis\Data-20250430T011355Z-1-001\Data\data\2024-08,TITAN,3375.95,2024-08-05 05:30:00,3459.0,3316.5,2024-08,3320.05,1932064
C:\Users\v-dhramaraj\Desktop\Python\Projects\Assignment2_StockAnalysis\Data-20250430T011355Z-1-001\Data\data\2024-08,TITAN,3335.1,2024-08-06 05:30:00,3416.35,3321.1,2024-08,3380.95,976535
C:\Users\v-dhramaraj\Desktop\Python\Projects\Assignment2_StockAnalysis\Data-20250430T011355Z-1-001\Data\data\2024-08,TITAN,3326.25,2024-08-07 05:30:00,3368.85,3317.05,2024-08,3360.0,1277139
C:\Users\v-dhramaraj\Desktop\Python\Projects\Assignment2_StockAnalysis\Data-20250430T011355Z-1-001\Data\data\2024-08,TITAN,3296.5,2024-08-08 05:30:00,3359.95,3283.9,2024-08,3337.0,1280733
C:\Users\v-dhramaraj\Desktop\Python\Projects\Assignment2_StockAnalysis\Data-20250430T011355Z-1-001\Data\data\2024-08,TITAN,3331.7,2024-08-09 05:30:00,3350.0,3285.1,2024-08,3350.0,1019809
C:\Users\v-dhramaraj\Desktop\Python\Projects\Assignment2_StockAnalysis\Data-20250430T011355Z-1-001\Data\data\2024-08,TITAN,3320.85,2024-08-12 05:30:00,3345.0,3295.35,2024-08,3331.65,874598
C:\Users\v-dhramaraj\Desktop\Python\Projects\Assignment2_StockAnalysis\Data-20250430T011355Z-1-001\Data\data\2024-08,TITAN,3383.55,2024-08-13 05:30:00,3404.75,3305.4,2024-08,3330.0,1314371
C:\Users\v-dhramaraj\Desktop\Python\Projects\Assignment2_StockAnalysis\Data-20250430T011355Z-1-001\Data\data\2024-08,TITAN,3402.15,2024-08-14 05:30:00,3416.2,3356.85,2024-08,3390.0,997803
C:\Users\v-dhramaraj\Desktop\Python\Projects\Assignment2_StockAnalysis\Data-20250430T011355Z-1-001\Data\data\2024-08,TITAN,3444.75,2024-08-16 05:30:00,3450.1,3370.2,2024-08,3410.0,1161982
C:\Users\v-dhramaraj\Desktop\Python\Projects\Assignment2_StockAnalysis\Data-20250430T011355Z-1-001\Data\data\2024-08,TITAN,3464.85,2024-08-19 05:30:00,3504.2,3436.2,2024-08,3436.2,1135205
C:\Users\v-dhramaraj\Desktop\Python\Projects\Assignment2_StockAnalysis\Data-20250430T011355Z-1-001\Data\data\2024-08,TITAN,3474.9,2024-08-20 05:30:00,3483.1,3454.4,2024-08,3480.0,526591
C:\Users\v-dhramaraj\Desktop\Python\Projects\Assignment2_StockAnalysis\Data-20250430T011355Z-1-001\Data\data\2024-08,TITAN,3560.4,2024-08-21 05:30:00,3582.0,3454.55,2024-08,3474.9,1990034
C:\Users\v-dhramaraj\Desktop\Python\Projects\Assignment2_StockAnalysis\Data-20250430T011355Z-1-001\Data\data\2024-08,TITAN,3604.4,2024-08-22 05:30:00,3625.0,3553.7,2024-08,3574.95,1531544
C:\Users\v-dhramaraj\Desktop\Python\Projects\Assignment2_StockAnalysis\Data-20250430T011355Z-1-001\Data\data\2024-08,TITAN,3570.0,2024-08-23 05:30:00,3622.85,3544.0,2024-08,3611.45,1173387
C:\Users\v-dhramaraj\Desktop\Python\Projects\Assignment2_StockAnalysis\Data-20250430T011355Z-1-001\Data\data\2024-08,TITAN,3630.2,2024-08-26 05:30:00,3640.0,3574.05,2024-08,3592.0,1156681
C:\Users\v-dhramaraj\Desktop\Python\Projects\Assignment2_StockAnalysis\Data-20250430T011355Z-1-001\Data\data\2024-08,TITAN,3551.25,2024-08-27 05:30:00,3658.8,3530.5,2024-08,3630.2,1169007
C:\Users\v-dhramaraj\Desktop\Python\Projects\Assignment2_StockAnalysis\Data-20250430T011355Z-1-001\Data\data\2024-08,TITAN,3527.5,2024-08-28 05:30:00,3579.95,3519.9,2024-08,3559.65,727481
C:\Users\v-dhramaraj\Desktop\Python\Projects\Assignment2_StockAnalysis\Data-20250430T011355Z-1-001\Data\data\2024-08,TITAN,3533.2,2024-08-29 05:30:00,3553.75,3510.0,2024-08,3537.0,927472
C:\Users\v-dhramaraj\Desktop\Python\Projects\Assignment2_StockAnalysis\Data-20250430T011355Z-1-001\Data\data\2024-08,TITAN,3565.15,2024-08-30 05:30:00,3598.0,3542.5,2024-08,3550.0,2116894
C:\Users\v-dhramaraj\Desktop\Python\Projects\Assignment2_StockAnalysis\Data-20250430T011355Z-1-001\Data\data\2024-09,TITAN,3587.55,2024-09-02 05:30:00,3601.95,3552.0,2024-09,3565.15,718800
C:\Users\v-dhramaraj\Desktop\Python\Projects\Assignment2_StockAnalysis\Data-20250430T011355Z-1-001\Data\data\2024-09,TITAN,3621.15,2024-09-03 05:30:00,3634.9,3560.15,2024-09,3587.55,1112614
C:\Users\v-dhramaraj\Desktop\Python\Projects\Assignment2_StockAnalysis\Data-20250430T011355Z-1-001\Data\data\2024-09,TITAN,3607.7,2024-09-04 05:30:00,3617.5,3568.2,2024-09,3586.1,529856
C:\Users\v-dhramaraj\Desktop\Python\Projects\Assignment2_StockAnalysis\Data-20250430T011355Z-1-001\Data\data\2024-09,TITAN,3722.85,2024-09-05 05:30:00,3753.95,3600.4,2024-09,3616.6,3437885
C:\Users\v-dhramaraj\Desktop\Python\Projects\Assignment2_StockAnalysis\Data-20250430T011355Z-1-001\Data\data\2024-09,TITAN,3695.5,2024-09-06 05:30:00,3742.0,3665.0,2024-09,3714.95,1408795
C:\Users\v-dhramaraj\Desktop\Python\Projects\Assignment2_StockAnalysis\Data-20250430T011355Z-1-001\Data\data\2024-09,TITAN,3684.55,2024-09-09 05:30:00,3724.45,3653.75,2024-09,3690.1,923357
C:\Users\v-dhramaraj\Desktop\Python\Projects\Assignment2_StockAnalysis\Data-20250430T011355Z-1-001\Data\data\2024-09,TITAN,3727.4,2024-09-10 05:30:00,3750.0,3666.0,2024-09,3704.0,1109078
C:\Users\v-dhramaraj\Desktop\Python\Projects\Assignment2_StockAnalysis\Data-20250430T011355Z-1-001\Data\data\2024-09,TITAN,3711.1,2024-09-11 05:30:00,3743.5,3700.1,2024-09,3731.9,831810
C:\Users\v-dhramaraj\Desktop\Python\Projects\Assignment2_StockAnalysis\Data-20250430T011355Z-1-001\Data\data\2024-09,TITAN,3764.25,2024-09-12 05:30:00,3774.0,3711.1,2024-09,3736.0,1337327
C:\Users\v-dhramaraj\Desktop\Python\Projects\Assignment2_StockAnalysis\Data-20250430T011355Z-1-001\Data\data\2024-09,TITAN,3767.0,2024-09-13 05:30:00,3799.85,3740.0,2024-09,3777.0,1003355
C:\Users\v-dhramaraj\Desktop\Python\Projects\Assignment2_StockAnalysis\Data-20250430T011355Z-1-001\Data\data\2024-09,TITAN,3740.65,2024-09-16 05:30:00,3789.0,3735.4,2024-09,3768.0,386602
C:\Users\v-dhramaraj\Desktop\Python\Projects\Assignment2_StockAnalysis\Data-20250430T011355Z-1-001\Data\data\2024-09,TITAN,3767.4,2024-09-17 05:30:00,3777.0,3727.3,2024-09,3759.9,392339
C:\Users\v-dhramaraj\Desktop\Python\Projects\Assignment2_StockAnalysis\Data-20250430T011355Z-1-001\Data\data\2024-09,TITAN,3725.35,2024-09-18 05:30:00,3786.0,3708.0,2024-09,3769.0,420638
C:\Users\v-dhramaraj\Desktop\Python\Projects\Assignment2_StockAnalysis\Data-20250430T011355Z-1-001\Data\data\2024-09,TITAN,3780.95,2024-09-19 05:30:00,3795.0,3741.1,2024-09,3750.0,945257
C:\Users\v-dhramaraj\Desktop\Python\Projects\Assignment2_StockAnalysis\Data-20250430T011355Z-1-001\Data\data\2024-09,TITAN,3797.2,2024-09-20 05:30:00,3819.0,3740.0,2024-09,3793.0,1951755
C:\Users\v-dhramaraj\Desktop\Python\Projects\Assignment2_StockAnalysis\Data-20250430T011355Z-1-001\Data\data\2024-09,TITAN,3820.1,2024-09-23 05:30:00,3829.0,3781.0,2024-09,3797.2,530107
C:\Users\v-dhramaraj\Desktop\Python\Projects\Assignment2_StockAnalysis\Data-20250430T011355Z-1-001\Data\data\2024-09,TITAN,3784.9,2024-09-24 05:30:00,3839.9,3781.55,2024-09,3818.0,1281513
C:\Users\v-dhramaraj\Desktop\Python\Projects\Assignment2_StockAnalysis\Data-20250430T011355Z-1-001\Data\data\2024-09,TITAN,3737.25,2024-09-25 05:30:00,3803.55,3710.05,2024-09,3800.0,942343
C:\Users\v-dhramaraj\Desktop\Python\Projects\Assignment2_StockAnalysis\Data-20250430T011355Z-1-001\Data\data\2024-09,TITAN,3757.55,2024-09-26 05:30:00,3777.15,3701.4,2024-09,3738.0,1863893
C:\Users\v-dhramaraj\Desktop\Python\Projects\Assignment2_StockAnalysis\Data-20250430T011355Z-1-001\Data\data\2024-09,TITAN,3816.7,2024-09-27 05:30:00,3867.0,3751.2,2024-09,3774.0,2164755
C:\Users\v-dhramaraj\Desktop\Python\Projects\Assignment2_StockAnalysis\Data-20250430T011355Z-1-001\Data\data\2024-09,TITAN,3823.95,2024-09-30 05:30:00,3863.55,3786.0,2024-09,3786.0,1068609
C:\Users\v-dhramaraj\Desktop\Python\Projects\Assignment2_StockAnalysis\Data-20250430T011355Z-1-001\Data\data\2024-10,TITAN,3775.95,2024-10-01 05:30:00,3837.95,3757.0,2024-10,3823.95,774221
C:\Users\v-dhramaraj\Desktop\Python\Projects\Assignment2_StockAnalysis\Data-20250430T011355Z-1-001\Data\data\2024-10,TITAN,3674.95,2024-10-03 05:30:00,3782.0,3650.05,2024-10,3689.1,1597560
C:\Users\v-dhramaraj\Desktop\Python\Projects\Assignment2_StockAnalysis\Data-20250430T011355Z-1-001\Data\data\2024-10,TITAN,3670.1,2024-10-04 05:30:00,3753.8,3625.0,2024-10,3625.0,1542987
C:\Users\v-dhramaraj\Desktop\Python\Projects\Assignment2_StockAnalysis\Data-20250430T011355Z-1-001\Data\data\2024-10,TITAN,3589.25,2024-10-07 05:30:00,3748.0,3552.3,2024-10,3739.95,2523321
C:\Users\v-dhramaraj\Desktop\Python\Projects\Assignment2_StockAnalysis\Data-20250430T011355Z-1-001\Data\data\2024-10,TITAN,3493.35,2024-10-08 05:30:00,3595.0,3480.0,2024-10,3589.25,1360120
C:\Users\v-dhramaraj\Desktop\Python\Projects\Assignment2_StockAnalysis\Data-20250430T011355Z-1-001\Data\data\2024-10,TITAN,3493.45,2024-10-09 05:30:00,3558.8,3486.6,2024-10,3518.0,1063802
C:\Users\v-dhramaraj\Desktop\Python\Projects\Assignment2_StockAnalysis\Data-20250430T011355Z-1-001\Data\data\2024-10,TITAN,3447.25,2024-10-10 05:30:00,3531.55,3415.1,2024-10,3510.0,1488328
C:\Users\v-dhramaraj\Desktop\Python\Projects\Assignment2_StockAnalysis\Data-20250430T011355Z-1-001\Data\data\2024-10,TITAN,3474.4,2024-10-11 05:30:00,3491.0,3444.3,2024-10,3464.0,858463
C:\Users\v-dhramaraj\Desktop\Python\Projects\Assignment2_StockAnalysis\Data-20250430T011355Z-1-001\Data\data\2024-10,TITAN,3497.8,2024-10-14 05:30:00,3525.0,3452.55,2024-10,3474.4,593206
C:\Users\v-dhramaraj\Desktop\Python\Projects\Assignment2_StockAnalysis\Data-20250430T011355Z-1-001\Data\data\2024-10,TITAN,3508.5,2024-10-15 05:30:00,3529.45,3477.0,2024-10,3523.95,578719
C:\Users\v-dhramaraj\Desktop\Python\Projects\Assignment2_StockAnalysis\Data-20250430T011355Z-1-001\Data\data\2024-10,TITAN,3471.0,2024-10-16 05:30:00,3510.0,3440.0,2024-10,3508.0,591644
C:\Users\v-dhramaraj\Desktop\Python\Projects\Assignment2_StockAnalysis\Data-20250430T011355Z-1-001\Data\data\2024-10,TITAN,3403.35,2024-10-17 05:30:00,3487.0,3380.1,2024-10,3487.0,560796
C:\Users\v-dhramaraj\Desktop\Python\Projects\Assignment2_StockAnalysis\Data-20250430T011355Z-1-001\Data\data\2024-10,TITAN,3381.45,2024-10-18 05:30:00,3422.35,3296.1,2024-10,3395.0,1249585
C:\Users\v-dhramaraj\Desktop\Python\Projects\Assignment2_StockAnalysis\Data-20250430T011355Z-1-001\Data\data\2024-10,TITAN,3363.25,2024-10-21 05:30:00,3419.85,3335.5,2024-10,3417.95,714746
C:\Users\v-dhramaraj\Desktop\Python\Projects\Assignment2_StockAnalysis\Data-20250430T011355Z-1-001\Data\data\2024-10,TITAN,3329.8,2024-10-22 05:30:00,3421.5,3319.25,2024-10,3374.9,882086
C:\Users\v-dhramaraj\Desktop\Python\Projects\Assignment2_StockAnalysis\Data-20250430T011355Z-1-001\Data\data\2024-10,TITAN,3288.6,2024-10-23 05:30:00,3335.0,3282.5,2024-10,3330.0,877837
C:\Users\v-dhramaraj\Desktop\Python\Projects\Assignment2_StockAnalysis\Data-20250430T011355Z-1-001\Data\data\2024-10,TITAN,3330.9,2024-10-24 05:30:00,3342.9,3279.2,2024-10,3301.05,764369
C:\Users\v-dhramaraj\Desktop\Python\Projects\Assignment2_StockAnalysis\Data-20250430T011355Z-1-001\Data\data\2024-10,TITAN,3266.55,2024-10-25 05:30:00,3342.35,3232.35,2024-10,3332.0,805013
C:\Users\v-dhramaraj\Desktop\Python\Projects\Assignment2_StockAnalysis\Data-20250430T011355Z-1-001\Data\data\2024-10,TITAN,3283.05,2024-10-28 05:30:00,3315.0,3254.05,2024-10,3270.0,736462
C:\Users\v-dhramaraj\Desktop\Python\Projects\Assignment2_StockAnalysis\Data-20250430T011355Z-1-001\Data\data\2024-10,TITAN,3283.4,2024-10-29 05:30:00,3298.0,3227.0,2024-10,3285.8,702769
C:\Users\v-dhramaraj\Desktop\Python\Projects\Assignment2_StockAnalysis\Data-20250430T011355Z-1-001\Data\data\2024-10,TITAN,3308.45,2024-10-30 05:30:00,3321.8,3235.1,2024-10,3261.0,895278
C:\Users\v-dhramaraj\Desktop\Python\Projects\Assignment2_StockAnalysis\Data-20250430T011355Z-1-001\Data\data\2024-10,TITAN,3267.05,2024-10-31 05:30:00,3299.9,3253.6,2024-10,3291.0,1170306
C:\Users\v-dhramaraj\Desktop\Python\Projects\Assignment2_StockAnalysis\Data-20250430T011355Z-1-001\Data\data\2024-11,TITAN,3293.7,2024-11-01 05:30:00,3317.6,3282.35,2024-11,3304.0,176636
C:\Users\v-dhramaraj\Desktop\Python\Projects\Assignment2_StockAnalysis\Data-20250430T011355Z-1-001\Data\data\2024-11,TITAN,3222.0,2024-11-04 05:30:00,3318.0,3190.1,2024-11,3318.0,1122152
C:\Users\v-dhramaraj\Desktop\Python\Projects\Assignment2_StockAnalysis\Data-20250430T011355Z-1-001\Data\data\2024-11,TITAN,3230.25,2024-11-05 05:30:00,3258.9,3185.0,2024-11,3206.0,872402
C:\Users\v-dhramaraj\Desktop\Python\Projects\Assignment2_StockAnalysis\Data-20250430T011355Z-1-001\Data\data\2024-11,TITAN,3177.05,2024-11-06 05:30:00,3208.95,3114.0,2024-11,3145.0,4522923
C:\Users\v-dhramaraj\Desktop\Python\Projects\Assignment2_StockAnalysis\Data-20250430T011355Z-1-001\Data\data\2024-11,TITAN,3120.85,2024-11-07 05:30:00,3186.05,3108.1,2024-11,3180.0,1608603
C:\Users\v-dhramaraj\Desktop\Python\Projects\Assignment2_StockAnalysis\Data-20250430T011355Z-1-001\Data\data\2024-11,TITAN,3186.25,2024-11-08 05:30:00,3192.9,3106.0,2024-11,3121.0,1719882
C:\Users\v-dhramaraj\Desktop\Python\Projects\Assignment2_StockAnalysis\Data-20250430T011355Z-1-001\Data\data\2024-11,TITAN,3206.6,2024-11-11 05:30:00,3230.05,3158.25,2024-11,3191.6,1054929
C:\Users\v-dhramaraj\Desktop\Python\Projects\Assignment2_StockAnalysis\Data-20250430T011355Z-1-001\Data\data\2024-11,TITAN,3198.45,2024-11-12 05:30:00,3239.0,3185.0,2024-11,3201.65,992983
C:\Users\v-dhramaraj\Desktop\Python\Projects\Assignment2_StockAnalysis\Data-20250430T011355Z-1-001\Data\data\2024-11,TITAN,3187.85,2024-11-13 05:30:00,3221.6,3162.2,2024-11,3175.0,911537
C:\Users\v-dhramaraj\Desktop\Python\Projects\Assignment2_StockAnalysis\Data-20250430T011355Z-1-001\Data\data\2024-11,TITAN,3183.7,2024-11-14 05:30:00,3195.15,3136.0,2024-11,3145.05,1161637
C:\Users\v-dhramaraj\Desktop\Python\Projects\Assignment2_StockAnalysis\Data-20250430T011355Z-1-001\Data\data\2024-11,TITAN,3172.3,2024-11-18 05:30:00,3207.2,3157.5,2024-11,3183.7,943251
C:\Users\v-dhramaraj\Desktop\Python\Projects\Assignment2_StockAnalysis\Data-20250430T011355Z-1-001\Data\data\2024-11,TITAN,3224.7,2024-11-19 05:30:00,3283.0,3172.3,2024-11,3192.0,1174506
C:\Users\v-dhramaraj\Desktop\Python\Projects\Assignment2_StockAnalysis\Data-20250430T011355Z-1-001\Data\data\2024-11,TITAN,3178.45,2024-11-21 05:30:00,3233.95,3148.35,2024-11,3225.0,1582159
C:\Users\v-dhramaraj\Desktop\Python\Projects\Assignment2_StockAnalysis\Data-20250430T011355Z-1-001\Data\data\2024-11,TITAN,3308.7,2024-11-22 05:30:00,3317.0,3152.15,2024-11,3174.85,2207527
