Source Folder,Ticker,close,date,high,low,month,open,volume
C:\Users\v-dhramaraj\Desktop\Python\Projects\Assignment2_StockAnalysis\Data-20250430T011355Z-1-001\Data\data\2023-10,TRENT,2059.1,2023-10-03 05:30:00,2086.3,2052.0,2023-10,2074.3,543387
C:\Users\v-dhramaraj\Desktop\Python\Projects\Assignment2_StockAnalysis\Data-20250430T011355Z-1-001\Data\data\2023-10,TRENT,2022.3,2023-10-04 05:30:00,2055.95,2007.6,2023-10,2054.0,551771
C:\Users\v-dhramaraj\Desktop\Python\Projects\Assignment2_StockAnalysis\Data-20250430T011355Z-1-001\Data\data\2023-10,TRENT,2047.6,2023-10-05 05:30:00,2058.15,2022.3,2023-10,2022.95,461744
C:\Users\v-dhramaraj\Desktop\Python\Projects\Assignment2_StockAnalysis\Data-20250430T011355Z-1-001\Data\data\2023-10,TRENT,2072.1,2023-10-06 05:30:00,2091.9,2050.1,2023-10,2055.85,444220
C:\Users\v-dhramaraj\Desktop\Python\Projects\Assignment2_StockAnalysis\Data-20250430T011355Z-1-001\Data\data\2023-10,TRENT,2079.05,2023-10-09 05:30:00,2089.45,2032.4,2023-10,2035.0,487722
C:\Users\v-dhramaraj\Desktop\Python\Projects\Assignment2_StockAnalysis\Data-20250430T011355Z-1-001\Data\data\2023-10,TRENT,2050.8,2023-10-10 05:30:00,2089.75,2047.1,2023-10,2089.75,351329
C:\Users\v-dhramaraj\Desktop\Python\Projects\Assignment2_StockAnalysis\Data-20250430T011355Z-1-001\Data\data\2023-10,TRENT,2101.3,2023-10-11 05:30:00,2114.8,2055.0,2023-10,2058.45,729470
C:\Users\v-dhramaraj\Desktop\Python\Projects\Assignment2_StockAnalysis\Data-20250430T011355Z-1-001\Data\data\2023-10,TRENT,2077.2,2023-10-12 05:30:00,2107.8,2070.0,2023-10,2105.0,285544
C:\Users\v-dhramaraj\Desktop\Python\Projects\Assignment2_StockAnalysis\Data-20250430T011355Z-1-001\Data\data\2023-10,TRENT,2084.8,2023-10-13 05:30:00,2109.7,2071.45,2023-10,2075.0,321887
C:\Users\v-dhramaraj\Desktop\Python\Projects\Assignment2_StockAnalysis\Data-20250430T011355Z-1-001\Data\data\2023-10,TRENT,2107.65,2023-10-16 05:30:00,2117.0,2080.5,2023-10,2093.0,446019
C:\Users\v-dhramaraj\Desktop\Python\Projects\Assignment2_StockAnalysis\Data-20250430T011355Z-1-001\Data\data\2023-10,TRENT,2079.0,2023-10-17 05:30:00,2117.6,2073.1,2023-10,2116.95,373789
C:\Users\v-dhramaraj\Desktop\Python\Projects\Assignment2_StockAnalysis\Data-20250430T011355Z-1-001\Data\data\2023-10,TRENT,2048.95,2023-10-18 05:30:00,2090.4,2031.2,2023-10,2089.1,432748
C:\Users\v-dhramaraj\Desktop\Python\Projects\Assignment2_StockAnalysis\Data-20250430T011355Z-1-001\Data\data\2023-10,TRENT,2060.6,2023-10-19 05:30:00,2074.0,2020.0,2023-10,2045.95,350097
C:\Users\v-dhramaraj\Desktop\Python\Projects\Assignment2_StockAnalysis\Data-20250430T011355Z-1-001\Data\data\2023-10,TRENT,2036.15,2023-10-20 05:30:00,2060.6,2024.4,2023-10,2060.6,353937
C:\Users\v-dhramaraj\Desktop\Python\Projects\Assignment2_StockAnalysis\Data-20250430T011355Z-1-001\Data\data\2023-10,TRENT,1991.95,2023-10-23 05:30:00,2041.15,1980.0,2023-10,2035.0,488451
C:\Users\v-dhramaraj\Desktop\Python\Projects\Assignment2_StockAnalysis\Data-20250430T011355Z-1-001\Data\data\2023-10,TRENT,1993.25,2023-10-25 05:30:00,2007.9,1973.8,2023-10,2007.9,512770
C:\Users\v-dhramaraj\Desktop\Python\Projects\Assignment2_StockAnalysis\Data-20250430T011355Z-1-001\Data\data\2023-10,TRENT,2031.1,2023-10-26 05:30:00,2040.95,1945.0,2023-10,1980.0,966275
C:\Users\v-dhramaraj\Desktop\Python\Projects\Assignment2_StockAnalysis\Data-20250430T011355Z-1-001\Data\data\2023-10,TRENT,2122.1,2023-10-27 05:30:00,2142.95,2031.15,2023-10,2031.15,999445
C:\Users\v-dhramaraj\Desktop\Python\Projects\Assignment2_StockAnalysis\Data-20250430T011355Z-1-001\Data\data\2023-10,TRENT,2119.75,2023-10-30 05:30:00,2143.2,2072.0,2023-10,2143.2,483782
C:\Users\v-dhramaraj\Desktop\Python\Projects\Assignment2_StockAnalysis\Data-20250430T011355Z-1-001\Data\data\2023-10,TRENT,2154.7,2023-10-31 05:30:00,2165.0,2119.1,2023-10,2140.9,749792
C:\Users\v-dhramaraj\Desktop\Python\Projects\Assignment2_StockAnalysis\Data-20250430T011355Z-1-001\Data\data\2023-11,TRENT,2197.65,2023-11-01 05:30:00,2209.3,2148.95,2023-11,2163.7,1081257
C:\Users\v-dhramaraj\Desktop\Python\Projects\Assignment2_StockAnalysis\Data-20250430T011355Z-1-001\Data\data\2023-11,TRENT,2189.85,2023-11-02 05:30:00,2210.0,2175.0,2023-11,2210.0,474395
C:\Users\v-dhramaraj\Desktop\Python\Projects\Assignment2_StockAnalysis\Data-20250430T011355Z-1-001\Data\data\2023-11,TRENT,2196.5,2023-11-03 05:30:00,2198.95,2180.0,2023-11,2195.0,230437
C:\Users\v-dhramaraj\Desktop\Python\Projects\Assignment2_StockAnalysis\Data-20250430T011355Z-1-001\Data\data\2023-11,TRENT,2233.2,2023-11-06 05:30:00,2245.5,2188.65,2023-11,2196.55,537580
C:\Users\v-dhramaraj\Desktop\Python\Projects\Assignment2_StockAnalysis\Data-20250430T011355Z-1-001\Data\data\2023-11,TRENT,2424.0,2023-11-07 05:30:00,2450.0,2181.7,2023-11,2234.45,3419427
C:\Users\v-dhramaraj\Desktop\Python\Projects\Assignment2_StockAnalysis\Data-20250430T011355Z-1-001\Data\data\2023-11,TRENT,2452.85,2023-11-08 05:30:00,2503.85,2391.05,2023-11,2450.0,2652822
C:\Users\v-dhramaraj\Desktop\Python\Projects\Assignment2_StockAnalysis\Data-20250430T011355Z-1-001\Data\data\2023-11,TRENT,2478.05,2023-11-09 05:30:00,2487.25,2438.2,2023-11,2453.0,684007
C:\Users\v-dhramaraj\Desktop\Python\Projects\Assignment2_StockAnalysis\Data-20250430T011355Z-1-001\Data\data\2023-11,TRENT,2489.35,2023-11-10 05:30:00,2504.15,2454.05,2023-11,2476.95,644072
C:\Users\v-dhramaraj\Desktop\Python\Projects\Assignment2_StockAnalysis\Data-20250430T011355Z-1-001\Data\data\2023-11,TRENT,2494.25,2023-11-12 05:30:00,2515.0,2491.15,2023-11,2510.2,75038
C:\Users\v-dhramaraj\Desktop\Python\Projects\Assignment2_StockAnalysis\Data-20250430T011355Z-1-001\Data\data\2023-11,TRENT,2559.05,2023-11-13 05:30:00,2564.0,2485.35,2023-11,2495.0,1131761
C:\Users\v-dhramaraj\Desktop\Python\Projects\Assignment2_StockAnalysis\Data-20250430T011355Z-1-001\Data\data\2023-11,TRENT,2553.15,2023-11-15 05:30:00,2579.8,2534.85,2023-11,2579.8,599328
C:\Users\v-dhramaraj\Desktop\Python\Projects\Assignment2_StockAnalysis\Data-20250430T011355Z-1-001\Data\data\2023-11,TRENT,2544.7,2023-11-16 05:30:00,2558.15,2491.4,2023-11,2556.5,766675
C:\Users\v-dhramaraj\Desktop\Python\Projects\Assignment2_StockAnalysis\Data-20250430T011355Z-1-001\Data\data\2023-11,TRENT,2576.4,2023-11-17 05:30:00,2613.7,2544.75,2023-11,2547.55,717236
C:\Users\v-dhramaraj\Desktop\Python\Projects\Assignment2_StockAnalysis\Data-20250430T011355Z-1-001\Data\data\2023-11,TRENT,2622.75,2023-11-20 05:30:00,2637.3,2585.3,2023-11,2595.0,568578
C:\Users\v-dhramaraj\Desktop\Python\Projects\Assignment2_StockAnalysis\Data-20250430T011355Z-1-001\Data\data\2023-11,TRENT,2613.75,2023-11-21 05:30:00,2652.0,2605.95,2023-11,2634.9,519349
C:\Users\v-dhramaraj\Desktop\Python\Projects\Assignment2_StockAnalysis\Data-20250430T011355Z-1-001\Data\data\2023-11,TRENT,2627.15,2023-11-22 05:30:00,2647.05,2607.5,2023-11,2625.0,395438
C:\Users\v-dhramaraj\Desktop\Python\Projects\Assignment2_StockAnalysis\Data-20250430T011355Z-1-001\Data\data\2023-11,TRENT,2655.05,2023-11-23 05:30:00,2664.5,2631.5,2023-11,2644.8,398832
C:\Users\v-dhramaraj\Desktop\Python\Projects\Assignment2_StockAnalysis\Data-20250430T011355Z-1-001\Data\data\2023-11,TRENT,2649.7,2023-11-24 05:30:00,2668.0,2640.0,2023-11,2659.95,325606
C:\Users\v-dhramaraj\Desktop\Python\Projects\Assignment2_StockAnalysis\Data-20250430T011355Z-1-001\Data\data\2023-11,TRENT,2671.75,2023-11-28 05:30:00,2683.5,2645.05,2023-11,2668.5,535972
C:\Users\v-dhramaraj\Desktop\Python\Projects\Assignment2_StockAnalysis\Data-20250430T011355Z-1-001\Data\data\2023-11,TRENT,2676.4,2023-11-29 05:30:00,2720.0,2668.0,2023-11,2694.0,460234
C:\Users\v-dhramaraj\Desktop\Python\Projects\Assignment2_StockAnalysis\Data-20250430T011355Z-1-001\Data\data\2023-11,TRENT,2787.0,2023-11-30 05:30:00,2809.75,2675.0,2023-11,2676.4,2343154
C:\Users\v-dhramaraj\Desktop\Python\Projects\Assignment2_StockAnalysis\Data-20250430T011355Z-1-001\Data\data\2023-12,TRENT,2807.7,2023-12-01 05:30:00,2837.4,2752.4,2023-12,2787.0,1049846
C:\Users\v-dhramaraj\Desktop\Python\Projects\Assignment2_StockAnalysis\Data-20250430T011355Z-1-001\Data\data\2023-12,TRENT,2816.85,2023-12-04 05:30:00,2867.0,2772.25,2023-12,2847.0,685830
C:\Users\v-dhramaraj\Desktop\Python\Projects\Assignment2_StockAnalysis\Data-20250430T011355Z-1-001\Data\data\2023-12,TRENT,2874.75,2023-12-05 05:30:00,2898.5,2817.5,2023-12,2820.0,676125
C:\Users\v-dhramaraj\Desktop\Python\Projects\Assignment2_StockAnalysis\Data-20250430T011355Z-1-001\Data\data\2023-12,TRENT,2867.85,2023-12-06 05:30:00,2912.45,2854.6,2023-12,2890.2,487235
C:\Users\v-dhramaraj\Desktop\Python\Projects\Assignment2_StockAnalysis\Data-20250430T011355Z-1-001\Data\data\2023-12,TRENT,2845.2,2023-12-07 05:30:00,2918.0,2836.55,2023-12,2881.95,961559
C:\Users\v-dhramaraj\Desktop\Python\Projects\Assignment2_StockAnalysis\Data-20250430T011355Z-1-001\Data\data\2023-12,TRENT,2841.3,2023-12-08 05:30:00,2887.3,2800.2,2023-12,2857.3,688323
C:\Users\v-dhramaraj\Desktop\Python\Projects\Assignment2_StockAnalysis\Data-20250430T011355Z-1-001\Data\data\2023-12,TRENT,2881.4,2023-12-11 05:30:00,2907.35,2841.1,2023-12,2858.95,577553
C:\Users\v-dhramaraj\Desktop\Python\Projects\Assignment2_StockAnalysis\Data-20250430T011355Z-1-001\Data\data\2023-12,TRENT,2883.55,2023-12-12 05:30:00,2909.9,2849.7,2023-12,2896.9,462633
C:\Users\v-dhramaraj\Desktop\Python\Projects\Assignment2_StockAnalysis\Data-20250430T011355Z-1-001\Data\data\2023-12,TRENT,2963.45,2023-12-13 05:30:00,2973.95,2887.05,2023-12,2895.0,887243
C:\Users\v-dhramaraj\Desktop\Python\Projects\Assignment2_StockAnalysis\Data-20250430T011355Z-1-001\Data\data\2023-12,TRENT,2984.75,2023-12-14 05:30:00,2995.0,2944.5,2023-12,2990.2,425400
C:\Users\v-dhramaraj\Desktop\Python\Projects\Assignment2_StockAnalysis\Data-20250430T011355Z-1-001\Data\data\2023-12,TRENT,2989.75,2023-12-15 05:30:00,3024.55,2980.05,2023-12,3000.0,682553
C:\Users\v-dhramaraj\Desktop\Python\Projects\Assignment2_StockAnalysis\Data-20250430T011355Z-1-001\Data\data\2023-12,TRENT,2971.45,2023-12-18 05:30:00,3001.5,2961.2,2023-12,2998.55,646708
C:\Users\v-dhramaraj\Desktop\Python\Projects\Assignment2_StockAnalysis\Data-20250430T011355Z-1-001\Data\data\2023-12,TRENT,3000.8,2023-12-19 05:30:00,3013.6,2957.0,2023-12,2988.0,533290
C:\Users\v-dhramaraj\Desktop\Python\Projects\Assignment2_StockAnalysis\Data-20250430T011355Z-1-001\Data\data\2023-12,TRENT,2948.95,2023-12-20 05:30:00,3025.0,2927.7,2023-12,3022.0,713170
C:\Users\v-dhramaraj\Desktop\Python\Projects\Assignment2_StockAnalysis\Data-20250430T011355Z-1-001\Data\data\2023-12,TRENT,2955.2,2023-12-21 05:30:00,2969.9,2879.5,2023-12,2909.95,631420
C:\Users\v-dhramaraj\Desktop\Python\Projects\Assignment2_StockAnalysis\Data-20250430T011355Z-1-001\Data\data\2023-12,TRENT,2965.5,2023-12-22 05:30:00,2981.95,2928.35,2023-12,2978.8,518707
C:\Users\v-dhramaraj\Desktop\Python\Projects\Assignment2_StockAnalysis\Data-20250430T011355Z-1-001\Data\data\2023-12,TRENT,2970.0,2023-12-26 05:30:00,2991.95,2961.65,2023-12,2986.1,315645
C:\Users\v-dhramaraj\Desktop\Python\Projects\Assignment2_StockAnalysis\Data-20250430T011355Z-1-001\Data\data\2023-12,TRENT,3010.75,2023-12-27 05:30:00,3059.7,2975.55,2023-12,2975.65,584065
C:\Users\v-dhramaraj\Desktop\Python\Projects\Assignment2_StockAnalysis\Data-20250430T011355Z-1-001\Data\data\2023-12,TRENT,3026.0,2023-12-28 05:30:00,3045.0,3003.0,2023-12,3025.0,503705
C:\Users\v-dhramaraj\Desktop\Python\Projects\Assignment2_StockAnalysis\Data-20250430T011355Z-1-001\Data\data\2023-12,TRENT,3054.95,2023-12-29 05:30:00,3060.35,3001.4,2023-12,3030.3,430702
C:\Users\v-dhramaraj\Desktop\Python\Projects\Assignment2_StockAnalysis\Data-20250430T011355Z-1-001\Data\data\2024-01,TRENT,3002.1,2024-01-01 05:30:00,3067.0,2995.5,2024-01,3061.8,421730
C:\Users\v-dhramaraj\Desktop\Python\Projects\Assignment2_StockAnalysis\Data-20250430T011355Z-1-001\Data\data\2024-01,TRENT,2995.2,2024-01-02 05:30:00,3017.9,2940.75,2024-01,3015.45,408928
C:\Users\v-dhramaraj\Desktop\Python\Projects\Assignment2_StockAnalysis\Data-20250430T011355Z-1-001\Data\data\2024-01,TRENT,3058.35,2024-01-03 05:30:00,3107.9,2988.35,2024-01,3009.0,714968
C:\Users\v-dhramaraj\Desktop\Python\Projects\Assignment2_StockAnalysis\Data-20250430T011355Z-1-001\Data\data\2024-01,TRENT,3067.85,2024-01-04 05:30:00,3108.45,3060.85,2024-01,3074.0,299498
C:\Users\v-dhramaraj\Desktop\Python\Projects\Assignment2_StockAnalysis\Data-20250430T011355Z-1-001\Data\data\2024-01,TRENT,3065.55,2024-01-05 05:30:00,3096.55,3045.0,2024-01,3085.45,258565
C:\Users\v-dhramaraj\Desktop\Python\Projects\Assignment2_StockAnalysis\Data-20250430T011355Z-1-001\Data\data\2024-01,TRENT,3044.55,2024-01-08 05:30:00,3083.2,3037.8,2024-01,3080.95,303947
C:\Users\v-dhramaraj\Desktop\Python\Projects\Assignment2_StockAnalysis\Data-20250430T011355Z-1-001\Data\data\2024-01,TRENT,3115.45,2024-01-09 05:30:00,3143.0,3058.8,2024-01,3069.0,723237
C:\Users\v-dhramaraj\Desktop\Python\Projects\Assignment2_StockAnalysis\Data-20250430T011355Z-1-001\Data\data\2024-01,TRENT,3173.6,2024-01-10 05:30:00,3189.95,3112.15,2024-01,3126.5,951897
C:\Users\v-dhramaraj\Desktop\Python\Projects\Assignment2_StockAnalysis\Data-20250430T011355Z-1-001\Data\data\2024-01,TRENT,3175.8,2024-01-11 05:30:00,3213.2,3168.5,2024-01,3190.0,485141
C:\Users\v-dhramaraj\Desktop\Python\Projects\Assignment2_StockAnalysis\Data-20250430T011355Z-1-001\Data\data\2024-01,TRENT,3212.15,2024-01-12 05:30:00,3240.95,3162.1,2024-01,3203.0,597455
C:\Users\v-dhramaraj\Desktop\Python\Projects\Assignment2_StockAnalysis\Data-20250430T011355Z-1-001\Data\data\2024-01,TRENT,3193.3,2024-01-15 05:30:00,3238.0,3180.5,2024-01,3238.0,381958
C:\Users\v-dhramaraj\Desktop\Python\Projects\Assignment2_StockAnalysis\Data-20250430T011355Z-1-001\Data\data\2024-01,TRENT,3166.1,2024-01-16 05:30:00,3224.9,3143.15,2024-01,3203.55,370700
C:\Users\v-dhramaraj\Desktop\Python\Projects\Assignment2_StockAnalysis\Data-20250430T011355Z-1-001\Data\data\2024-01,TRENT,3147.85,2024-01-17 05:30:00,3183.95,3117.15,2024-01,3153.0,420338
C:\Users\v-dhramaraj\Desktop\Python\Projects\Assignment2_StockAnalysis\Data-20250430T011355Z-1-001\Data\data\2024-01,TRENT,3151.75,2024-01-18 05:30:00,3185.0,3090.0,2024-01,3138.0,439730
C:\Users\v-dhramaraj\Desktop\Python\Projects\Assignment2_StockAnalysis\Data-20250430T011355Z-1-001\Data\data\2024-01,TRENT,3210.05,2024-01-19 05:30:00,3218.75,3147.55,2024-01,3169.95,406436
C:\Users\v-dhramaraj\Desktop\Python\Projects\Assignment2_StockAnalysis\Data-20250430T011355Z-1-001\Data\data\2024-01,TRENT,3192.6,2024-01-20 05:30:00,3252.6,3187.0,2024-01,3229.0,196720
C:\Users\v-dhramaraj\Desktop\Python\Projects\Assignment2_StockAnalysis\Data-20250430T011355Z-1-001\Data\data\2024-01,TRENT,3164.15,2024-01-23 05:30:00,3225.75,3150.0,2024-01,3207.0,344687
C:\Users\v-dhramaraj\Desktop\Python\Projects\Assignment2_StockAnalysis\Data-20250430T011355Z-1-001\Data\data\2024-01,TRENT,3222.75,2024-01-24 05:30:00,3241.3,3130.0,2024-01,3164.1,339968
C:\Users\v-dhramaraj\Desktop\Python\Projects\Assignment2_StockAnalysis\Data-20250430T011355Z-1-001\Data\data\2024-01,TRENT,3231.8,2024-01-25 05:30:00,3252.5,3180.0,2024-01,3223.05,489321
C:\Users\v-dhramaraj\Desktop\Python\Projects\Assignment2_StockAnalysis\Data-20250430T011355Z-1-001\Data\data\2024-01,TRENT,3246.4,2024-01-29 05:30:00,3295.0,3225.6,2024-01,3248.0,604096
C:\Users\v-dhramaraj\Desktop\Python\Projects\Assignment2_StockAnalysis\Data-20250430T011355Z-1-001\Data\data\2024-01,TRENT,3054.95,2024-01-30 05:30:00,3275.0,3029.05,2024-01,3263.0,1206541
C:\Users\v-dhramaraj\Desktop\Python\Projects\Assignment2_StockAnalysis\Data-20250430T011355Z-1-001\Data\data\2024-01,TRENT,3086.95,2024-01-31 05:30:00,3104.5,2992.3,2024-01,3054.0,986931
C:\Users\v-dhramaraj\Desktop\Python\Projects\Assignment2_StockAnalysis\Data-20250430T011355Z-1-001\Data\data\2024-02,TRENT,3102.8,2024-02-01 05:30:00,3133.8,3061.55,2024-02,3089.0,742113
C:\Users\v-dhramaraj\Desktop\Python\Projects\Assignment2_StockAnalysis\Data-20250430T011355Z-1-001\Data\data\2024-02,TRENT,3126.05,2024-02-02 05:30:00,3213.15,3108.0,2024-02,3130.0,892545
C:\Users\v-dhramaraj\Desktop\Python\Projects\Assignment2_StockAnalysis\Data-20250430T011355Z-1-001\Data\data\2024-02,TRENT,3027.15,2024-02-05 05:30:00,3180.0,3006.7,2024-02,3175.0,808544
C:\Users\v-dhramaraj\Desktop\Python\Projects\Assignment2_StockAnalysis\Data-20250430T011355Z-1-001\Data\data\2024-02,TRENT,3035.0,2024-02-06 05:30:00,3121.4,3021.65,2024-02,3025.0,718388
C:\Users\v-dhramaraj\Desktop\Python\Projects\Assignment2_StockAnalysis\Data-20250430T011355Z-1-001\Data\data\2024-02,TRENT,3607.5,2024-02-07 05:30:00,3634.7,2955.0,2024-02,3080.0,5846891
C:\Users\v-dhramaraj\Desktop\Python\Projects\Assignment2_StockAnalysis\Data-20250430T011355Z-1-001\Data\data\2024-02,TRENT,3841.95,2024-02-08 05:30:00,3937.4,3619.65,2024-02,3735.35,7374486
C:\Users\v-dhramaraj\Desktop\Python\Projects\Assignment2_StockAnalysis\Data-20250430T011355Z-1-001\Data\data\2024-02,TRENT,3759.55,2024-02-09 05:30:00,3858.0,3667.1,2024-02,3800.0,2001715
C:\Users\v-dhramaraj\Desktop\Python\Projects\Assignment2_StockAnalysis\Data-20250430T011355Z-1-001\Data\data\2024-02,TRENT,3802.05,2024-02-12 05:30:00,3834.65,3700.1,2024-02,3767.8,1087518
C:\Users\v-dhramaraj\Desktop\Python\Projects\Assignment2_StockAnalysis\Data-20250430T011355Z-1-001\Data\data\2024-02,TRENT,3851.25,2024-02-13 05:30:00,3880.0,3767.0,2024-02,3785.0,1288707
C:\Users\v-dhramaraj\Desktop\Python\Projects\Assignment2_StockAnalysis\Data-20250430T011355Z-1-001\Data\data\2024-02,TRENT,3921.0,2024-02-14 05:30:00,3950.5,3792.1,2024-02,3802.15,725269
C:\Users\v-dhramaraj\Desktop\Python\Projects\Assignment2_StockAnalysis\Data-20250430T011355Z-1-001\Data\data\2024-02,TRENT,3952.65,2024-02-15 05:30:00,4006.85,3875.75,2024-02,3931.1,964837
C:\Users\v-dhramaraj\Desktop\Python\Projects\Assignment2_StockAnalysis\Data-20250430T011355Z-1-001\Data\data\2024-02,TRENT,4024.6,2024-02-16 05:30:00,4036.3,3930.3,2024-02,3970.0,736660
C:\Users\v-dhramaraj\Desktop\Python\Projects\Assignment2_StockAnalysis\Data-20250430T011355Z-1-001\Data\data\2024-02,TRENT,4047.15,2024-02-19 05:30:00,4099.8,4013.7,2024-02,4048.0,374829
C:\Users\v-dhramaraj\Desktop\Python\Projects\Assignment2_StockAnalysis\Data-20250430T011355Z-1-001\Data\data\2024-02,TRENT,4025.9,2024-02-20 05:30:00,4074.2,4010.55,2024-02,4057.95,468003
C:\Users\v-dhramaraj\Desktop\Python\Projects\Assignment2_StockAnalysis\Data-20250430T011355Z-1-001\Data\data\2024-02,TRENT,3894.75,2024-02-21 05:30:00,4047.05,3873.85,2024-02,4045.1,614056
C:\Users\v-dhramaraj\Desktop\Python\Projects\Assignment2_StockAnalysis\Data-20250430T011355Z-1-001\Data\data\2024-02,TRENT,3954.0,2024-02-22 05:30:00,3966.0,3829.7,2024-02,3922.0,1012228
C:\Users\v-dhramaraj\Desktop\Python\Projects\Assignment2_StockAnalysis\Data-20250430T011355Z-1-001\Data\data\2024-02,TRENT,3885.8,2024-02-23 05:30:00,3950.0,3868.45,2024-02,3950.0,555204
C:\Users\v-dhramaraj\Desktop\Python\Projects\Assignment2_StockAnalysis\Data-20250430T011355Z-1-001\Data\data\2024-02,TRENT,3844.6,2024-02-26 05:30:00,3913.95,3824.0,2024-02,3875.0,671311
C:\Users\v-dhramaraj\Desktop\Python\Projects\Assignment2_StockAnalysis\Data-20250430T011355Z-1-001\Data\data\2024-02,TRENT,3937.5,2024-02-27 05:30:00,3995.0,3841.8,2024-02,3864.8,861671
C:\Users\v-dhramaraj\Desktop\Python\Projects\Assignment2_StockAnalysis\Data-20250430T011355Z-1-001\Data\data\2024-02,TRENT,3924.8,2024-02-28 05:30:00,3954.95,3885.0,2024-02,3939.95,411252
C:\Users\v-dhramaraj\Desktop\Python\Projects\Assignment2_StockAnalysis\Data-20250430T011355Z-1-001\Data\data\2024-02,TRENT,3881.8,2024-02-29 05:30:00,3969.95,3782.0,2024-02,3931.45,1235124
C:\Users\v-dhramaraj\Desktop\Python\Projects\Assignment2_StockAnalysis\Data-20250430T011355Z-1-001\Data\data\2024-03,TRENT,3901.25,2024-03-01 05:30:00,3928.95,3858.35,2024-03,3924.0,645099
C:\Users\v-dhramaraj\Desktop\Python\Projects\Assignment2_StockAnalysis\Data-20250430T011355Z-1-001\Data\data\2024-03,TRENT,3909.6,2024-03-02 05:30:00,3935.0,3900.0,2024-03,3922.7,26075
C:\Users\v-dhramaraj\Desktop\Python\Projects\Assignment2_StockAnalysis\Data-20250430T011355Z-1-001\Data\data\2024-03,TRENT,3919.8,2024-03-04 05:30:00,3936.75,3842.5,2024-03,3909.6,291319
C:\Users\v-dhramaraj\Desktop\Python\Projects\Assignment2_StockAnalysis\Data-20250430T011355Z-1-001\Data\data\2024-03,TRENT,3852.3,2024-03-05 05:30:00,3935.85,3845.05,2024-03,3929.5,549270
C:\Users\v-dhramaraj\Desktop\Python\Projects\Assignment2_StockAnalysis\Data-20250430T011355Z-1-001\Data\data\2024-03,TRENT,3872.0,2024-03-06 05:30:00,3893.85,3750.25,2024-03,3876.45,1009678
C:\Users\v-dhramaraj\Desktop\Python\Projects\Assignment2_StockAnalysis\Data-20250430T011355Z-1-001\Data\data\2024-03,TRENT,3952.2,2024-03-07 05:30:00,3978.0,3840.3,2024-03,3890.0,680535
C:\Users\v-dhramaraj\Desktop\Python\Projects\Assignment2_StockAnalysis\Data-20250430T011355Z-1-001\Data\data\2024-03,TRENT,4004.7,2024-03-11 05:30:00,4243.95,3900.1,2024-03,3982.0,3757634
C:\Users\v-dhramaraj\Desktop\Python\Projects\Assignment2_StockAnalysis\Data-20250430T011355Z-1-001\Data\data\2024-03,TRENT,4008.6,2024-03-12 05:30:00,4078.6,3957.55,2024-03,4025.8,899570
C:\Users\v-dhramaraj\Desktop\Python\Projects\Assignment2_StockAnalysis\Data-20250430T011355Z-1-001\Data\data\2024-03,TRENT,3944.05,2024-03-13 05:30:00,4037.95,3877.5,2024-03,4022.95,968084
C:\Users\v-dhramaraj\Desktop\Python\Projects\Assignment2_StockAnalysis\Data-20250430T011355Z-1-001\Data\data\2024-03,TRENT,4081.1,2024-03-14 05:30:00,4105.0,3870.6,2024-03,3900.0,723158
C:\Users\v-dhramaraj\Desktop\Python\Projects\Assignment2_StockAnalysis\Data-20250430T011355Z-1-001\Data\data\2024-03,TRENT,4063.9,2024-03-15 05:30:00,4145.0,3981.25,2024-03,4051.05,1197832
C:\Users\v-dhramaraj\Desktop\Python\Projects\Assignment2_StockAnalysis\Data-20250430T011355Z-1-001\Data\data\2024-03,TRENT,4071.05,2024-03-18 05:30:00,4084.0,4005.9,2024-03,4063.9,328538
C:\Users\v-dhramaraj\Desktop\Python\Projects\Assignment2_StockAnalysis\Data-20250430T011355Z-1-001\Data\data\2024-03,TRENT,3955.65,2024-03-19 05:30:00,4088.0,3943.7,2024-03,4080.0,489357
C:\Users\v-dhramaraj\Desktop\Python\Projects\Assignment2_StockAnalysis\Data-20250430T011355Z-1-001\Data\data\2024-03,TRENT,3965.05,2024-03-20 05:30:00,4004.95,3843.25,2024-03,3971.45,607192
C:\Users\v-dhramaraj\Desktop\Python\Projects\Assignment2_StockAnalysis\Data-20250430T011355Z-1-001\Data\data\2024-03,TRENT,4001.85,2024-03-21 05:30:00,4015.7,3957.7,2024-03,3965.0,622994
C:\Users\v-dhramaraj\Desktop\Python\Projects\Assignment2_StockAnalysis\Data-20250430T011355Z-1-001\Data\data\2024-03,TRENT,3948.6,2024-03-22 05:30:00,4025.0,3921.95,2024-03,4010.0,678055
C:\Users\v-dhramaraj\Desktop\Python\Projects\Assignment2_StockAnalysis\Data-20250430T011355Z-1-001\Data\data\2024-03,TRENT,3881.75,2024-03-26 05:30:00,3948.6,3866.05,2024-03,3885.0,844731
C:\Users\v-dhramaraj\Desktop\Python\Projects\Assignment2_StockAnalysis\Data-20250430T011355Z-1-001\Data\data\2024-03,TRENT,3875.2,2024-03-27 05:30:00,3922.5,3867.0,2024-03,3882.5,524636
C:\Users\v-dhramaraj\Desktop\Python\Projects\Assignment2_StockAnalysis\Data-20250430T011355Z-1-001\Data\data\2024-03,TRENT,3948.0,2024-03-28 05:30:00,3975.0,3875.2,2024-03,3875.2,837624
C:\Users\v-dhramaraj\Desktop\Python\Projects\Assignment2_StockAnalysis\Data-20250430T011355Z-1-001\Data\data\2024-04,TRENT,3886.8,2024-04-01 05:30:00,3983.4,3869.05,2024-04,3974.95,523250
C:\Users\v-dhramaraj\Desktop\Python\Projects\Assignment2_StockAnalysis\Data-20250430T011355Z-1-001\Data\data\2024-04,TRENT,3891.9,2024-04-02 05:30:00,3909.8,3873.25,2024-04,3900.0,604885
C:\Users\v-dhramaraj\Desktop\Python\Projects\Assignment2_StockAnalysis\Data-20250430T011355Z-1-001\Data\data\2024-04,TRENT,3922.85,2024-04-03 05:30:00,3947.95,3843.0,2024-04,3885.0,727717
C:\Users\v-dhramaraj\Desktop\Python\Projects\Assignment2_StockAnalysis\Data-20250430T011355Z-1-001\Data\data\2024-04,TRENT,4003.2,2024-04-04 05:30:00,4028.95,3915.05,2024-04,3950.0,910922
C:\Users\v-dhramaraj\Desktop\Python\Projects\Assignment2_StockAnalysis\Data-20250430T011355Z-1-001\Data\data\2024-04,TRENT,3932.6,2024-04-05 05:30:00,4052.9,3912.2,2024-04,4009.0,679916
C:\Users\v-dhramaraj\Desktop\Python\Projects\Assignment2_StockAnalysis\Data-20250430T011355Z-1-001\Data\data\2024-04,TRENT,3931.85,2024-04-08 05:30:00,3980.0,3923.6,2024-04,3932.6,471027
C:\Users\v-dhramaraj\Desktop\Python\Projects\Assignment2_StockAnalysis\Data-20250430T011355Z-1-001\Data\data\2024-04,TRENT,3902.35,2024-04-09 05:30:00,3958.95,3894.9,2024-04,3958.95,483412
C:\Users\v-dhramaraj\Desktop\Python\Projects\Assignment2_StockAnalysis\Data-20250430T011355Z-1-001\Data\data\2024-04,TRENT,4021.15,2024-04-10 05:30:00,4113.35,3904.15,2024-04,3929.0,1107300
C:\Users\v-dhramaraj\Desktop\Python\Projects\Assignment2_StockAnalysis\Data-20250430T011355Z-1-001\Data\data\2024-04,TRENT,4053.85,2024-04-12 05:30:00,4113.95,4025.0,2024-04,4047.0,776121
C:\Users\v-dhramaraj\Desktop\Python\Projects\Assignment2_StockAnalysis\Data-20250430T011355Z-1-001\Data\data\2024-04,TRENT,3969.2,2024-04-15 05:30:00,4066.75,3934.25,2024-04,3950.05,597371
C:\Users\v-dhramaraj\Desktop\Python\Projects\Assignment2_StockAnalysis\Data-20250430T011355Z-1-001\Data\data\2024-04,TRENT,3988.2,2024-04-16 05:30:00,4033.6,3912.4,2024-04,3968.0,577349
C:\Users\v-dhramaraj\Desktop\Python\Projects\Assignment2_StockAnalysis\Data-20250430T011355Z-1-001\Data\data\2024-04,TRENT,4087.1,2024-04-18 05:30:00,4177.9,3976.6,2024-04,3988.0,1484951
C:\Users\v-dhramaraj\Desktop\Python\Projects\Assignment2_StockAnalysis\Data-20250430T011355Z-1-001\Data\data\2024-04,TRENT,4158.95,2024-04-19 05:30:00,4174.75,3964.05,2024-04,4087.95,1180675
C:\Users\v-dhramaraj\Desktop\Python\Projects\Assignment2_StockAnalysis\Data-20250430T011355Z-1-001\Data\data\2024-04,TRENT,4168.6,2024-04-22 05:30:00,4304.8,4115.0,2024-04,4215.3,1179181
C:\Users\v-dhramaraj\Desktop\Python\Projects\Assignment2_StockAnalysis\Data-20250430T011355Z-1-001\Data\data\2024-04,TRENT,4158.3,2024-04-23 05:30:00,4225.0,4140.0,2024-04,4215.0,626656
C:\Users\v-dhramaraj\Desktop\Python\Projects\Assignment2_StockAnalysis\Data-20250430T011355Z-1-001\Data\data\2024-04,TRENT,4221.75,2024-04-24 05:30:00,4245.0,4158.3,2024-04,4158.3,641190
C:\Users\v-dhramaraj\Desktop\Python\Projects\Assignment2_StockAnalysis\Data-20250430T011355Z-1-001\Data\data\2024-04,TRENT,4323.15,2024-04-25 05:30:00,4347.0,4195.7,2024-04,4250.0,761557
C:\Users\v-dhramaraj\Desktop\Python\Projects\Assignment2_StockAnalysis\Data-20250430T011355Z-1-001\Data\data\2024-04,TRENT,4304.85,2024-04-26 05:30:00,4373.0,4293.45,2024-04,4340.0,622336
C:\Users\v-dhramaraj\Desktop\Python\Projects\Assignment2_StockAnalysis\Data-20250430T011355Z-1-001\Data\data\2024-04,TRENT,4314.1,2024-04-29 05:30:00,4515.0,4052.4,2024-04,4359.0,2349939
C:\Users\v-dhramaraj\Desktop\Python\Projects\Assignment2_StockAnalysis\Data-20250430T011355Z-1-001\Data\data\2024-04,TRENT,4409.9,2024-04-30 05:30:00,4670.0,4380.05,2024-04,4450.0,4924865
C:\Users\v-dhramaraj\Desktop\Python\Projects\Assignment2_StockAnalysis\Data-20250430T011355Z-1-001\Data\data\2024-05,TRENT,4646.7,2024-05-02 05:30:00,4676.7,4395.1,2024-05,4409.9,1998618
C:\Users\v-dhramaraj\Desktop\Python\Projects\Assignment2_StockAnalysis\Data-20250430T011355Z-1-001\Data\data\2024-05,TRENT,4523.65,2024-05-03 05:30:00,4680.55,4482.0,2024-05,4680.2,1313008
C:\Users\v-dhramaraj\Desktop\Python\Projects\Assignment2_StockAnalysis\Data-20250430T011355Z-1-001\Data\data\2024-05,TRENT,4509.05,2024-05-06 05:30:00,4580.0,4480.25,2024-05,4555.0,735051
C:\Users\v-dhramaraj\Desktop\Python\Projects\Assignment2_StockAnalysis\Data-20250430T011355Z-1-001\Data\data\2024-05,TRENT,4503.95,2024-05-07 05:30:00,4558.0,4416.9,2024-05,4532.0,982212
C:\Users\v-dhramaraj\Desktop\Python\Projects\Assignment2_StockAnalysis\Data-20250430T011355Z-1-001\Data\data\2024-05,TRENT,4498.6,2024-05-08 05:30:00,4542.0,4470.4,2024-05,4498.95,596788
C:\Users\v-dhramaraj\Desktop\Python\Projects\Assignment2_StockAnalysis\Data-20250430T011355Z-1-001\Data\data\2024-05,TRENT,4407.95,2024-05-09 05:30:00,4548.5,4381.3,2024-05,4512.8,688477
C:\Users\v-dhramaraj\Desktop\Python\Projects\Assignment2_StockAnalysis\Data-20250430T011355Z-1-001\Data\data\2024-05,TRENT,4471.4,2024-05-10 05:30:00,4484.25,4401.0,2024-05,4433.0,549717
C:\Users\v-dhramaraj\Desktop\Python\Projects\Assignment2_StockAnalysis\Data-20250430T011355Z-1-001\Data\data\2024-05,TRENT,4465.7,2024-05-13 05:30:00,4521.65,4358.0,2024-05,4475.7,637292
C:\Users\v-dhramaraj\Desktop\Python\Projects\Assignment2_StockAnalysis\Data-20250430T011355Z-1-001\Data\data\2024-05,TRENT,4540.35,2024-05-14 05:30:00,4549.0,4448.3,2024-05,4471.0,559577
C:\Users\v-dhramaraj\Desktop\Python\Projects\Assignment2_StockAnalysis\Data-20250430T011355Z-1-001\Data\data\2024-05,TRENT,4527.0,2024-05-15 05:30:00,4579.5,4509.2,2024-05,4550.0,413777
C:\Users\v-dhramaraj\Desktop\Python\Projects\Assignment2_StockAnalysis\Data-20250430T011355Z-1-001\Data\data\2024-05,TRENT,4596.65,2024-05-16 05:30:00,4634.2,4530.1,2024-05,4530.1,500593
C:\Users\v-dhramaraj\Desktop\Python\Projects\Assignment2_StockAnalysis\Data-20250430T011355Z-1-001\Data\data\2024-05,TRENT,4634.55,2024-05-17 05:30:00,4673.0,4555.0,2024-05,4600.0,752254
C:\Users\v-dhramaraj\Desktop\Python\Projects\Assignment2_StockAnalysis\Data-20250430T011355Z-1-001\Data\data\2024-05,TRENT,4643.0,2024-05-18 05:30:00,4674.9,4609.35,2024-05,4674.9,53867
C:\Users\v-dhramaraj\Desktop\Python\Projects\Assignment2_StockAnalysis\Data-20250430T011355Z-1-001\Data\data\2024-05,TRENT,4667.3,2024-05-21 05:30:00,4727.95,4623.65,2024-05,4690.0,668195
C:\Users\v-dhramaraj\Desktop\Python\Projects\Assignment2_StockAnalysis\Data-20250430T011355Z-1-001\Data\data\2024-05,TRENT,4646.95,2024-05-22 05:30:00,4713.85,4545.0,2024-05,4680.3,742788
C:\Users\v-dhramaraj\Desktop\Python\Projects\Assignment2_StockAnalysis\Data-20250430T011355Z-1-001\Data\data\2024-05,TRENT,4698.55,2024-05-23 05:30:00,4712.0,4608.05,2024-05,4653.0,459499
C:\Users\v-dhramaraj\Desktop\Python\Projects\Assignment2_StockAnalysis\Data-20250430T011355Z-1-001\Data\data\2024-05,TRENT,4715.4,2024-05-24 05:30:00,4777.9,4654.1,2024-05,4708.0,549566
C:\Users\v-dhramaraj\Desktop\Python\Projects\Assignment2_StockAnalysis\Data-20250430T011355Z-1-001\Data\data\2024-05,TRENT,4682.0,2024-05-27 05:30:00,4760.85,4650.0,2024-05,4759.0,611635
C:\Users\v-dhramaraj\Desktop\Python\Projects\Assignment2_StockAnalysis\Data-20250430T011355Z-1-001\Data\data\2024-05,TRENT,4615.9,2024-05-28 05:30:00,4723.75,4600.0,2024-05,4697.85,445558
C:\Users\v-dhramaraj\Desktop\Python\Projects\Assignment2_StockAnalysis\Data-20250430T011355Z-1-001\Data\data\2024-05,TRENT,4672.05,2024-05-29 05:30:00,4719.5,4600.1,2024-05,4650.0,744694
C:\Users\v-dhramaraj\Desktop\Python\Projects\Assignment2_StockAnalysis\Data-20250430T011355Z-1-001\Data\data\2024-05,TRENT,4651.35,2024-05-30 05:30:00,4698.0,4602.2,2024-05,4669.1,523206
C:\Users\v-dhramaraj\Desktop\Python\Projects\Assignment2_StockAnalysis\Data-20250430T011355Z-1-001\Data\data\2024-05,TRENT,4559.15,2024-05-31 05:30:00,4710.0,4498.9,2024-05,4665.0,3005008
C:\Users\v-dhramaraj\Desktop\Python\Projects\Assignment2_StockAnalysis\Data-20250430T011355Z-1-001\Data\data\2024-06,TRENT,4662.2,2024-06-03 05:30:00,4745.8,4604.5,2024-06,4745.8,450140
C:\Users\v-dhramaraj\Desktop\Python\Projects\Assignment2_StockAnalysis\Data-20250430T011355Z-1-001\Data\data\2024-06,TRENT,4538.15,2024-06-04 05:30:00,4685.0,4196.0,2024-06,4685.0,1175204
C:\Users\v-dhramaraj\Desktop\Python\Projects\Assignment2_StockAnalysis\Data-20250430T011355Z-1-001\Data\data\2024-06,TRENT,4903.8,2024-06-05 05:30:00,4932.05,4524.25,2024-06,4684.0,1231971
C:\Users\v-dhramaraj\Desktop\Python\Projects\Assignment2_StockAnalysis\Data-20250430T011355Z-1-001\Data\data\2024-06,TRENT,4878.45,2024-06-06 05:30:00,4928.6,4821.05,2024-06,4910.05,512601
C:\Users\v-dhramaraj\Desktop\Python\Projects\Assignment2_StockAnalysis\Data-20250430T011355Z-1-001\Data\data\2024-06,TRENT,4964.6,2024-06-07 05:30:00,5010.4,4841.0,2024-06,4878.45,488611
C:\Users\v-dhramaraj\Desktop\Python\Projects\Assignment2_StockAnalysis\Data-20250430T011355Z-1-001\Data\data\2024-06,TRENT,4969.45,2024-06-10 05:30:00,5047.35,4920.0,2024-06,5025.0,417996
C:\Users\v-dhramaraj\Desktop\Python\Projects\Assignment2_StockAnalysis\Data-20250430T011355Z-1-001\Data\data\2024-06,TRENT,4906.6,2024-06-11 05:30:00,5010.0,4884.7,2024-06,5009.0,512441
C:\Users\v-dhramaraj\Desktop\Python\Projects\Assignment2_StockAnalysis\Data-20250430T011355Z-1-001\Data\data\2024-06,TRENT,5028.05,2024-06-12 05:30:00,5089.35,4909.05,2024-06,4945.0,954491
C:\Users\v-dhramaraj\Desktop\Python\Projects\Assignment2_StockAnalysis\Data-20250430T011355Z-1-001\Data\data\2024-06,TRENT,5023.85,2024-06-13 05:30:00,5188.0,4972.05,2024-06,5188.0,932377
C:\Users\v-dhramaraj\Desktop\Python\Projects\Assignment2_StockAnalysis\Data-20250430T011355Z-1-001\Data\data\2024-06,TRENT,5245.55,2024-06-14 05:30:00,5294.0,5040.0,2024-06,5050.05,1424125
C:\Users\v-dhramaraj\Desktop\Python\Projects\Assignment2_StockAnalysis\Data-20250430T011355Z-1-001\Data\data\2024-06,TRENT,5357.6,2024-06-18 05:30:00,5452.0,5205.0,2024-06,5299.0,1247457
C:\Users\v-dhramaraj\Desktop\Python\Projects\Assignment2_StockAnalysis\Data-20250430T011355Z-1-001\Data\data\2024-06,TRENT,5356.8,2024-06-19 05:30:00,5402.0,5288.4,2024-06,5374.95,707909
C:\Users\v-dhramaraj\Desktop\Python\Projects\Assignment2_StockAnalysis\Data-20250430T011355Z-1-001\Data\data\2024-06,TRENT,5337.15,2024-06-20 05:30:00,5422.0,5305.05,2024-06,5374.9,516737
C:\Users\v-dhramaraj\Desktop\Python\Projects\Assignment2_StockAnalysis\Data-20250430T011355Z-1-001\Data\data\2024-06,TRENT,5266.35,2024-06-21 05:30:00,5353.85,5200.0,2024-06,5337.15,638917
C:\Users\v-dhramaraj\Desktop\Python\Projects\Assignment2_StockAnalysis\Data-20250430T011355Z-1-001\Data\data\2024-06,TRENT,5395.75,2024-06-24 05:30:00,5440.0,5200.0,2024-06,5266.35,543826
C:\Users\v-dhramaraj\Desktop\Python\Projects\Assignment2_StockAnalysis\Data-20250430T011355Z-1-001\Data\data\2024-06,TRENT,5338.8,2024-06-25 05:30:00,5459.0,5304.05,2024-06,5440.5,559045
C:\Users\v-dhramaraj\Desktop\Python\Projects\Assignment2_StockAnalysis\Data-20250430T011355Z-1-001\Data\data\2024-06,TRENT,5363.8,2024-06-26 05:30:00,5395.0,5260.0,2024-06,5345.0,578724
C:\Users\v-dhramaraj\Desktop\Python\Projects\Assignment2_StockAnalysis\Data-20250430T011355Z-1-001\Data\data\2024-06,TRENT,5329.0,2024-06-27 05:30:00,5387.0,5303.75,2024-06,5360.0,900729
C:\Users\v-dhramaraj\Desktop\Python\Projects\Assignment2_StockAnalysis\Data-20250430T011355Z-1-001\Data\data\2024-06,TRENT,5479.85,2024-06-28 05:30:00,5509.0,5358.55,2024-06,5360.0,970080
C:\Users\v-dhramaraj\Desktop\Python\Projects\Assignment2_StockAnalysis\Data-20250430T011355Z-1-001\Data\data\2024-07,TRENT,5515.65,2024-07-01 05:30:00,5555.0,5380.0,2024-07,5500.0,544030
C:\Users\v-dhramaraj\Desktop\Python\Projects\Assignment2_StockAnalysis\Data-20250430T011355Z-1-001\Data\data\2024-07,TRENT,5535.9,2024-07-02 05:30:00,5568.55,5460.0,2024-07,5515.0,428098
C:\Users\v-dhramaraj\Desktop\Python\Projects\Assignment2_StockAnalysis\Data-20250430T011355Z-1-001\Data\data\2024-07,TRENT,5494.1,2024-07-03 05:30:00,5577.75,5460.05,2024-07,5560.0,355297
C:\Users\v-dhramaraj\Desktop\Python\Projects\Assignment2_StockAnalysis\Data-20250430T011355Z-1-001\Data\data\2024-07,TRENT,5597.45,2024-07-04 05:30:00,5620.0,5493.75,2024-07,5548.0,440575
C:\Users\v-dhramaraj\Desktop\Python\Projects\Assignment2_StockAnalysis\Data-20250430T011355Z-1-001\Data\data\2024-07,TRENT,5619.9,2024-07-05 05:30:00,5644.45,5535.0,2024-07,5560.0,362427
C:\Users\v-dhramaraj\Desktop\Python\Projects\Assignment2_StockAnalysis\Data-20250430T011355Z-1-001\Data\data\2024-07,TRENT,5594.25,2024-07-08 05:30:00,5665.0,5572.0,2024-07,5661.2,273130
C:\Users\v-dhramaraj\Desktop\Python\Projects\Assignment2_StockAnalysis\Data-20250430T011355Z-1-001\Data\data\2024-07,TRENT,5592.85,2024-07-09 05:30:00,5634.6,5550.0,2024-07,5607.2,313079
C:\Users\v-dhramaraj\Desktop\Python\Projects\Assignment2_StockAnalysis\Data-20250430T011355Z-1-001\Data\data\2024-07,TRENT,5568.0,2024-07-10 05:30:00,5626.45,5470.05,2024-07,5610.0,425869
C:\Users\v-dhramaraj\Desktop\Python\Projects\Assignment2_StockAnalysis\Data-20250430T011355Z-1-001\Data\data\2024-07,TRENT,5635.25,2024-07-11 05:30:00,5663.0,5545.0,2024-07,5545.0,578262
C:\Users\v-dhramaraj\Desktop\Python\Projects\Assignment2_StockAnalysis\Data-20250430T011355Z-1-001\Data\data\2024-07,TRENT,5651.25,2024-07-12 05:30:00,5696.0,5611.1,2024-07,5664.9,476682
C:\Users\v-dhramaraj\Desktop\Python\Projects\Assignment2_StockAnalysis\Data-20250430T011355Z-1-001\Data\data\2024-07,TRENT,5675.55,2024-07-15 05:30:00,5754.95,5645.75,2024-07,5690.0,498397
C:\Users\v-dhramaraj\Desktop\Python\Projects\Assignment2_StockAnalysis\Data-20250430T011355Z-1-001\Data\data\2024-07,TRENT,5647.3,2024-07-16 05:30:00,5725.45,5627.35,2024-07,5699.95,641858
C:\Users\v-dhramaraj\Desktop\Python\Projects\Assignment2_StockAnalysis\Data-20250430T011355Z-1-001\Data\data\2024-07,TRENT,5308.5,2024-07-18 05:30:00,5660.25,5282.95,2024-07,5649.9,1342486
C:\Users\v-dhramaraj\Desktop\Python\Projects\Assignment2_StockAnalysis\Data-20250430T011355Z-1-001\Data\data\2024-07,TRENT,5166.35,2024-07-19 05:30:00,5308.5,5106.05,2024-07,5308.5,879290
C:\Users\v-dhramaraj\Desktop\Python\Projects\Assignment2_StockAnalysis\Data-20250430T011355Z-1-001\Data\data\2024-07,TRENT,5210.2,2024-07-22 05:30:00,5238.95,5083.55,2024-07,5110.0,631260
C:\Users\v-dhramaraj\Desktop\Python\Projects\Assignment2_StockAnalysis\Data-20250430T011355Z-1-001\Data\data\2024-07,TRENT,5263.8,2024-07-23 05:30:00,5310.25,4955.65,2024-07,5210.2,763626
C:\Users\v-dhramaraj\Desktop\Python\Projects\Assignment2_StockAnalysis\Data-20250430T011355Z-1-001\Data\data\2024-07,TRENT,5286.85,2024-07-24 05:30:00,5380.0,5263.1,2024-07,5285.0,711861
C:\Users\v-dhramaraj\Desktop\Python\Projects\Assignment2_StockAnalysis\Data-20250430T011355Z-1-001\Data\data\2024-07,TRENT,5309.95,2024-07-25 05:30:00,5335.45,5226.0,2024-07,5274.9,302964
C:\Users\v-dhramaraj\Desktop\Python\Projects\Assignment2_StockAnalysis\Data-20250430T011355Z-1-001\Data\data\2024-07,TRENT,5393.35,2024-07-26 05:30:00,5411.55,5325.0,2024-07,5360.0,336310
C:\Users\v-dhramaraj\Desktop\Python\Projects\Assignment2_StockAnalysis\Data-20250430T011355Z-1-001\Data\data\2024-07,TRENT,5517.4,2024-07-29 05:30:00,5549.95,5365.0,2024-07,5414.95,533654
C:\Users\v-dhramaraj\Desktop\Python\Projects\Assignment2_StockAnalysis\Data-20250430T011355Z-1-001\Data\data\2024-07,TRENT,5620.5,2024-07-30 05:30:00,5660.0,5520.0,2024-07,5550.0,789712
C:\Users\v-dhramaraj\Desktop\Python\Projects\Assignment2_StockAnalysis\Data-20250430T011355Z-1-001\Data\data\2024-07,TRENT,5839.0,2024-07-31 05:30:00,5919.3,5625.05,2024-07,5625.05,1671711
C:\Users\v-dhramaraj\Desktop\Python\Projects\Assignment2_StockAnalysis\Data-20250430T011355Z-1-001\Data\data\2024-08,TRENT,5770.8,2024-08-01 05:30:00,5894.0,5722.95,2024-08,5894.0,767562
C:\Users\v-dhramaraj\Desktop\Python\Projects\Assignment2_StockAnalysis\Data-20250430T011355Z-1-001\Data\data\2024-08,TRENT,5538.25,2024-08-02 05:30:00,5805.85,5524.0,2024-08,5725.0,560989
C:\Users\v-dhramaraj\Desktop\Python\Projects\Assignment2_StockAnalysis\Data-20250430T011355Z-1-001\Data\data\2024-08,TRENT,5346.9,2024-08-05 05:30:00,5424.35,5226.05,2024-08,5360.0,1074769
C:\Users\v-dhramaraj\Desktop\Python\Projects\Assignment2_StockAnalysis\Data-20250430T011355Z-1-001\Data\data\2024-08,TRENT,5220.7,2024-08-06 05:30:00,5467.7,5194.55,2024-08,5355.1,642644
C:\Users\v-dhramaraj\Desktop\Python\Projects\Assignment2_StockAnalysis\Data-20250430T011355Z-1-001\Data\data\2024-08,TRENT,5472.45,2024-08-07 05:30:00,5499.8,5274.6,2024-08,5289.0,717292
C:\Users\v-dhramaraj\Desktop\Python\Projects\Assignment2_StockAnalysis\Data-20250430T011355Z-1-001\Data\data\2024-08,TRENT,5644.1,2024-08-08 05:30:00,5727.4,5490.0,2024-08,5515.0,1183241
C:\Users\v-dhramaraj\Desktop\Python\Projects\Assignment2_StockAnalysis\Data-20250430T011355Z-1-001\Data\data\2024-08,TRENT,6275.35,2024-08-09 05:30:00,6373.85,5626.6,2024-08,5738.85,6877196
C:\Users\v-dhramaraj\Desktop\Python\Projects\Assignment2_StockAnalysis\Data-20250430T011355Z-1-001\Data\data\2024-08,TRENT,6382.35,2024-08-12 05:30:00,6434.0,6277.0,2024-08,6302.95,1889796
C:\Users\v-dhramaraj\Desktop\Python\Projects\Assignment2_StockAnalysis\Data-20250430T011355Z-1-001\Data\data\2024-08,TRENT,6381.7,2024-08-13 05:30:00,6443.0,6330.0,2024-08,6375.0,651594
C:\Users\v-dhramaraj\Desktop\Python\Projects\Assignment2_StockAnalysis\Data-20250430T011355Z-1-001\Data\data\2024-08,TRENT,6438.35,2024-08-14 05:30:00,6452.0,6291.1,2024-08,6400.0,885572
C:\Users\v-dhramaraj\Desktop\Python\Projects\Assignment2_StockAnalysis\Data-20250430T011355Z-1-001\Data\data\2024-08,TRENT,6502.4,2024-08-16 05:30:00,6548.0,6440.0,2024-08,6440.0,1153478
C:\Users\v-dhramaraj\Desktop\Python\Projects\Assignment2_StockAnalysis\Data-20250430T011355Z-1-001\Data\data\2024-08,TRENT,6689.9,2024-08-19 05:30:00,6750.0,6522.3,2024-08,6575.0,1827850
C:\Users\v-dhramaraj\Desktop\Python\Projects\Assignment2_StockAnalysis\Data-20250430T011355Z-1-001\Data\data\2024-08,TRENT,6793.9,2024-08-20 05:30:00,6819.7,6605.05,2024-08,6710.0,1143592
C:\Users\v-dhramaraj\Desktop\Python\Projects\Assignment2_StockAnalysis\Data-20250430T011355Z-1-001\Data\data\2024-08,TRENT,6783.2,2024-08-21 05:30:00,6825.0,6740.0,2024-08,6800.0,651691
C:\Users\v-dhramaraj\Desktop\Python\Projects\Assignment2_StockAnalysis\Data-20250430T011355Z-1-001\Data\data\2024-08,TRENT,6989.8,2024-08-22 05:30:00,7010.05,6790.0,2024-08,6825.0,771279
C:\Users\v-dhramaraj\Desktop\Python\Projects\Assignment2_StockAnalysis\Data-20250430T011355Z-1-001\Data\data\2024-08,TRENT,6948.75,2024-08-23 05:30:00,7030.0,6911.75,2024-08,7020.0,625160
C:\Users\v-dhramaraj\Desktop\Python\Projects\Assignment2_StockAnalysis\Data-20250430T011355Z-1-001\Data\data\2024-08,TRENT,6925.6,2024-08-26 05:30:00,7097.95,6907.9,2024-08,7000.0,754901
C:\Users\v-dhramaraj\Desktop\Python\Projects\Assignment2_StockAnalysis\Data-20250430T011355Z-1-001\Data\data\2024-08,TRENT,6869.9,2024-08-27 05:30:00,6973.0,6779.25,2024-08,6969.95,578002
C:\Users\v-dhramaraj\Desktop\Python\Projects\Assignment2_StockAnalysis\Data-20250430T011355Z-1-001\Data\data\2024-08,TRENT,7242.1,2024-08-28 05:30:00,7325.0,6950.25,2024-08,6990.0,2358476
C:\Users\v-dhramaraj\Desktop\Python\Projects\Assignment2_StockAnalysis\Data-20250430T011355Z-1-001\Data\data\2024-08,TRENT,7170.65,2024-08-29 05:30:00,7291.95,7092.95,2024-08,7269.95,836313
C:\Users\v-dhramaraj\Desktop\Python\Projects\Assignment2_StockAnalysis\Data-20250430T011355Z-1-001\Data\data\2024-08,TRENT,7158.75,2024-08-30 05:30:00,7274.75,7130.05,2024-08,7210.0,1169809
C:\Users\v-dhramaraj\Desktop\Python\Projects\Assignment2_StockAnalysis\Data-20250430T011355Z-1-001\Data\data\2024-09,TRENT,7148.2,2024-09-02 05:30:00,7267.75,7111.35,2024-09,7179.25,625283
C:\Users\v-dhramaraj\Desktop\Python\Projects\Assignment2_StockAnalysis\Data-20250430T011355Z-1-001\Data\data\2024-09,TRENT,7042.8,2024-09-03 05:30:00,7180.0,6995.0,2024-09,7179.0,857908
C:\Users\v-dhramaraj\Desktop\Python\Projects\Assignment2_StockAnalysis\Data-20250430T011355Z-1-001\Data\data\2024-09,TRENT,7139.9,2024-09-04 05:30:00,7168.95,6950.05,2024-09,7043.0,576206
C:\Users\v-dhramaraj\Desktop\Python\Projects\Assignment2_StockAnalysis\Data-20250430T011355Z-1-001\Data\data\2024-09,TRENT,7167.65,2024-09-05 05:30:00,7209.0,7090.25,2024-09,7169.9,667571
C:\Users\v-dhramaraj\Desktop\Python\Projects\Assignment2_StockAnalysis\Data-20250430T011355Z-1-001\Data\data\2024-09,TRENT,7103.55,2024-09-06 05:30:00,7189.95,7060.0,2024-09,7184.9,384793
C:\Users\v-dhramaraj\Desktop\Python\Projects\Assignment2_StockAnalysis\Data-20250430T011355Z-1-001\Data\data\2024-09,TRENT,7136.65,2024-09-09 05:30:00,7155.7,7048.05,2024-09,7104.0,349967
C:\Users\v-dhramaraj\Desktop\Python\Projects\Assignment2_StockAnalysis\Data-20250430T011355Z-1-001\Data\data\2024-09,TRENT,7137.95,2024-09-10 05:30:00,7200.0,7095.5,2024-09,7156.0,376043
C:\Users\v-dhramaraj\Desktop\Python\Projects\Assignment2_StockAnalysis\Data-20250430T011355Z-1-001\Data\data\2024-09,TRENT,7148.85,2024-09-11 05:30:00,7219.65,7107.7,2024-09,7160.95,428437
C:\Users\v-dhramaraj\Desktop\Python\Projects\Assignment2_StockAnalysis\Data-20250430T011355Z-1-001\Data\data\2024-09,TRENT,7210.5,2024-09-12 05:30:00,7309.0,7142.85,2024-09,7198.0,572357
C:\Users\v-dhramaraj\Desktop\Python\Projects\Assignment2_StockAnalysis\Data-20250430T011355Z-1-001\Data\data\2024-09,TRENT,7233.15,2024-09-13 05:30:00,7281.1,7200.05,2024-09,7248.5,468707
C:\Users\v-dhramaraj\Desktop\Python\Projects\Assignment2_StockAnalysis\Data-20250430T011355Z-1-001\Data\data\2024-09,TRENT,7318.8,2024-09-16 05:30:00,7384.95,7211.0,2024-09,7270.0,502100
C:\Users\v-dhramaraj\Desktop\Python\Projects\Assignment2_StockAnalysis\Data-20250430T011355Z-1-001\Data\data\2024-09,TRENT,7403.45,2024-09-17 05:30:00,7508.8,7325.0,2024-09,7415.0,753643
C:\Users\v-dhramaraj\Desktop\Python\Projects\Assignment2_StockAnalysis\Data-20250430T011355Z-1-001\Data\data\2024-09,TRENT,7336.0,2024-09-18 05:30:00,7453.0,7245.85,2024-09,7435.0,388287
C:\Users\v-dhramaraj\Desktop\Python\Projects\Assignment2_StockAnalysis\Data-20250430T011355Z-1-001\Data\data\2024-09,TRENT,7326.15,2024-09-19 05:30:00,7456.0,7183.55,2024-09,7456.0,395523
C:\Users\v-dhramaraj\Desktop\Python\Projects\Assignment2_StockAnalysis\Data-20250430T011355Z-1-001\Data\data\2024-09,TRENT,7465.15,2024-09-20 05:30:00,7508.0,7281.85,2024-09,7350.0,798170
C:\Users\v-dhramaraj\Desktop\Python\Projects\Assignment2_StockAnalysis\Data-20250430T011355Z-1-001\Data\data\2024-09,TRENT,7623.45,2024-09-23 05:30:00,7645.0,7464.15,2024-09,7520.95,510496
C:\Users\v-dhramaraj\Desktop\Python\Projects\Assignment2_StockAnalysis\Data-20250430T011355Z-1-001\Data\data\2024-09,TRENT,7621.35,2024-09-24 05:30:00,7682.0,7580.6,2024-09,7639.95,613798
C:\Users\v-dhramaraj\Desktop\Python\Projects\Assignment2_StockAnalysis\Data-20250430T011355Z-1-001\Data\data\2024-09,TRENT,7614.9,2024-09-25 05:30:00,7742.0,7569.55,2024-09,7618.25,576171
C:\Users\v-dhramaraj\Desktop\Python\Projects\Assignment2_StockAnalysis\Data-20250430T011355Z-1-001\Data\data\2024-09,TRENT,7845.4,2024-09-26 05:30:00,7939.9,7710.55,2024-09,7724.9,1712253
C:\Users\v-dhramaraj\Desktop\Python\Projects\Assignment2_StockAnalysis\Data-20250430T011355Z-1-001\Data\data\2024-09,TRENT,7833.7,2024-09-27 05:30:00,7937.95,7736.4,2024-09,7899.95,11179751
C:\Users\v-dhramaraj\Desktop\Python\Projects\Assignment2_StockAnalysis\Data-20250430T011355Z-1-001\Data\data\2024-09,TRENT,7574.65,2024-09-30 05:30:00,7833.95,7483.75,2024-09,7814.75,1117618
C:\Users\v-dhramaraj\Desktop\Python\Projects\Assignment2_StockAnalysis\Data-20250430T011355Z-1-001\Data\data\2024-10,TRENT,7612.7,2024-10-01 05:30:00,7647.45,7522.25,2024-10,7600.0,559721
C:\Users\v-dhramaraj\Desktop\Python\Projects\Assignment2_StockAnalysis\Data-20250430T011355Z-1-001\Data\data\2024-10,TRENT,7487.9,2024-10-03 05:30:00,7654.5,7451.0,2024-10,7569.5,741293
C:\Users\v-dhramaraj\Desktop\Python\Projects\Assignment2_StockAnalysis\Data-20250430T011355Z-1-001\Data\data\2024-10,TRENT,7353.3,2024-10-04 05:30:00,7455.95,7272.0,2024-10,7441.0,938897
C:\Users\v-dhramaraj\Desktop\Python\Projects\Assignment2_StockAnalysis\Data-20250430T011355Z-1-001\Data\data\2024-10,TRENT,7449.5,2024-10-07 05:30:00,7503.9,7284.0,2024-10,7307.2,854385
C:\Users\v-dhramaraj\Desktop\Python\Projects\Assignment2_StockAnalysis\Data-20250430T011355Z-1-001\Data\data\2024-10,TRENT,8041.95,2024-10-08 05:30:00,8073.4,7451.0,2024-10,7520.0,2278240
C:\Users\v-dhramaraj\Desktop\Python\Projects\Assignment2_StockAnalysis\Data-20250430T011355Z-1-001\Data\data\2024-10,TRENT,8220.85,2024-10-09 05:30:00,8322.2,8035.0,2024-10,8089.0,1260784
C:\Users\v-dhramaraj\Desktop\Python\Projects\Assignment2_StockAnalysis\Data-20250430T011355Z-1-001\Data\data\2024-10,TRENT,8028.85,2024-10-10 05:30:00,8270.95,8012.0,2024-10,8200.0,606292
C:\Users\v-dhramaraj\Desktop\Python\Projects\Assignment2_StockAnalysis\Data-20250430T011355Z-1-001\Data\data\2024-10,TRENT,8234.95,2024-10-11 05:30:00,8308.8,7950.0,2024-10,8069.0,800644
C:\Users\v-dhramaraj\Desktop\Python\Projects\Assignment2_StockAnalysis\Data-20250430T011355Z-1-001\Data\data\2024-10,TRENT,8191.85,2024-10-14 05:30:00,8345.0,8163.7,2024-10,8280.05,417498
C:\Users\v-dhramaraj\Desktop\Python\Projects\Assignment2_StockAnalysis\Data-20250430T011355Z-1-001\Data\data\2024-10,TRENT,8124.25,2024-10-15 05:30:00,8260.0,8090.0,2024-10,8224.0,460534
C:\Users\v-dhramaraj\Desktop\Python\Projects\Assignment2_StockAnalysis\Data-20250430T011355Z-1-001\Data\data\2024-10,TRENT,7805.8,2024-10-16 05:30:00,8133.1,7766.5,2024-10,8110.0,900545
C:\Users\v-dhramaraj\Desktop\Python\Projects\Assignment2_StockAnalysis\Data-20250430T011355Z-1-001\Data\data\2024-10,TRENT,7719.65,2024-10-17 05:30:00,7880.05,7620.2,2024-10,7780.3,997450
C:\Users\v-dhramaraj\Desktop\Python\Projects\Assignment2_StockAnalysis\Data-20250430T011355Z-1-001\Data\data\2024-10,TRENT,7768.05,2024-10-18 05:30:00,7800.0,7630.1,2024-10,7720.0,571161
C:\Users\v-dhramaraj\Desktop\Python\Projects\Assignment2_StockAnalysis\Data-20250430T011355Z-1-001\Data\data\2024-10,TRENT,7606.55,2024-10-21 05:30:00,7850.0,7552.5,2024-10,7820.0,662166
C:\Users\v-dhramaraj\Desktop\Python\Projects\Assignment2_StockAnalysis\Data-20250430T011355Z-1-001\Data\data\2024-10,TRENT,7497.35,2024-10-22 05:30:00,7666.5,7469.4,2024-10,7634.95,610564
C:\Users\v-dhramaraj\Desktop\Python\Projects\Assignment2_StockAnalysis\Data-20250430T011355Z-1-001\Data\data\2024-10,TRENT,7511.3,2024-10-23 05:30:00,7585.0,7450.0,2024-10,7468.0,505590
C:\Users\v-dhramaraj\Desktop\Python\Projects\Assignment2_StockAnalysis\Data-20250430T011355Z-1-001\Data\data\2024-10,TRENT,7488.0,2024-10-24 05:30:00,7640.4,7386.75,2024-10,7569.2,448738
C:\Users\v-dhramaraj\Desktop\Python\Projects\Assignment2_StockAnalysis\Data-20250430T011355Z-1-001\Data\data\2024-10,TRENT,7361.45,2024-10-25 05:30:00,7511.2,7064.05,2024-10,7450.0,590268
C:\Users\v-dhramaraj\Desktop\Python\Projects\Assignment2_StockAnalysis\Data-20250430T011355Z-1-001\Data\data\2024-10,TRENT,7307.85,2024-10-28 05:30:00,7429.0,7222.15,2024-10,7362.25,419026
C:\Users\v-dhramaraj\Desktop\Python\Projects\Assignment2_StockAnalysis\Data-20250430T011355Z-1-001\Data\data\2024-10,TRENT,7410.3,2024-10-29 05:30:00,7446.1,7164.45,2024-10,7313.3,359440
C:\Users\v-dhramaraj\Desktop\Python\Projects\Assignment2_StockAnalysis\Data-20250430T011355Z-1-001\Data\data\2024-10,TRENT,7252.45,2024-10-30 05:30:00,7428.8,7215.0,2024-10,7420.0,481764
C:\Users\v-dhramaraj\Desktop\Python\Projects\Assignment2_StockAnalysis\Data-20250430T011355Z-1-001\Data\data\2024-10,TRENT,7128.35,2024-10-31 05:30:00,7273.85,7071.0,2024-10,7259.0,742508
C:\Users\v-dhramaraj\Desktop\Python\Projects\Assignment2_StockAnalysis\Data-20250430T011355Z-1-001\Data\data\2024-11,TRENT,7149.0,2024-11-01 05:30:00,7214.9,7125.0,2024-11,7153.95,76497
C:\Users\v-dhramaraj\Desktop\Python\Projects\Assignment2_StockAnalysis\Data-20250430T011355Z-1-001\Data\data\2024-11,TRENT,7063.75,2024-11-04 05:30:00,7150.3,6950.0,2024-11,7109.0,681708
C:\Users\v-dhramaraj\Desktop\Python\Projects\Assignment2_StockAnalysis\Data-20250430T011355Z-1-001\Data\data\2024-11,TRENT,6968.35,2024-11-05 05:30:00,7078.5,6794.05,2024-11,7006.0,1026360
C:\Users\v-dhramaraj\Desktop\Python\Projects\Assignment2_StockAnalysis\Data-20250430T011355Z-1-001\Data\data\2024-11,TRENT,6955.45,2024-11-06 05:30:00,7236.0,6801.1,2024-11,7024.0,1142746
C:\Users\v-dhramaraj\Desktop\Python\Projects\Assignment2_StockAnalysis\Data-20250430T011355Z-1-001\Data\data\2024-11,TRENT,6505.5,2024-11-07 05:30:00,7015.25,6306.85,2024-11,6999.0,4427899
C:\Users\v-dhramaraj\Desktop\Python\Projects\Assignment2_StockAnalysis\Data-20250430T011355Z-1-001\Data\data\2024-11,TRENT,6298.95,2024-11-08 05:30:00,6563.15,6270.0,2024-11,6550.0,2523322
C:\Users\v-dhramaraj\Desktop\Python\Projects\Assignment2_StockAnalysis\Data-20250430T011355Z-1-001\Data\data\2024-11,TRENT,6480.7,2024-11-11 05:30:00,6620.0,6212.05,2024-11,6230.35,2339199
C:\Users\v-dhramaraj\Desktop\Python\Projects\Assignment2_StockAnalysis\Data-20250430T011355Z-1-001\Data\data\2024-11,TRENT,6528.55,2024-11-12 05:30:00,6717.9,6500.0,2024-11,6520.0,1258152
C:\Users\v-dhramaraj\Desktop\Python\Projects\Assignment2_StockAnalysis\Data-20250430T011355Z-1-001\Data\data\2024-11,TRENT,6498.25,2024-11-13 05:30:00,6619.7,6412.45,2024-11,6499.0,758642
C:\Users\v-dhramaraj\Desktop\Python\Projects\Assignment2_StockAnalysis\Data-20250430T011355Z-1-001\Data\data\2024-11,TRENT,6463.0,2024-11-14 05:30:00,6550.3,6367.05,2024-11,6496.0,620489
C:\Users\v-dhramaraj\Desktop\Python\Projects\Assignment2_StockAnalysis\Data-20250430T011355Z-1-001\Data\data\2024-11,TRENT,6301.65,2024-11-18 05:30:00,6453.0,6275.0,2024-11,6411.6,828906
C:\Users\v-dhramaraj\Desktop\Python\Projects\Assignment2_StockAnalysis\Data-20250430T011355Z-1-001\Data\data\2024-11,TRENT,6423.85,2024-11-19 05:30:00,6579.9,6359.8,2024-11,6359.85,674042
C:\Users\v-dhramaraj\Desktop\Python\Projects\Assignment2_StockAnalysis\Data-20250430T011355Z-1-001\Data\data\2024-11,TRENT,6460.45,2024-11-21 05:30:00,6519.0,6346.2,2024-11,6400.0,1511541
C:\Users\v-dhramaraj\Desktop\Python\Projects\Assignment2_StockAnalysis\Data-20250430T011355Z-1-001\Data\data\2024-11,TRENT,6652.8,2024-11-22 05:30:00,6678.0,6430.0,2024-11,6459.9,833104
