Source Folder,Ticker,close,date,high,low,month,open,volume
C:\Users\v-dhramaraj\Desktop\Python\Projects\Assignment2_StockAnalysis\Data-20250430T011355Z-1-001\Data\data\2023-10,ULTRACEMCO,8304.9,2023-10-03 05:30:00,8377.0,8221.2,2023-10,8289.0,454402
C:\Users\v-dhramaraj\Desktop\Python\Projects\Assignment2_StockAnalysis\Data-20250430T011355Z-1-001\Data\data\2023-10,ULTRACEMCO,8120.85,2023-10-04 05:30:00,8292.55,8045.05,2023-10,8292.55,884369
C:\Users\v-dhramaraj\Desktop\Python\Projects\Assignment2_StockAnalysis\Data-20250430T011355Z-1-001\Data\data\2023-10,ULTRACEMCO,8177.45,2023-10-05 05:30:00,8208.8,8125.0,2023-10,8177.0,310506
C:\Users\v-dhramaraj\Desktop\Python\Projects\Assignment2_StockAnalysis\Data-20250430T011355Z-1-001\Data\data\2023-10,ULTRACEMCO,8195.45,2023-10-06 05:30:00,8239.65,8151.25,2023-10,8198.0,158491
C:\Users\v-dhramaraj\Desktop\Python\Projects\Assignment2_StockAnalysis\Data-20250430T011355Z-1-001\Data\data\2023-10,ULTRACEMCO,8110.1,2023-10-09 05:30:00,8199.85,8087.2,2023-10,8170.05,152525
C:\Users\v-dhramaraj\Desktop\Python\Projects\Assignment2_StockAnalysis\Data-20250430T011355Z-1-001\Data\data\2023-10,ULTRACEMCO,8158.3,2023-10-10 05:30:00,8186.35,8105.0,2023-10,8147.8,187020
C:\Users\v-dhramaraj\Desktop\Python\Projects\Assignment2_StockAnalysis\Data-20250430T011355Z-1-001\Data\data\2023-10,ULTRACEMCO,8343.0,2023-10-11 05:30:00,8390.0,8179.2,2023-10,8195.95,439622
C:\Users\v-dhramaraj\Desktop\Python\Projects\Assignment2_StockAnalysis\Data-20250430T011355Z-1-001\Data\data\2023-10,ULTRACEMCO,8351.75,2023-10-12 05:30:00,8385.0,8302.0,2023-10,8364.95,177704
C:\Users\v-dhramaraj\Desktop\Python\Projects\Assignment2_StockAnalysis\Data-20250430T011355Z-1-001\Data\data\2023-10,ULTRACEMCO,8369.0,2023-10-13 05:30:00,8417.0,8307.0,2023-10,8316.5,285076
C:\Users\v-dhramaraj\Desktop\Python\Projects\Assignment2_StockAnalysis\Data-20250430T011355Z-1-001\Data\data\2023-10,ULTRACEMCO,8292.2,2023-10-16 05:30:00,8455.0,8274.0,2023-10,8369.05,363990
C:\Users\v-dhramaraj\Desktop\Python\Projects\Assignment2_StockAnalysis\Data-20250430T011355Z-1-001\Data\data\2023-10,ULTRACEMCO,8301.4,2023-10-17 05:30:00,8332.0,8280.0,2023-10,8330.0,205234
C:\Users\v-dhramaraj\Desktop\Python\Projects\Assignment2_StockAnalysis\Data-20250430T011355Z-1-001\Data\data\2023-10,ULTRACEMCO,8278.3,2023-10-18 05:30:00,8349.85,8248.0,2023-10,8324.9,322136
C:\Users\v-dhramaraj\Desktop\Python\Projects\Assignment2_StockAnalysis\Data-20250430T011355Z-1-001\Data\data\2023-10,ULTRACEMCO,8518.55,2023-10-19 05:30:00,8538.0,8193.35,2023-10,8249.6,837498
C:\Users\v-dhramaraj\Desktop\Python\Projects\Assignment2_StockAnalysis\Data-20250430T011355Z-1-001\Data\data\2023-10,ULTRACEMCO,8461.05,2023-10-20 05:30:00,8648.35,8410.9,2023-10,8536.0,539291
C:\Users\v-dhramaraj\Desktop\Python\Projects\Assignment2_StockAnalysis\Data-20250430T011355Z-1-001\Data\data\2023-10,ULTRACEMCO,8325.25,2023-10-23 05:30:00,8523.6,8302.55,2023-10,8415.0,217546
C:\Users\v-dhramaraj\Desktop\Python\Projects\Assignment2_StockAnalysis\Data-20250430T011355Z-1-001\Data\data\2023-10,ULTRACEMCO,8256.35,2023-10-25 05:30:00,8398.5,8186.25,2023-10,8355.0,255678
C:\Users\v-dhramaraj\Desktop\Python\Projects\Assignment2_StockAnalysis\Data-20250430T011355Z-1-001\Data\data\2023-10,ULTRACEMCO,8205.3,2023-10-26 05:30:00,8236.0,8155.55,2023-10,8236.0,637430
C:\Users\v-dhramaraj\Desktop\Python\Projects\Assignment2_StockAnalysis\Data-20250430T011355Z-1-001\Data\data\2023-10,ULTRACEMCO,8210.15,2023-10-27 05:30:00,8270.0,8180.0,2023-10,8211.0,227682
C:\Users\v-dhramaraj\Desktop\Python\Projects\Assignment2_StockAnalysis\Data-20250430T011355Z-1-001\Data\data\2023-10,ULTRACEMCO,8401.6,2023-10-30 05:30:00,8416.3,8197.45,2023-10,8242.0,244073
C:\Users\v-dhramaraj\Desktop\Python\Projects\Assignment2_StockAnalysis\Data-20250430T011355Z-1-001\Data\data\2023-10,ULTRACEMCO,8422.25,2023-10-31 05:30:00,8452.1,8351.1,2023-10,8404.7,218908
C:\Users\v-dhramaraj\Desktop\Python\Projects\Assignment2_StockAnalysis\Data-20250430T011355Z-1-001\Data\data\2023-11,ULTRACEMCO,8381.45,2023-11-01 05:30:00,8445.0,8370.1,2023-11,8440.0,209234
C:\Users\v-dhramaraj\Desktop\Python\Projects\Assignment2_StockAnalysis\Data-20250430T011355Z-1-001\Data\data\2023-11,ULTRACEMCO,8459.0,2023-11-02 05:30:00,8473.2,8374.95,2023-11,8385.5,200590
C:\Users\v-dhramaraj\Desktop\Python\Projects\Assignment2_StockAnalysis\Data-20250430T011355Z-1-001\Data\data\2023-11,ULTRACEMCO,8522.6,2023-11-03 05:30:00,8530.0,8436.0,2023-11,8475.0,243686
C:\Users\v-dhramaraj\Desktop\Python\Projects\Assignment2_StockAnalysis\Data-20250430T011355Z-1-001\Data\data\2023-11,ULTRACEMCO,8640.95,2023-11-06 05:30:00,8650.0,8521.2,2023-11,8539.0,194715
C:\Users\v-dhramaraj\Desktop\Python\Projects\Assignment2_StockAnalysis\Data-20250430T011355Z-1-001\Data\data\2023-11,ULTRACEMCO,8685.75,2023-11-07 05:30:00,8695.0,8582.55,2023-11,8640.95,206360
C:\Users\v-dhramaraj\Desktop\Python\Projects\Assignment2_StockAnalysis\Data-20250430T011355Z-1-001\Data\data\2023-11,ULTRACEMCO,8698.85,2023-11-08 05:30:00,8719.15,8652.85,2023-11,8689.0,132370
C:\Users\v-dhramaraj\Desktop\Python\Projects\Assignment2_StockAnalysis\Data-20250430T011355Z-1-001\Data\data\2023-11,ULTRACEMCO,8627.05,2023-11-09 05:30:00,8719.0,8617.75,2023-11,8685.0,128138
C:\Users\v-dhramaraj\Desktop\Python\Projects\Assignment2_StockAnalysis\Data-20250430T011355Z-1-001\Data\data\2023-11,ULTRACEMCO,8710.85,2023-11-10 05:30:00,8729.95,8588.6,2023-11,8591.05,149939
C:\Users\v-dhramaraj\Desktop\Python\Projects\Assignment2_StockAnalysis\Data-20250430T011355Z-1-001\Data\data\2023-11,ULTRACEMCO,8711.1,2023-11-12 05:30:00,8745.0,8678.35,2023-11,8730.0,13691
C:\Users\v-dhramaraj\Desktop\Python\Projects\Assignment2_StockAnalysis\Data-20250430T011355Z-1-001\Data\data\2023-11,ULTRACEMCO,8677.4,2023-11-13 05:30:00,8723.8,8660.0,2023-11,8711.1,64412
C:\Users\v-dhramaraj\Desktop\Python\Projects\Assignment2_StockAnalysis\Data-20250430T011355Z-1-001\Data\data\2023-11,ULTRACEMCO,8766.9,2023-11-15 05:30:00,8815.75,8695.25,2023-11,8709.0,192348
C:\Users\v-dhramaraj\Desktop\Python\Projects\Assignment2_StockAnalysis\Data-20250430T011355Z-1-001\Data\data\2023-11,ULTRACEMCO,8775.05,2023-11-16 05:30:00,8811.7,8700.0,2023-11,8789.6,233428
C:\Users\v-dhramaraj\Desktop\Python\Projects\Assignment2_StockAnalysis\Data-20250430T011355Z-1-001\Data\data\2023-11,ULTRACEMCO,8790.95,2023-11-17 05:30:00,8869.6,8771.65,2023-11,8785.0,151817
C:\Users\v-dhramaraj\Desktop\Python\Projects\Assignment2_StockAnalysis\Data-20250430T011355Z-1-001\Data\data\2023-11,ULTRACEMCO,8661.5,2023-11-20 05:30:00,8815.2,8651.1,2023-11,8800.0,174311
C:\Users\v-dhramaraj\Desktop\Python\Projects\Assignment2_StockAnalysis\Data-20250430T011355Z-1-001\Data\data\2023-11,ULTRACEMCO,8708.35,2023-11-21 05:30:00,8737.9,8664.8,2023-11,8664.8,183507
C:\Users\v-dhramaraj\Desktop\Python\Projects\Assignment2_StockAnalysis\Data-20250430T011355Z-1-001\Data\data\2023-11,ULTRACEMCO,8759.9,2023-11-22 05:30:00,8775.0,8612.25,2023-11,8734.0,325320
C:\Users\v-dhramaraj\Desktop\Python\Projects\Assignment2_StockAnalysis\Data-20250430T011355Z-1-001\Data\data\2023-11,ULTRACEMCO,8605.25,2023-11-23 05:30:00,8767.0,8590.0,2023-11,8750.0,344271
C:\Users\v-dhramaraj\Desktop\Python\Projects\Assignment2_StockAnalysis\Data-20250430T011355Z-1-001\Data\data\2023-11,ULTRACEMCO,8556.2,2023-11-24 05:30:00,8655.0,8545.05,2023-11,8638.0,197278
C:\Users\v-dhramaraj\Desktop\Python\Projects\Assignment2_StockAnalysis\Data-20250430T011355Z-1-001\Data\data\2023-11,ULTRACEMCO,8726.5,2023-11-28 05:30:00,8735.5,8588.25,2023-11,8638.0,343335
C:\Users\v-dhramaraj\Desktop\Python\Projects\Assignment2_StockAnalysis\Data-20250430T011355Z-1-001\Data\data\2023-11,ULTRACEMCO,8732.75,2023-11-29 05:30:00,8790.0,8692.0,2023-11,8759.9,207727
C:\Users\v-dhramaraj\Desktop\Python\Projects\Assignment2_StockAnalysis\Data-20250430T011355Z-1-001\Data\data\2023-11,ULTRACEMCO,9003.65,2023-11-30 05:30:00,9019.15,8763.45,2023-11,8776.55,1025481
C:\Users\v-dhramaraj\Desktop\Python\Projects\Assignment2_StockAnalysis\Data-20250430T011355Z-1-001\Data\data\2023-12,ULTRACEMCO,9033.85,2023-12-01 05:30:00,9163.4,8972.0,2023-12,9103.8,353015
C:\Users\v-dhramaraj\Desktop\Python\Projects\Assignment2_StockAnalysis\Data-20250430T011355Z-1-001\Data\data\2023-12,ULTRACEMCO,9317.75,2023-12-04 05:30:00,9340.8,9086.15,2023-12,9150.0,473570
C:\Users\v-dhramaraj\Desktop\Python\Projects\Assignment2_StockAnalysis\Data-20250430T011355Z-1-001\Data\data\2023-12,ULTRACEMCO,9329.75,2023-12-05 05:30:00,9400.0,9243.15,2023-12,9321.0,448461
C:\Users\v-dhramaraj\Desktop\Python\Projects\Assignment2_StockAnalysis\Data-20250430T011355Z-1-001\Data\data\2023-12,ULTRACEMCO,9213.0,2023-12-06 05:30:00,9347.95,9129.55,2023-12,9329.75,308912
C:\Users\v-dhramaraj\Desktop\Python\Projects\Assignment2_StockAnalysis\Data-20250430T011355Z-1-001\Data\data\2023-12,ULTRACEMCO,9354.55,2023-12-07 05:30:00,9381.0,9236.15,2023-12,9266.0,346830
C:\Users\v-dhramaraj\Desktop\Python\Projects\Assignment2_StockAnalysis\Data-20250430T011355Z-1-001\Data\data\2023-12,ULTRACEMCO,9413.55,2023-12-08 05:30:00,9431.65,9341.15,2023-12,9378.3,311761
C:\Users\v-dhramaraj\Desktop\Python\Projects\Assignment2_StockAnalysis\Data-20250430T011355Z-1-001\Data\data\2023-12,ULTRACEMCO,9670.9,2023-12-11 05:30:00,9730.0,9400.0,2023-12,9414.0,588082
C:\Users\v-dhramaraj\Desktop\Python\Projects\Assignment2_StockAnalysis\Data-20250430T011355Z-1-001\Data\data\2023-12,ULTRACEMCO,9863.5,2023-12-12 05:30:00,9961.15,9635.05,2023-12,9702.45,1060266
C:\Users\v-dhramaraj\Desktop\Python\Projects\Assignment2_StockAnalysis\Data-20250430T011355Z-1-001\Data\data\2023-12,ULTRACEMCO,9739.15,2023-12-13 05:30:00,10043.0,9676.8,2023-12,9899.95,1501931
C:\Users\v-dhramaraj\Desktop\Python\Projects\Assignment2_StockAnalysis\Data-20250430T011355Z-1-001\Data\data\2023-12,ULTRACEMCO,9963.3,2023-12-14 05:30:00,9990.0,9777.0,2023-12,9830.0,710415
C:\Users\v-dhramaraj\Desktop\Python\Projects\Assignment2_StockAnalysis\Data-20250430T011355Z-1-001\Data\data\2023-12,ULTRACEMCO,10029.5,2023-12-15 05:30:00,10059.5,9900.65,2023-12,10000.0,439516
C:\Users\v-dhramaraj\Desktop\Python\Projects\Assignment2_StockAnalysis\Data-20250430T011355Z-1-001\Data\data\2023-12,ULTRACEMCO,9970.35,2023-12-18 05:30:00,10028.0,9941.75,2023-12,10028.0,266562
C:\Users\v-dhramaraj\Desktop\Python\Projects\Assignment2_StockAnalysis\Data-20250430T011355Z-1-001\Data\data\2023-12,ULTRACEMCO,10017.1,2023-12-19 05:30:00,10050.0,9953.0,2023-12,9970.35,675166
C:\Users\v-dhramaraj\Desktop\Python\Projects\Assignment2_StockAnalysis\Data-20250430T011355Z-1-001\Data\data\2023-12,ULTRACEMCO,9887.45,2023-12-20 05:30:00,10128.0,9858.15,2023-12,10027.0,501448
C:\Users\v-dhramaraj\Desktop\Python\Projects\Assignment2_StockAnalysis\Data-20250430T011355Z-1-001\Data\data\2023-12,ULTRACEMCO,9954.45,2023-12-21 05:30:00,9985.0,9824.85,2023-12,9881.0,216730
C:\Users\v-dhramaraj\Desktop\Python\Projects\Assignment2_StockAnalysis\Data-20250430T011355Z-1-001\Data\data\2023-12,ULTRACEMCO,9969.0,2023-12-22 05:30:00,9999.0,9902.0,2023-12,9987.0,226940
C:\Users\v-dhramaraj\Desktop\Python\Projects\Assignment2_StockAnalysis\Data-20250430T011355Z-1-001\Data\data\2023-12,ULTRACEMCO,10018.7,2023-12-26 05:30:00,10054.8,9970.1,2023-12,9975.0,226114
C:\Users\v-dhramaraj\Desktop\Python\Projects\Assignment2_StockAnalysis\Data-20250430T011355Z-1-001\Data\data\2023-12,ULTRACEMCO,10436.1,2023-12-27 05:30:00,10470.0,10037.8,2023-12,10101.0,658122
C:\Users\v-dhramaraj\Desktop\Python\Projects\Assignment2_StockAnalysis\Data-20250430T011355Z-1-001\Data\data\2023-12,ULTRACEMCO,10426.3,2023-12-28 05:30:00,10499.0,10328.1,2023-12,10492.0,421406
C:\Users\v-dhramaraj\Desktop\Python\Projects\Assignment2_StockAnalysis\Data-20250430T011355Z-1-001\Data\data\2023-12,ULTRACEMCO,10503.0,2023-12-29 05:30:00,10526.0,10361.5,2023-12,10420.0,243089
C:\Users\v-dhramaraj\Desktop\Python\Projects\Assignment2_StockAnalysis\Data-20250430T011355Z-1-001\Data\data\2024-01,ULTRACEMCO,10464.0,2024-01-01 05:30:00,10520.0,10414.6,2024-01,10503.0,97677
C:\Users\v-dhramaraj\Desktop\Python\Projects\Assignment2_StockAnalysis\Data-20250430T011355Z-1-001\Data\data\2024-01,ULTRACEMCO,10204.7,2024-01-02 05:30:00,10489.9,10104.1,2024-01,10489.9,337528
C:\Users\v-dhramaraj\Desktop\Python\Projects\Assignment2_StockAnalysis\Data-20250430T011355Z-1-001\Data\data\2024-01,ULTRACEMCO,10111.5,2024-01-03 05:30:00,10245.0,10089.6,2024-01,10204.8,179575
C:\Users\v-dhramaraj\Desktop\Python\Projects\Assignment2_StockAnalysis\Data-20250430T011355Z-1-001\Data\data\2024-01,ULTRACEMCO,10014.8,2024-01-04 05:30:00,10164.5,10001.0,2024-01,10160.0,313755
C:\Users\v-dhramaraj\Desktop\Python\Projects\Assignment2_StockAnalysis\Data-20250430T011355Z-1-001\Data\data\2024-01,ULTRACEMCO,10016.0,2024-01-05 05:30:00,10100.0,9995.0,2024-01,10100.0,163191
C:\Users\v-dhramaraj\Desktop\Python\Projects\Assignment2_StockAnalysis\Data-20250430T011355Z-1-001\Data\data\2024-01,ULTRACEMCO,9934.5,2024-01-08 05:30:00,10080.0,9925.05,2024-01,10078.0,176843
C:\Users\v-dhramaraj\Desktop\Python\Projects\Assignment2_StockAnalysis\Data-20250430T011355Z-1-001\Data\data\2024-01,ULTRACEMCO,9899.1,2024-01-09 05:30:00,10017.0,9870.2,2024-01,9989.6,242925
C:\Users\v-dhramaraj\Desktop\Python\Projects\Assignment2_StockAnalysis\Data-20250430T011355Z-1-001\Data\data\2024-01,ULTRACEMCO,9776.2,2024-01-10 05:30:00,9906.75,9730.0,2024-01,9898.95,374333
C:\Users\v-dhramaraj\Desktop\Python\Projects\Assignment2_StockAnalysis\Data-20250430T011355Z-1-001\Data\data\2024-01,ULTRACEMCO,9920.45,2024-01-11 05:30:00,9944.95,9719.15,2024-01,9839.9,375210
C:\Users\v-dhramaraj\Desktop\Python\Projects\Assignment2_StockAnalysis\Data-20250430T011355Z-1-001\Data\data\2024-01,ULTRACEMCO,9808.45,2024-01-12 05:30:00,9979.95,9794.05,2024-01,9979.95,376816
C:\Users\v-dhramaraj\Desktop\Python\Projects\Assignment2_StockAnalysis\Data-20250430T011355Z-1-001\Data\data\2024-01,ULTRACEMCO,9954.55,2024-01-15 05:30:00,9996.8,9820.0,2024-01,9879.0,273931
C:\Users\v-dhramaraj\Desktop\Python\Projects\Assignment2_StockAnalysis\Data-20250430T011355Z-1-001\Data\data\2024-01,ULTRACEMCO,9969.6,2024-01-16 05:30:00,10046.8,9880.35,2024-01,9953.95,146779
C:\Users\v-dhramaraj\Desktop\Python\Projects\Assignment2_StockAnalysis\Data-20250430T011355Z-1-001\Data\data\2024-01,ULTRACEMCO,9854.65,2024-01-17 05:30:00,10046.1,9825.0,2024-01,9959.0,252817
C:\Users\v-dhramaraj\Desktop\Python\Projects\Assignment2_StockAnalysis\Data-20250430T011355Z-1-001\Data\data\2024-01,ULTRACEMCO,9892.25,2024-01-18 05:30:00,9933.05,9770.0,2024-01,9854.0,278338
C:\Users\v-dhramaraj\Desktop\Python\Projects\Assignment2_StockAnalysis\Data-20250430T011355Z-1-001\Data\data\2024-01,ULTRACEMCO,10093.7,2024-01-19 05:30:00,10128.7,9845.0,2024-01,9999.0,567616
C:\Users\v-dhramaraj\Desktop\Python\Projects\Assignment2_StockAnalysis\Data-20250430T011355Z-1-001\Data\data\2024-01,ULTRACEMCO,9997.4,2024-01-20 05:30:00,10200.0,9906.0,2024-01,10200.0,138261
C:\Users\v-dhramaraj\Desktop\Python\Projects\Assignment2_StockAnalysis\Data-20250430T011355Z-1-001\Data\data\2024-01,ULTRACEMCO,9831.0,2024-01-23 05:30:00,10085.0,9815.0,2024-01,10000.0,580285
C:\Users\v-dhramaraj\Desktop\Python\Projects\Assignment2_StockAnalysis\Data-20250430T011355Z-1-001\Data\data\2024-01,ULTRACEMCO,9990.5,2024-01-24 05:30:00,10032.6,9734.6,2024-01,9865.0,272419
C:\Users\v-dhramaraj\Desktop\Python\Projects\Assignment2_StockAnalysis\Data-20250430T011355Z-1-001\Data\data\2024-01,ULTRACEMCO,9969.35,2024-01-25 05:30:00,10048.2,9881.2,2024-01,9984.6,296269
C:\Users\v-dhramaraj\Desktop\Python\Projects\Assignment2_StockAnalysis\Data-20250430T011355Z-1-001\Data\data\2024-01,ULTRACEMCO,10274.0,2024-01-29 05:30:00,10300.0,9989.5,2024-01,10000.1,334463
C:\Users\v-dhramaraj\Desktop\Python\Projects\Assignment2_StockAnalysis\Data-20250430T011355Z-1-001\Data\data\2024-01,ULTRACEMCO,9963.6,2024-01-30 05:30:00,10320.0,9942.0,2024-01,10289.8,368827
C:\Users\v-dhramaraj\Desktop\Python\Projects\Assignment2_StockAnalysis\Data-20250430T011355Z-1-001\Data\data\2024-01,ULTRACEMCO,10167.3,2024-01-31 05:30:00,10186.2,9903.15,2024-01,9960.0,341574
C:\Users\v-dhramaraj\Desktop\Python\Projects\Assignment2_StockAnalysis\Data-20250430T011355Z-1-001\Data\data\2024-02,ULTRACEMCO,9922.3,2024-02-01 05:30:00,10233.2,9900.05,2024-02,10170.0,401503
C:\Users\v-dhramaraj\Desktop\Python\Projects\Assignment2_StockAnalysis\Data-20250430T011355Z-1-001\Data\data\2024-02,ULTRACEMCO,10098.5,2024-02-02 05:30:00,10165.9,9992.3,2024-02,10000.0,334386
C:\Users\v-dhramaraj\Desktop\Python\Projects\Assignment2_StockAnalysis\Data-20250430T011355Z-1-001\Data\data\2024-02,ULTRACEMCO,9916.35,2024-02-05 05:30:00,10128.3,9878.45,2024-02,10050.0,162473
C:\Users\v-dhramaraj\Desktop\Python\Projects\Assignment2_StockAnalysis\Data-20250430T011355Z-1-001\Data\data\2024-02,ULTRACEMCO,10048.8,2024-02-06 05:30:00,10075.0,9920.3,2024-02,9980.0,250870
C:\Users\v-dhramaraj\Desktop\Python\Projects\Assignment2_StockAnalysis\Data-20250430T011355Z-1-001\Data\data\2024-02,ULTRACEMCO,10226.5,2024-02-07 05:30:00,10287.6,10080.3,2024-02,10114.0,250184
C:\Users\v-dhramaraj\Desktop\Python\Projects\Assignment2_StockAnalysis\Data-20250430T011355Z-1-001\Data\data\2024-02,ULTRACEMCO,9997.65,2024-02-08 05:30:00,10295.0,9950.5,2024-02,10290.0,320905
C:\Users\v-dhramaraj\Desktop\Python\Projects\Assignment2_StockAnalysis\Data-20250430T011355Z-1-001\Data\data\2024-02,ULTRACEMCO,9945.75,2024-02-09 05:30:00,10074.8,9852.0,2024-02,10074.8,400823
C:\Users\v-dhramaraj\Desktop\Python\Projects\Assignment2_StockAnalysis\Data-20250430T011355Z-1-001\Data\data\2024-02,ULTRACEMCO,9963.85,2024-02-12 05:30:00,10017.5,9906.9,2024-02,9951.0,191687
C:\Users\v-dhramaraj\Desktop\Python\Projects\Assignment2_StockAnalysis\Data-20250430T011355Z-1-001\Data\data\2024-02,ULTRACEMCO,9852.4,2024-02-13 05:30:00,10004.7,9830.6,2024-02,9997.8,276453
C:\Users\v-dhramaraj\Desktop\Python\Projects\Assignment2_StockAnalysis\Data-20250430T011355Z-1-001\Data\data\2024-02,ULTRACEMCO,9787.8,2024-02-14 05:30:00,9824.85,9703.95,2024-02,9802.05,417802
C:\Users\v-dhramaraj\Desktop\Python\Projects\Assignment2_StockAnalysis\Data-20250430T011355Z-1-001\Data\data\2024-02,ULTRACEMCO,9814.3,2024-02-15 05:30:00,9839.15,9706.0,2024-02,9835.9,415090
C:\Users\v-dhramaraj\Desktop\Python\Projects\Assignment2_StockAnalysis\Data-20250430T011355Z-1-001\Data\data\2024-02,ULTRACEMCO,9916.2,2024-02-16 05:30:00,9948.0,9851.1,2024-02,9875.05,250550
C:\Users\v-dhramaraj\Desktop\Python\Projects\Assignment2_StockAnalysis\Data-20250430T011355Z-1-001\Data\data\2024-02,ULTRACEMCO,9902.2,2024-02-19 05:30:00,9948.95,9885.0,2024-02,9948.95,109778
C:\Users\v-dhramaraj\Desktop\Python\Projects\Assignment2_StockAnalysis\Data-20250430T011355Z-1-001\Data\data\2024-02,ULTRACEMCO,9978.95,2024-02-20 05:30:00,10000.0,9855.0,2024-02,9902.2,320905
C:\Users\v-dhramaraj\Desktop\Python\Projects\Assignment2_StockAnalysis\Data-20250430T011355Z-1-001\Data\data\2024-02,ULTRACEMCO,9968.4,2024-02-21 05:30:00,10115.0,9920.0,2024-02,9970.25,322960
C:\Users\v-dhramaraj\Desktop\Python\Projects\Assignment2_StockAnalysis\Data-20250430T011355Z-1-001\Data\data\2024-02,ULTRACEMCO,9961.2,2024-02-22 05:30:00,10020.9,9802.3,2024-02,10000.0,363840
C:\Users\v-dhramaraj\Desktop\Python\Projects\Assignment2_StockAnalysis\Data-20250430T011355Z-1-001\Data\data\2024-02,ULTRACEMCO,10000.9,2024-02-23 05:30:00,10028.0,9894.05,2024-02,9961.2,304238
C:\Users\v-dhramaraj\Desktop\Python\Projects\Assignment2_StockAnalysis\Data-20250430T011355Z-1-001\Data\data\2024-02,ULTRACEMCO,9930.05,2024-02-26 05:30:00,10049.95,9900.95,2024-02,9999.05,162530
C:\Users\v-dhramaraj\Desktop\Python\Projects\Assignment2_StockAnalysis\Data-20250430T011355Z-1-001\Data\data\2024-02,ULTRACEMCO,9951.1,2024-02-27 05:30:00,10151.0,9881.45,2024-02,9930.05,214186
C:\Users\v-dhramaraj\Desktop\Python\Projects\Assignment2_StockAnalysis\Data-20250430T011355Z-1-001\Data\data\2024-02,ULTRACEMCO,9804.95,2024-02-28 05:30:00,9989.95,9780.9,2024-02,9960.0,300668
C:\Users\v-dhramaraj\Desktop\Python\Projects\Assignment2_StockAnalysis\Data-20250430T011355Z-1-001\Data\data\2024-02,ULTRACEMCO,9892.4,2024-02-29 05:30:00,9935.0,9705.65,2024-02,9785.0,328848
C:\Users\v-dhramaraj\Desktop\Python\Projects\Assignment2_StockAnalysis\Data-20250430T011355Z-1-001\Data\data\2024-03,ULTRACEMCO,10135.5,2024-03-01 05:30:00,10183.85,9892.4,2024-03,9900.0,352952
C:\Users\v-dhramaraj\Desktop\Python\Projects\Assignment2_StockAnalysis\Data-20250430T011355Z-1-001\Data\data\2024-03,ULTRACEMCO,10106.35,2024-03-02 05:30:00,10155.0,9900.0,2024-03,10140.0,6955
C:\Users\v-dhramaraj\Desktop\Python\Projects\Assignment2_StockAnalysis\Data-20250430T011355Z-1-001\Data\data\2024-03,ULTRACEMCO,9978.4,2024-03-04 05:30:00,10166.0,9966.2,2024-03,10157.0,221282
C:\Users\v-dhramaraj\Desktop\Python\Projects\Assignment2_StockAnalysis\Data-20250430T011355Z-1-001\Data\data\2024-03,ULTRACEMCO,9838.35,2024-03-05 05:30:00,10030.9,9830.0,2024-03,9978.4,310715
C:\Users\v-dhramaraj\Desktop\Python\Projects\Assignment2_StockAnalysis\Data-20250430T011355Z-1-001\Data\data\2024-03,ULTRACEMCO,9641.05,2024-03-06 05:30:00,9914.25,9532.0,2024-03,9899.9,534825
C:\Users\v-dhramaraj\Desktop\Python\Projects\Assignment2_StockAnalysis\Data-20250430T011355Z-1-001\Data\data\2024-03,ULTRACEMCO,9673.15,2024-03-07 05:30:00,9715.0,9569.1,2024-03,9641.05,585012
C:\Users\v-dhramaraj\Desktop\Python\Projects\Assignment2_StockAnalysis\Data-20250430T011355Z-1-001\Data\data\2024-03,ULTRACEMCO,9697.9,2024-03-11 05:30:00,9824.6,9672.9,2024-03,9694.05,319303
C:\Users\v-dhramaraj\Desktop\Python\Projects\Assignment2_StockAnalysis\Data-20250430T011355Z-1-001\Data\data\2024-03,ULTRACEMCO,9615.5,2024-03-12 05:30:00,9728.95,9575.4,2024-03,9728.95,235430
C:\Users\v-dhramaraj\Desktop\Python\Projects\Assignment2_StockAnalysis\Data-20250430T011355Z-1-001\Data\data\2024-03,ULTRACEMCO,9593.55,2024-03-13 05:30:00,9653.0,9500.0,2024-03,9624.7,415925
C:\Users\v-dhramaraj\Desktop\Python\Projects\Assignment2_StockAnalysis\Data-20250430T011355Z-1-001\Data\data\2024-03,ULTRACEMCO,9696.95,2024-03-14 05:30:00,9708.0,9454.0,2024-03,9455.0,347822
C:\Users\v-dhramaraj\Desktop\Python\Projects\Assignment2_StockAnalysis\Data-20250430T011355Z-1-001\Data\data\2024-03,ULTRACEMCO,9632.95,2024-03-15 05:30:00,9750.9,9543.8,2024-03,9680.0,379648
C:\Users\v-dhramaraj\Desktop\Python\Projects\Assignment2_StockAnalysis\Data-20250430T011355Z-1-001\Data\data\2024-03,ULTRACEMCO,9611.35,2024-03-18 05:30:00,9673.8,9570.0,2024-03,9625.0,226448
C:\Users\v-dhramaraj\Desktop\Python\Projects\Assignment2_StockAnalysis\Data-20250430T011355Z-1-001\Data\data\2024-03,ULTRACEMCO,9453.25,2024-03-19 05:30:00,9607.45,9435.15,2024-03,9591.35,316008
C:\Users\v-dhramaraj\Desktop\Python\Projects\Assignment2_StockAnalysis\Data-20250430T011355Z-1-001\Data\data\2024-03,ULTRACEMCO,9484.55,2024-03-20 05:30:00,9535.0,9445.0,2024-03,9535.0,171219
C:\Users\v-dhramaraj\Desktop\Python\Projects\Assignment2_StockAnalysis\Data-20250430T011355Z-1-001\Data\data\2024-03,ULTRACEMCO,9600.75,2024-03-21 05:30:00,9639.7,9504.9,2024-03,9525.0,215837
C:\Users\v-dhramaraj\Desktop\Python\Projects\Assignment2_StockAnalysis\Data-20250430T011355Z-1-001\Data\data\2024-03,ULTRACEMCO,9681.75,2024-03-22 05:30:00,9751.8,9580.0,2024-03,9610.0,224511
C:\Users\v-dhramaraj\Desktop\Python\Projects\Assignment2_StockAnalysis\Data-20250430T011355Z-1-001\Data\data\2024-03,ULTRACEMCO,9600.7,2024-03-26 05:30:00,9689.8,9570.0,2024-03,9631.1,397803
C:\Users\v-dhramaraj\Desktop\Python\Projects\Assignment2_StockAnalysis\Data-20250430T011355Z-1-001\Data\data\2024-03,ULTRACEMCO,9623.45,2024-03-27 05:30:00,9708.0,9571.05,2024-03,9630.0,267937
C:\Users\v-dhramaraj\Desktop\Python\Projects\Assignment2_StockAnalysis\Data-20250430T011355Z-1-001\Data\data\2024-03,ULTRACEMCO,9749.15,2024-03-28 05:30:00,9853.95,9641.55,2024-03,9680.0,506387
C:\Users\v-dhramaraj\Desktop\Python\Projects\Assignment2_StockAnalysis\Data-20250430T011355Z-1-001\Data\data\2024-04,ULTRACEMCO,9954.4,2024-04-01 05:30:00,9997.05,9749.15,2024-04,9749.15,387442
C:\Users\v-dhramaraj\Desktop\Python\Projects\Assignment2_StockAnalysis\Data-20250430T011355Z-1-001\Data\data\2024-04,ULTRACEMCO,10038.15,2024-04-02 05:30:00,10084.2,9845.0,2024-04,9890.1,307109
C:\Users\v-dhramaraj\Desktop\Python\Projects\Assignment2_StockAnalysis\Data-20250430T011355Z-1-001\Data\data\2024-04,ULTRACEMCO,10001.9,2024-04-03 05:30:00,10277.7,9982.15,2024-04,10200.0,481855
C:\Users\v-dhramaraj\Desktop\Python\Projects\Assignment2_StockAnalysis\Data-20250430T011355Z-1-001\Data\data\2024-04,ULTRACEMCO,10005.1,2024-04-04 05:30:00,10078.9,9900.0,2024-04,10078.0,346378
C:\Users\v-dhramaraj\Desktop\Python\Projects\Assignment2_StockAnalysis\Data-20250430T011355Z-1-001\Data\data\2024-04,ULTRACEMCO,9823.6,2024-04-05 05:30:00,10019.85,9802.2,2024-04,10001.0,280079
C:\Users\v-dhramaraj\Desktop\Python\Projects\Assignment2_StockAnalysis\Data-20250430T011355Z-1-001\Data\data\2024-04,ULTRACEMCO,9863.75,2024-04-08 05:30:00,9899.0,9801.0,2024-04,9852.95,215228
C:\Users\v-dhramaraj\Desktop\Python\Projects\Assignment2_StockAnalysis\Data-20250430T011355Z-1-001\Data\data\2024-04,ULTRACEMCO,9769.15,2024-04-09 05:30:00,9993.8,9759.1,2024-04,9900.0,275924
C:\Users\v-dhramaraj\Desktop\Python\Projects\Assignment2_StockAnalysis\Data-20250430T011355Z-1-001\Data\data\2024-04,ULTRACEMCO,9817.85,2024-04-10 05:30:00,9858.0,9705.05,2024-04,9810.0,186223
C:\Users\v-dhramaraj\Desktop\Python\Projects\Assignment2_StockAnalysis\Data-20250430T011355Z-1-001\Data\data\2024-04,ULTRACEMCO,9652.55,2024-04-12 05:30:00,9850.0,9610.0,2024-04,9789.95,440963
C:\Users\v-dhramaraj\Desktop\Python\Projects\Assignment2_StockAnalysis\Data-20250430T011355Z-1-001\Data\data\2024-04,ULTRACEMCO,9506.25,2024-04-15 05:30:00,9617.9,9486.6,2024-04,9617.9,220692
C:\Users\v-dhramaraj\Desktop\Python\Projects\Assignment2_StockAnalysis\Data-20250430T011355Z-1-001\Data\data\2024-04,ULTRACEMCO,9463.8,2024-04-16 05:30:00,9494.95,9351.0,2024-04,9448.9,547648
C:\Users\v-dhramaraj\Desktop\Python\Projects\Assignment2_StockAnalysis\Data-20250430T011355Z-1-001\Data\data\2024-04,ULTRACEMCO,9382.75,2024-04-18 05:30:00,9526.8,9340.8,2024-04,9470.0,584270
C:\Users\v-dhramaraj\Desktop\Python\Projects\Assignment2_StockAnalysis\Data-20250430T011355Z-1-001\Data\data\2024-04,ULTRACEMCO,9363.95,2024-04-19 05:30:00,9400.0,9250.0,2024-04,9325.0,415558
C:\Users\v-dhramaraj\Desktop\Python\Projects\Assignment2_StockAnalysis\Data-20250430T011355Z-1-001\Data\data\2024-04,ULTRACEMCO,9565.25,2024-04-22 05:30:00,9590.0,9456.1,2024-04,9505.0,277781
C:\Users\v-dhramaraj\Desktop\Python\Projects\Assignment2_StockAnalysis\Data-20250430T011355Z-1-001\Data\data\2024-04,ULTRACEMCO,9533.55,2024-04-23 05:30:00,9625.0,9522.0,2024-04,9540.0,317450
C:\Users\v-dhramaraj\Desktop\Python\Projects\Assignment2_StockAnalysis\Data-20250430T011355Z-1-001\Data\data\2024-04,ULTRACEMCO,9658.85,2024-04-24 05:30:00,9686.8,9542.8,2024-04,9578.0,317929
C:\Users\v-dhramaraj\Desktop\Python\Projects\Assignment2_StockAnalysis\Data-20250430T011355Z-1-001\Data\data\2024-04,ULTRACEMCO,9683.75,2024-04-25 05:30:00,9706.0,9560.05,2024-04,9620.15,398260
C:\Users\v-dhramaraj\Desktop\Python\Projects\Assignment2_StockAnalysis\Data-20250430T011355Z-1-001\Data\data\2024-04,ULTRACEMCO,9700.9,2024-04-26 05:30:00,9777.0,9646.9,2024-04,9727.0,265782
C:\Users\v-dhramaraj\Desktop\Python\Projects\Assignment2_StockAnalysis\Data-20250430T011355Z-1-001\Data\data\2024-04,ULTRACEMCO,9964.45,2024-04-29 05:30:00,10011.0,9743.05,2024-04,9765.0,808505
C:\Users\v-dhramaraj\Desktop\Python\Projects\Assignment2_StockAnalysis\Data-20250430T011355Z-1-001\Data\data\2024-04,ULTRACEMCO,9971.85,2024-04-30 05:30:00,10180.0,9911.35,2024-04,10160.3,777837
C:\Users\v-dhramaraj\Desktop\Python\Projects\Assignment2_StockAnalysis\Data-20250430T011355Z-1-001\Data\data\2024-05,ULTRACEMCO,9983.45,2024-05-02 05:30:00,10045.0,9946.5,2024-05,9971.85,318855
C:\Users\v-dhramaraj\Desktop\Python\Projects\Assignment2_StockAnalysis\Data-20250430T011355Z-1-001\Data\data\2024-05,ULTRACEMCO,9816.3,2024-05-03 05:30:00,10030.0,9779.35,2024-05,9982.0,517348
C:\Users\v-dhramaraj\Desktop\Python\Projects\Assignment2_StockAnalysis\Data-20250430T011355Z-1-001\Data\data\2024-05,ULTRACEMCO,9776.9,2024-05-06 05:30:00,9929.0,9746.15,2024-05,9875.0,238521
C:\Users\v-dhramaraj\Desktop\Python\Projects\Assignment2_StockAnalysis\Data-20250430T011355Z-1-001\Data\data\2024-05,ULTRACEMCO,9682.4,2024-05-07 05:30:00,9948.0,9630.0,2024-05,9799.0,214305
C:\Users\v-dhramaraj\Desktop\Python\Projects\Assignment2_StockAnalysis\Data-20250430T011355Z-1-001\Data\data\2024-05,ULTRACEMCO,9519.4,2024-05-08 05:30:00,9674.95,9501.4,2024-05,9674.95,392065
C:\Users\v-dhramaraj\Desktop\Python\Projects\Assignment2_StockAnalysis\Data-20250430T011355Z-1-001\Data\data\2024-05,ULTRACEMCO,9446.1,2024-05-09 05:30:00,9560.0,9408.05,2024-05,9524.0,328724
C:\Users\v-dhramaraj\Desktop\Python\Projects\Assignment2_StockAnalysis\Data-20250430T011355Z-1-001\Data\data\2024-05,ULTRACEMCO,9491.7,2024-05-10 05:30:00,9518.95,9416.05,2024-05,9462.8,205200
C:\Users\v-dhramaraj\Desktop\Python\Projects\Assignment2_StockAnalysis\Data-20250430T011355Z-1-001\Data\data\2024-05,ULTRACEMCO,9551.5,2024-05-13 05:30:00,9578.0,9427.1,2024-05,9515.95,215387
C:\Users\v-dhramaraj\Desktop\Python\Projects\Assignment2_StockAnalysis\Data-20250430T011355Z-1-001\Data\data\2024-05,ULTRACEMCO,9660.65,2024-05-14 05:30:00,9699.5,9529.95,2024-05,9535.05,171935
C:\Users\v-dhramaraj\Desktop\Python\Projects\Assignment2_StockAnalysis\Data-20250430T011355Z-1-001\Data\data\2024-05,ULTRACEMCO,9614.1,2024-05-15 05:30:00,9693.15,9560.0,2024-05,9691.0,161067
C:\Users\v-dhramaraj\Desktop\Python\Projects\Assignment2_StockAnalysis\Data-20250430T011355Z-1-001\Data\data\2024-05,ULTRACEMCO,9709.1,2024-05-16 05:30:00,9725.7,9525.5,2024-05,9630.6,368451
C:\Users\v-dhramaraj\Desktop\Python\Projects\Assignment2_StockAnalysis\Data-20250430T011355Z-1-001\Data\data\2024-05,ULTRACEMCO,9890.35,2024-05-17 05:30:00,9900.0,9685.25,2024-05,9740.0,283850
C:\Users\v-dhramaraj\Desktop\Python\Projects\Assignment2_StockAnalysis\Data-20250430T011355Z-1-001\Data\data\2024-05,ULTRACEMCO,9865.6,2024-05-18 05:30:00,9948.0,9840.0,2024-05,9948.0,12290
C:\Users\v-dhramaraj\Desktop\Python\Projects\Assignment2_StockAnalysis\Data-20250430T011355Z-1-001\Data\data\2024-05,ULTRACEMCO,9789.4,2024-05-21 05:30:00,9850.75,9762.05,2024-05,9826.0,346947
C:\Users\v-dhramaraj\Desktop\Python\Projects\Assignment2_StockAnalysis\Data-20250430T011355Z-1-001\Data\data\2024-05,ULTRACEMCO,9894.85,2024-05-22 05:30:00,9950.0,9822.25,2024-05,9870.0,280237
C:\Users\v-dhramaraj\Desktop\Python\Projects\Assignment2_StockAnalysis\Data-20250430T011355Z-1-001\Data\data\2024-05,ULTRACEMCO,10170.55,2024-05-23 05:30:00,10199.85,9855.0,2024-05,9905.15,521622
C:\Users\v-dhramaraj\Desktop\Python\Projects\Assignment2_StockAnalysis\Data-20250430T011355Z-1-001\Data\data\2024-05,ULTRACEMCO,10231.1,2024-05-24 05:30:00,10369.0,10122.55,2024-05,10165.0,519418
C:\Users\v-dhramaraj\Desktop\Python\Projects\Assignment2_StockAnalysis\Data-20250430T011355Z-1-001\Data\data\2024-05,ULTRACEMCO,10225.5,2024-05-27 05:30:00,10353.95,10177.65,2024-05,10277.95,389326
C:\Users\v-dhramaraj\Desktop\Python\Projects\Assignment2_StockAnalysis\Data-20250430T011355Z-1-001\Data\data\2024-05,ULTRACEMCO,10178.9,2024-05-28 05:30:00,10365.85,10146.45,2024-05,10264.0,403774
C:\Users\v-dhramaraj\Desktop\Python\Projects\Assignment2_StockAnalysis\Data-20250430T011355Z-1-001\Data\data\2024-05,ULTRACEMCO,10023.4,2024-05-29 05:30:00,10177.95,9961.0,2024-05,10177.95,317883
C:\Users\v-dhramaraj\Desktop\Python\Projects\Assignment2_StockAnalysis\Data-20250430T011355Z-1-001\Data\data\2024-05,ULTRACEMCO,9868.85,2024-05-30 05:30:00,10025.0,9830.0,2024-05,10021.0,323424
C:\Users\v-dhramaraj\Desktop\Python\Projects\Assignment2_StockAnalysis\Data-20250430T011355Z-1-001\Data\data\2024-05,ULTRACEMCO,9915.5,2024-05-31 05:30:00,10080.0,9750.1,2024-05,9932.0,791072
C:\Users\v-dhramaraj\Desktop\Python\Projects\Assignment2_StockAnalysis\Data-20250430T011355Z-1-001\Data\data\2024-06,ULTRACEMCO,10470.05,2024-06-03 05:30:00,10519.8,10216.35,2024-06,10300.0,732632
C:\Users\v-dhramaraj\Desktop\Python\Projects\Assignment2_StockAnalysis\Data-20250430T011355Z-1-001\Data\data\2024-06,ULTRACEMCO,9918.3,2024-06-04 05:30:00,10498.5,9534.95,2024-06,10475.0,972018
C:\Users\v-dhramaraj\Desktop\Python\Projects\Assignment2_StockAnalysis\Data-20250430T011355Z-1-001\Data\data\2024-06,ULTRACEMCO,10038.1,2024-06-05 05:30:00,10070.0,9740.0,2024-06,9989.95,361720
C:\Users\v-dhramaraj\Desktop\Python\Projects\Assignment2_StockAnalysis\Data-20250430T011355Z-1-001\Data\data\2024-06,ULTRACEMCO,10054.95,2024-06-06 05:30:00,10176.5,9931.1,2024-06,9995.0,483566
C:\Users\v-dhramaraj\Desktop\Python\Projects\Assignment2_StockAnalysis\Data-20250430T011355Z-1-001\Data\data\2024-06,ULTRACEMCO,10463.15,2024-06-07 05:30:00,10505.0,9965.0,2024-06,9965.0,545284
C:\Users\v-dhramaraj\Desktop\Python\Projects\Assignment2_StockAnalysis\Data-20250430T011355Z-1-001\Data\data\2024-06,ULTRACEMCO,10826.25,2024-06-10 05:30:00,10907.95,10463.15,2024-06,10495.0,705256
C:\Users\v-dhramaraj\Desktop\Python\Projects\Assignment2_StockAnalysis\Data-20250430T011355Z-1-001\Data\data\2024-06,ULTRACEMCO,10933.55,2024-06-11 05:30:00,10989.0,10826.25,2024-06,10903.95,650137
C:\Users\v-dhramaraj\Desktop\Python\Projects\Assignment2_StockAnalysis\Data-20250430T011355Z-1-001\Data\data\2024-06,ULTRACEMCO,11044.8,2024-06-12 05:30:00,11099.95,10871.5,2024-06,10871.5,439143
C:\Users\v-dhramaraj\Desktop\Python\Projects\Assignment2_StockAnalysis\Data-20250430T011355Z-1-001\Data\data\2024-06,ULTRACEMCO,11173.8,2024-06-13 05:30:00,11299.0,10996.15,2024-06,11250.0,602322
C:\Users\v-dhramaraj\Desktop\Python\Projects\Assignment2_StockAnalysis\Data-20250430T011355Z-1-001\Data\data\2024-06,ULTRACEMCO,11242.8,2024-06-14 05:30:00,11271.0,11147.3,2024-06,11170.0,305318
C:\Users\v-dhramaraj\Desktop\Python\Projects\Assignment2_StockAnalysis\Data-20250430T011355Z-1-001\Data\data\2024-06,ULTRACEMCO,11119.05,2024-06-18 05:30:00,11269.35,11051.65,2024-06,11250.0,322724
C:\Users\v-dhramaraj\Desktop\Python\Projects\Assignment2_StockAnalysis\Data-20250430T011355Z-1-001\Data\data\2024-06,ULTRACEMCO,10995.55,2024-06-19 05:30:00,11177.7,10968.25,2024-06,11150.0,659266
C:\Users\v-dhramaraj\Desktop\Python\Projects\Assignment2_StockAnalysis\Data-20250430T011355Z-1-001\Data\data\2024-06,ULTRACEMCO,10903.2,2024-06-20 05:30:00,11173.9,10875.4,2024-06,11008.9,445369
C:\Users\v-dhramaraj\Desktop\Python\Projects\Assignment2_StockAnalysis\Data-20250430T011355Z-1-001\Data\data\2024-06,ULTRACEMCO,10662.4,2024-06-21 05:30:00,10961.45,10611.55,2024-06,10882.5,586745
C:\Users\v-dhramaraj\Desktop\Python\Projects\Assignment2_StockAnalysis\Data-20250430T011355Z-1-001\Data\data\2024-06,ULTRACEMCO,10786.0,2024-06-24 05:30:00,10845.0,10594.65,2024-06,10717.5,276148
C:\Users\v-dhramaraj\Desktop\Python\Projects\Assignment2_StockAnalysis\Data-20250430T011355Z-1-001\Data\data\2024-06,ULTRACEMCO,10846.2,2024-06-25 05:30:00,11007.95,10800.4,2024-06,10801.95,562075
C:\Users\v-dhramaraj\Desktop\Python\Projects\Assignment2_StockAnalysis\Data-20250430T011355Z-1-001\Data\data\2024-06,ULTRACEMCO,11143.1,2024-06-26 05:30:00,11261.0,10903.0,2024-06,10907.7,793197
C:\Users\v-dhramaraj\Desktop\Python\Projects\Assignment2_StockAnalysis\Data-20250430T011355Z-1-001\Data\data\2024-06,ULTRACEMCO,11716.7,2024-06-27 05:30:00,11874.95,11269.0,2024-06,11270.0,2339734
C:\Users\v-dhramaraj\Desktop\Python\Projects\Assignment2_StockAnalysis\Data-20250430T011355Z-1-001\Data\data\2024-06,ULTRACEMCO,11667.9,2024-06-28 05:30:00,11779.0,11469.85,2024-06,11699.9,684790
C:\Users\v-dhramaraj\Desktop\Python\Projects\Assignment2_StockAnalysis\Data-20250430T011355Z-1-001\Data\data\2024-07,ULTRACEMCO,11904.65,2024-07-01 05:30:00,12031.6,11667.9,2024-07,11669.0,520339
C:\Users\v-dhramaraj\Desktop\Python\Projects\Assignment2_StockAnalysis\Data-20250430T011355Z-1-001\Data\data\2024-07,ULTRACEMCO,11853.95,2024-07-02 05:30:00,12078.0,11800.0,2024-07,11944.0,422173
C:\Users\v-dhramaraj\Desktop\Python\Projects\Assignment2_StockAnalysis\Data-20250430T011355Z-1-001\Data\data\2024-07,ULTRACEMCO,11872.1,2024-07-03 05:30:00,11899.0,11761.95,2024-07,11855.25,206171
C:\Users\v-dhramaraj\Desktop\Python\Projects\Assignment2_StockAnalysis\Data-20250430T011355Z-1-001\Data\data\2024-07,ULTRACEMCO,11760.05,2024-07-04 05:30:00,11936.85,11721.55,2024-07,11885.0,227230
C:\Users\v-dhramaraj\Desktop\Python\Projects\Assignment2_StockAnalysis\Data-20250430T011355Z-1-001\Data\data\2024-07,ULTRACEMCO,11690.15,2024-07-05 05:30:00,11824.55,11620.25,2024-07,11796.55,425987
C:\Users\v-dhramaraj\Desktop\Python\Projects\Assignment2_StockAnalysis\Data-20250430T011355Z-1-001\Data\data\2024-07,ULTRACEMCO,11582.9,2024-07-08 05:30:00,11714.8,11530.0,2024-07,11694.0,149210
C:\Users\v-dhramaraj\Desktop\Python\Projects\Assignment2_StockAnalysis\Data-20250430T011355Z-1-001\Data\data\2024-07,ULTRACEMCO,11679.8,2024-07-09 05:30:00,11761.7,11484.45,2024-07,11582.95,530901
C:\Users\v-dhramaraj\Desktop\Python\Projects\Assignment2_StockAnalysis\Data-20250430T011355Z-1-001\Data\data\2024-07,ULTRACEMCO,11634.25,2024-07-10 05:30:00,11739.8,11470.0,2024-07,11689.0,202406
C:\Users\v-dhramaraj\Desktop\Python\Projects\Assignment2_StockAnalysis\Data-20250430T011355Z-1-001\Data\data\2024-07,ULTRACEMCO,11554.95,2024-07-11 05:30:00,11640.0,11499.0,2024-07,11599.0,366819
C:\Users\v-dhramaraj\Desktop\Python\Projects\Assignment2_StockAnalysis\Data-20250430T011355Z-1-001\Data\data\2024-07,ULTRACEMCO,11602.3,2024-07-12 05:30:00,11680.0,11470.05,2024-07,11554.0,366274
C:\Users\v-dhramaraj\Desktop\Python\Projects\Assignment2_StockAnalysis\Data-20250430T011355Z-1-001\Data\data\2024-07,ULTRACEMCO,11833.65,2024-07-15 05:30:00,11898.0,11661.9,2024-07,11752.9,394470
C:\Users\v-dhramaraj\Desktop\Python\Projects\Assignment2_StockAnalysis\Data-20250430T011355Z-1-001\Data\data\2024-07,ULTRACEMCO,11658.7,2024-07-16 05:30:00,11907.05,11631.9,2024-07,11907.05,556056
C:\Users\v-dhramaraj\Desktop\Python\Projects\Assignment2_StockAnalysis\Data-20250430T011355Z-1-001\Data\data\2024-07,ULTRACEMCO,11647.25,2024-07-18 05:30:00,11683.85,11475.0,2024-07,11650.0,731274
C:\Users\v-dhramaraj\Desktop\Python\Projects\Assignment2_StockAnalysis\Data-20250430T011355Z-1-001\Data\data\2024-07,ULTRACEMCO,11258.3,2024-07-19 05:30:00,11645.0,11228.65,2024-07,11645.0,514154
C:\Users\v-dhramaraj\Desktop\Python\Projects\Assignment2_StockAnalysis\Data-20250430T011355Z-1-001\Data\data\2024-07,ULTRACEMCO,11515.7,2024-07-22 05:30:00,11570.0,11231.3,2024-07,11289.9,573833
C:\Users\v-dhramaraj\Desktop\Python\Projects\Assignment2_StockAnalysis\Data-20250430T011355Z-1-001\Data\data\2024-07,ULTRACEMCO,11545.8,2024-07-23 05:30:00,11735.4,11329.1,2024-07,11649.95,525157
C:\Users\v-dhramaraj\Desktop\Python\Projects\Assignment2_StockAnalysis\Data-20250430T011355Z-1-001\Data\data\2024-07,ULTRACEMCO,11453.4,2024-07-24 05:30:00,11560.75,11355.65,2024-07,11540.0,268139
C:\Users\v-dhramaraj\Desktop\Python\Projects\Assignment2_StockAnalysis\Data-20250430T011355Z-1-001\Data\data\2024-07,ULTRACEMCO,11441.5,2024-07-25 05:30:00,11476.8,11291.0,2024-07,11418.0,254683
C:\Users\v-dhramaraj\Desktop\Python\Projects\Assignment2_StockAnalysis\Data-20250430T011355Z-1-001\Data\data\2024-07,ULTRACEMCO,11673.05,2024-07-26 05:30:00,11742.45,11395.6,2024-07,11441.5,333210
C:\Users\v-dhramaraj\Desktop\Python\Projects\Assignment2_StockAnalysis\Data-20250430T011355Z-1-001\Data\data\2024-07,ULTRACEMCO,11873.8,2024-07-29 05:30:00,11940.0,11673.05,2024-07,11680.0,496437
C:\Users\v-dhramaraj\Desktop\Python\Projects\Assignment2_StockAnalysis\Data-20250430T011355Z-1-001\Data\data\2024-07,ULTRACEMCO,11806.45,2024-07-30 05:30:00,11858.0,11644.5,2024-07,11858.0,438108
C:\Users\v-dhramaraj\Desktop\Python\Projects\Assignment2_StockAnalysis\Data-20250430T011355Z-1-001\Data\data\2024-07,ULTRACEMCO,11887.2,2024-07-31 05:30:00,11915.0,11750.35,2024-07,11818.95,322531
C:\Users\v-dhramaraj\Desktop\Python\Projects\Assignment2_StockAnalysis\Data-20250430T011355Z-1-001\Data\data\2024-08,ULTRACEMCO,11984.5,2024-08-01 05:30:00,12032.3,11803.5,2024-08,11887.2,250126
C:\Users\v-dhramaraj\Desktop\Python\Projects\Assignment2_StockAnalysis\Data-20250430T011355Z-1-001\Data\data\2024-08,ULTRACEMCO,11764.5,2024-08-02 05:30:00,11949.0,11700.0,2024-08,11833.05,273420
C:\Users\v-dhramaraj\Desktop\Python\Projects\Assignment2_StockAnalysis\Data-20250430T011355Z-1-001\Data\data\2024-08,ULTRACEMCO,11417.25,2024-08-05 05:30:00,11700.0,11351.2,2024-08,11700.0,400844
C:\Users\v-dhramaraj\Desktop\Python\Projects\Assignment2_StockAnalysis\Data-20250430T011355Z-1-001\Data\data\2024-08,ULTRACEMCO,11325.3,2024-08-06 05:30:00,11575.8,11272.1,2024-08,11449.95,368949
C:\Users\v-dhramaraj\Desktop\Python\Projects\Assignment2_StockAnalysis\Data-20250430T011355Z-1-001\Data\data\2024-08,ULTRACEMCO,11543.2,2024-08-07 05:30:00,11589.95,11430.2,2024-08,11499.0,230210
C:\Users\v-dhramaraj\Desktop\Python\Projects\Assignment2_StockAnalysis\Data-20250430T011355Z-1-001\Data\data\2024-08,ULTRACEMCO,11258.0,2024-08-08 05:30:00,11524.2,11228.75,2024-08,11500.0,290349
C:\Users\v-dhramaraj\Desktop\Python\Projects\Assignment2_StockAnalysis\Data-20250430T011355Z-1-001\Data\data\2024-08,ULTRACEMCO,11300.35,2024-08-09 05:30:00,11449.0,11231.05,2024-08,11449.0,189230
C:\Users\v-dhramaraj\Desktop\Python\Projects\Assignment2_StockAnalysis\Data-20250430T011355Z-1-001\Data\data\2024-08,ULTRACEMCO,11302.85,2024-08-12 05:30:00,11379.8,11211.2,2024-08,11290.0,200411
C:\Users\v-dhramaraj\Desktop\Python\Projects\Assignment2_StockAnalysis\Data-20250430T011355Z-1-001\Data\data\2024-08,ULTRACEMCO,11271.2,2024-08-13 05:30:00,11364.0,11234.65,2024-08,11364.0,189972
C:\Users\v-dhramaraj\Desktop\Python\Projects\Assignment2_StockAnalysis\Data-20250430T011355Z-1-001\Data\data\2024-08,ULTRACEMCO,11002.6,2024-08-14 05:30:00,11200.0,10963.1,2024-08,11200.0,404673
C:\Users\v-dhramaraj\Desktop\Python\Projects\Assignment2_StockAnalysis\Data-20250430T011355Z-1-001\Data\data\2024-08,ULTRACEMCO,11295.7,2024-08-16 05:30:00,11325.0,10950.2,2024-08,11040.0,435631
C:\Users\v-dhramaraj\Desktop\Python\Projects\Assignment2_StockAnalysis\Data-20250430T011355Z-1-001\Data\data\2024-08,ULTRACEMCO,11315.35,2024-08-19 05:30:00,11468.1,11271.75,2024-08,11320.0,244264
C:\Users\v-dhramaraj\Desktop\Python\Projects\Assignment2_StockAnalysis\Data-20250430T011355Z-1-001\Data\data\2024-08,ULTRACEMCO,11349.7,2024-08-20 05:30:00,11525.0,11277.45,2024-08,11365.0,421084
C:\Users\v-dhramaraj\Desktop\Python\Projects\Assignment2_StockAnalysis\Data-20250430T011355Z-1-001\Data\data\2024-08,ULTRACEMCO,11200.9,2024-08-21 05:30:00,11312.55,11161.55,2024-08,11274.0,456794
C:\Users\v-dhramaraj\Desktop\Python\Projects\Assignment2_StockAnalysis\Data-20250430T011355Z-1-001\Data\data\2024-08,ULTRACEMCO,11309.4,2024-08-22 05:30:00,11377.4,11205.0,2024-08,11260.0,305457
C:\Users\v-dhramaraj\Desktop\Python\Projects\Assignment2_StockAnalysis\Data-20250430T011355Z-1-001\Data\data\2024-08,ULTRACEMCO,11341.8,2024-08-23 05:30:00,11380.0,11204.45,2024-08,11315.0,258730
C:\Users\v-dhramaraj\Desktop\Python\Projects\Assignment2_StockAnalysis\Data-20250430T011355Z-1-001\Data\data\2024-08,ULTRACEMCO,11337.1,2024-08-26 05:30:00,11360.95,11271.4,2024-08,11340.0,234215
C:\Users\v-dhramaraj\Desktop\Python\Projects\Assignment2_StockAnalysis\Data-20250430T011355Z-1-001\Data\data\2024-08,ULTRACEMCO,11300.35,2024-08-27 05:30:00,11450.0,11286.45,2024-08,11389.1,184428
C:\Users\v-dhramaraj\Desktop\Python\Projects\Assignment2_StockAnalysis\Data-20250430T011355Z-1-001\Data\data\2024-08,ULTRACEMCO,11234.8,2024-08-28 05:30:00,11317.6,11211.0,2024-08,11280.0,201101
C:\Users\v-dhramaraj\Desktop\Python\Projects\Assignment2_StockAnalysis\Data-20250430T011355Z-1-001\Data\data\2024-08,ULTRACEMCO,11222.0,2024-08-29 05:30:00,11256.7,11115.4,2024-08,11230.0,406261
C:\Users\v-dhramaraj\Desktop\Python\Projects\Assignment2_StockAnalysis\Data-20250430T011355Z-1-001\Data\data\2024-08,ULTRACEMCO,11301.9,2024-08-30 05:30:00,11360.9,11222.0,2024-08,11225.05,462185
C:\Users\v-dhramaraj\Desktop\Python\Projects\Assignment2_StockAnalysis\Data-20250430T011355Z-1-001\Data\data\2024-09,ULTRACEMCO,11424.9,2024-09-02 05:30:00,11465.0,11325.0,2024-09,11325.0,248673
C:\Users\v-dhramaraj\Desktop\Python\Projects\Assignment2_StockAnalysis\Data-20250430T011355Z-1-001\Data\data\2024-09,ULTRACEMCO,11460.8,2024-09-03 05:30:00,11504.05,11361.0,2024-09,11434.5,181723
C:\Users\v-dhramaraj\Desktop\Python\Projects\Assignment2_StockAnalysis\Data-20250430T011355Z-1-001\Data\data\2024-09,ULTRACEMCO,11580.45,2024-09-04 05:30:00,11637.45,11381.85,2024-09,11392.0,198185
C:\Users\v-dhramaraj\Desktop\Python\Projects\Assignment2_StockAnalysis\Data-20250430T011355Z-1-001\Data\data\2024-09,ULTRACEMCO,11542.65,2024-09-05 05:30:00,11822.75,11514.2,2024-09,11630.45,406821
C:\Users\v-dhramaraj\Desktop\Python\Projects\Assignment2_StockAnalysis\Data-20250430T011355Z-1-001\Data\data\2024-09,ULTRACEMCO,11432.85,2024-09-06 05:30:00,11525.0,11320.0,2024-09,11500.0,245248
C:\Users\v-dhramaraj\Desktop\Python\Projects\Assignment2_StockAnalysis\Data-20250430T011355Z-1-001\Data\data\2024-09,ULTRACEMCO,11494.35,2024-09-09 05:30:00,11518.45,11308.0,2024-09,11400.0,154665
C:\Users\v-dhramaraj\Desktop\Python\Projects\Assignment2_StockAnalysis\Data-20250430T011355Z-1-001\Data\data\2024-09,ULTRACEMCO,11541.05,2024-09-10 05:30:00,11639.45,11460.5,2024-09,11539.9,237496
C:\Users\v-dhramaraj\Desktop\Python\Projects\Assignment2_StockAnalysis\Data-20250430T011355Z-1-001\Data\data\2024-09,ULTRACEMCO,11487.45,2024-09-11 05:30:00,11611.0,11460.2,2024-09,11570.0,141341
C:\Users\v-dhramaraj\Desktop\Python\Projects\Assignment2_StockAnalysis\Data-20250430T011355Z-1-001\Data\data\2024-09,ULTRACEMCO,11710.25,2024-09-12 05:30:00,11735.0,11442.25,2024-09,11507.85,455934
C:\Users\v-dhramaraj\Desktop\Python\Projects\Assignment2_StockAnalysis\Data-20250430T011355Z-1-001\Data\data\2024-09,ULTRACEMCO,11717.95,2024-09-13 05:30:00,11762.6,11625.2,2024-09,11695.0,279660
C:\Users\v-dhramaraj\Desktop\Python\Projects\Assignment2_StockAnalysis\Data-20250430T011355Z-1-001\Data\data\2024-09,ULTRACEMCO,11642.65,2024-09-16 05:30:00,11797.95,11604.0,2024-09,11675.0,257856
C:\Users\v-dhramaraj\Desktop\Python\Projects\Assignment2_StockAnalysis\Data-20250430T011355Z-1-001\Data\data\2024-09,ULTRACEMCO,11645.65,2024-09-17 05:30:00,11718.6,11575.0,2024-09,11602.55,202725
C:\Users\v-dhramaraj\Desktop\Python\Projects\Assignment2_StockAnalysis\Data-20250430T011355Z-1-001\Data\data\2024-09,ULTRACEMCO,11630.9,2024-09-18 05:30:00,11763.3,11535.85,2024-09,11683.0,185067
C:\Users\v-dhramaraj\Desktop\Python\Projects\Assignment2_StockAnalysis\Data-20250430T011355Z-1-001\Data\data\2024-09,ULTRACEMCO,11627.5,2024-09-19 05:30:00,11740.15,11540.0,2024-09,11630.9,227247
C:\Users\v-dhramaraj\Desktop\Python\Projects\Assignment2_StockAnalysis\Data-20250430T011355Z-1-001\Data\data\2024-09,ULTRACEMCO,11798.3,2024-09-20 05:30:00,11843.9,11579.6,2024-09,11660.0,608787
C:\Users\v-dhramaraj\Desktop\Python\Projects\Assignment2_StockAnalysis\Data-20250430T011355Z-1-001\Data\data\2024-09,ULTRACEMCO,11962.05,2024-09-23 05:30:00,11998.0,11800.05,2024-09,11835.0,279318
C:\Users\v-dhramaraj\Desktop\Python\Projects\Assignment2_StockAnalysis\Data-20250430T011355Z-1-001\Data\data\2024-09,ULTRACEMCO,11761.65,2024-09-24 05:30:00,11969.85,11740.35,2024-09,11948.1,242038
C:\Users\v-dhramaraj\Desktop\Python\Projects\Assignment2_StockAnalysis\Data-20250430T011355Z-1-001\Data\data\2024-09,ULTRACEMCO,11816.3,2024-09-25 05:30:00,11855.6,11680.0,2024-09,11811.0,196686
C:\Users\v-dhramaraj\Desktop\Python\Projects\Assignment2_StockAnalysis\Data-20250430T011355Z-1-001\Data\data\2024-09,ULTRACEMCO,12065.0,2024-09-26 05:30:00,12080.0,11767.8,2024-09,11835.0,277079
C:\Users\v-dhramaraj\Desktop\Python\Projects\Assignment2_StockAnalysis\Data-20250430T011355Z-1-001\Data\data\2024-09,ULTRACEMCO,11952.3,2024-09-27 05:30:00,12138.0,11924.75,2024-09,12065.0,404276
C:\Users\v-dhramaraj\Desktop\Python\Projects\Assignment2_StockAnalysis\Data-20250430T011355Z-1-001\Data\data\2024-09,ULTRACEMCO,11802.0,2024-09-30 05:30:00,11924.0,11774.05,2024-09,11924.0,405493
C:\Users\v-dhramaraj\Desktop\Python\Projects\Assignment2_StockAnalysis\Data-20250430T011355Z-1-001\Data\data\2024-10,ULTRACEMCO,11837.15,2024-10-01 05:30:00,11887.7,11650.25,2024-10,11802.0,324906
C:\Users\v-dhramaraj\Desktop\Python\Projects\Assignment2_StockAnalysis\Data-20250430T011355Z-1-001\Data\data\2024-10,ULTRACEMCO,11724.8,2024-10-03 05:30:00,11930.0,11613.1,2024-10,11627.1,304610
C:\Users\v-dhramaraj\Desktop\Python\Projects\Assignment2_StockAnalysis\Data-20250430T011355Z-1-001\Data\data\2024-10,ULTRACEMCO,11450.25,2024-10-04 05:30:00,11829.15,11380.0,2024-10,11700.0,357277
C:\Users\v-dhramaraj\Desktop\Python\Projects\Assignment2_StockAnalysis\Data-20250430T011355Z-1-001\Data\data\2024-10,ULTRACEMCO,11230.35,2024-10-07 05:30:00,11529.95,11192.1,2024-10,11491.95,374655
C:\Users\v-dhramaraj\Desktop\Python\Projects\Assignment2_StockAnalysis\Data-20250430T011355Z-1-001\Data\data\2024-10,ULTRACEMCO,11389.8,2024-10-08 05:30:00,11475.0,11231.0,2024-10,11231.0,447220
C:\Users\v-dhramaraj\Desktop\Python\Projects\Assignment2_StockAnalysis\Data-20250430T011355Z-1-001\Data\data\2024-10,ULTRACEMCO,11350.15,2024-10-09 05:30:00,11511.0,11333.0,2024-10,11404.05,286382
C:\Users\v-dhramaraj\Desktop\Python\Projects\Assignment2_StockAnalysis\Data-20250430T011355Z-1-001\Data\data\2024-10,ULTRACEMCO,11430.05,2024-10-10 05:30:00,11459.0,11353.55,2024-10,11439.95,180542
C:\Users\v-dhramaraj\Desktop\Python\Projects\Assignment2_StockAnalysis\Data-20250430T011355Z-1-001\Data\data\2024-10,ULTRACEMCO,11421.3,2024-10-11 05:30:00,11468.3,11360.2,2024-10,11390.75,120279
C:\Users\v-dhramaraj\Desktop\Python\Projects\Assignment2_StockAnalysis\Data-20250430T011355Z-1-001\Data\data\2024-10,ULTRACEMCO,11300.3,2024-10-14 05:30:00,11429.95,11240.0,2024-10,11399.95,144163
C:\Users\v-dhramaraj\Desktop\Python\Projects\Assignment2_StockAnalysis\Data-20250430T011355Z-1-001\Data\data\2024-10,ULTRACEMCO,11416.9,2024-10-15 05:30:00,11432.95,11290.0,2024-10,11400.0,182286
C:\Users\v-dhramaraj\Desktop\Python\Projects\Assignment2_StockAnalysis\Data-20250430T011355Z-1-001\Data\data\2024-10,ULTRACEMCO,11322.3,2024-10-16 05:30:00,11412.0,11233.0,2024-10,11341.0,276811
C:\Users\v-dhramaraj\Desktop\Python\Projects\Assignment2_StockAnalysis\Data-20250430T011355Z-1-001\Data\data\2024-10,ULTRACEMCO,11017.3,2024-10-17 05:30:00,11363.95,10934.05,2024-10,11351.0,353330
C:\Users\v-dhramaraj\Desktop\Python\Projects\Assignment2_StockAnalysis\Data-20250430T011355Z-1-001\Data\data\2024-10,ULTRACEMCO,11069.3,2024-10-18 05:30:00,11139.95,10901.0,2024-10,11017.3,330703
C:\Users\v-dhramaraj\Desktop\Python\Projects\Assignment2_StockAnalysis\Data-20250430T011355Z-1-001\Data\data\2024-10,ULTRACEMCO,10869.3,2024-10-21 05:30:00,11166.65,10771.4,2024-10,11050.0,566667
C:\Users\v-dhramaraj\Desktop\Python\Projects\Assignment2_StockAnalysis\Data-20250430T011355Z-1-001\Data\data\2024-10,ULTRACEMCO,10825.15,2024-10-22 05:30:00,11080.8,10740.0,2024-10,10751.0,793887
C:\Users\v-dhramaraj\Desktop\Python\Projects\Assignment2_StockAnalysis\Data-20250430T011355Z-1-001\Data\data\2024-10,ULTRACEMCO,10753.05,2024-10-23 05:30:00,10843.65,10672.0,2024-10,10821.95,351717
C:\Users\v-dhramaraj\Desktop\Python\Projects\Assignment2_StockAnalysis\Data-20250430T011355Z-1-001\Data\data\2024-10,ULTRACEMCO,11043.6,2024-10-24 05:30:00,11085.0,10718.4,2024-10,10753.05,341400
C:\Users\v-dhramaraj\Desktop\Python\Projects\Assignment2_StockAnalysis\Data-20250430T011355Z-1-001\Data\data\2024-10,ULTRACEMCO,10995.2,2024-10-25 05:30:00,11115.0,10950.0,2024-10,11063.7,519646
C:\Users\v-dhramaraj\Desktop\Python\Projects\Assignment2_StockAnalysis\Data-20250430T011355Z-1-001\Data\data\2024-10,ULTRACEMCO,11092.6,2024-10-28 05:30:00,11199.35,10899.6,2024-10,11000.0,229113
C:\Users\v-dhramaraj\Desktop\Python\Projects\Assignment2_StockAnalysis\Data-20250430T011355Z-1-001\Data\data\2024-10,ULTRACEMCO,11112.1,2024-10-29 05:30:00,11136.95,10917.05,2024-10,11074.0,266761
C:\Users\v-dhramaraj\Desktop\Python\Projects\Assignment2_StockAnalysis\Data-20250430T011355Z-1-001\Data\data\2024-10,ULTRACEMCO,11205.1,2024-10-30 05:30:00,11230.0,11011.4,2024-10,11115.0,239933
C:\Users\v-dhramaraj\Desktop\Python\Projects\Assignment2_StockAnalysis\Data-20250430T011355Z-1-001\Data\data\2024-10,ULTRACEMCO,11065.65,2024-10-31 05:30:00,11250.9,11042.55,2024-10,11156.8,423687
C:\Users\v-dhramaraj\Desktop\Python\Projects\Assignment2_StockAnalysis\Data-20250430T011355Z-1-001\Data\data\2024-11,ULTRACEMCO,11145.8,2024-11-01 05:30:00,11171.3,11078.55,2024-11,11079.95,19032
C:\Users\v-dhramaraj\Desktop\Python\Projects\Assignment2_StockAnalysis\Data-20250430T011355Z-1-001\Data\data\2024-11,ULTRACEMCO,11001.85,2024-11-04 05:30:00,11156.75,10930.05,2024-11,11147.0,276984
C:\Users\v-dhramaraj\Desktop\Python\Projects\Assignment2_StockAnalysis\Data-20250430T011355Z-1-001\Data\data\2024-11,ULTRACEMCO,11176.35,2024-11-05 05:30:00,11188.05,10973.25,2024-11,10983.65,274422
C:\Users\v-dhramaraj\Desktop\Python\Projects\Assignment2_StockAnalysis\Data-20250430T011355Z-1-001\Data\data\2024-11,ULTRACEMCO,11274.4,2024-11-06 05:30:00,11306.9,11112.0,2024-11,11225.0,282486
C:\Users\v-dhramaraj\Desktop\Python\Projects\Assignment2_StockAnalysis\Data-20250430T011355Z-1-001\Data\data\2024-11,ULTRACEMCO,11050.8,2024-11-07 05:30:00,11244.95,11001.1,2024-11,11241.55,326254
C:\Users\v-dhramaraj\Desktop\Python\Projects\Assignment2_StockAnalysis\Data-20250430T011355Z-1-001\Data\data\2024-11,ULTRACEMCO,11043.35,2024-11-08 05:30:00,11139.35,10960.7,2024-11,11029.1,155894
C:\Users\v-dhramaraj\Desktop\Python\Projects\Assignment2_StockAnalysis\Data-20250430T011355Z-1-001\Data\data\2024-11,ULTRACEMCO,10970.45,2024-11-11 05:30:00,11109.95,10896.05,2024-11,11015.0,107472
C:\Users\v-dhramaraj\Desktop\Python\Projects\Assignment2_StockAnalysis\Data-20250430T011355Z-1-001\Data\data\2024-11,ULTRACEMCO,10892.0,2024-11-12 05:30:00,11074.75,10840.0,2024-11,10970.5,166347
C:\Users\v-dhramaraj\Desktop\Python\Projects\Assignment2_StockAnalysis\Data-20250430T011355Z-1-001\Data\data\2024-11,ULTRACEMCO,10782.2,2024-11-13 05:30:00,10873.5,10750.0,2024-11,10803.3,216900
C:\Users\v-dhramaraj\Desktop\Python\Projects\Assignment2_StockAnalysis\Data-20250430T011355Z-1-001\Data\data\2024-11,ULTRACEMCO,10728.5,2024-11-14 05:30:00,10832.5,10542.5,2024-11,10726.0,297442
C:\Users\v-dhramaraj\Desktop\Python\Projects\Assignment2_StockAnalysis\Data-20250430T011355Z-1-001\Data\data\2024-11,ULTRACEMCO,10630.9,2024-11-18 05:30:00,10766.85,10580.4,2024-11,10632.1,424186
C:\Users\v-dhramaraj\Desktop\Python\Projects\Assignment2_StockAnalysis\Data-20250430T011355Z-1-001\Data\data\2024-11,ULTRACEMCO,10769.55,2024-11-19 05:30:00,10870.0,10657.9,2024-11,10684.05,220357
C:\Users\v-dhramaraj\Desktop\Python\Projects\Assignment2_StockAnalysis\Data-20250430T011355Z-1-001\Data\data\2024-11,ULTRACEMCO,10954.85,2024-11-21 05:30:00,11005.85,10555.0,2024-11,10555.0,256924
C:\Users\v-dhramaraj\Desktop\Python\Projects\Assignment2_StockAnalysis\Data-20250430T011355Z-1-001\Data\data\2024-11,ULTRACEMCO,11375.3,2024-11-22 05:30:00,11409.9,10931.65,2024-11,10999.0,328426
